% Designation Loop  psi_cmd=+20.000deg  (absolute, NEUTRAL ref)
% Kp=53.8007  Kd=1.7520  K_pot=68.073520deg/V
% Vg_offset=1.338707V  K_gimbal=26.049690  samples=1001

Time[s]              OmegaCmd[deg/s]      Vc[V]                Vg[V]                Pot[V]               Omega[deg/s]         Psi[deg]            
        0.0004778000      1110.6936165943         4.4001384964         1.3327346748         2.5057954711        -8.9140967822        -0.3542905998
        0.0054560000      1069.3070721656         4.3013625574         1.3378393285         2.5134511035        -1.2952106436         0.1668552439
        0.0104715000      1027.9205277368         4.2064779263         1.3429439823         2.5211067359         6.3236754950         0.6880010877
        0.0154580000       638.1418847441         3.4900574114         1.4884266131         2.5236586133       223.4619304456         0.8617163689
        0.0205077000       156.2338878828         2.9033427851         1.6262522633         2.5568330203       429.1718561881         3.1200150251
        0.0254771000       285.7062643794         3.0468297009         1.5624440919         2.5670405302       333.9357794555         3.8148761501
        0.0305479000       226.9481940773         2.9816393480         1.5420254771         2.5976630597       303.4602349010         5.8994595250
        0.0354787000       244.2889559195         3.0008156594         1.5139498816         2.6129743244       261.5563611386         6.9417512124
        0.0404698000       125.4728298747         2.8689272200         1.5343684965         2.6308374666       292.0319056931         8.1577581811
        0.0454719000       -10.7045673663         2.3823627678         1.5471301308         2.6589081187       311.0791210396        10.0686262748
        0.0504621000       -30.7375921833         2.2531253897         1.5369208233         2.6716675060       295.8413487624        10.9372026810
        0.0554279000       -29.4170973885         2.2554271183         1.5113975548         2.6895306482       257.7469180693        12.1532096497
        0.0604665000       -73.4856501150         2.1825613847         1.4960835936         2.7124975453       234.8902596535        13.7166471809
        0.0654495000       -97.5211780246         2.1459117235         1.4909789399         2.7227050552       227.2713735149        14.4115083059
        0.0704846000        88.0170057992         2.8264238221         1.4093044805         2.7303606875       105.3691952970        14.9326541496
        0.0754449000       384.3560548056         3.1592597919         1.2995544257         2.7278088101       -58.4368566832        14.7589388684
        0.0804794000       262.8784298171         3.0214194424         1.3352870017         2.7354644424        -5.1046537129        15.2800847121
        0.0854401000       264.2194339660         3.0229083925         1.3454963091         2.7278088101        10.1331185644        14.7589388684
        0.0904563000       281.5704504852         3.0422149245         1.3352870017         2.7303606875        -5.1046537129        14.9326541496
        0.0954275000        50.6329644630         2.7830815351         1.4093044805         2.7405681974       105.3691952970        15.6275152746
        0.1004668000      -134.9154740378         2.0925089963         1.4731126519         2.7456719523       200.6052720297        15.9749458371
        0.1054526000        13.2489231269         2.6665743254         1.4093044805         2.7507757072       105.3691952970        16.3223763996
        0.1104425000        -4.1123480694         2.4605803835         1.4016475000         2.7609832170        93.9408660891        17.0172375245
        0.1154549000        50.6124551090         2.7830574517         1.3735719045         2.7660869720        52.0369923267        17.3646680870
        0.1204545000        91.9887448607         2.8309695186         1.3506009628         2.7711907269        17.7520047030        17.7120986495
        0.1254543000       148.0545521879         2.8942251771         1.3327346748         2.7686388494        -8.9140967822        17.5383833683
        0.1304756000        95.9912479532         2.8355402811         1.3454963091         2.7737426043        10.1331185644        17.8858139307
        0.1354298000       -97.5621967327         2.1458508396         1.4195137880         2.7737426043       120.6069675743        17.8858139307
        0.1404665000        38.5946911542         2.7688810929         1.3710195777         2.7711907269        48.2275492574        17.7120986495
        0.1454244000        54.6047035245         2.7877386067         1.3506009628         2.7813982367        17.7520047030        18.4069597745
        0.1504386000        46.5894426623         2.7783262573         1.3429439823         2.7890538691         6.3236754950        18.9281056182
        0.1554192000       -17.4813708501         2.3019550345         1.3710195777         2.7865019916        48.2275492574        18.7543903370
        0.1605125000        -5.4738615724         2.4444258329         1.3557056165         2.7941576240        25.3708908416        19.2755361807
        0.1654464000       101.3245005176         2.8416155056         1.3327346748         2.7813982367        -8.9140967822        18.4069597745
        0.1704160000        66.6122128022         2.8017385575         1.3352870017         2.7890538691        -5.1046537129        18.9281056182
        0.1754300000        13.2181590957         2.6662093058         1.3557056165         2.7890538691        25.3708908416        18.9281056182
        0.1804501000       -16.1506213782         2.3177445655         1.3633625971         2.7916057465        36.7992200495        19.1018208995
        0.1854513000        11.8771549468         2.6502981016         1.3454963091         2.7967095015        10.1331185644        19.4492514619
        0.1904644000        66.6122128022         2.8017385575         1.3352870017         2.7890538691        -5.1046537129        18.9281056182
        0.1954143000        78.6299767570         2.8156384261         1.3378393285         2.7839501142        -1.2952106436        18.5806750557
        0.2004429000       -22.8248780916         2.2670356766         1.3659149240         2.7916057465        40.6086631188        19.1018208995
        0.2054393000        -8.1456151931         2.4127250978         1.3531532897         2.7967095015        21.5614477723        19.4492514619
        0.2104699000        61.2687055608         2.7955227812         1.3301823480         2.7941576240       -12.7235398515        19.2755361807
        0.2154370000        89.3067365629         2.8279010528         1.3301823480         2.7865019916       -12.7235398515        18.7543903370
        0.2204966000        62.6097097096         2.7970848191         1.3403916554         2.7865019916         2.5142324257        18.7543903370
        0.2254741000       -32.1708884256         2.2506358325         1.3659149240         2.7941576240        40.6086631188        19.2755361807
        0.2304435000        39.9151859490         2.7704451937         1.3454963091         2.7890538691        10.1331185644        18.9281056182
        0.2354475000        65.2712086533         2.8001807653         1.3250776943         2.7967095015       -20.3424259901        19.4492514619
        0.2404553000       -42.8579029085         2.2323560445         1.3557056165         2.8043651338        25.3708908416        19.9703973057
        0.2454437000       -29.5093894819         2.2552659922         1.3506009628         2.8043651338        17.7520047030        19.9703973057
        0.2504321000       -42.8579029085         2.2323560445         1.3557056165         2.8043651338        25.3708908416        19.9703973057
        0.2554334000         5.2028982335         2.5711071003         1.3480486360         2.7967095015        13.9425616337        19.4492514619
        0.2604258000        22.5539147527         2.7497470009         1.3378393285         2.7992613789        -1.2952106436        19.6229667432
        0.2654880000        18.5514116602         2.7294891029         1.3429439823         2.7967095015         6.3236754950        19.4492514619
        0.2704395000       -16.1608760553         2.3176228923         1.3454963091         2.8043651338        10.1331185644        19.9703973057
        0.2754894000         6.5336477054         2.5868966313         1.3403916554         2.8018132564         2.5142324257        19.7966820244
        0.2804337000        31.8999250868         2.7609259138         1.3378393285         2.7967095015        -1.2952106436        19.4492514619
        0.2854424000        25.2256683735         2.7529516821         1.3403916554         2.7967095015         2.5142324257        19.4492514619
        0.2904252000        61.2687055608         2.7955227812         1.3301823480         2.7941576240       -12.7235398515        19.2755361807
        0.2954365000        45.2484385134         2.7767460131         1.3327346748         2.7967095015        -8.9140967822        19.4492514619
        0.3004476000        15.8796580394         2.6977883678         1.3403916554         2.7992613789         2.5142324257        19.6229667432
        0.3054438000      -118.9464803757         2.1148203847         1.3812288851         2.8069170113        63.4653215347        20.1441125869
        0.3104434000       -25.5068863893         2.2622889383         1.3454963091         2.8069170113        10.1331185644        20.1441125869
        0.3154552000        -8.1558698701         2.4126034246         1.3352870017         2.8094688888        -5.1046537129        20.3178278682
        0.3204430000        22.5539147527         2.7497470009         1.3378393285         2.7992613789        -1.2952106436        19.6229667432
        0.3254531000        13.2079044187         2.6660876326         1.3378393285         2.8018132564        -1.2952106436        19.7966820244
        0.3304272000        61.2687055608         2.7955227812         1.3301823480         2.7941576240       -12.7235398515        19.2755361807
        0.3354431000        38.5741818001         2.7688567872         1.3352870017         2.7967095015        -5.1046537129        19.4492514619
        0.3404319000        74.6172189874         2.8110090957         1.3250776943         2.7941576240       -20.3424259901        19.2755361807
        0.3454400000        27.8974219942         2.7561491394         1.3429439823         2.7941576240         6.3236754950        19.2755361807
        0.3504470000       -98.9237102357         2.1438330209         1.3735719045         2.8069170113        52.0369923267        20.1441125869
        0.3554270000       -70.8959339107         2.1866317223         1.3557056165         2.8120207662        25.3708908416        20.4915431494
        0.3604359000       -41.5271534367         2.2346054780         1.3480486360         2.8094688888        13.9425616337        20.3178278682
        0.3654797000       -41.5271534367         2.2346054780         1.3480486360         2.8094688888        13.9425616337        20.3178278682
        0.3704299000        33.2306745586         2.7625106203         1.3301823480         2.8018132564       -12.7235398515        19.7966820244
        0.3754417000        15.8796580394         2.6977883678         1.3403916554         2.7992613789         2.5142324257        19.6229667432
        0.3804815000        10.5361507980         2.6343868975         1.3352870017         2.8043651338        -5.1046537129        19.9703973057
        0.3854762000        51.9226952267         2.7845952926         1.3301823480         2.7967095015       -12.7235398515        19.4492514619
        0.3904441000        29.2281714660         2.7577390713         1.3352870017         2.7992613789        -5.1046537129        19.6229667432
        0.3954275000        -2.8123626287         2.4760048949         1.3403916554         2.8043651338         2.5142324257        19.9703973057
        0.4004467000        10.5361507980         2.6343868975         1.3352870017         2.8043651338        -5.1046537129        19.9703973057
        0.4054257000       -30.8503936308         2.2529291286         1.3403916554         2.8120207662         2.5142324257        20.4915431494
        0.4104623000        -9.4866193420         2.3968138936         1.3429439823         2.8043651338         6.3236754950        19.9703973057
        0.4154533000       -24.1761369175         2.2646400365         1.3378393285         2.8120207662        -1.2952106436        20.4915431494
        0.4204544000       -44.1989070574         2.2300968429         1.3454963091         2.8120207662        10.1331185644        20.4915431494
        0.4254164000         1.1901404639         2.5234951610         1.3352870017         2.8069170113        -5.1046537129        20.1441125869
        0.4304478000        17.2104075113         2.7135778988         1.3327346748         2.8043651338        -8.9140967822        19.9703973057
        0.4354269000        10.5361507980         2.6343868975         1.3352870017         2.8043651338        -5.1046537129        19.9703973057
        0.4404464000         1.1901404639         2.5234951610         1.3352870017         2.8069170113        -5.1046537129        20.1441125869
        0.4454220000       -30.8503936308         2.2529291286         1.3403916554         2.8120207662         2.5142324257        20.4915431494
        0.4504431000       -14.8301265834         2.3334124233         1.3378393285         2.8094688888        -1.2952106436        20.3178278682
        0.4554445000        -8.1558698701         2.4126034246         1.3352870017         2.8094688888        -5.1046537129        20.3178278682
        0.4604300000         7.8643971772         2.6026861623         1.3327346748         2.8069170113        -8.9140967822        20.1441125869
        0.4654464000         3.8618940847         2.5551958962         1.3378393285         2.8043651338        -1.2952106436        19.9703973057
        0.4704536000        13.2079044187         2.6660876326         1.3378393285         2.8018132564        -1.2952106436        19.7966820244
        0.4754345000        29.2281714660         2.7577390713         1.3352870017         2.7992613789        -5.1046537129        19.6229667432
        0.4804428000        35.9024281794         2.7656870954         1.3327346748         2.7992613789        -8.9140967822        19.6229667432
        0.4854279000       -16.1608760553         2.3176228923         1.3454963091         2.8043651338        10.1331185644        19.9703973057
        0.4904387000        -5.4841162494         2.4443041597         1.3378393285         2.8069170113        -1.2952106436        20.1441125869
        0.4954280000       -28.1786400100         2.2575929504         1.3429439823         2.8094688888         6.3236754950        20.3178278682
        0.5004302000       -28.1786400100         2.2575929504         1.3429439823         2.8094688888         6.3236754950        20.3178278682
        0.5054458000        -9.4866193420         2.3968138936         1.3429439823         2.8043651338         6.3236754950        19.9703973057
        0.5104505000        -2.8123626287         2.4760048949         1.3403916554         2.8043651338         2.5142324257        19.9703973057
        0.5154463000        35.9024281794         2.7656870954         1.3327346748         2.7992613789        -8.9140967822        19.6229667432
        0.5204586000         3.8618940847         2.5551958962         1.3378393285         2.8043651338        -1.2952106436        19.9703973057
        0.5254333000        23.8846642246         2.7513441013         1.3301823480         2.8043651338       -12.7235398515        19.9703973057
        0.5304502000       -34.8528967234         2.2460017266         1.3454963091         2.8094688888        10.1331185644        20.3178278682
        0.5354505000       -37.5246503441         2.2414166430         1.3429439823         2.8120207662         6.3236754950        20.4915431494
        0.5404663000        22.5539147527         2.7497470009         1.3378393285         2.7992613789        -1.2952106436        19.6229667432
        0.5454391000        22.5539147527         2.7497470009         1.3378393285         2.7992613789        -1.2952106436        19.6229667432
        0.5504328000        15.8796580394         2.6977883678         1.3403916554         2.7992613789         2.5142324257        19.6229667432
        0.5554416000       -44.1989070574         2.2300968429         1.3454963091         2.8120207662        10.1331185644        20.4915431494
        0.5604205000         3.8618940847         2.5551958962         1.3378393285         2.8043651338        -1.2952106436        19.9703973057
        0.5654637000       -44.1989070574         2.2300968429         1.3454963091         2.8120207662        10.1331185644        20.4915431494
        0.5704387000       -25.5068863893         2.2622889383         1.3454963091         2.8069170113        10.1331185644        20.1441125869
        0.5754555000        35.9024281794         2.7656870954         1.3327346748         2.7992613789        -8.9140967822        19.6229667432
        0.5804158000        -2.8123626287         2.4760048949         1.3403916554         2.8043651338         2.5142324257        19.9703973057
        0.5854494000         3.8618940847         2.5551958962         1.3378393285         2.8043651338        -1.2952106436        19.9703973057
        0.5904320000        -5.4841162494         2.4443041597         1.3378393285         2.8069170113        -1.2952106436        20.1441125869
        0.5954746000        13.2079044187         2.6660876326         1.3378393285         2.8018132564        -1.2952106436        19.7966820244
        0.6004468000        -2.8123626287         2.4760048949         1.3403916554         2.8043651338         2.5142324257        19.9703973057
        0.6054360000       -22.8351327686         2.2670174645         1.3480486360         2.8043651338        13.9425616337        19.9703973057
        0.6104481000        13.2079044187         2.6660876326         1.3378393285         2.8018132564        -1.2952106436        19.7966820244
        0.6154405000       -12.1583729627         2.3651131584         1.3403916554         2.8069170113         2.5142324257        20.1441125869
        0.6204417000        35.9024281794         2.7656870954         1.3327346748         2.7992613789        -8.9140967822        19.6229667432
        0.6254453000        10.5361507980         2.6343868975         1.3352870017         2.8043651338        -5.1046537129        19.9703973057
        0.6304309000        35.9024281794         2.7656870954         1.3327346748         2.7992613789        -8.9140967822        19.6229667432
        0.6354511000        45.2484385134         2.7767460131         1.3327346748         2.7967095015        -8.9140967822        19.4492514619
        0.6404321000         3.8618940847         2.5551958962         1.3378393285         2.8043651338        -1.2952106436        19.9703973057
        0.6454441000        10.5361507980         2.6343868975         1.3352870017         2.8043651338        -5.1046537129        19.9703973057
        0.6504460000        15.8796580394         2.6977883678         1.3403916554         2.7992613789         2.5142324257        19.6229667432
        0.6554565000        42.5766848927         2.7735927883         1.3301823480         2.7992613789       -12.7235398515        19.6229667432
        0.6604366000       -42.8579029085         2.2323560445         1.3557056165         2.8043651338        25.3708908416        19.9703973057
        0.6654490000       -44.1989070574         2.2300968429         1.3454963091         2.8120207662        10.1331185644        20.4915431494
        0.6704416000        13.2079044187         2.6660876326         1.3378393285         2.8018132564        -1.2952106436        19.7966820244
        0.6754506000       -34.8528967234         2.2460017266         1.3454963091         2.8094688888        10.1331185644        20.3178278682
        0.6804315000       -37.5246503441         2.2414166430         1.3429439823         2.8120207662         6.3236754950        20.4915431494
        0.6854680000        13.2079044187         2.6660876326         1.3378393285         2.8018132564        -1.2952106436        19.7966820244
        0.6904472000        -5.4841162494         2.4443041597         1.3378393285         2.8069170113        -1.2952106436        20.1441125869
        0.6954390000         3.8618940847         2.5551958962         1.3378393285         2.8043651338        -1.2952106436        19.9703973057
        0.7004424000         1.1901404639         2.5234951610         1.3352870017         2.8069170113        -5.1046537129        20.1441125869
        0.7054546000       -37.5246503441         2.2414166430         1.3429439823         2.8120207662         6.3236754950        20.4915431494
        0.7104873000       -30.8503936308         2.2529291286         1.3403916554         2.8120207662         2.5142324257        20.4915431494
        0.7154645000        -5.4841162494         2.4443041597         1.3378393285         2.8069170113        -1.2952106436        20.1441125869
        0.7204762000        29.2281714660         2.7577390713         1.3352870017         2.7992613789        -5.1046537129        19.6229667432
        0.7254588000        22.5539147527         2.7497470009         1.3378393285         2.7992613789        -1.2952106436        19.6229667432
        0.7305523000        17.2104075113         2.7135778988         1.3327346748         2.8043651338        -8.9140967822        19.9703973057
        0.7354461000        45.2484385134         2.7767460131         1.3327346748         2.7967095015        -8.9140967822        19.4492514619
        0.7404448000       -12.1583729627         2.3651131584         1.3403916554         2.8069170113         2.5142324257        20.1441125869
        0.7454484000       -25.5068863893         2.2622889383         1.3454963091         2.8069170113        10.1331185644        20.1441125869
        0.7504355000        22.5539147527         2.7497470009         1.3378393285         2.7992613789        -1.2952106436        19.6229667432
        0.7554568000         1.1901404639         2.5234951610         1.3352870017         2.8069170113        -5.1046537129        20.1441125869
        0.7605800000        23.8846642246         2.7513441013         1.3301823480         2.8043651338       -12.7235398515        19.9703973057
        0.7654715000       -53.5449173915         2.2145586583         1.3454963091         2.8145726437        10.1331185644        20.6652584306
        0.7704586000        19.8821611320         2.7452786339         1.3352870017         2.8018132564        -5.1046537129        19.7966820244
        0.7754710000       -14.8301265834         2.3334124233         1.3378393285         2.8094688888        -1.2952106436        20.3178278682
        0.7804465000       -34.8528967234         2.2460017266         1.3454963091         2.8094688888        10.1331185644        20.3178278682
        0.7854292000        42.5766848927         2.7735927883         1.3301823480         2.7992613789       -12.7235398515        19.6229667432
        0.7904704000       -44.1989070574         2.2300968429         1.3454963091         2.8120207662        10.1331185644        20.4915431494
        0.7954274000       -38.8553998159         2.2391444427         1.3506009628         2.8069170113        17.7520047030        20.1441125869
        0.8004380000       -20.1633791479         2.2717789023         1.3506009628         2.8018132564        17.7520047030        19.7966820244
        0.8054179000        45.2484385134         2.7767460131         1.3327346748         2.7967095015        -8.9140967822        19.4492514619
        0.8104552000       -37.5246503441         2.2414166430         1.3429439823         2.8120207662         6.3236754950        20.4915431494
        0.8154451000        -5.4841162494         2.4443041597         1.3378393285         2.8069170113        -1.2952106436        20.1441125869
        0.8204527000        -5.4841162494         2.4443041597         1.3378393285         2.8069170113        -1.2952106436        20.1441125869
        0.8254375000        22.5539147527         2.7497470009         1.3378393285         2.7992613789        -1.2952106436        19.6229667432
        0.8304674000        26.5564178453         2.7545451706         1.3327346748         2.8018132564        -8.9140967822        19.7966820244
        0.8354321000       -37.5246503441         2.2414166430         1.3429439823         2.8120207662         6.3236754950        20.4915431494
        0.8404674000       -18.8326296760         2.2859221571         1.3429439823         2.8069170113         6.3236754950        20.1441125869
        0.8454437000       -14.8301265834         2.3334124233         1.3378393285         2.8094688888        -1.2952106436        20.3178278682
        0.8504593000       -16.1608760553         2.3176228923         1.3454963091         2.8043651338        10.1331185644        19.9703973057
        0.8554430000       -42.8579029085         2.2323560445         1.3557056165         2.8043651338        25.3708908416        19.9703973057
        0.8604549000       -38.8553998159         2.2391444427         1.3506009628         2.8069170113        17.7520047030        20.1441125869
        0.8654702000        35.9024281794         2.7656870954         1.3327346748         2.7992613789        -8.9140967822        19.6229667432
        0.8704519000         7.8643971772         2.6026861623         1.3327346748         2.8069170113        -8.9140967822        20.1441125869
        0.8754327000        35.9024281794         2.7656870954         1.3327346748         2.7992613789        -8.9140967822        19.6229667432
        0.8804450000       -12.1583729627         2.3651131584         1.3403916554         2.8069170113         2.5142324257        20.1441125869
        0.8854267000        -2.8123626287         2.4760048949         1.3403916554         2.8043651338         2.5142324257        19.9703973057
        0.8904676000       -34.8528967234         2.2460017266         1.3454963091         2.8094688888        10.1331185644        20.3178278682
        0.8954386000        -2.8123626287         2.4760048949         1.3403916554         2.8043651338         2.5142324257        19.9703973057
        0.9004610000         3.8618940847         2.5551958962         1.3378393285         2.8043651338        -1.2952106436        19.9703973057
        0.9054338000       -24.1761369175         2.2646400365         1.3378393285         2.8120207662        -1.2952106436        20.4915431494
        0.9104523000       -16.1608760553         2.3176228923         1.3454963091         2.8043651338        10.1331185644        19.9703973057
        0.9154403000       -37.5246503441         2.2414166430         1.3429439823         2.8120207662         6.3236754950        20.4915431494
        0.9204431000       -37.5246503441         2.2414166430         1.3429439823         2.8120207662         6.3236754950        20.4915431494
        0.9254272000        -1.4816131568         2.4917944259         1.3327346748         2.8094688888        -8.9140967822        20.3178278682
        0.9304476000        65.2712086533         2.8001807653         1.3250776943         2.7967095015       -20.3424259901        19.4492514619
        0.9354455000       -21.5043832967         2.2693849085         1.3403916554         2.8094688888         2.5142324257        20.3178278682
        0.9404352000       -17.5018802042         2.3017116881         1.3352870017         2.8120207662        -5.1046537129        20.4915431494
        0.9454366000         5.1926435565         2.5709854272         1.3301823480         2.8094688888       -12.7235398515        20.3178278682
        0.9504536000        19.8821611320         2.7452786339         1.3352870017         2.8018132564        -5.1046537129        19.7966820244
        0.9554596000       -34.8528967234         2.2460017266         1.3454963091         2.8094688888        10.1331185644        20.3178278682
        0.9604680000       -28.1786400100         2.2575929504         1.3429439823         2.8094688888         6.3236754950        20.3178278682
        0.9654275000        13.2079044187         2.6660876326         1.3378393285         2.8018132564        -1.2952106436        19.7966820244
        0.9704416000        53.2534446985         2.7861556964         1.3225253674         2.8018132564       -24.1518690594        19.7966820244
        0.9754490000        -6.8148657212         2.4285146287         1.3454963091         2.8018132564        10.1331185644        19.7966820244
        0.9804350000        54.5944488474         2.7877265998         1.3327346748         2.7941576240        -8.9140967822        19.2755361807
        0.9854405000        58.5969519400         2.7924063164         1.3276300211         2.7967095015       -16.5329829208        19.4492514619
        0.9904470000        38.5741818001         2.7688567872         1.3352870017         2.7967095015        -5.1046537129        19.4492514619
        0.9954476000        51.9226952267         2.7845952926         1.3301823480         2.7967095015       -12.7235398515        19.4492514619
        1.0004185000        10.5361507980         2.6343868975         1.3352870017         2.8043651338        -5.1046537129        19.9703973057
        1.0054306000        13.2079044187         2.6660876326         1.3378393285         2.8018132564        -1.2952106436        19.7966820244
        1.0104347000        51.9226952267         2.7845952926         1.3301823480         2.7967095015       -12.7235398515        19.4492514619
        1.0154330000        13.2079044187         2.6660876326         1.3378393285         2.8018132564        -1.2952106436        19.7966820244
        1.0204374000         5.2028982335         2.5711071003         1.3480486360         2.7967095015        13.9425616337        19.4492514619
        1.0254451000       -17.4916255271         2.3018333613         1.3531532897         2.7992613789        21.5614477723        19.6229667432
        1.0304409000         9.2054013261         2.6185973665         1.3429439823         2.7992613789         6.3236754950        19.6229667432
        1.0354200000        23.8846642246         2.7513441013         1.3301823480         2.8043651338       -12.7235398515        19.9703973057
        1.0404307000       -25.5068863893         2.2622889383         1.3454963091         2.8069170113        10.1331185644        20.1441125869
        1.0454687000       -50.8731637707         2.2189640476         1.3480486360         2.8120207662        13.9425616337        20.4915431494
        1.0504385000       -37.5246503441         2.2414166430         1.3429439823         2.8120207662         6.3236754950        20.4915431494
        1.0554302000       -12.1583729627         2.3651131584         1.3403916554         2.8069170113         2.5142324257        20.1441125869
        1.0604436000         1.1901404639         2.5234951610         1.3352870017         2.8069170113        -5.1046537129        20.1441125869
        1.0654558000        26.5564178453         2.7545451706         1.3327346748         2.8018132564        -8.9140967822        19.7966820244
        1.0704320000       -12.1583729627         2.3651131584         1.3403916554         2.8069170113         2.5142324257        20.1441125869
        1.0754484000        -5.4841162494         2.4443041597         1.3378393285         2.8069170113        -1.2952106436        20.1441125869
        1.0804254000       -44.1989070574         2.2300968429         1.3454963091         2.8120207662        10.1331185644        20.4915431494
        1.0855281000       -24.1761369175         2.2646400365         1.3378393285         2.8120207662        -1.2952106436        20.4915431494
        1.0904501000        26.5564178453         2.7545451706         1.3327346748         2.8018132564        -8.9140967822        19.7966820244
        1.0954324000       -12.1583729627         2.3651131584         1.3403916554         2.8069170113         2.5142324257        20.1441125869
        1.1004417000        19.8821611320         2.7452786339         1.3352870017         2.8018132564        -5.1046537129        19.7966820244
        1.1054317000        35.9024281794         2.7656870954         1.3327346748         2.7992613789        -8.9140967822        19.6229667432
        1.1104422000        35.9024281794         2.7656870954         1.3327346748         2.7992613789        -8.9140967822        19.6229667432
        1.1154987000        -5.4841162494         2.4443041597         1.3378393285         2.8069170113        -1.2952106436        20.1441125869
        1.1204355000        35.9024281794         2.7656870954         1.3327346748         2.7992613789        -8.9140967822        19.6229667432
        1.1254411000       -12.1583729627         2.3651131584         1.3403916554         2.8069170113         2.5142324257        20.1441125869
        1.1304637000        -5.4841162494         2.4443041597         1.3378393285         2.8069170113        -1.2952106436        20.1441125869
        1.1354291000        42.5766848927         2.7735927883         1.3301823480         2.7992613789       -12.7235398515        19.6229667432
        1.1404469000        26.5564178453         2.7545451706         1.3327346748         2.8018132564        -8.9140967822        19.7966820244
        1.1454282000       -22.8351327686         2.2670174645         1.3480486360         2.8043651338        13.9425616337        19.9703973057
        1.1504388000        -0.1406090079         2.5077056300         1.3429439823         2.8018132564         6.3236754950        19.7966820244
        1.1554284000         1.1901404639         2.5234951610         1.3352870017         2.8069170113        -5.1046537129        20.1441125869
        1.1604345000        -5.4841162494         2.4443041597         1.3378393285         2.8069170113        -1.2952106436        20.1441125869
        1.1654471000        13.2079044187         2.6660876326         1.3378393285         2.8018132564        -1.2952106436        19.7966820244
        1.1704322000        26.5564178453         2.7545451706         1.3327346748         2.8018132564        -8.9140967822        19.7966820244
        1.1754379000         1.1901404639         2.5234951610         1.3352870017         2.8069170113        -5.1046537129        20.1441125869
        1.1804494000       -73.5676875314         2.1824328460         1.3531532897         2.8145726437        21.5614477723        20.6652584306
        1.1854272000       -30.8503936308         2.2529291286         1.3403916554         2.8120207662         2.5142324257        20.4915431494
        1.1904476000         1.1901404639         2.5234951610         1.3352870017         2.8069170113        -5.1046537129        20.1441125869
        1.1954219000       -78.9009400958         2.1741288168         1.3659149240         2.8069170113        40.6086631188        20.1441125869
        1.2004421000       -13.4891224346         2.3493236274         1.3480486360         2.8018132564        13.9425616337        19.7966820244
        1.2054263000       -14.8301265834         2.3334124233         1.3378393285         2.8094688888        -1.2952106436        20.3178278682
        1.2104601000       -30.8503936308         2.2529291286         1.3403916554         2.8120207662         2.5142324257        20.4915431494
        1.2154455000       -37.5246503441         2.2414166430         1.3429439823         2.8120207662         6.3236754950        20.4915431494
        1.2204502000       -25.5068863893         2.2622889383         1.3454963091         2.8069170113        10.1331185644        20.1441125869
        1.2254290000       -37.5246503441         2.2414166430         1.3429439823         2.8120207662         6.3236754950        20.4915431494
        1.2304478000        63.9302045044         2.7986215640         1.3148683868         2.8043651338       -35.5801982673        19.9703973057
        1.2354284000        99.9732416917         2.8400778632         1.3046590794         2.8018132564       -50.8179705446        19.7966820244
        1.2404662000        41.2459354208         2.7720198053         1.3378393285         2.7941576240        -1.2952106436        19.2755361807
        1.2455579000        -2.8123626287         2.4760048949         1.3403916554         2.8043651338         2.5142324257        19.9703973057
        1.2504963000       -14.8301265834         2.3334124233         1.3378393285         2.8094688888        -1.2952106436        20.3178278682
        1.2554616000       -48.2014101500         2.2233985017         1.3506009628         2.8094688888        17.7520047030        20.3178278682
        1.2604825000        58.5969519400         2.7924063164         1.3276300211         2.7967095015       -16.5329829208        19.4492514619
        1.2654603000        13.2079044187         2.6660876326         1.3378393285         2.8018132564        -1.2952106436        19.7966820244
        1.2704540000        19.8821611320         2.7452786339         1.3352870017         2.8018132564        -5.1046537129        19.7966820244
        1.2754837000        35.9024281794         2.7656870954         1.3327346748         2.7992613789        -8.9140967822        19.6229667432
        1.2805249000         6.5336477054         2.5868966313         1.3403916554         2.8018132564         2.5142324257        19.7966820244
        1.2854516000        23.8846642246         2.7513441013         1.3301823480         2.8043651338       -12.7235398515        19.9703973057
        1.2904641000        45.2484385134         2.7767460131         1.3327346748         2.7967095015        -8.9140967822        19.4492514619
        1.2954419000        38.5741818001         2.7688567872         1.3352870017         2.7967095015        -5.1046537129        19.4492514619
        1.3004305000        19.8821611320         2.7452786339         1.3352870017         2.8018132564        -5.1046537129        19.7966820244
        1.3054415000        13.2079044187         2.6660876326         1.3378393285         2.8018132564        -1.2952106436        19.7966820244
        1.3104462000       -49.5321596218         2.2211861292         1.3582579434         2.8043651338        29.1803339109        19.9703973057
        1.3154597000       -56.2064163351         2.2101987196         1.3608102703         2.8043651338        32.9897769802        19.9703973057
        1.3204455000        69.2737117459         2.8048261968         1.3199730405         2.7992613789       -27.9613121287        19.6229667432
        1.3254300000         3.8618940847         2.5551958962         1.3378393285         2.8043651338        -1.2952106436        19.9703973057
        1.3304298000       -12.1583729627         2.3651131584         1.3403916554         2.8069170113         2.5142324257        20.1441125869
        1.3354521000         7.8643971772         2.6026861623         1.3327346748         2.8069170113        -8.9140967822        20.1441125869
        1.3404301000       -50.8731637707         2.2189640476         1.3480486360         2.8120207662        13.9425616337        20.4915431494
        1.3454541000        -5.4841162494         2.4443041597         1.3378393285         2.8069170113        -1.2952106436        20.1441125869
        1.3504300000       -37.5246503441         2.2414166430         1.3429439823         2.8120207662         6.3236754950        20.4915431494
        1.3554399000        29.2281714660         2.7577390713         1.3352870017         2.7992613789        -5.1046537129        19.6229667432
        1.3604405000         1.1901404639         2.5234951610         1.3352870017         2.8069170113        -5.1046537129        20.1441125869
        1.3654392000        14.5386538905         2.6818771636         1.3301823480         2.8069170113       -12.7235398515        20.1441125869
        1.3704344000       -44.1989070574         2.2300968429         1.3454963091         2.8120207662        10.1331185644        20.4915431494
        1.3754474000        10.5361507980         2.6343868975         1.3352870017         2.8043651338        -5.1046537129        19.9703973057
        1.3804354000        -5.4841162494         2.4443041597         1.3378393285         2.8069170113        -1.2952106436        20.1441125869
        1.3854458000        42.5766848927         2.7735927883         1.3301823480         2.7992613789       -12.7235398515        19.6229667432
        1.3904296000       -12.1583729627         2.3651131584         1.3403916554         2.8069170113         2.5142324257        20.1441125869
        1.3954707000        35.9024281794         2.7656870954         1.3327346748         2.7992613789        -8.9140967822        19.6229667432
        1.4004460000        42.5766848927         2.7735927883         1.3301823480         2.7992613789       -12.7235398515        19.6229667432
        1.4054338000        -5.4841162494         2.4443041597         1.3378393285         2.8069170113        -1.2952106436        20.1441125869
        1.4104370000        -5.4841162494         2.4443041597         1.3378393285         2.8069170113        -1.2952106436        20.1441125869
        1.4154556000       -12.1583729627         2.3651131584         1.3403916554         2.8069170113         2.5142324257        20.1441125869
        1.4204664000        15.8796580394         2.6977883678         1.3403916554         2.7992613789         2.5142324257        19.6229667432
        1.4254522000         1.1901404639         2.5234951610         1.3352870017         2.8069170113        -5.1046537129        20.1441125869
        1.4304289000       -53.5449173915         2.2145586583         1.3454963091         2.8145726437        10.1331185644        20.6652584306
        1.4354768000       -37.5246503441         2.2414166430         1.3429439823         2.8120207662         6.3236754950        20.4915431494
        1.4404627000       -25.5068863893         2.2622889383         1.3454963091         2.8069170113        10.1331185644        20.1441125869
        1.4454872000        -5.4841162494         2.4443041597         1.3378393285         2.8069170113        -1.2952106436        20.1441125869
        1.4504938000        26.5564178453         2.7545451706         1.3327346748         2.8018132564        -8.9140967822        19.7966820244
        1.4554698000       -12.1583729627         2.3651131584         1.3403916554         2.8069170113         2.5142324257        20.1441125869
        1.4604994000       -44.1989070574         2.2300968429         1.3454963091         2.8120207662        10.1331185644        20.4915431494
        1.4654459000       -37.5246503441         2.2414166430         1.3429439823         2.8120207662         6.3236754950        20.4915431494
        1.4704299000       -44.1989070574         2.2300968429         1.3454963091         2.8120207662        10.1331185644        20.4915431494
        1.4754402000       -37.5246503441         2.2414166430         1.3429439823         2.8120207662         6.3236754950        20.4915431494
        1.4804297000         7.8643971772         2.6026861623         1.3327346748         2.8069170113        -8.9140967822        20.1441125869
        1.4854412000         7.8643971772         2.6026861623         1.3327346748         2.8069170113        -8.9140967822        20.1441125869
        1.4904191000        22.5539147527         2.7497470009         1.3378393285         2.7992613789        -1.2952106436        19.6229667432
        1.4954482000        26.5564178453         2.7545451706         1.3327346748         2.8018132564        -8.9140967822        19.7966820244
        1.5004392000        26.5564178453         2.7545451706         1.3327346748         2.8018132564        -8.9140967822        19.7966820244
        1.5054267000        35.9024281794         2.7656870954         1.3327346748         2.7992613789        -8.9140967822        19.6229667432
        1.5104366000        26.5564178453         2.7545451706         1.3327346748         2.8018132564        -8.9140967822        19.7966820244
        1.5154420000         1.1901404639         2.5234951610         1.3352870017         2.8069170113        -5.1046537129        20.1441125869
        1.5204353000        -9.4866193420         2.3968138936         1.3429439823         2.8043651338         6.3236754950        19.9703973057
        1.5254323000         1.1901404639         2.5234951610         1.3352870017         2.8069170113        -5.1046537129        20.1441125869
        1.5304517000        -5.4841162494         2.4443041597         1.3378393285         2.8069170113        -1.2952106436        20.1441125869
        1.5354313000       -40.1964039649         2.2368624358         1.3403916554         2.8145726437         2.5142324257        20.6652584306
        1.5404435000        -5.4841162494         2.4443041597         1.3378393285         2.8069170113        -1.2952106436        20.1441125869
        1.5454260000       -12.1583729627         2.3651131584         1.3403916554         2.8069170113         2.5142324257        20.1441125869
        1.5504437000        -5.4841162494         2.4443041597         1.3378393285         2.8069170113        -1.2952106436        20.1441125869
        1.5554484000        -2.8123626287         2.4760048949         1.3403916554         2.8043651338         2.5142324257        19.9703973057
        1.5604536000       -44.1989070574         2.2300968429         1.3454963091         2.8120207662        10.1331185644        20.4915431494
        1.5654440000       -24.1761369175         2.2646400365         1.3378393285         2.8120207662        -1.2952106436        20.4915431494
        1.5704258000         3.8618940847         2.5551958962         1.3378393285         2.8043651338        -1.2952106436        19.9703973057
        1.5754380000        17.2104075113         2.7135778988         1.3327346748         2.8043651338        -8.9140967822        19.9703973057
        1.5804420000        17.2104075113         2.7135778988         1.3327346748         2.8043651338        -8.9140967822        19.9703973057
        1.5854538000        35.9024281794         2.7656870954         1.3327346748         2.7992613789        -8.9140967822        19.6229667432
        1.5904659000         1.1901404639         2.5234951610         1.3352870017         2.8069170113        -5.1046537129        20.1441125869
        1.5954440000        13.2079044187         2.6660876326         1.3378393285         2.8018132564        -1.2952106436        19.7966820244
        1.6004599000        -5.4841162494         2.4443041597         1.3378393285         2.8069170113        -1.2952106436        20.1441125869
        1.6054235000       -37.5246503441         2.2414166430         1.3429439823         2.8120207662         6.3236754950        20.4915431494
        1.6104563000        19.8821611320         2.7452786339         1.3352870017         2.8018132564        -5.1046537129        19.7966820244
        1.6154460000        13.2079044187         2.6660876326         1.3378393285         2.8018132564        -1.2952106436        19.7966820244
        1.6204517000        13.2079044187         2.6660876326         1.3378393285         2.8018132564        -1.2952106436        19.7966820244
        1.6254325000        35.9024281794         2.7656870954         1.3327346748         2.7992613789        -8.9140967822        19.6229667432
        1.6304793000       -18.8326296760         2.2859221571         1.3429439823         2.8069170113         6.3236754950        20.1441125869
        1.6354311000         7.8643971772         2.6026861623         1.3327346748         2.8069170113        -8.9140967822        20.1441125869
        1.6404582000       -44.1989070574         2.2300968429         1.3454963091         2.8120207662        10.1331185644        20.4915431494
        1.6454375000        14.5386538905         2.6818771636         1.3301823480         2.8069170113       -12.7235398515        20.1441125869
        1.6504557000       -17.5018802042         2.3017116881         1.3352870017         2.8120207662        -5.1046537129        20.4915431494
        1.6554417000       -46.8706606782         2.2256181738         1.3429439823         2.8145726437         6.3236754950        20.6652584306
        1.6604593000        -8.1558698701         2.4126034246         1.3352870017         2.8094688888        -5.1046537129        20.3178278682
        1.6654399000        35.9024281794         2.7656870954         1.3327346748         2.7992613789        -8.9140967822        19.6229667432
        1.6704619000        -2.8123626287         2.4760048949         1.3403916554         2.8043651338         2.5142324257        19.9703973057
        1.6754557000       -37.5246503441         2.2414166430         1.3429439823         2.8120207662         6.3236754950        20.4915431494
        1.6804398000        -2.8123626287         2.4760048949         1.3403916554         2.8043651338         2.5142324257        19.9703973057
        1.6854516000         7.8643971772         2.6026861623         1.3327346748         2.8069170113        -8.9140967822        20.1441125869
        1.6904294000         7.8643971772         2.6026861623         1.3327346748         2.8069170113        -8.9140967822        20.1441125869
        1.6954466000        69.2737117459         2.8048261968         1.3199730405         2.7992613789       -27.9613121287        19.6229667432
        1.7004446000        35.9024281794         2.7656870954         1.3327346748         2.7992613789        -8.9140967822        19.6229667432
        1.7054381000        -5.4841162494         2.4443041597         1.3378393285         2.8069170113        -1.2952106436        20.1441125869
        1.7104455000        -5.4841162494         2.4443041597         1.3378393285         2.8069170113        -1.2952106436        20.1441125869
        1.7154343000       -24.1761369175         2.2646400365         1.3378393285         2.8120207662        -1.2952106436        20.4915431494
        1.7204558000       -44.1989070574         2.2300968429         1.3454963091         2.8120207662        10.1331185644        20.4915431494
        1.7254489000       -37.5246503441         2.2414166430         1.3429439823         2.8120207662         6.3236754950        20.4915431494
        1.7304274000        -5.4841162494         2.4443041597         1.3378393285         2.8069170113        -1.2952106436        20.1441125869
        1.7354448000        23.8846642246         2.7513441013         1.3301823480         2.8043651338       -12.7235398515        19.9703973057
        1.7404474000         3.8618940847         2.5551958962         1.3378393285         2.8043651338        -1.2952106436        19.9703973057
        1.7454738000        49.2509416060         2.7814578551         1.3276300211         2.7992613789       -16.5329829208        19.6229667432
        1.7504612000        19.8821611320         2.7452786339         1.3352870017         2.8018132564        -5.1046537129        19.7966820244
        1.7554768000        26.5564178453         2.7545451706         1.3327346748         2.8018132564        -8.9140967822        19.7966820244
        1.7604646000         3.8618940847         2.5551958962         1.3378393285         2.8043651338        -1.2952106436        19.9703973057
        1.7654770000        -5.4841162494         2.4443041597         1.3378393285         2.8069170113        -1.2952106436        20.1441125869
        1.7704470000       -37.5246503441         2.2414166430         1.3429439823         2.8120207662         6.3236754950        20.4915431494
        1.7754787000       -44.1989070574         2.2300968429         1.3454963091         2.8120207662        10.1331185644        20.4915431494
        1.7804361000         1.1901404639         2.5234951610         1.3352870017         2.8069170113        -5.1046537129        20.1441125869
        1.7854666000       -37.5246503441         2.2414166430         1.3429439823         2.8120207662         6.3236754950        20.4915431494
        1.7904519000        35.9024281794         2.7656870954         1.3327346748         2.7992613789        -8.9140967822        19.6229667432
        1.7954593000         2.5311446128         2.5394063652         1.3454963091         2.7992613789        10.1331185644        19.6229667432
        1.8004424000         9.2054013261         2.6185973665         1.3429439823         2.7992613789         6.3236754950        19.6229667432
        1.8054268000         3.8618940847         2.5551958962         1.3378393285         2.8043651338        -1.2952106436        19.9703973057
        1.8104467000        33.2306745586         2.7625106203         1.3301823480         2.8018132564       -12.7235398515        19.7966820244
        1.8154613000       -12.1583729627         2.3651131584         1.3403916554         2.8069170113         2.5142324257        20.1441125869
        1.8204518000       -14.8301265834         2.3334124233         1.3378393285         2.8094688888        -1.2952106436        20.3178278682
        1.8254373000        35.9024281794         2.7656870954         1.3327346748         2.7992613789        -8.9140967822        19.6229667432
        1.8304404000        35.9024281794         2.7656870954         1.3327346748         2.7992613789        -8.9140967822        19.6229667432
        1.8354375000        22.5539147527         2.7497470009         1.3378393285         2.7992613789        -1.2952106436        19.6229667432
        1.8404436000         7.8643971772         2.6026861623         1.3327346748         2.8069170113        -8.9140967822        20.1441125869
        1.8454187000        22.5539147527         2.7497470009         1.3378393285         2.7992613789        -1.2952106436        19.6229667432
        1.8504452000        19.8821611320         2.7452786339         1.3352870017         2.8018132564        -5.1046537129        19.7966820244
        1.8554510000       -13.4891224346         2.3493236274         1.3480486360         2.8018132564        13.9425616337        19.7966820244
        1.8606338000       -38.8553998159         2.2391444427         1.3506009628         2.8069170113        17.7520047030        20.1441125869
        1.8654894000        14.5386538905         2.6818771636         1.3301823480         2.8069170113       -12.7235398515        20.1441125869
        1.8704862000       -14.8301265834         2.3334124233         1.3378393285         2.8094688888        -1.2952106436        20.3178278682
        1.8754335000       -21.5043832967         2.2693849085         1.3403916554         2.8094688888         2.5142324257        20.3178278682
        1.8804526000        33.2306745586         2.7625106203         1.3301823480         2.8018132564       -12.7235398515        19.7966820244
        1.8854318000        -5.4841162494         2.4443041597         1.3378393285         2.8069170113        -1.2952106436        20.1441125869
        1.8904501000        -8.1558698701         2.4126034246         1.3352870017         2.8094688888        -5.1046537129        20.3178278682
        1.8954341000        -5.4841162494         2.4443041597         1.3378393285         2.8069170113        -1.2952106436        20.1441125869
        1.9004460000       -21.5043832967         2.2693849085         1.3403916554         2.8094688888         2.5142324257        20.3178278682
        1.9054474000       -38.8553998159         2.2391444427         1.3506009628         2.8069170113        17.7520047030        20.1441125869
        1.9104320000       -25.5068863893         2.2622889383         1.3454963091         2.8069170113        10.1331185644        20.1441125869
        1.9154544000         3.8618940847         2.5551958962         1.3378393285         2.8043651338        -1.2952106436        19.9703973057
        1.9204517000       -17.5018802042         2.3017116881         1.3352870017         2.8120207662        -5.1046537129        20.4915431494
        1.9254394000       -53.5449173915         2.2145586583         1.3454963091         2.8145726437        10.1331185644        20.6652584306
        1.9304506000       -46.8706606782         2.2256181738         1.3429439823         2.8145726437         6.3236754950        20.6652584306
        1.9354295000       -28.1786400100         2.2575929504         1.3429439823         2.8094688888         6.3236754950        20.3178278682
        1.9404431000       -21.5043832967         2.2693849085         1.3403916554         2.8094688888         2.5142324257        20.3178278682
        1.9454286000        -8.1558698701         2.4126034246         1.3352870017         2.8094688888        -5.1046537129        20.3178278682
        1.9504432000        61.2584508837         2.7955108308         1.3123160600         2.8069170113       -39.3896413366        20.1441125869
        1.9554221000        91.9682355066         2.8309460715         1.3148683868         2.7967095015       -35.5801982673        19.4492514619
        1.9604592000       -22.8351327686         2.2670174645         1.3480486360         2.8043651338        13.9425616337        19.9703973057
        1.9654473000         3.8618940847         2.5551958962         1.3378393285         2.8043651338        -1.2952106436        19.9703973057
        1.9704524000        55.9251983193         2.7892839907         1.3250776943         2.7992613789       -20.3424259901        19.6229667432
        1.9754281000       -18.8326296760         2.2859221571         1.3429439823         2.8069170113         6.3236754950        20.1441125869
        1.9804410000        35.9024281794         2.7656870954         1.3327346748         2.7992613789        -8.9140967822        19.6229667432
        1.9854321000        15.8796580394         2.6977883678         1.3403916554         2.7992613789         2.5142324257        19.6229667432
        1.9904385000        27.8871673172         2.7561368807         1.3250776943         2.8069170113       -20.3424259901        20.1441125869
        1.9954230000        39.9049312719         2.7704330535         1.3276300211         2.8018132564       -16.5329829208        19.7966820244
        2.0004539000        50.5816910778         2.7830213259         1.3199730405         2.8043651338       -27.9613121287        19.9703973057
        2.0054380000        19.8821611320         2.7452786339         1.3352870017         2.8018132564        -5.1046537129        19.7966820244
        2.0104540000         1.1901404639         2.5234951610         1.3352870017         2.8069170113        -5.1046537129        20.1441125869
        2.0154386000        13.2079044187         2.6660876326         1.3378393285         2.8018132564        -1.2952106436        19.7966820244
        2.0204591000        10.5361507980         2.6343868975         1.3352870017         2.8043651338        -5.1046537129        19.9703973057
        2.0254563000        -2.8123626287         2.4760048949         1.3403916554         2.8043651338         2.5142324257        19.9703973057
        2.0304353000       -64.2216771974         2.1972370282         1.3531532897         2.8120207662        21.5614477723        20.4915431494
        2.0354516000       -50.8731637707         2.2189640476         1.3480486360         2.8120207662        13.9425616337        20.4915431494
        2.0404407000       -40.1964039649         2.2368624358         1.3403916554         2.8145726437         2.5142324257        20.6652584306
        2.0454404000       -30.8503936308         2.2529291286         1.3403916554         2.8120207662         2.5142324257        20.4915431494
        2.0504290000         3.8618940847         2.5551958962         1.3378393285         2.8043651338        -1.2952106436        19.9703973057
        2.0554612000        26.5564178453         2.7545451706         1.3327346748         2.8018132564        -8.9140967822        19.7966820244
        2.0604170000       -53.5449173915         2.2145586583         1.3454963091         2.8145726437        10.1331185644        20.6652584306
        2.0654463000        42.5766848927         2.7735927883         1.3301823480         2.7992613789       -12.7235398515        19.6229667432
        2.0704345000        -5.4841162494         2.4443041597         1.3378393285         2.8069170113        -1.2952106436        20.1441125869
        2.0754504000       -44.1989070574         2.2300968429         1.3454963091         2.8120207662        10.1331185644        20.4915431494
        2.0804376000        -5.4841162494         2.4443041597         1.3378393285         2.8069170113        -1.2952106436        20.1441125869
        2.0854489000        19.8821611320         2.7452786339         1.3352870017         2.8018132564        -5.1046537129        19.7966820244
        2.0904477000       -37.5246503441         2.2414166430         1.3429439823         2.8120207662         6.3236754950        20.4915431494
        2.0954434000       -44.1989070574         2.2300968429         1.3454963091         2.8120207662        10.1331185644        20.4915431494
        2.1004473000       -18.8326296760         2.2859221571         1.3429439823         2.8069170113         6.3236754950        20.1441125869
        2.1054569000        33.2306745586         2.7625106203         1.3301823480         2.8018132564       -12.7235398515        19.7966820244
        2.1104403000       -14.8301265834         2.3334124233         1.3378393285         2.8094688888        -1.2952106436        20.3178278682
        2.1154292000       -44.1989070574         2.2300968429         1.3454963091         2.8120207662        10.1331185644        20.4915431494
        2.1204431000         1.1901404639         2.5234951610         1.3352870017         2.8069170113        -5.1046537129        20.1441125869
        2.1254497000        -5.4841162494         2.4443041597         1.3378393285         2.8069170113        -1.2952106436        20.1441125869
        2.1304352000        35.9024281794         2.7656870954         1.3327346748         2.7992613789        -8.9140967822        19.6229667432
        2.1354427000        33.2306745586         2.7625106203         1.3301823480         2.8018132564       -12.7235398515        19.7966820244
        2.1404279000       -97.5929607639         2.1458051802         1.3659149240         2.8120207662        40.6086631188        20.4915431494
        2.1458397000       -40.1964039649         2.2368624358         1.3403916554         2.8145726437         2.5142324257        20.6652584306
        2.1504468000       -30.8503936308         2.2529291286         1.3403916554         2.8120207662         2.5142324257        20.4915431494
        2.1554341000        26.5564178453         2.7545451706         1.3327346748         2.8018132564        -8.9140967822        19.7966820244
        2.1604361000        70.6044612178         2.8063679879         1.3123160600         2.8043651338       -39.3896413366        19.9703973057
        2.1654493000        15.8796580394         2.6977883678         1.3403916554         2.7992613789         2.5142324257        19.6229667432
        2.1704576000        -5.4841162494         2.4443041597         1.3378393285         2.8069170113        -1.2952106436        20.1441125869
        2.1754372000        21.2129106038         2.7481357527         1.3276300211         2.8069170113       -16.5329829208        20.1441125869
        2.1804474000       -25.5068863893         2.2622889383         1.3454963091         2.8069170113        10.1331185644        20.1441125869
        2.1854382000         6.5336477054         2.5868966313         1.3403916554         2.8018132564         2.5142324257        19.7966820244
        2.1904502000        33.2306745586         2.7625106203         1.3301823480         2.8018132564       -12.7235398515        19.7966820244
        2.1954328000       -12.1583729627         2.3651131584         1.3403916554         2.8069170113         2.5142324257        20.1441125869
        2.2004464000         1.1901404639         2.5234951610         1.3352870017         2.8069170113        -5.1046537129        20.1441125869
        2.2054218000       -44.1989070574         2.2300968429         1.3454963091         2.8120207662        10.1331185644        20.4915431494
        2.2104425000       -44.1989070574         2.2300968429         1.3454963091         2.8120207662        10.1331185644        20.4915431494
        2.2154499000       -17.5018802042         2.3017116881         1.3352870017         2.8120207662        -5.1046537129        20.4915431494
        2.2204586000       -44.1989070574         2.2300968429         1.3454963091         2.8120207662        10.1331185644        20.4915431494
        2.2254375000         3.8618940847         2.5551958962         1.3378393285         2.8043651338        -1.2952106436        19.9703973057
        2.2304502000         1.1901404639         2.5234951610         1.3352870017         2.8069170113        -5.1046537129        20.1441125869
        2.2354316000       111.9910056465         2.8537168648         1.3072114063         2.7967095015       -47.0085274752        19.4492514619
        2.2404423000        15.8796580394         2.6977883678         1.3403916554         2.7992613789         2.5142324257        19.6229667432
        2.2454316000       -22.8351327686         2.2670174645         1.3480486360         2.8043651338        13.9425616337        19.9703973057
        2.2504532000        45.2484385134         2.7767460131         1.3327346748         2.7967095015        -8.9140967822        19.4492514619
        2.2554231000       -28.1786400100         2.2575929504         1.3429439823         2.8094688888         6.3236754950        20.3178278682
        2.2604510000         3.8618940847         2.5551958962         1.3378393285         2.8043651338        -1.2952106436        19.9703973057
        2.2654465000        13.2079044187         2.6660876326         1.3378393285         2.8018132564        -1.2952106436        19.7966820244
        2.2704478000        15.8796580394         2.6977883678         1.3403916554         2.7992613789         2.5142324257        19.6229667432
        2.2754465000        55.9251983193         2.7892839907         1.3250776943         2.7992613789       -20.3424259901        19.6229667432
        2.2804677000        26.5564178453         2.7545451706         1.3327346748         2.8018132564        -8.9140967822        19.7966820244
        2.2854334000         6.5336477054         2.5868966313         1.3403916554         2.8018132564         2.5142324257        19.7966820244
        2.2904421000         6.5336477054         2.5868966313         1.3403916554         2.8018132564         2.5142324257        19.7966820244
        2.2954225000        22.5539147527         2.7497470009         1.3378393285         2.7992613789        -1.2952106436        19.6229667432
        2.3004536000       -44.1989070574         2.2300968429         1.3454963091         2.8120207662        10.1331185644        20.4915431494
        2.3054387000        42.5766848927         2.7735927883         1.3301823480         2.7992613789       -12.7235398515        19.6229667432
        2.3104773000       -44.1989070574         2.2300968429         1.3454963091         2.8120207662        10.1331185644        20.4915431494
        2.3154505000        19.8821611320         2.7452786339         1.3352870017         2.8018132564        -5.1046537129        19.7966820244
        2.3204709000         6.5336477054         2.5868966313         1.3403916554         2.8018132564         2.5142324257        19.7966820244
        2.3254306000         3.8618940847         2.5551958962         1.3378393285         2.8043651338        -1.2952106436        19.9703973057
        2.3304580000        13.2079044187         2.6660876326         1.3378393285         2.8018132564        -1.2952106436        19.7966820244
        2.3354482000       -34.8528967234         2.2460017266         1.3454963091         2.8094688888        10.1331185644        20.3178278682
        2.3405938000        42.5766848927         2.7735927883         1.3301823480         2.7992613789       -12.7235398515        19.6229667432
        2.3454505000       -34.8528967234         2.2460017266         1.3454963091         2.8094688888        10.1331185644        20.3178278682
        2.3505805000         1.1901404639         2.5234951610         1.3352870017         2.8069170113        -5.1046537129        20.1441125869
        2.3554444000       -25.5068863893         2.2622889383         1.3454963091         2.8069170113        10.1331185644        20.1441125869
        2.3604676000       -21.5043832967         2.2693849085         1.3403916554         2.8094688888         2.5142324257        20.3178278682
        2.3654669000       -26.8478905382         2.2599278884         1.3352870017         2.8145726437        -5.1046537129        20.6652584306
        2.3704671000        23.8846642246         2.7513441013         1.3301823480         2.8043651338       -12.7235398515        19.9703973057
        2.3754509000         3.8618940847         2.5551958962         1.3378393285         2.8043651338        -1.2952106436        19.9703973057
        2.3804382000        29.2281714660         2.7577390713         1.3352870017         2.7992613789        -5.1046537129        19.6229667432
        2.3854517000        19.8821611320         2.7452786339         1.3352870017         2.8018132564        -5.1046537129        19.7966820244
        2.3904572000        -6.8148657212         2.4285146287         1.3454963091         2.8018132564        10.1331185644        19.7966820244
        2.3954731000        19.8821611320         2.7452786339         1.3352870017         2.8018132564        -5.1046537129        19.7966820244
        2.4004479000       -34.8528967234         2.2460017266         1.3454963091         2.8094688888        10.1331185644        20.3178278682
        2.4054555000       -44.1989070574         2.2300968429         1.3454963091         2.8120207662        10.1331185644        20.4915431494
        2.4104171000         3.8618940847         2.5551958962         1.3378393285         2.8043651338        -1.2952106436        19.9703973057
        2.4154608000       -28.1786400100         2.2575929504         1.3429439823         2.8094688888         6.3236754950        20.3178278682
        2.4204392000         3.8618940847         2.5551958962         1.3378393285         2.8043651338        -1.2952106436        19.9703973057
        2.4254568000       -28.1786400100         2.2575929504         1.3429439823         2.8094688888         6.3236754950        20.3178278682
        2.4304355000        13.2079044187         2.6660876326         1.3378393285         2.8018132564        -1.2952106436        19.7966820244
        2.4354481000       -16.1608760553         2.3176228923         1.3454963091         2.8043651338        10.1331185644        19.9703973057
        2.4404554000        22.5539147527         2.7497470009         1.3378393285         2.7992613789        -1.2952106436        19.6229667432
        2.4454472000        19.8821611320         2.7452786339         1.3352870017         2.8018132564        -5.1046537129        19.7966820244
        2.4504278000       -44.1989070574         2.2300968429         1.3454963091         2.8120207662        10.1331185644        20.4915431494
        2.4554346000        19.8821611320         2.7452786339         1.3352870017         2.8018132564        -5.1046537129        19.7966820244
        2.4604460000        54.5944488474         2.7877265998         1.3327346748         2.7941576240        -8.9140967822        19.2755361807
        2.4654679000        22.5539147527         2.7497470009         1.3378393285         2.7992613789        -1.2952106436        19.6229667432
        2.4704687000        19.8821611320         2.7452786339         1.3352870017         2.8018132564        -5.1046537129        19.7966820244
        2.4754301000        -2.8123626287         2.4760048949         1.3403916554         2.8043651338         2.5142324257        19.9703973057
        2.4804333000       -37.5246503441         2.2414166430         1.3429439823         2.8120207662         6.3236754950        20.4915431494
        2.4854473000         6.5336477054         2.5868966313         1.3403916554         2.8018132564         2.5142324257        19.7966820244
        2.4904526000        45.2484385134         2.7767460131         1.3327346748         2.7967095015        -8.9140967822        19.4492514619
        2.4954447000        45.2484385134         2.7767460131         1.3327346748         2.7967095015        -8.9140967822        19.4492514619
        2.5004160000        45.2484385134         2.7767460131         1.3327346748         2.7967095015        -8.9140967822        19.4492514619
        2.5054338000         3.8618940847         2.5551958962         1.3378393285         2.8043651338        -1.2952106436        19.9703973057
        2.5104340000        -6.8148657212         2.4285146287         1.3454963091         2.8018132564        10.1331185644        19.7966820244
        2.5154580000         9.2054013261         2.6185973665         1.3429439823         2.7992613789         6.3236754950        19.6229667432
        2.5204300000        -5.4841162494         2.4443041597         1.3378393285         2.8069170113        -1.2952106436        20.1441125869
        2.5254778000       -14.8301265834         2.3334124233         1.3378393285         2.8094688888        -1.2952106436        20.3178278682
        2.5304340000        35.9024281794         2.7656870954         1.3327346748         2.7992613789        -8.9140967822        19.6229667432
        2.5354441000        -9.4866193420         2.3968138936         1.3429439823         2.8043651338         6.3236754950        19.9703973057
        2.5404463000       -44.1989070574         2.2300968429         1.3454963091         2.8120207662        10.1331185644        20.4915431494
        2.5454365000       -37.5246503441         2.2414166430         1.3429439823         2.8120207662         6.3236754950        20.4915431494
        2.5504456000         7.8643971772         2.6026861623         1.3327346748         2.8069170113        -8.9140967822        20.1441125869
        2.5558351000        13.2079044187         2.6660876326         1.3378393285         2.8018132564        -1.2952106436        19.7966820244
        2.5604329000        19.8821611320         2.7452786339         1.3352870017         2.8018132564        -5.1046537129        19.7966820244
        2.5654704000       -34.8528967234         2.2460017266         1.3454963091         2.8094688888        10.1331185644        20.3178278682
        2.5704565000         6.5336477054         2.5868966313         1.3403916554         2.8018132564         2.5142324257        19.7966820244
        2.5754423000        -5.4841162494         2.4443041597         1.3378393285         2.8069170113        -1.2952106436        20.1441125869
        2.5804695000       -34.8528967234         2.2460017266         1.3454963091         2.8094688888        10.1331185644        20.3178278682
        2.5854380000        23.8846642246         2.7513441013         1.3301823480         2.8043651338       -12.7235398515        19.9703973057
        2.5904494000       -18.8326296760         2.2859221571         1.3429439823         2.8069170113         6.3236754950        20.1441125869
        2.5954298000        35.9024281794         2.7656870954         1.3327346748         2.7992613789        -8.9140967822        19.6229667432
        2.6004369000        26.5564178453         2.7545451706         1.3327346748         2.8018132564        -8.9140967822        19.7966820244
        2.6054479000        35.9024281794         2.7656870954         1.3327346748         2.7992613789        -8.9140967822        19.6229667432
        2.6104593000        45.2484385134         2.7767460131         1.3327346748         2.7967095015        -8.9140967822        19.4492514619
        2.6154488000       -25.5068863893         2.2622889383         1.3454963091         2.8069170113        10.1331185644        20.1441125869
        2.6204330000       -84.2444473373         2.1659102331         1.3608102703         2.8120207662        32.9897769802        20.4915431494
        2.6254369000       -44.1989070574         2.2300968429         1.3454963091         2.8120207662        10.1331185644        20.4915431494
        2.6304505000       -46.8706606782         2.2256181738         1.3429439823         2.8145726437         6.3236754950        20.6652584306
        2.6354256000        35.9024281794         2.7656870954         1.3327346748         2.7992613789        -8.9140967822        19.6229667432
        2.6404409000         3.8618940847         2.5551958962         1.3378393285         2.8043651338        -1.2952106436        19.9703973057
        2.6454302000        42.5766848927         2.7735927883         1.3301823480         2.7992613789       -12.7235398515        19.6229667432
        2.6504467000        35.9024281794         2.7656870954         1.3327346748         2.7992613789        -8.9140967822        19.6229667432
        2.6554421000        49.2509416060         2.7814578551         1.3276300211         2.7992613789       -16.5329829208        19.6229667432
        2.6604517000        -5.4841162494         2.4443041597         1.3378393285         2.8069170113        -1.2952106436        20.1441125869
        2.6654442000       -44.1989070574         2.2300968429         1.3454963091         2.8120207662        10.1331185644        20.4915431494
        2.6704470000       -37.5246503441         2.2414166430         1.3429439823         2.8120207662         6.3236754950        20.4915431494
        2.6754320000         7.8643971772         2.6026861623         1.3327346748         2.8069170113        -8.9140967822        20.1441125869
        2.6804510000       -12.1583729627         2.3651131584         1.3403916554         2.8069170113         2.5142324257        20.1441125869
        2.6854305000        35.9024281794         2.7656870954         1.3327346748         2.7992613789        -8.9140967822        19.6229667432
        2.6904345000        29.2281714660         2.7577390713         1.3352870017         2.7992613789        -5.1046537129        19.6229667432
        2.6954463000        35.9024281794         2.7656870954         1.3327346748         2.7992613789        -8.9140967822        19.6229667432
        2.7004524000        35.9024281794         2.7656870954         1.3327346748         2.7992613789        -8.9140967822        19.6229667432
        2.7054202000       -24.1761369175         2.2646400365         1.3378393285         2.8120207662        -1.2952106436        20.4915431494
        2.7104682000       -65.5524266692         2.1951090673         1.3608102703         2.8069170113        32.9897769802        20.1441125869
        2.7154442000         5.1926435565         2.5709854272         1.3301823480         2.8094688888       -12.7235398515        20.3178278682
        2.7204705000        26.5564178453         2.7545451706         1.3327346748         2.8018132564        -8.9140967822        19.7966820244
        2.7254363000       -44.1989070574         2.2300968429         1.3454963091         2.8120207662        10.1331185644        20.4915431494
        2.7304601000         1.1901404639         2.5234951610         1.3352870017         2.8069170113        -5.1046537129        20.1441125869
        2.7354493000       -12.1583729627         2.3651131584         1.3403916554         2.8069170113         2.5142324257        20.1441125869
        2.7404427000       -60.2191741048         2.2036782868         1.3480486360         2.8145726437        13.9425616337        20.6652584306
        2.7454415000       -40.1964039649         2.2368624358         1.3403916554         2.8145726437         2.5142324257        20.6652584306
        2.7504623000       -28.1786400100         2.2575929504         1.3429439823         2.8094688888         6.3236754950        20.3178278682
        2.7554439000       -14.8301265834         2.3334124233         1.3378393285         2.8094688888        -1.2952106436        20.3178278682
        2.7604291000       -53.5449173915         2.2145586583         1.3454963091         2.8145726437        10.1331185644        20.6652584306
        2.7654577000       -24.1761369175         2.2646400365         1.3378393285         2.8120207662        -1.2952106436        20.4915431494
        2.7704397000        -8.1558698701         2.4126034246         1.3352870017         2.8094688888        -5.1046537129        20.3178278682
        2.7755067000         1.1901404639         2.5234951610         1.3352870017         2.8069170113        -5.1046537129        20.1441125869
        2.7804531000        74.6069643103         2.8109972504         1.3072114063         2.8069170113       -47.0085274752        20.1441125869
        2.7854498000        42.5766848927         2.7735927883         1.3301823480         2.7992613789       -12.7235398515        19.6229667432
        2.7904503000       -22.8351327686         2.2670174645         1.3480486360         2.8043651338        13.9425616337        19.9703973057
        2.7954474000        35.9024281794         2.7656870954         1.3327346748         2.7992613789        -8.9140967822        19.6229667432
        2.8004276000       -18.8326296760         2.2859221571         1.3429439823         2.8069170113         6.3236754950        20.1441125869
        2.8054444000       -21.5043832967         2.2693849085         1.3403916554         2.8094688888         2.5142324257        20.3178278682
        2.8104436000        -8.1558698701         2.4126034246         1.3352870017         2.8094688888        -5.1046537129        20.3178278682
        2.8154376000         2.5311446128         2.5394063652         1.3454963091         2.7992613789        10.1331185644        19.6229667432
        2.8204334000        42.5766848927         2.7735927883         1.3301823480         2.7992613789       -12.7235398515        19.6229667432
        2.8254582000        33.2306745586         2.7625106203         1.3301823480         2.8018132564       -12.7235398515        19.7966820244
        2.8304284000        22.5539147527         2.7497470009         1.3378393285         2.7992613789        -1.2952106436        19.6229667432
        2.8354416000        42.5766848927         2.7735927883         1.3301823480         2.7992613789       -12.7235398515        19.6229667432
        2.8404281000       -32.1811431026         2.2506180535         1.3480486360         2.8069170113        13.9425616337        20.1441125869
        2.8454449000       -16.1608760553         2.3176228923         1.3454963091         2.8043651338        10.1331185644        19.9703973057
        2.8504510000         3.8618940847         2.5551958962         1.3378393285         2.8043651338        -1.2952106436        19.9703973057
        2.8554378000       -41.5271534367         2.2346054780         1.3480486360         2.8094688888        13.9425616337        20.3178278682
        2.8604391000         1.1901404639         2.5234951610         1.3352870017         2.8069170113        -5.1046537129        20.1441125869
        2.8654951000        42.5766848927         2.7735927883         1.3301823480         2.7992613789       -12.7235398515        19.6229667432
        2.8704669000       -12.1583729627         2.3651131584         1.3403916554         2.8069170113         2.5142324257        20.1441125869
        2.8754423000         1.1901404639         2.5234951610         1.3352870017         2.8069170113        -5.1046537129        20.1441125869
        2.8804559000       -28.1786400100         2.2575929504         1.3429439823         2.8094688888         6.3236754950        20.3178278682
        2.8854427000       -30.8503936308         2.2529291286         1.3403916554         2.8120207662         2.5142324257        20.4915431494
        2.8904348000       -64.2216771974         2.1972370282         1.3531532897         2.8120207662        21.5614477723        20.4915431494
        2.8954408000       -72.2266833825         2.1845370621         1.3633625971         2.8069170113        36.7992200495        20.1441125869
        2.9004434000        18.5514116602         2.7294891029         1.3429439823         2.7967095015         6.3236754950        19.4492514619
        2.9054277000       105.3167489332         2.8461522302         1.3097637331         2.7967095015       -43.1990844059        19.4492514619
        2.9104342000        17.2104075113         2.7135778988         1.3327346748         2.8043651338        -8.9140967822        19.9703973057
        2.9154624000       -41.5271534367         2.2346054780         1.3480486360         2.8094688888        13.9425616337        20.3178278682
        2.9204373000       -34.8528967234         2.2460017266         1.3454963091         2.8094688888        10.1331185644        20.3178278682
        2.9254499000        29.2281714660         2.7577390713         1.3352870017         2.7992613789        -5.1046537129        19.6229667432
        2.9304272000        38.5741818001         2.7688567872         1.3352870017         2.7967095015        -5.1046537129        19.4492514619
        2.9354405000        58.5969519400         2.7924063164         1.3276300211         2.7967095015       -16.5329829208        19.4492514619
        2.9404434000       -21.5043832967         2.2693849085         1.3403916554         2.8094688888         2.5142324257        20.3178278682
        2.9454356000       -14.8301265834         2.3334124233         1.3378393285         2.8094688888        -1.2952106436        20.3178278682
        2.9504441000        10.5361507980         2.6343868975         1.3352870017         2.8043651338        -5.1046537129        19.9703973057
        2.9554377000        13.2079044187         2.6660876326         1.3378393285         2.8018132564        -1.2952106436        19.7966820244
        2.9604429000        19.8821611320         2.7452786339         1.3352870017         2.8018132564        -5.1046537129        19.7966820244
        2.9654449000         3.8618940847         2.5551958962         1.3378393285         2.8043651338        -1.2952106436        19.9703973057
        2.9704552000        -2.8123626287         2.4760048949         1.3403916554         2.8043651338         2.5142324257        19.9703973057
        2.9754435000        19.8821611320         2.7452786339         1.3352870017         2.8018132564        -5.1046537129        19.7966820244
        2.9804553000        -5.4841162494         2.4443041597         1.3378393285         2.8069170113        -1.2952106436        20.1441125869
        2.9854471000        45.2484385134         2.7767460131         1.3327346748         2.7967095015        -8.9140967822        19.4492514619
        2.9904425000        26.5564178453         2.7545451706         1.3327346748         2.8018132564        -8.9140967822        19.7966820244
        2.9954476000        19.8821611320         2.7452786339         1.3352870017         2.8018132564        -5.1046537129        19.7966820244
        3.0004643000        45.2484385134         2.7767460131         1.3327346748         2.7967095015        -8.9140967822        19.4492514619
        3.0054205000        13.2079044187         2.6660876326         1.3378393285         2.8018132564        -1.2952106436        19.7966820244
        3.0104393000        31.8999250868         2.7609259138         1.3378393285         2.7967095015        -1.2952106436        19.4492514619
        3.0154477000       -18.8326296760         2.2859221571         1.3429439823         2.8069170113         6.3236754950        20.1441125869
        3.0204797000       -58.8781699559         2.2058502783         1.3582579434         2.8069170113        29.1803339109        20.1441125869
        3.0254358000        14.5386538905         2.6818771636         1.3301823480         2.8069170113       -12.7235398515        20.1441125869
        3.0304536000       -44.1989070574         2.2300968429         1.3454963091         2.8120207662        10.1331185644        20.4915431494
        3.0354298000       -12.1583729627         2.3651131584         1.3403916554         2.8069170113         2.5142324257        20.1441125869
        3.0404405000         7.8643971772         2.6026861623         1.3327346748         2.8069170113        -8.9140967822        20.1441125869
        3.0454287000       -12.1583729627         2.3651131584         1.3403916554         2.8069170113         2.5142324257        20.1441125869
        3.0504560000         7.8643971772         2.6026861623         1.3327346748         2.8069170113        -8.9140967822        20.1441125869
        3.0554448000         1.1901404639         2.5234951610         1.3352870017         2.8069170113        -5.1046537129        20.1441125869
        3.0604249000         7.8643971772         2.6026861623         1.3327346748         2.8069170113        -8.9140967822        20.1441125869
        3.0654552000        -5.4841162494         2.4443041597         1.3378393285         2.8069170113        -1.2952106436        20.1441125869
        3.0704582000         3.8618940847         2.5551958962         1.3378393285         2.8043651338        -1.2952106436        19.9703973057
        3.0754382000        35.9024281794         2.7656870954         1.3327346748         2.7992613789        -8.9140967822        19.6229667432
        3.0804639000       -37.5246503441         2.2414166430         1.3429439823         2.8120207662         6.3236754950        20.4915431494
        3.0854680000        -5.4841162494         2.4443041597         1.3378393285         2.8069170113        -1.2952106436        20.1441125869
        3.0904330000       -44.1989070574         2.2300968429         1.3454963091         2.8120207662        10.1331185644        20.4915431494
        3.0954213000        -2.8123626287         2.4760048949         1.3403916554         2.8043651338         2.5142324257        19.9703973057
        3.1004511000       -44.1989070574         2.2300968429         1.3454963091         2.8120207662        10.1331185644        20.4915431494
        3.1054197000        35.9024281794         2.7656870954         1.3327346748         2.7992613789        -8.9140967822        19.6229667432
        3.1104467000       -33.5221472515         2.2482971026         1.3378393285         2.8145726437        -1.2952106436        20.6652584306
        3.1154482000       -21.5043832967         2.2693849085         1.3403916554         2.8094688888         2.5142324257        20.3178278682
        3.1204441000        -5.4841162494         2.4443041597         1.3378393285         2.8069170113        -1.2952106436        20.1441125869
        3.1254305000        35.9024281794         2.7656870954         1.3327346748         2.7992613789        -8.9140967822        19.6229667432
        3.1304453000        42.5766848927         2.7735927883         1.3301823480         2.7992613789       -12.7235398515        19.6229667432
        3.1354298000       -18.8326296760         2.2859221571         1.3429439823         2.8069170113         6.3236754950        20.1441125869
        3.1404622000        35.9024281794         2.7656870954         1.3327346748         2.7992613789        -8.9140967822        19.6229667432
        3.1454411000        -5.4841162494         2.4443041597         1.3378393285         2.8069170113        -1.2952106436        20.1441125869
        3.1504728000        35.9024281794         2.7656870954         1.3327346748         2.7992613789        -8.9140967822        19.6229667432
        3.1554381000       -37.5246503441         2.2414166430         1.3429439823         2.8120207662         6.3236754950        20.4915431494
        3.1604508000       -44.1989070574         2.2300968429         1.3454963091         2.8120207662        10.1331185644        20.4915431494
        3.1654361000        26.5564178453         2.7545451706         1.3327346748         2.8018132564        -8.9140967822        19.7966820244
        3.1704377000        42.5766848927         2.7735927883         1.3301823480         2.7992613789       -12.7235398515        19.6229667432
        3.1754282000       -44.1989070574         2.2300968429         1.3454963091         2.8120207662        10.1331185644        20.4915431494
        3.1804649000        -5.4841162494         2.4443041597         1.3378393285         2.8069170113        -1.2952106436        20.1441125869
        3.1854446000       -44.1989070574         2.2300968429         1.3454963091         2.8120207662        10.1331185644        20.4915431494
        3.1904392000        29.2281714660         2.7577390713         1.3352870017         2.7992613789        -5.1046537129        19.6229667432
        3.1954394000        -5.4841162494         2.4443041597         1.3378393285         2.8069170113        -1.2952106436        20.1441125869
        3.2004421000       -14.8301265834         2.3334124233         1.3378393285         2.8094688888        -1.2952106436        20.3178278682
        3.2054422000        25.2256683735         2.7529516821         1.3403916554         2.7967095015         2.5142324257        19.4492514619
        3.2104522000        26.5564178453         2.7545451706         1.3327346748         2.8018132564        -8.9140967822        19.7966820244
        3.2154393000       -37.5246503441         2.2414166430         1.3429439823         2.8120207662         6.3236754950        20.4915431494
        3.2204528000       -44.1989070574         2.2300968429         1.3454963091         2.8120207662        10.1331185644        20.4915431494
        3.2254412000       -12.1583729627         2.3651131584         1.3403916554         2.8069170113         2.5142324257        20.1441125869
        3.2304304000       -44.1989070574         2.2300968429         1.3454963091         2.8120207662        10.1331185644        20.4915431494
        3.2354643000         1.1901404639         2.5234951610         1.3352870017         2.8069170113        -5.1046537129        20.1441125869
        3.2404427000       -16.1608760553         2.3176228923         1.3454963091         2.8043651338        10.1331185644        19.9703973057
        3.2454347000       -37.5246503441         2.2414166430         1.3429439823         2.8120207662         6.3236754950        20.4915431494
        3.2504265000         3.8618940847         2.5551958962         1.3378393285         2.8043651338        -1.2952106436        19.9703973057
        3.2554519000       -37.5246503441         2.2414166430         1.3429439823         2.8120207662         6.3236754950        20.4915431494
        3.2604426000         3.8618940847         2.5551958962         1.3378393285         2.8043651338        -1.2952106436        19.9703973057
        3.2654706000       -10.8276234909         2.3809026894         1.3327346748         2.8120207662        -8.9140967822        20.4915431494
        3.2704323000        55.9251983193         2.7892839907         1.3250776943         2.7992613789       -20.3424259901        19.6229667432
        3.2755753000        35.9024281794         2.7656870954         1.3327346748         2.7992613789        -8.9140967822        19.6229667432
        3.2804540000        35.9024281794         2.7656870954         1.3327346748         2.7992613789        -8.9140967822        19.6229667432
        3.2854441000        -0.1406090079         2.5077056300         1.3429439823         2.8018132564         6.3236754950        19.7966820244
        3.2904494000       -12.1583729627         2.3651131584         1.3403916554         2.8069170113         2.5142324257        20.1441125869
        3.2954597000        42.5766848927         2.7735927883         1.3301823480         2.7992613789       -12.7235398515        19.6229667432
        3.3004396000        -5.4841162494         2.4443041597         1.3378393285         2.8069170113        -1.2952106436        20.1441125869
        3.3054228000        54.5944488474         2.7877265998         1.3327346748         2.7941576240        -8.9140967822        19.2755361807
        3.3104310000        42.5766848927         2.7735927883         1.3301823480         2.7992613789       -12.7235398515        19.6229667432
        3.3154531000         3.8618940847         2.5551958962         1.3378393285         2.8043651338        -1.2952106436        19.9703973057
        3.3204316000        42.5766848927         2.7735927883         1.3301823480         2.7992613789       -12.7235398515        19.6229667432
        3.3254410000         3.8618940847         2.5551958962         1.3378393285         2.8043651338        -1.2952106436        19.9703973057
        3.3304481000        -9.4866193420         2.3968138936         1.3429439823         2.8043651338         6.3236754950        19.9703973057
        3.3355335000       -41.5271534367         2.2346054780         1.3480486360         2.8094688888        13.9425616337        20.3178278682
        3.3404314000       -57.5474204840         2.2080126323         1.3506009628         2.8120207662        17.7520047030        20.4915431494
        3.3454899000       -26.8478905382         2.2599278884         1.3352870017         2.8145726437        -5.1046537129        20.6652584306
        3.3504450000       -18.8326296760         2.2859221571         1.3429439823         2.8069170113         6.3236754950        20.1441125869
        3.3554392000       -44.1989070574         2.2300968429         1.3454963091         2.8120207662        10.1331185644        20.4915431494
        3.3604395000        -5.4841162494         2.4443041597         1.3378393285         2.8069170113        -1.2952106436        20.1441125869
        3.3654631000        26.5564178453         2.7545451706         1.3327346748         2.8018132564        -8.9140967822        19.7966820244
        3.3704498000        -5.4841162494         2.4443041597         1.3378393285         2.8069170113        -1.2952106436        20.1441125869
        3.3754384000        35.9024281794         2.7656870954         1.3327346748         2.7992613789        -8.9140967822        19.6229667432
        3.3804439000        42.5766848927         2.7735927883         1.3301823480         2.7992613789       -12.7235398515        19.6229667432
        3.3854353000        29.2281714660         2.7577390713         1.3352870017         2.7992613789        -5.1046537129        19.6229667432
        3.3904691000       -44.1989070574         2.2300968429         1.3454963091         2.8120207662        10.1331185644        20.4915431494
        3.3954460000        10.5361507980         2.6343868975         1.3352870017         2.8043651338        -5.1046537129        19.9703973057
        3.4004386000       -17.5018802042         2.3017116881         1.3352870017         2.8120207662        -5.1046537129        20.4915431494
        3.4054170000        -5.4841162494         2.4443041597         1.3378393285         2.8069170113        -1.2952106436        20.1441125869
        3.4104872000        35.9024281794         2.7656870954         1.3327346748         2.7992613789        -8.9140967822        19.6229667432
        3.4154486000       -44.1989070574         2.2300968429         1.3454963091         2.8120207662        10.1331185644        20.4915431494
        3.4204541000       -37.5246503441         2.2414166430         1.3429439823         2.8120207662         6.3236754950        20.4915431494
        3.4254284000        -2.8123626287         2.4760048949         1.3403916554         2.8043651338         2.5142324257        19.9703973057
        3.4304448000        -2.8123626287         2.4760048949         1.3403916554         2.8043651338         2.5142324257        19.9703973057
        3.4354292000        35.9024281794         2.7656870954         1.3327346748         2.7992613789        -8.9140967822        19.6229667432
        3.4404418000       -18.8326296760         2.2859221571         1.3429439823         2.8069170113         6.3236754950        20.1441125869
        3.4454233000        17.2104075113         2.7135778988         1.3327346748         2.8043651338        -8.9140967822        19.9703973057
        3.4504376000        -5.4841162494         2.4443041597         1.3378393285         2.8069170113        -1.2952106436        20.1441125869
        3.4554191000         3.8618940847         2.5551958962         1.3378393285         2.8043651338        -1.2952106436        19.9703973057
        3.4604298000        10.5361507980         2.6343868975         1.3352870017         2.8043651338        -5.1046537129        19.9703973057
        3.4654461000         7.8643971772         2.6026861623         1.3327346748         2.8069170113        -8.9140967822        20.1441125869
        3.4704484000         7.8643971772         2.6026861623         1.3327346748         2.8069170113        -8.9140967822        20.1441125869
        3.4754333000        42.5766848927         2.7735927883         1.3301823480         2.7992613789       -12.7235398515        19.6229667432
        3.4804436000        -2.8123626287         2.4760048949         1.3403916554         2.8043651338         2.5142324257        19.9703973057
        3.4854287000        -2.8123626287         2.4760048949         1.3403916554         2.8043651338         2.5142324257        19.9703973057
        3.4904369000        26.5564178453         2.7545451706         1.3327346748         2.8018132564        -8.9140967822        19.7966820244
        3.4954185000       -37.5246503441         2.2414166430         1.3429439823         2.8120207662         6.3236754950        20.4915431494
        3.5004362000        -8.1558698701         2.4126034246         1.3352870017         2.8094688888        -5.1046537129        20.3178278682
        3.5054417000         7.8643971772         2.6026861623         1.3327346748         2.8069170113        -8.9140967822        20.1441125869
        3.5106443000        35.9024281794         2.7656870954         1.3327346748         2.7992613789        -8.9140967822        19.6229667432
        3.5154577000        13.2079044187         2.6660876326         1.3378393285         2.8018132564        -1.2952106436        19.7966820244
        3.5204872000        35.9024281794         2.7656870954         1.3327346748         2.7992613789        -8.9140967822        19.6229667432
        3.5255674000       -37.5246503441         2.2414166430         1.3429439823         2.8120207662         6.3236754950        20.4915431494
        3.5304918000         7.8643971772         2.6026861623         1.3327346748         2.8069170113        -8.9140967822        20.1441125869
        3.5354680000       -12.1583729627         2.3651131584         1.3403916554         2.8069170113         2.5142324257        20.1441125869
        3.5404562000        -5.4841162494         2.4443041597         1.3378393285         2.8069170113        -1.2952106436        20.1441125869
        3.5454380000         1.1901404639         2.5234951610         1.3352870017         2.8069170113        -5.1046537129        20.1441125869
        3.5504450000        -5.4841162494         2.4443041597         1.3378393285         2.8069170113        -1.2952106436        20.1441125869
        3.5554671000       -37.5246503441         2.2414166430         1.3429439823         2.8120207662         6.3236754950        20.4915431494
        3.5604498000        17.2104075113         2.7135778988         1.3327346748         2.8043651338        -8.9140967822        19.9703973057
        3.5654484000        -5.4841162494         2.4443041597         1.3378393285         2.8069170113        -1.2952106436        20.1441125869
        3.5704384000        -5.4841162494         2.4443041597         1.3378393285         2.8069170113        -1.2952106436        20.1441125869
        3.5754234000        10.5361507980         2.6343868975         1.3352870017         2.8043651338        -5.1046537129        19.9703973057
        3.5804383000       -44.1989070574         2.2300968429         1.3454963091         2.8120207662        10.1331185644        20.4915431494
        3.5854412000        -2.8123626287         2.4760048949         1.3403916554         2.8043651338         2.5142324257        19.9703973057
        3.5904277000       -18.8326296760         2.2859221571         1.3429439823         2.8069170113         6.3236754950        20.1441125869
        3.5954761000         7.8643971772         2.6026861623         1.3327346748         2.8069170113        -8.9140967822        20.1441125869
        3.6004498000        15.8796580394         2.6977883678         1.3403916554         2.7992613789         2.5142324257        19.6229667432
        3.6054580000        31.8999250868         2.7609259138         1.3378393285         2.7967095015        -1.2952106436        19.4492514619
        3.6104422000        10.5361507980         2.6343868975         1.3352870017         2.8043651338        -5.1046537129        19.9703973057
        3.6154574000       -25.5068863893         2.2622889383         1.3454963091         2.8069170113        10.1331185644        20.1441125869
        3.6204302000       -14.8301265834         2.3334124233         1.3378393285         2.8094688888        -1.2952106436        20.3178278682
        3.6254420000        -5.4841162494         2.4443041597         1.3378393285         2.8069170113        -1.2952106436        20.1441125869
        3.6304257000        29.2281714660         2.7577390713         1.3352870017         2.7992613789        -5.1046537129        19.6229667432
        3.6354422000         1.1901404639         2.5234951610         1.3352870017         2.8069170113        -5.1046537129        20.1441125869
        3.6404306000         3.8618940847         2.5551958962         1.3378393285         2.8043651338        -1.2952106436        19.9703973057
        3.6454419000        -5.4841162494         2.4443041597         1.3378393285         2.8069170113        -1.2952106436        20.1441125869
        3.6504415000       -37.5246503441         2.2414166430         1.3429439823         2.8120207662         6.3236754950        20.4915431494
        3.6554563000         1.1901404639         2.5234951610         1.3352870017         2.8069170113        -5.1046537129        20.1441125869
        3.6604385000        10.5361507980         2.6343868975         1.3352870017         2.8043651338        -5.1046537129        19.9703973057
        3.6654521000         3.8618940847         2.5551958962         1.3378393285         2.8043651338        -1.2952106436        19.9703973057
        3.6704310000         3.8618940847         2.5551958962         1.3378393285         2.8043651338        -1.2952106436        19.9703973057
        3.6754503000        26.5564178453         2.7545451706         1.3327346748         2.8018132564        -8.9140967822        19.7966820244
        3.6804304000        42.5766848927         2.7735927883         1.3301823480         2.7992613789       -12.7235398515        19.6229667432
        3.6854655000       -28.1786400100         2.2575929504         1.3429439823         2.8094688888         6.3236754950        20.3178278682
        3.6904486000        -4.1533667776         2.4600936907         1.3301823480         2.8120207662       -12.7235398515        20.4915431494
        3.6954552000       -18.8326296760         2.2859221571         1.3429439823         2.8069170113         6.3236754950        20.1441125869
        3.7004518000       -44.1989070574         2.2300968429         1.3454963091         2.8120207662        10.1331185644        20.4915431494
        3.7054351000       -37.5246503441         2.2414166430         1.3429439823         2.8120207662         6.3236754950        20.4915431494
        3.7104291000       -37.5246503441         2.2414166430         1.3429439823         2.8120207662         6.3236754950        20.4915431494
        3.7154596000       -44.1989070574         2.2300968429         1.3454963091         2.8120207662        10.1331185644        20.4915431494
        3.7204269000         3.8618940847         2.5551958962         1.3378393285         2.8043651338        -1.2952106436        19.9703973057
        3.7254425000       -37.5246503441         2.2414166430         1.3429439823         2.8120207662         6.3236754950        20.4915431494
        3.7304472000       -37.5246503441         2.2414166430         1.3429439823         2.8120207662         6.3236754950        20.4915431494
        3.7354446000         5.1926435565         2.5709854272         1.3301823480         2.8094688888       -12.7235398515        20.3178278682
        3.7404513000        73.2762148385         2.8094594343         1.3148683868         2.8018132564       -35.5801982673        19.7966820244
        3.7454577000        -6.8148657212         2.4285146287         1.3454963091         2.8018132564        10.1331185644        19.7966820244
        3.7504432000       -25.5068863893         2.2622889383         1.3454963091         2.8069170113        10.1331185644        20.1441125869
        3.7554180000        26.5564178453         2.7545451706         1.3327346748         2.8018132564        -8.9140967822        19.7966820244
        3.7604573000       -34.8528967234         2.2460017266         1.3454963091         2.8094688888        10.1331185644        20.3178278682
        3.7654644000        29.2281714660         2.7577390713         1.3352870017         2.7992613789        -5.1046537129        19.6229667432
        3.7704461000        29.2281714660         2.7577390713         1.3352870017         2.7992613789        -5.1046537129        19.6229667432
        3.7754340000       -32.1811431026         2.2506180535         1.3480486360         2.8069170113        13.9425616337        20.1441125869
        3.7804524000       -21.5043832967         2.2693849085         1.3403916554         2.8094688888         2.5142324257        20.3178278682
        3.7854196000       -18.8326296760         2.2859221571         1.3429439823         2.8069170113         6.3236754950        20.1441125869
        3.7904376000        -6.8148657212         2.4285146287         1.3454963091         2.8018132564        10.1331185644        19.7966820244
        3.7954230000        49.2509416060         2.7814578551         1.3276300211         2.7992613789       -16.5329829208        19.6229667432
        3.8004346000        19.8821611320         2.7452786339         1.3352870017         2.8018132564        -5.1046537129        19.7966820244
        3.8054419000        -6.8148657212         2.4285146287         1.3454963091         2.8018132564        10.1331185644        19.7966820244
        3.8104501000        54.5944488474         2.7877265998         1.3327346748         2.7941576240        -8.9140967822        19.2755361807
        3.8154463000        54.5944488474         2.7877265998         1.3327346748         2.7941576240        -8.9140967822        19.2755361807
        3.8204563000        23.8846642246         2.7513441013         1.3301823480         2.8043651338       -12.7235398515        19.9703973057
        3.8254269000        31.8999250868         2.7609259138         1.3378393285         2.7967095015        -1.2952106436        19.4492514619
        3.8304394000        47.9201921341         2.7798928367         1.3352870017         2.7941576240        -5.1046537129        19.2755361807
        3.8354216000        19.8821611320         2.7452786339         1.3352870017         2.8018132564        -5.1046537129        19.7966820244
        3.8404427000        15.8796580394         2.6977883678         1.3403916554         2.7992613789         2.5142324257        19.6229667432
        3.8454299000       -52.2039132426         2.2167661967         1.3557056165         2.8069170113        25.3708908416        20.1441125869
        3.8504625000       -66.8831761410         2.1929878330         1.3684672508         2.8018132564        44.4181061881        19.7966820244
        3.8554357000       -46.8706606782         2.2256181738         1.3429439823         2.8145726437         6.3236754950        20.6652584306
        3.8604529000        14.5386538905         2.6818771636         1.3301823480         2.8069170113       -12.7235398515        20.1441125869
        3.8654752000       -22.8351327686         2.2670174645         1.3480486360         2.8043651338        13.9425616337        19.9703973057
        3.8704749000        10.5361507980         2.6343868975         1.3352870017         2.8043651338        -5.1046537129        19.9703973057
        3.8754326000        45.2484385134         2.7767460131         1.3327346748         2.7967095015        -8.9140967822        19.4492514619
        3.8804469000         3.8618940847         2.5551958962         1.3378393285         2.8043651338        -1.2952106436        19.9703973057
        3.8854504000        33.2306745586         2.7625106203         1.3301823480         2.8018132564       -12.7235398515        19.7966820244
        3.8904393000        15.8796580394         2.6977883678         1.3403916554         2.7992613789         2.5142324257        19.6229667432
        3.8954386000        10.5361507980         2.6343868975         1.3352870017         2.8043651338        -5.1046537129        19.9703973057
        3.9004529000       -37.5246503441         2.2414166430         1.3429439823         2.8120207662         6.3236754950        20.4915431494
        3.9054338000        45.2484385134         2.7767460131         1.3327346748         2.7967095015        -8.9140967822        19.4492514619
        3.9104513000        -5.4841162494         2.4443041597         1.3378393285         2.8069170113        -1.2952106436        20.1441125869
        3.9154359000       -44.1989070574         2.2300968429         1.3454963091         2.8120207662        10.1331185644        20.4915431494
        3.9204410000       -28.1786400100         2.2575929504         1.3429439823         2.8094688888         6.3236754950        20.3178278682
        3.9254273000        23.8846642246         2.7513441013         1.3301823480         2.8043651338       -12.7235398515        19.9703973057
        3.9304631000        -2.8123626287         2.4760048949         1.3403916554         2.8043651338         2.5142324257        19.9703973057
        3.9354387000         3.8618940847         2.5551958962         1.3378393285         2.8043651338        -1.2952106436        19.9703973057
        3.9404356000         9.2054013261         2.6185973665         1.3429439823         2.7992613789         6.3236754950        19.6229667432
        3.9454407000        15.8796580394         2.6977883678         1.3403916554         2.7992613789         2.5142324257        19.6229667432
        3.9504201000        13.2079044187         2.6660876326         1.3378393285         2.8018132564        -1.2952106436        19.7966820244
        3.9554407000        45.2484385134         2.7767460131         1.3327346748         2.7967095015        -8.9140967822        19.4492514619
        3.9604364000        38.5741818001         2.7688567872         1.3352870017         2.7967095015        -5.1046537129        19.4492514619
        3.9654571000       -16.1608760553         2.3176228923         1.3454963091         2.8043651338        10.1331185644        19.9703973057
        3.9704520000       -24.1658822404         2.2646581854         1.3557056165         2.7992613789        25.3708908416        19.6229667432
        3.9754585000        62.5994550326         2.7970728797         1.3225253674         2.7992613789       -24.1518690594        19.6229667432
        3.9804291000       -44.1989070574         2.2300968429         1.3454963091         2.8120207662        10.1331185644        20.4915431494
        3.9854394000       -18.8326296760         2.2859221571         1.3429439823         2.8069170113         6.3236754950        20.1441125869
        3.9904452000        19.8821611320         2.7452786339         1.3352870017         2.8018132564        -5.1046537129        19.7966820244
        3.9954345000       -30.8503936308         2.2529291286         1.3403916554         2.8120207662         2.5142324257        20.4915431494
        4.0004392000         1.1901404639         2.5234951610         1.3352870017         2.8069170113        -5.1046537129        20.1441125869
        4.0054292000         7.8643971772         2.6026861623         1.3327346748         2.8069170113        -8.9140967822        20.1441125869
        4.0104386000       -37.5246503441         2.2414166430         1.3429439823         2.8120207662         6.3236754950        20.4915431494
        4.0154521000       -37.5246503441         2.2414166430         1.3429439823         2.8120207662         6.3236754950        20.4915431494
        4.0204351000       -44.1989070574         2.2300968429         1.3454963091         2.8120207662        10.1331185644        20.4915431494
        4.0254388000       -34.8528967234         2.2460017266         1.3454963091         2.8094688888        10.1331185644        20.3178278682
        4.0304299000       -44.1989070574         2.2300968429         1.3454963091         2.8120207662        10.1331185644        20.4915431494
        4.0354385000       -44.1989070574         2.2300968429         1.3454963091         2.8120207662        10.1331185644        20.4915431494
        4.0404189000       -28.1786400100         2.2575929504         1.3429439823         2.8094688888         6.3236754950        20.3178278682
        4.0454313000         1.1901404639         2.5234951610         1.3352870017         2.8069170113        -5.1046537129        20.1441125869
        4.0504323000        98.6424922199         2.8385625024         1.3123160600         2.7967095015       -39.3896413366        19.4492514619
        4.0554472000        70.6044612178         2.8063679879         1.3123160600         2.8043651338       -39.3896413366        19.9703973057
        4.0604306000       -13.4891224346         2.3493236274         1.3480486360         2.8018132564        13.9425616337        19.7966820244
        4.0654398000        -6.8148657212         2.4285146287         1.3454963091         2.8018132564        10.1331185644        19.7966820244
        4.0704309000        39.9049312719         2.7704330535         1.3276300211         2.8018132564       -16.5329829208        19.7966820244
        4.0754568000       -22.8351327686         2.2670174645         1.3480486360         2.8043651338        13.9425616337        19.9703973057
        4.0806659000       -12.1583729627         2.3651131584         1.3403916554         2.8069170113         2.5142324257        20.1441125869
        4.0855018000        13.2079044187         2.6660876326         1.3378393285         2.8018132564        -1.2952106436        19.7966820244
        4.0904456000        -6.8148657212         2.4285146287         1.3454963091         2.8018132564        10.1331185644        19.7966820244
        4.0954827000       -30.8503936308         2.2529291286         1.3403916554         2.8120207662         2.5142324257        20.4915431494
        4.1004782000       -34.8528967234         2.2460017266         1.3454963091         2.8094688888        10.1331185644        20.3178278682
        4.1055530000        17.2104075113         2.7135778988         1.3327346748         2.8043651338        -8.9140967822        19.9703973057
        4.1104370000        65.2712086533         2.8001807653         1.3250776943         2.7967095015       -20.3424259901        19.4492514619
        4.1154418000       -13.4891224346         2.3493236274         1.3480486360         2.8018132564        13.9425616337        19.7966820244
        4.1204476000       -21.5043832967         2.2693849085         1.3403916554         2.8094688888         2.5142324257        20.3178278682
        4.1254367000        45.2484385134         2.7767460131         1.3327346748         2.7967095015        -8.9140967822        19.4492514619
        4.1304401000         6.5336477054         2.5868966313         1.3403916554         2.8018132564         2.5142324257        19.7966820244
        4.1354594000        19.8821611320         2.7452786339         1.3352870017         2.8018132564        -5.1046537129        19.7966820244
        4.1404431000        -8.1456151931         2.4127250978         1.3531532897         2.7967095015        21.5614477723        19.4492514619
        4.1454277000       -25.5068863893         2.2622889383         1.3454963091         2.8069170113        10.1331185644        20.1441125869
        4.1504401000        51.9226952267         2.7845952926         1.3301823480         2.7967095015       -12.7235398515        19.4492514619
        4.1554237000       -16.1608760553         2.3176228923         1.3454963091         2.8043651338        10.1331185644        19.9703973057
        4.1604557000        22.5539147527         2.7497470009         1.3378393285         2.7992613789        -1.2952106436        19.6229667432
        4.1654471000       -28.1786400100         2.2575929504         1.3429439823         2.8094688888         6.3236754950        20.3178278682
        4.1704458000         6.5336477054         2.5868966313         1.3403916554         2.8018132564         2.5142324257        19.7966820244
        4.1754272000        45.2484385134         2.7767460131         1.3327346748         2.7967095015        -8.9140967822        19.4492514619
        4.1804440000        45.2484385134         2.7767460131         1.3327346748         2.7967095015        -8.9140967822        19.4492514619
        4.1854267000       -28.1786400100         2.2575929504         1.3429439823         2.8094688888         6.3236754950        20.3178278682
        4.1904419000        -0.1406090079         2.5077056300         1.3429439823         2.8018132564         6.3236754950        19.7966820244
        4.1954425000        13.2079044187         2.6660876326         1.3378393285         2.8018132564        -1.2952106436        19.7966820244
        4.2004521000        19.8821611320         2.7452786339         1.3352870017         2.8018132564        -5.1046537129        19.7966820244
        4.2054346000       -18.8326296760         2.2859221571         1.3429439823         2.8069170113         6.3236754950        20.1441125869
        4.2104462000       -16.1608760553         2.3176228923         1.3454963091         2.8043651338        10.1331185644        19.9703973057
        4.2154445000        13.2079044187         2.6660876326         1.3378393285         2.8018132564        -1.2952106436        19.7966820244
        4.2204466000        13.2079044187         2.6660876326         1.3378393285         2.8018132564        -1.2952106436        19.7966820244
        4.2254272000        31.8999250868         2.7609259138         1.3378393285         2.7967095015        -1.2952106436        19.4492514619
        4.2304641000         6.5336477054         2.5868966313         1.3403916554         2.8018132564         2.5142324257        19.7966820244
        4.2354476000        45.2484385134         2.7767460131         1.3327346748         2.7967095015        -8.9140967822        19.4492514619
        4.2404518000        91.9682355066         2.8309460715         1.3148683868         2.7967095015       -35.5801982673        19.4492514619
        4.2454403000         3.8618940847         2.5551958962         1.3378393285         2.8043651338        -1.2952106436        19.9703973057
        4.2504512000        13.2079044187         2.6660876326         1.3378393285         2.8018132564        -1.2952106436        19.7966820244
        4.2554601000        13.2079044187         2.6660876326         1.3378393285         2.8018132564        -1.2952106436        19.7966820244
        4.2604470000       -28.1786400100         2.2575929504         1.3429439823         2.8094688888         6.3236754950        20.3178278682
        4.2654354000        38.5741818001         2.7688567872         1.3352870017         2.7967095015        -5.1046537129        19.4492514619
        4.2704735000        19.8821611320         2.7452786339         1.3352870017         2.8018132564        -5.1046537129        19.7966820244
        4.2754671000       -57.5474204840         2.2080126323         1.3506009628         2.8120207662        17.7520047030        20.4915431494
        4.2805490000       -52.2039132426         2.2167661967         1.3557056165         2.8069170113        25.3708908416        20.1441125869
        4.2854654000        11.8669002698         2.6501764284         1.3276300211         2.8094688888       -16.5329829208        20.3178278682
        4.2904960000         3.8618940847         2.5551958962         1.3378393285         2.8043651338        -1.2952106436        19.9703973057
        4.2954469000        10.5361507980         2.6343868975         1.3352870017         2.8043651338        -5.1046537129        19.9703973057
        4.3004792000        10.5361507980         2.6343868975         1.3352870017         2.8043651338        -5.1046537129        19.9703973057
        4.3054402000        -2.8123626287         2.4760048949         1.3403916554         2.8043651338         2.5142324257        19.9703973057
        4.3104394000       -24.1761369175         2.2646400365         1.3378393285         2.8120207662        -1.2952106436        20.4915431494
        4.3154297000         3.8618940847         2.5551958962         1.3378393285         2.8043651338        -1.2952106436        19.9703973057
        4.3204350000        35.9024281794         2.7656870954         1.3327346748         2.7992613789        -8.9140967822        19.6229667432
        4.3254199000       -16.1608760553         2.3176228923         1.3454963091         2.8043651338        10.1331185644        19.9703973057
        4.3304538000         6.5336477054         2.5868966313         1.3403916554         2.8018132564         2.5142324257        19.7966820244
        4.3354191000       -37.5246503441         2.2414166430         1.3429439823         2.8120207662         6.3236754950        20.4915431494
        4.3404284000        13.2079044187         2.6660876326         1.3378393285         2.8018132564        -1.2952106436        19.7966820244
        4.3454542000       -18.8326296760         2.2859221571         1.3429439823         2.8069170113         6.3236754950        20.1441125869
        4.3504353000       -24.1761369175         2.2646400365         1.3378393285         2.8120207662        -1.2952106436        20.4915431494
        4.3554564000         3.8618940847         2.5551958962         1.3378393285         2.8043651338        -1.2952106436        19.9703973057
        4.3604306000         3.8618940847         2.5551958962         1.3378393285         2.8043651338        -1.2952106436        19.9703973057
        4.3654610000        10.5361507980         2.6343868975         1.3352870017         2.8043651338        -5.1046537129        19.9703973057
        4.3704300000        22.5539147527         2.7497470009         1.3378393285         2.7992613789        -1.2952106436        19.6229667432
        4.3754432000        35.9024281794         2.7656870954         1.3327346748         2.7992613789        -8.9140967822        19.6229667432
        4.3804457000        42.5766848927         2.7735927883         1.3301823480         2.7992613789       -12.7235398515        19.6229667432
        4.3854384000        23.8846642246         2.7513441013         1.3301823480         2.8043651338       -12.7235398515        19.9703973057
        4.3904527000       -40.1861492878         2.2368798571         1.3582579434         2.8018132564        29.1803339109        19.7966820244
        4.3954571000       -68.2241802899         2.1908570131         1.3582579434         2.8094688888        29.1803339109        20.3178278682
        4.4004350000       -34.8528967234         2.2460017266         1.3454963091         2.8094688888        10.1331185644        20.3178278682
        4.4054453000        13.2079044187         2.6660876326         1.3378393285         2.8018132564        -1.2952106436        19.7966820244
        4.4104272000        45.2484385134         2.7767460131         1.3327346748         2.7967095015        -8.9140967822        19.4492514619
        4.4154513000        42.5766848927         2.7735927883         1.3301823480         2.7992613789       -12.7235398515        19.6229667432
        4.4204271000        37.2331776512         2.7672666994         1.3250776943         2.8043651338       -20.3424259901        19.9703973057
        4.4254385000       -41.5271534367         2.2346054780         1.3480486360         2.8094688888        13.9425616337        20.3178278682
        4.4304162000        29.2281714660         2.7577390713         1.3352870017         2.7992613789        -5.1046537129        19.6229667432
        4.4354535000         3.8618940847         2.5551958962         1.3378393285         2.8043651338        -1.2952106436        19.9703973057
        4.4404389000        22.5539147527         2.7497470009         1.3378393285         2.7992613789        -1.2952106436        19.6229667432
        4.4454302000         3.8618940847         2.5551958962         1.3378393285         2.8043651338        -1.2952106436        19.9703973057
        4.4504555000       -41.5271534367         2.2346054780         1.3480486360         2.8094688888        13.9425616337        20.3178278682
        4.4554556000       -18.8326296760         2.2859221571         1.3429439823         2.8069170113         6.3236754950        20.1441125869
        4.4604291000        42.5766848927         2.7735927883         1.3301823480         2.7992613789       -12.7235398515        19.6229667432
        4.4654705000        54.5944488474         2.7877265998         1.3327346748         2.7941576240        -8.9140967822        19.2755361807
        4.4704481000       -37.5246503441         2.2414166430         1.3429439823         2.8120207662         6.3236754950        20.4915431494
        4.4754641000       -44.1989070574         2.2300968429         1.3454963091         2.8120207662        10.1331185644        20.4915431494
        4.4804180000         7.8643971772         2.6026861623         1.3327346748         2.8069170113        -8.9140967822        20.1441125869
        4.4854361000        13.2079044187         2.6660876326         1.3378393285         2.8018132564        -1.2952106436        19.7966820244
        4.4904343000        35.9024281794         2.7656870954         1.3327346748         2.7992613789        -8.9140967822        19.6229667432
        4.4954528000        35.9024281794         2.7656870954         1.3327346748         2.7992613789        -8.9140967822        19.6229667432
        4.5004362000         3.8618940847         2.5551958962         1.3378393285         2.8043651338        -1.2952106436        19.9703973057
        4.5054649000         3.8618940847         2.5551958962         1.3378393285         2.8043651338        -1.2952106436        19.9703973057
        4.5104225000       -25.5068863893         2.2622889383         1.3454963091         2.8069170113        10.1331185644        20.1441125869
        4.5154436000        35.9024281794         2.7656870954         1.3327346748         2.7992613789        -8.9140967822        19.6229667432
        4.5204469000       -25.5068863893         2.2622889383         1.3454963091         2.8069170113        10.1331185644        20.1441125869
        4.5254728000       -24.1761369175         2.2646400365         1.3378393285         2.8120207662        -1.2952106436        20.4915431494
        4.5304399000         9.2054013261         2.6185973665         1.3429439823         2.7992613789         6.3236754950        19.6229667432
        4.5354485000        -5.4841162494         2.4443041597         1.3378393285         2.8069170113        -1.2952106436        20.1441125869
        4.5404352000        35.9024281794         2.7656870954         1.3327346748         2.7992613789        -8.9140967822        19.6229667432
        4.5454455000        22.5539147527         2.7497470009         1.3378393285         2.7992613789        -1.2952106436        19.6229667432
        4.5504266000       -24.1761369175         2.2646400365         1.3378393285         2.8120207662        -1.2952106436        20.4915431494
        4.5554665000        22.5539147527         2.7497470009         1.3378393285         2.7992613789        -1.2952106436        19.6229667432
        4.5604883000        29.2281714660         2.7577390713         1.3352870017         2.7992613789        -5.1046537129        19.6229667432
        4.5654367000        15.8796580394         2.6977883678         1.3403916554         2.7992613789         2.5142324257        19.6229667432
        4.5704397000       -18.8326296760         2.2859221571         1.3429439823         2.8069170113         6.3236754950        20.1441125869
        4.5754343000         9.2054013261         2.6185973665         1.3429439823         2.7992613789         6.3236754950        19.6229667432
        4.5804388000       -14.8301265834         2.3334124233         1.3378393285         2.8094688888        -1.2952106436        20.3178278682
        4.5854645000       -50.8731637707         2.2189640476         1.3480486360         2.8120207662        13.9425616337        20.4915431494
        4.5904566000       -18.8326296760         2.2859221571         1.3429439823         2.8069170113         6.3236754950        20.1441125869
        4.5954674000       -37.5246503441         2.2414166430         1.3429439823         2.8120207662         6.3236754950        20.4915431494
        4.6004502000        17.2104075113         2.7135778988         1.3327346748         2.8043651338        -8.9140967822        19.9703973057
        4.6054318000       -44.1989070574         2.2300968429         1.3454963091         2.8120207662        10.1331185644        20.4915431494
        4.6104461000         1.1901404639         2.5234951610         1.3352870017         2.8069170113        -5.1046537129        20.1441125869
        4.6154506000       -12.1583729627         2.3651131584         1.3403916554         2.8069170113         2.5142324257        20.1441125869
        4.6204346000       -21.5043832967         2.2693849085         1.3403916554         2.8094688888         2.5142324257        20.3178278682
        4.6254194000       -52.2039132426         2.2167661967         1.3557056165         2.8069170113        25.3708908416        20.1441125869
        4.6304428000      -106.9389710979         2.1320728643         1.3659149240         2.8145726437        40.6086631188        20.6652584306
        4.6354201000         3.8618940847         2.5551958962         1.3378393285         2.8043651338        -1.2952106436        19.9703973057
        4.6404285000        -8.1558698701         2.4126034246         1.3352870017         2.8094688888        -5.1046537129        20.3178278682
        4.6454356000       -16.1711307323         2.3175012191         1.3276300211         2.8171245211       -16.5329829208        20.8389737119
        4.6509060000        -9.4968740190         2.3966922204         1.3250776943         2.8171245211       -20.3424259901        20.8389737119
        4.6554640000        -8.1558698701         2.4126034246         1.3352870017         2.8094688888        -5.1046537129        20.3178278682
        4.6604669000        23.8846642246         2.7513441013         1.3301823480         2.8043651338       -12.7235398515        19.9703973057
        4.6654505000       -12.1583729627         2.3651131584         1.3403916554         2.8069170113         2.5142324257        20.1441125869
        4.6704411000       -41.5271534367         2.2346054780         1.3480486360         2.8094688888        13.9425616337        20.3178278682
        4.6754465000        26.5564178453         2.7545451706         1.3327346748         2.8018132564        -8.9140967822        19.7966820244
        4.6804282000        41.2459354208         2.7720198053         1.3378393285         2.7941576240        -1.2952106436        19.2755361807
        4.6854412000        15.8796580394         2.6977883678         1.3403916554         2.7992613789         2.5142324257        19.6229667432
        4.6904315000       -21.5043832967         2.2693849085         1.3403916554         2.8094688888         2.5142324257        20.3178278682
        4.6954316000       -25.5068863893         2.2622889383         1.3454963091         2.8069170113        10.1331185644        20.1441125869
        4.7004409000       -18.8326296760         2.2859221571         1.3429439823         2.8069170113         6.3236754950        20.1441125869
        4.7061179000       -28.1786400100         2.2575929504         1.3429439823         2.8094688888         6.3236754950        20.3178278682
        4.7104400000       -34.8528967234         2.2460017266         1.3454963091         2.8094688888        10.1331185644        20.3178278682
        4.7154497000        75.9479684592         2.8125456065         1.3174207137         2.7992613789       -31.7707551980        19.6229667432
        4.7204394000         1.1901404639         2.5234951610         1.3352870017         2.8069170113        -5.1046537129        20.1441125869
        4.7254401000       -36.1836461952         2.2437141015         1.3531532897         2.8043651338        21.5614477723        19.9703973057
        4.7304511000        -2.8123626287         2.4760048949         1.3403916554         2.8043651338         2.5142324257        19.9703973057
        4.7354370000        49.2509416060         2.7814578551         1.3276300211         2.7992613789       -16.5329829208        19.6229667432
        4.7404623000        -0.1406090079         2.5077056300         1.3429439823         2.8018132564         6.3236754950        19.7966820244
        4.7454563000        29.2281714660         2.7577390713         1.3352870017         2.7992613789        -5.1046537129        19.6229667432
        4.7504482000        27.8974219942         2.7561491394         1.3429439823         2.7941576240         6.3236754950        19.2755361807
        4.7554309000        -9.4866193420         2.3968138936         1.3429439823         2.8043651338         6.3236754950        19.9703973057
        4.7604708000         9.2054013261         2.6185973665         1.3429439823         2.7992613789         6.3236754950        19.6229667432
        4.7654680000        15.8796580394         2.6977883678         1.3403916554         2.7992613789         2.5142324257        19.6229667432
        4.7704601000        38.5741818001         2.7688567872         1.3352870017         2.7967095015        -5.1046537129        19.4492514619
        4.7754358000        15.8796580394         2.6977883678         1.3403916554         2.7992613789         2.5142324257        19.6229667432
        4.7804486000        17.2104075113         2.7135778988         1.3327346748         2.8043651338        -8.9140967822        19.9703973057
        4.7854353000        19.8821611320         2.7452786339         1.3352870017         2.8018132564        -5.1046537129        19.7966820244
        4.7904157000        25.2256683735         2.7529516821         1.3403916554         2.7967095015         2.5142324257        19.4492514619
        4.7954487000        47.9201921341         2.7798928367         1.3352870017         2.7941576240        -5.1046537129        19.2755361807
        4.8004334000       -38.8553998159         2.2391444427         1.3506009628         2.8069170113        17.7520047030        20.1441125869
        4.8054459000       -33.5118925745         2.2483148208         1.3557056165         2.8018132564        25.3708908416        19.7966820244
        4.8104288000        54.5944488474         2.7877265998         1.3327346748         2.7941576240        -8.9140967822        19.2755361807
        4.8154782000        26.5564178453         2.7545451706         1.3327346748         2.8018132564        -8.9140967822        19.7966820244
        4.8204845000        -0.1406090079         2.5077056300         1.3429439823         2.8018132564         6.3236754950        19.7966820244
        4.8254801000        -6.8148657212         2.4285146287         1.3454963091         2.8018132564        10.1331185644        19.7966820244
        4.8304645000         6.5336477054         2.5868966313         1.3403916554         2.8018132564         2.5142324257        19.7966820244
        4.8354754000       -28.1786400100         2.2575929504         1.3429439823         2.8094688888         6.3236754950        20.3178278682
        4.8404485000        -8.1558698701         2.4126034246         1.3352870017         2.8094688888        -5.1046537129        20.3178278682
        4.8454540000        26.5564178453         2.7545451706         1.3327346748         2.8018132564        -8.9140967822        19.7966820244
        4.8504273000        31.8999250868         2.7609259138         1.3378393285         2.7967095015        -1.2952106436        19.4492514619
        4.8554704000        31.8999250868         2.7609259138         1.3378393285         2.7967095015        -1.2952106436        19.4492514619
        4.8604642000        13.2079044187         2.6660876326         1.3378393285         2.8018132564        -1.2952106436        19.7966820244
        4.8655012000       -24.1658822404         2.2646581854         1.3557056165         2.7992613789        25.3708908416        19.6229667432
        4.8705153000       -57.5474204840         2.2080126323         1.3506009628         2.8120207662        17.7520047030        20.4915431494
        4.8755061000         7.8643971772         2.6026861623         1.3327346748         2.8069170113        -8.9140967822        20.1441125869
        4.8804570000        22.5539147527         2.7497470009         1.3378393285         2.7992613789        -1.2952106436        19.6229667432
        4.8854735000         7.8643971772         2.6026861623         1.3327346748         2.8069170113        -8.9140967822        20.1441125869
        4.8904758000        13.2079044187         2.6660876326         1.3378393285         2.8018132564        -1.2952106436        19.7966820244
        4.8954875000       -22.8351327686         2.2670174645         1.3480486360         2.8043651338        13.9425616337        19.9703973057
        4.9004699000         6.5336477054         2.5868966313         1.3403916554         2.8018132564         2.5142324257        19.7966820244
        4.9054401000       -25.5068863893         2.2622889383         1.3454963091         2.8069170113        10.1331185644        20.1441125869
        4.9108323000       -50.8731637707         2.2189640476         1.3480486360         2.8120207662        13.9425616337        20.4915431494
        4.9154644000        35.9024281794         2.7656870954         1.3327346748         2.7992613789        -8.9140967822        19.6229667432
        4.9204395000       -44.1989070574         2.2300968429         1.3454963091         2.8120207662        10.1331185644        20.4915431494
        4.9254261000        35.9024281794         2.7656870954         1.3327346748         2.7992613789        -8.9140967822        19.6229667432
        4.9304396000        10.5361507980         2.6343868975         1.3352870017         2.8043651338        -5.1046537129        19.9703973057
        4.9354400000       -37.5246503441         2.2414166430         1.3429439823         2.8120207662         6.3236754950        20.4915431494
        4.9404261000        29.2281714660         2.7577390713         1.3352870017         2.7992613789        -5.1046537129        19.6229667432
        4.9454345000        13.2079044187         2.6660876326         1.3378393285         2.8018132564        -1.2952106436        19.7966820244
        4.9504206000         3.8618940847         2.5551958962         1.3378393285         2.8043651338        -1.2952106436        19.9703973057
        4.9554405000        42.5766848927         2.7735927883         1.3301823480         2.7992613789       -12.7235398515        19.6229667432
        4.9604450000        45.2484385134         2.7767460131         1.3327346748         2.7967095015        -8.9140967822        19.4492514619
        4.9654587000         3.8618940847         2.5551958962         1.3378393285         2.8043651338        -1.2952106436        19.9703973057
        4.9704412000       -30.8503936308         2.2529291286         1.3403916554         2.8120207662         2.5142324257        20.4915431494
        4.9754845000       -30.8503936308         2.2529291286         1.3403916554         2.8120207662         2.5142324257        20.4915431494
        4.9804606000       -30.8503936308         2.2529291286         1.3403916554         2.8120207662         2.5142324257        20.4915431494
        4.9854429000        35.9024281794         2.7656870954         1.3327346748         2.7992613789        -8.9140967822        19.6229667432
        4.9904330000         3.8618940847         2.5551958962         1.3378393285         2.8043651338        -1.2952106436        19.9703973057
        4.9954728000       -37.5246503441         2.2414166430         1.3429439823         2.8120207662         6.3236754950        20.4915431494
        5.0004439000       -28.1786400100         2.2575929504         1.3429439823         2.8094688888         6.3236754950        20.3178278682
