% Designation Loop  psi_cmd=-20.000deg  (absolute, NEUTRAL ref)
% Kp=66.4207  Kd=2.0620  K_pot=68.073520deg/V
% Vg_offset=1.339269V  K_gimbal=26.049690  samples=1001

Time[s]              OmegaCmd[deg/s]      Vc[V]                Vg[V]                Pot[V]               Omega[deg/s]         Psi[deg]            
        0.0005971000     -2708.6430147889         0.0000000000         1.3454963091         2.8120207662         9.2950410891        20.4915431494
        0.0054448000     -2700.7879431800         0.0000000000         1.3429439823         2.8120207662         5.4855980198        20.4915431494
        0.0104328000     -2152.3988315512         0.0000000000         1.1872520440         2.7967095015      -226.8904292079        19.4492514619
        0.0154492000     -1757.9165667936         0.0000000000         1.0928159503         2.7737426043      -367.8398227723        17.8858139307
        0.0204317000     -1434.6185801813         0.0000000000         1.0290077789         2.7456719523      -463.0758995050        15.9749458371
        0.0254207000      -979.2502772124         0.7999473260         0.9447809927         2.7022900355      -588.7875207921        13.0217860559
        0.0304643000      -742.8467119631         1.2788149754         0.9167053972         2.6691156285      -630.6913945545        10.7634873998
        0.0354532000      -538.8407004794         1.5985336437         0.9141530704         2.6257337117      -634.5008376238         7.8103276186
        0.0404754000      -439.6565715535         1.7259857602         0.9269147047         2.5951111822      -615.4536222773         5.7257442437
        0.0454466000      -208.8907599361         1.9967436294         0.9269147047         2.5440736330      -615.4536222773         2.2514386189
        0.0504441000       -71.4085402956         2.1858240829         0.9422286658         2.5032435937      -592.5969638614        -0.5280058810
        0.0554471000       124.7423995791         2.8681053784         0.9422286658         2.4598616769      -592.5969638614        -3.4811656622
        0.0604514000       188.3343894324         2.9389611264         0.9703042612         2.4266872699      -550.6930900990        -5.7394643183
        0.0654318000       173.8642968616         2.9229321543         1.0162461446         2.3986166179      -482.1231148515        -7.6503324120
        0.0704504000       264.7047205135         3.0234473196         1.0392170863         2.3628903334      -447.8381272277       -10.0823463494
        0.0755172000      -239.9743971168         1.9592212621         1.2331939274         2.3424753138      -158.3204539604       -11.4720685994
        0.0804444000      -565.2269183891         1.5619496864         1.3276300211         2.3501309461       -17.3710603960       -10.9509227556
        0.0854249000      -565.7155520541         1.5612601061         1.3352870017         2.3450271912        -5.9427311881       -11.2983533181
        0.0904589000      -542.6389708924         1.5933449294         1.3352870017         2.3399234363        -5.9427311881       -11.6457838806
        0.0954183000       263.9902365005         3.0226538799         1.1106822383         2.3144046617      -341.1737212871       -13.3829366930
        0.1005556000       156.7251856177         2.9038897843         1.1642811023         2.3016452744      -261.1754168317       -14.2515130992
        0.1056214000       162.6257225667         2.9104539597         1.1923566977         2.2812302547      -219.2715430693       -15.6412353492
        0.1104798000        90.9528107565         2.8297848619         1.2306416006         2.2710227449      -162.1298970297       -16.3360964742
        0.1154623000       -55.0989645058         2.2120094557         1.2893451183         2.2633671125       -74.5127064357       -16.8572423179
        0.1208046000      -270.8691169184         1.9229025620         1.3557056165         2.2659189900        24.5328133663       -16.6835270366
        0.1254279000      -215.8836156560         1.9881953283         1.3378393285         2.2659189900        -2.1332881188       -16.6835270366
        0.1305302000      -203.8566914102         2.0029410258         1.3301823480         2.2684708674       -13.5616173267       -16.5098117554
        0.1354435000      -262.5254116445         1.9326376776         1.3454963091         2.2710227449         9.2950410891       -16.3360964742
        0.1404793000      -169.2418196675         2.0466991688         1.3301823480         2.2608152351       -13.5616173267       -17.0309575991
        0.1454395000       161.1598215717         2.9088240810         1.2153276394         2.2659189900      -184.9865554456       -16.6835270366
        0.1504426000       143.4951436939         2.8891331344         1.2510602154         2.2455039703      -131.6543524753       -18.0732492866
        0.1554561000        29.3522885322         2.7578872724         1.2918974451         2.2429520929       -70.7032633663       -18.2469645678
        0.1604461000       -49.6870612219         2.2209290774         1.3250776943         2.2378483379       -21.1805034653       -18.5943951303
        0.1654623000      -201.6393734332         2.0056828700         1.3557056165         2.2506077252        24.5328133663       -17.7258187241
        0.1704424000      -147.1425058358         2.0758756929         1.3454963091         2.2455039703         9.2950410891       -18.0732492866
        0.1754460000      -100.0120761823         2.1422242859         1.3301823480         2.2455039703       -13.5616173267       -18.0732492866
        0.1804357000      -193.7843018243         2.0154586888         1.3531532897         2.2506077252        20.7233702970       -17.7258187241
        0.1854487000        64.4557939398         2.7992328418         1.2842404646         2.2404002154       -82.1315925743       -18.4206798491
        0.1904233000        59.7953076378         2.7938048559         1.2970020988         2.2327445830       -63.0843772277       -18.9418256928
        0.1954388000        -3.5338988984         2.4674437648         1.3250776943         2.2276408281       -21.1805034653       -19.2892562553
        0.2004189000       -50.6643285519         2.2193096109         1.3403916554         2.2276408281         1.6761549505       -19.2892562553
        0.2054560000       -62.2026191328         2.2004785846         1.3403916554         2.2301927056         1.6761549505       -19.1155409741
        0.2104187000       -96.8174908754         2.1469570493         1.3403916554         2.2378483379         1.6761549505       -18.5943951303
        0.2154475000        35.2528254811         2.7649154044         1.3199730405         2.2225370732       -28.7993896040       -19.6366868178
        0.2204430000       -53.8589138589         2.2140428092         1.3301823480         2.2352964605       -13.5616173267       -18.7681104116
        0.2255611000       -82.0846149875         2.1692201171         1.3506009628         2.2276408281        16.9139272277       -19.2892562553
        0.2304552000        38.9360444531         2.7692855751         1.3225253674         2.2199851957       -24.9899465346       -19.8104020990
        0.2354662000        15.8594632913         2.6975487542         1.3225253674         2.2250889506       -24.9899465346       -19.4629715365
        0.2404528000       -74.2295433786         2.1813967281         1.3480486360         2.2276408281        13.1044841584       -19.2892562553
        0.2454601000       -31.2709663621         2.2521978814         1.3378393285         2.2250889506        -2.1332881188       -19.4629715365
        0.2504488000       -46.4924759149         2.2262503192         1.3352870017         2.2301927056        -5.9427311881       -19.1155409741
        0.2554589000         8.0043916824         2.6043472169         1.3250776943         2.2250889506       -21.1805034653       -19.4629715365
        0.2604427000        74.0395498607         2.8103417046         1.3148683868         2.2174333183       -36.4182757426       -19.9841173803
        0.2654542000       -66.3744717697         2.1937979238         1.3454963091         2.2276408281         9.2950410891       -19.2892562553
        0.2704356000       -46.9811095799         2.2254336677         1.3429439823         2.2250889506         5.4855980198       -19.4629715365
        0.2754388000       -54.3475475238         2.2132408446         1.3378393285         2.2301927056        -2.1332881188       -19.1155409741
        0.2804541000        15.3708296264         2.6917510466         1.3301823480         2.2199851957       -13.5616173267       -19.8104020990
        0.2854384000        62.0126256148         2.7963894976         1.3225253674         2.2148814408       -24.9899465346       -20.1578326615
        0.2904491000       -43.2978906080         2.2316139584         1.3454963091         2.2225370732         9.2950410891       -19.6366868178
        0.2954280000       -66.3744717697         2.1937979238         1.3454963091         2.2276408281         9.2950410891       -19.2892562553
        0.3004446000        -4.0225325634         2.4616460572         1.3327346748         2.2225370732        -9.7521742574       -19.6366868178
        0.3054477000        46.3024823970         2.7779882372         1.3276300211         2.2148814408       -17.3710603960       -20.1578326615
        0.3105401000       -82.5732486525         2.1684698776         1.3582579434         2.2225370732        28.3422564356       -19.6366868178
        0.3156306000       -31.7596000271         2.2513492847         1.3454963091         2.2199851957         9.2950410891       -19.8104020990
        0.3205298000       -66.3744717697         2.1937979238         1.3454963091         2.2276408281         9.2950410891       -19.2892562553
        0.3257948000         0.1493200735         2.5111456797         1.3276300211         2.2250889506       -17.3710603960       -19.4629715365
        0.3304470000        23.2259012353         2.7505537128         1.3276300211         2.2199851957       -17.3710603960       -19.8104020990
        0.3354358000       -39.6146716360         2.2378514318         1.3480486360         2.2199851957        13.1044841584       -19.8104020990
        0.3404452000       -85.7678339595         2.1635854000         1.3480486360         2.2301927056        13.1044841584       -19.1155409741
        0.3454535000        30.5923391792         2.7593671126         1.3327346748         2.2148814408        -9.7521742574       -20.1578326615
        0.3504456000        35.2528254811         2.7649154044         1.3199730405         2.2225370732       -28.7993896040       -19.6366868178
        0.3554197000       -78.4013960156         2.1749022868         1.3531532897         2.2250889506        20.7233702970       -19.4629715365
        0.3604423000        22.7372675703         2.7499671598         1.3352870017         2.2148814408        -5.9427311881       -20.1578326615
        0.3654156000        -0.3393135915         2.5053479720         1.3352870017         2.2199851957        -5.9427311881       -19.8104020990
        0.3704677000        22.7372675703         2.7499671598         1.3352870017         2.2148814408        -5.9427311881       -20.1578326615
        0.3754655000        -0.3393135915         2.5053479720         1.3352870017         2.2199851957        -5.9427311881       -19.8104020990
        0.3804520000        -8.1943852004         2.4121464347         1.3378393285         2.2199851957        -2.1332881188       -19.8104020990
        0.3854362000       -86.7451012895         2.1620981944         1.3633625971         2.2199851957        35.9611425743       -19.8104020990
        0.3904462000       -55.3248148538         2.2116397830         1.3531532897         2.2199851957        20.7233702970       -19.8104020990
        0.3954296000        14.8821959614         2.6859533389         1.3378393285         2.2148814408        -2.1332881188       -20.1578326615
        0.4004377000       -16.0494568093         2.3189448974         1.3403916554         2.2199851957         1.6761549505       -19.8104020990
        0.4054415000        42.1306297600         2.7730657193         1.3327346748         2.2123295633        -9.7521742574       -20.3315479428
        0.4104357000       -58.5194001608         2.2064325629         1.3429439823         2.2276408281         5.4855980198       -19.2892562553
        0.4154412000        22.7372675703         2.7499671598         1.3352870017         2.2148814408        -5.9427311881       -20.1578326615
        0.4210053000        -8.1943852004         2.4121464347         1.3378393285         2.2199851957        -2.1332881188       -19.8104020990
        0.4254594000         7.5157580174         2.5985495093         1.3327346748         2.2199851957        -9.7521742574       -19.8104020990
        0.4304662000       -58.5194001608         2.2064325629         1.3429439823         2.2276408281         5.4855980198       -19.2892562553
        0.4354753000        22.7372675703         2.7499671598         1.3352870017         2.2148814408        -5.9427311881       -20.1578326615
        0.4404603000        -8.1943852004         2.4121464347         1.3378393285         2.2199851957        -2.1332881188       -19.8104020990
        0.4454645000        -8.1943852004         2.4121464347         1.3378393285         2.2199851957        -2.1332881188       -19.8104020990
        0.4504491000        34.2755581511         2.7637537077         1.3352870017         2.2123295633        -5.9427311881       -20.3315479428
        0.4554389000       -50.6643285519         2.2193096109         1.3403916554         2.2276408281         1.6761549505       -19.2892562553
        0.4604690000        -8.1943852004         2.4121464347         1.3378393285         2.2199851957        -2.1332881188       -19.8104020990
        0.4654480000        -8.1943852004         2.4121464347         1.3378393285         2.2199851957        -2.1332881188       -19.8104020990
        0.4704502000       -46.9811095799         2.2254336677         1.3429439823         2.2250889506         5.4855980198       -19.4629715365
        0.4754414000       -16.0494568093         2.3189448974         1.3403916554         2.2199851957         1.6761549505       -19.8104020990
        0.4804357000        30.5923391792         2.7593671126         1.3327346748         2.2148814408        -9.7521742574       -20.1578326615
        0.4854301000       -19.7326757812         2.2752429826         1.3378393285         2.2225370732        -2.1332881188       -19.6366868178
        0.4904282000       -58.5194001608         2.2064325629         1.3429439823         2.2276408281         5.4855980198       -19.2892562553
        0.4954531000        -8.1943852004         2.4121464347         1.3378393285         2.2199851957        -2.1332881188       -19.8104020990
        0.5004339000        62.0126256148         2.7963894976         1.3225253674         2.2148814408       -24.9899465346       -20.1578326615
        0.5054457000       -23.9045284182         2.2651208962         1.3429439823         2.2199851957         5.4855980198       -19.8104020990
        0.5104238000         7.5157580174         2.5985495093         1.3327346748         2.2199851957        -9.7521742574       -19.8104020990
        0.5154789000         7.0271243524         2.5927518016         1.3403916554         2.2148814408         1.6761549505       -20.1578326615
        0.5205345000       -54.8361811888         2.2124398366         1.3454963091         2.2250889506         9.2950410891       -19.4629715365
        0.5255199000       -66.3744717697         2.1937979238         1.3454963091         2.2276408281         9.2950410891       -19.2892562553
        0.5306426000        22.7372675703         2.7499671598         1.3352870017         2.2148814408        -5.9427311881       -20.1578326615
        0.5354480000        81.8946214696         2.8193962529         1.3123160600         2.2174333183       -40.2277188119       -19.9841173803
        0.5404371000       -39.6146716360         2.2378514318         1.3480486360         2.2199851957        13.1044841584       -19.8104020990
        0.5454398000       -66.3744717697         2.1937979238         1.3454963091         2.2276408281         9.2950410891       -19.2892562553
        0.5505238000        22.7372675703         2.7499671598         1.3352870017         2.2148814408        -5.9427311881       -20.1578326615
        0.5554360000        18.5654149333         2.7296552538         1.3403916554         2.2123295633         1.6761549505       -20.3315479428
        0.5604500000       -58.5194001608         2.2064325629         1.3429439823         2.2276408281         5.4855980198       -19.2892562553
        0.5654278000       -23.9045284182         2.2651208962         1.3429439823         2.2199851957         5.4855980198       -19.8104020990
        0.5704728000        -4.5111662284         2.4558483495         1.3403916554         2.2174333183         1.6761549505       -19.9841173803
        0.5754463000        65.6958445868         2.8006742001         1.3250776943         2.2123295633       -21.1805034653       -20.3315479428
        0.5804400000       -12.3662378373         2.3626468122         1.3429439823         2.2174333183         5.4855980198       -19.9841173803
        0.5854393000       -43.2978906080         2.2316139584         1.3454963091         2.2225370732         9.2950410891       -19.6366868178
        0.5904392000       -39.1260379710         2.2386832723         1.3403916554         2.2250889506         1.6761549505       -19.4629715365
        0.5954734000        42.1306297600         2.7730657193         1.3327346748         2.2123295633        -9.7521742574       -20.3315479428
        0.6004890000        31.0809728442         2.7599498188         1.3250776943         2.2199851957       -21.1805034653       -19.8104020990
        0.6055381000       -51.6415958819         2.2176940369         1.3557056165         2.2174333183        24.5328133663       -19.9841173803
        0.6104496000       -39.1260379710         2.2386832723         1.3403916554         2.2250889506         1.6761549505       -19.4629715365
        0.6154497000        -8.1943852004         2.4121464347         1.3378393285         2.2199851957        -2.1332881188       -19.8104020990
        0.6204469000       -20.2213094462         2.2716753107         1.3454963091         2.2174333183         9.2950410891       -19.9841173803
        0.6254229000       -31.7596000271         2.2513492847         1.3454963091         2.2199851957         9.2950410891       -19.8104020990
        0.6304530000        -0.8279472565         2.4995502644         1.3429439823         2.2148814408         5.4855980198       -20.1578326615
        0.6354873000       -62.6912527978         2.1996926557         1.3480486360         2.2250889506        13.1044841584       -19.4629715365
        0.6404440000        19.0540485983         2.7354529614         1.3327346748         2.2174333183        -9.7521742574       -19.9841173803
        0.6454373000       -35.4428189991         2.2449866669         1.3429439823         2.2225370732         5.4855980198       -19.6366868178
        0.6504378000         7.0271243524         2.5927518016         1.3403916554         2.2148814408         1.6761549505       -20.1578326615
        0.6554237000        11.1989769894         2.6422514241         1.3352870017         2.2174333183        -5.9427311881       -19.9841173803
        0.6604418000        42.1306297600         2.7730657193         1.3327346748         2.2123295633        -9.7521742574       -20.3315479428
        0.6654840000       -54.8361811888         2.2124398366         1.3454963091         2.2250889506         9.2950410891       -19.4629715365
        0.6704559000       -46.9811095799         2.2254336677         1.3429439823         2.2250889506         5.4855980198       -19.4629715365
        0.6754377000       -54.8361811888         2.2124398366         1.3454963091         2.2250889506         9.2950410891       -19.4629715365
        0.6804555000        11.1989769894         2.6422514241         1.3352870017         2.2174333183        -5.9427311881       -19.9841173803
        0.6854741000        92.9442783855         2.8320616273         1.3199730405         2.2097776859       -28.7993896040       -20.5052632240
        0.6904693000        22.2486339053         2.7493803617         1.3429439823         2.2097776859         5.4855980198       -20.5052632240
        0.6954437000        34.2755581511         2.7637537077         1.3352870017         2.2123295633        -5.9427311881       -20.3315479428
        0.7004438000       -27.5877473902         2.2586287451         1.3403916554         2.2225370732         1.6761549505       -19.6366868178
        0.7054770000         7.0271243524         2.5927518016         1.3403916554         2.2148814408         1.6761549505       -20.1578326615
        0.7104385000        45.8138487320         2.7774124904         1.3352870017         2.2097776859        -5.9427311881       -20.5052632240
        0.7154787000       -35.4428189991         2.2449866669         1.3429439823         2.2225370732         5.4855980198       -19.6366868178
        0.7204653000        34.2755581511         2.7637537077         1.3352870017         2.2123295633        -5.9427311881       -20.3315479428
        0.7254625000        -0.3393135915         2.5053479720         1.3352870017         2.2199851957        -5.9427311881       -19.8104020990
        0.7304521000        53.6689203409         2.7866425635         1.3327346748         2.2097776859        -9.7521742574       -20.5052632240
        0.7356337000       -43.2978906080         2.2316139584         1.3454963091         2.2225370732         9.2950410891       -19.6366868178
        0.7404434000       -62.6912527978         2.1996926557         1.3480486360         2.2250889506        13.1044841584       -19.4629715365
        0.7454175000        65.2072109218         2.8001063865         1.3327346748         2.2072258084        -9.7521742574       -20.6789785052
        0.7504395000       -43.2978906080         2.2316139584         1.3454963091         2.2225370732         9.2950410891       -19.6366868178
        0.7554233000       -35.4428189991         2.2449866669         1.3429439823         2.2225370732         5.4855980198       -19.6366868178
        0.7605959000        -4.5111662284         2.4558483495         1.3403916554         2.2174333183         1.6761549505       -19.9841173803
        0.7654628000        42.1306297600         2.7730657193         1.3327346748         2.2123295633        -9.7521742574       -20.3315479428
        0.7704334000       -43.2978906080         2.2316139584         1.3454963091         2.2225370732         9.2950410891       -19.6366868178
        0.7754443000       -43.2978906080         2.2316139584         1.3454963091         2.2225370732         9.2950410891       -19.6366868178
        0.7804445000       -35.4428189991         2.2449866669         1.3429439823         2.2225370732         5.4855980198       -19.6366868178
        0.7854349000       -51.6415958819         2.2176940369         1.3557056165         2.2174333183        24.5328133663       -19.9841173803
        0.7904357000        -4.5111662284         2.4558483495         1.3403916554         2.2174333183         1.6761549505       -19.9841173803
        0.7954311000       -39.1260379710         2.2386832723         1.3403916554         2.2250889506         1.6761549505       -19.4629715365
        0.8004676000        97.1161310224         2.8368230853         1.3148683868         2.2123295633       -36.4182757426       -20.3315479428
        0.8054847000        65.2072109218         2.8001063865         1.3327346748         2.2072258084        -9.7521742574       -20.6789785052
        0.8105052000        -8.6830188654         2.4063487271         1.3454963091         2.2148814408         9.2950410891       -20.1578326615
        0.8156204000       -16.0494568093         2.3189448974         1.3403916554         2.2199851957         1.6761549505       -19.8104020990
        0.8204682000        26.4204865422         2.7543824832         1.3378393285         2.2123295633        -2.1332881188       -20.3315479428
        0.8254629000        65.2072109218         2.8001063865         1.3327346748         2.2072258084        -9.7521742574       -20.6789785052
        0.8304626000        61.5239919498         2.7958202570         1.3301823480         2.2097776859       -13.5616173267       -20.5052632240
        0.8354447000        -1.3165809215         2.4937525567         1.3506009628         2.2097776859        16.9139272277       -20.5052632240
        0.8404396000        10.7103433244         2.6364537165         1.3429439823         2.2123295633         5.4855980198       -20.3315479428
        0.8454399000        14.8821959614         2.6859533389         1.3378393285         2.2148814408        -2.1332881188       -20.1578326615
        0.8504367000       -31.7596000271         2.2513492847         1.3454963091         2.2199851957         9.2950410891       -19.8104020990
        0.8554229000       -23.9045284182         2.2651208962         1.3429439823         2.2199851957         5.4855980198       -19.8104020990
        0.8604592000        26.4204865422         2.7543824832         1.3378393285         2.2123295633        -2.1332881188       -20.3315479428
        0.8654303000       -31.7596000271         2.2513492847         1.3454963091         2.2199851957         9.2950410891       -19.8104020990
        0.8704519000        73.0622825307         2.8092120921         1.3301823480         2.2072258084       -13.5616173267       -20.6789785052
        0.8754621000        14.8821959614         2.6859533389         1.3378393285         2.2148814408        -2.1332881188       -20.1578326615
        0.8804452000       -23.9045284182         2.2651208962         1.3429439823         2.2199851957         5.4855980198       -19.8104020990
        0.8855545000        26.4204865422         2.7543824832         1.3378393285         2.2123295633        -2.1332881188       -20.3315479428
        0.8904486000       -55.8134485188         2.2108406817         1.3608102703         2.2148814408        32.1516995050       -20.1578326615
        0.8954421000       -24.3931620832         2.2642560550         1.3506009628         2.2148814408        16.9139272277       -20.1578326615
        0.9004330000        76.7455015026         2.8134658393         1.3327346748         2.2046739310        -9.7521742574       -20.8526937865
        0.9055200000       -31.7596000271         2.2513492847         1.3454963091         2.2199851957         9.2950410891       -19.8104020990
        0.9104275000        22.7372675703         2.7499671598         1.3352870017         2.2148814408        -5.9427311881       -20.1578326615
        0.9154410000         7.0271243524         2.5927518016         1.3403916554         2.2148814408         1.6761549505       -20.1578326615
        0.9204464000        -8.1943852004         2.4121464347         1.3378393285         2.2199851957        -2.1332881188       -19.8104020990
        0.9254355000       -23.9045284182         2.2651208962         1.3429439823         2.2199851957         5.4855980198       -19.8104020990
        0.9304337000         7.0271243524         2.5927518016         1.3403916554         2.2148814408         1.6761549505       -20.1578326615
        0.9354516000        84.6005731116         2.8225053949         1.3301823480         2.2046739310       -13.5616173267       -20.8526937865
        0.9404779000         7.0271243524         2.5927518016         1.3403916554         2.2148814408         1.6761549505       -20.1578326615
        0.9455172000       -16.0494568093         2.3189448974         1.3403916554         2.2199851957         1.6761549505       -19.8104020990
        0.9504596000       -86.7451012895         2.1620981944         1.3633625971         2.2199851957        35.9611425743       -19.8104020990
        0.9554490000         3.3439053805         2.5490498868         1.3378393285         2.2174333183        -2.1332881188       -19.9841173803
        0.9604274000       -31.7596000271         2.2513492847         1.3454963091         2.2199851957         9.2950410891       -19.8104020990
        0.9654278000        -8.6830188654         2.4063487271         1.3454963091         2.2148814408         9.2950410891       -20.1578326615
        0.9704556000       -31.7596000271         2.2513492847         1.3454963091         2.2199851957         9.2950410891       -19.8104020990
        0.9754217000        -0.8279472565         2.4995502644         1.3429439823         2.2148814408         5.4855980198       -20.1578326615
        0.9804510000        26.4204865422         2.7543824832         1.3378393285         2.2123295633        -2.1332881188       -20.3315479428
        0.9854276000        -4.5111662284         2.4558483495         1.3403916554         2.2174333183         1.6761549505       -19.9841173803
        0.9904300000        37.9587771231         2.7681272843         1.3378393285         2.2097776859        -2.1332881188       -20.5052632240
        0.9954466000       -23.9045284182         2.2651208962         1.3429439823         2.2199851957         5.4855980198       -19.8104020990
        1.0004188000        -8.6830188654         2.4063487271         1.3454963091         2.2148814408         9.2950410891       -20.1578326615
        1.0054607000      -102.4552445073         2.1386266787         1.3684672508         2.2199851957        43.5800287129       -19.8104020990
        1.0104402000        30.5923391792         2.7593671126         1.3327346748         2.2148814408        -9.7521742574       -20.1578326615
        1.0154328000       -20.2213094462         2.2716753107         1.3454963091         2.2174333183         9.2950410891       -19.9841173803
        1.0204349000        53.6689203409         2.7866425635         1.3327346748         2.2097776859        -9.7521742574       -20.5052632240
        1.0254465000       -23.9045284182         2.2651208962         1.3429439823         2.2199851957         5.4855980198       -19.8104020990
        1.0304245000        14.8821959614         2.6859533389         1.3378393285         2.2148814408        -2.1332881188       -20.1578326615
        1.0354449000        14.8821959614         2.6859533389         1.3378393285         2.2148814408        -2.1332881188       -20.1578326615
        1.0404574000        26.4204865422         2.7543824832         1.3378393285         2.2123295633        -2.1332881188       -20.3315479428
        1.0455021000        37.9587771231         2.7681272843         1.3378393285         2.2097776859        -2.1332881188       -20.5052632240
        1.0504218000         7.0271243524         2.5927518016         1.3403916554         2.2148814408         1.6761549505       -20.1578326615
        1.0554614000        61.5239919498         2.7958202570         1.3301823480         2.2097776859       -13.5616173267       -20.5052632240
        1.0604419000        14.8821959614         2.6859533389         1.3378393285         2.2148814408        -2.1332881188       -20.1578326615
        1.0654343000         7.0271243524         2.5927518016         1.3403916554         2.2148814408         1.6761549505       -20.1578326615
        1.0704385000       -23.9045284182         2.2651208962         1.3429439823         2.2199851957         5.4855980198       -19.8104020990
        1.0754468000        65.2072109218         2.8001063865         1.3327346748         2.2072258084        -9.7521742574       -20.6789785052
        1.0804305000        -0.8279472565         2.4995502644         1.3429439823         2.2148814408         5.4855980198       -20.1578326615
        1.0854800000         7.0271243524         2.5927518016         1.3403916554         2.2148814408         1.6761549505       -20.1578326615
        1.0905244000        65.2072109218         2.8001063865         1.3327346748         2.2072258084        -9.7521742574       -20.6789785052
        1.0954421000         7.0271243524         2.5927518016         1.3403916554         2.2148814408         1.6761549505       -20.1578326615
        1.1004553000        49.4970677040         2.7817471400         1.3378393285         2.2072258084        -2.1332881188       -20.6789785052
        1.1054315000        53.6689203409         2.7866425635         1.3327346748         2.2097776859        -9.7521742574       -20.5052632240
        1.1104362000        -4.5111662284         2.4558483495         1.3403916554         2.2174333183         1.6761549505       -19.9841173803
        1.1154221000       -20.2213094462         2.2716753107         1.3454963091         2.2174333183         9.2950410891       -19.9841173803
        1.1204580000        -0.3393135915         2.5053479720         1.3352870017         2.2199851957        -5.9427311881       -19.8104020990
        1.1254345000        11.1989769894         2.6422514241         1.3352870017         2.2174333183        -5.9427311881       -19.9841173803
        1.1304269000        34.7641918161         2.7643346703         1.3276300211         2.2174333183       -17.3710603960       -19.9841173803
        1.1354361000        45.8138487320         2.7774124904         1.3352870017         2.2097776859        -5.9427311881       -20.5052632240
        1.1405235000       -31.7596000271         2.2513492847         1.3454963091         2.2199851957         9.2950410891       -19.8104020990
        1.1455299000       -51.6415958819         2.2176940369         1.3557056165         2.2174333183        24.5328133663       -19.9841173803
        1.1504528000       -31.2709663621         2.2521978814         1.3378393285         2.2250889506        -2.1332881188       -19.4629715365
        1.1554599000        11.1989769894         2.6422514241         1.3352870017         2.2174333183        -5.9427311881       -19.9841173803
        1.1604658000        34.2755581511         2.7637537077         1.3352870017         2.2123295633        -5.9427311881       -20.3315479428
        1.1654459000        38.4474107881         2.7687065414         1.3301823480         2.2148814408       -13.5616173267       -20.1578326615
        1.1704288000        49.9857013690         2.7823213001         1.3301823480         2.2123295633       -13.5616173267       -20.3315479428
        1.1754424000        -4.5111662284         2.4558483495         1.3403916554         2.2174333183         1.6761549505       -19.9841173803
        1.1804385000       -39.1260379710         2.2386832723         1.3403916554         2.2250889506         1.6761549505       -19.4629715365
        1.1854562000        -4.5111662284         2.4558483495         1.3403916554         2.2174333183         1.6761549505       -19.9841173803
        1.1904210000       -35.4428189991         2.2449866669         1.3429439823         2.2225370732         5.4855980198       -19.6366868178
        1.1954306000        -0.3393135915         2.5053479720         1.3352870017         2.2199851957        -5.9427311881       -19.8104020990
        1.2004326000       -16.0494568093         2.3189448974         1.3403916554         2.2199851957         1.6761549505       -19.8104020990
        1.2054438000       -54.8361811888         2.2124398366         1.3454963091         2.2250889506         9.2950410891       -19.4629715365
        1.2104265000       -35.4428189991         2.2449866669         1.3429439823         2.2225370732         5.4855980198       -19.6366868178
        1.2154382000        -4.5111662284         2.4558483495         1.3403916554         2.2174333183         1.6761549505       -19.9841173803
        1.2204205000        11.1989769894         2.6422514241         1.3352870017         2.2174333183        -5.9427311881       -19.9841173803
        1.2255174000         3.3439053805         2.5490498868         1.3378393285         2.2174333183        -2.1332881188       -19.9841173803
        1.2304418000        34.2755581511         2.7637537077         1.3352870017         2.2123295633        -5.9427311881       -20.3315479428
        1.2354321000        45.8138487320         2.7774124904         1.3352870017         2.2097776859        -5.9427311881       -20.5052632240
        1.2404391000        19.0540485983         2.7354529614         1.3327346748         2.2174333183        -9.7521742574       -19.9841173803
        1.2454522000        42.6192634251         2.7736430906         1.3250776943         2.2174333183       -21.1805034653       -19.9841173803
        1.2504389000       -12.3662378373         2.3626468122         1.3429439823         2.2174333183         5.4855980198       -19.9841173803
        1.2556482000        -4.5111662284         2.4558483495         1.3403916554         2.2174333183         1.6761549505       -19.9841173803
        1.2604541000        11.1989769894         2.6422514241         1.3352870017         2.2174333183        -5.9427311881       -19.9841173803
        1.2654397000         3.3439053805         2.5490498868         1.3378393285         2.2174333183        -2.1332881188       -19.9841173803
        1.2704302000         3.3439053805         2.5490498868         1.3378393285         2.2174333183        -2.1332881188       -19.9841173803
        1.2754323000       -46.9811095799         2.2254336677         1.3429439823         2.2250889506         5.4855980198       -19.4629715365
        1.2804226000       -20.2213094462         2.2716753107         1.3454963091         2.2174333183         9.2950410891       -19.9841173803
        1.2854422000        42.1306297600         2.7730657193         1.3327346748         2.2123295633        -9.7521742574       -20.3315479428
        1.2904377000         3.3439053805         2.5490498868         1.3378393285         2.2174333183        -2.1332881188       -19.9841173803
        1.2954541000        14.8821959614         2.6859533389         1.3378393285         2.2148814408        -2.1332881188       -20.1578326615
        1.3004633000       -54.8361811888         2.2124398366         1.3454963091         2.2250889506         9.2950410891       -19.4629715365
        1.3055071000       -31.7596000271         2.2513492847         1.3454963091         2.2199851957         9.2950410891       -19.8104020990
        1.3104595000        14.8821959614         2.6859533389         1.3378393285         2.2148814408        -2.1332881188       -20.1578326615
        1.3154371000         3.3439053805         2.5490498868         1.3378393285         2.2174333183        -2.1332881188       -19.9841173803
        1.3204425000        42.1306297600         2.7730657193         1.3327346748         2.2123295633        -9.7521742574       -20.3315479428
        1.3254256000        53.6689203409         2.7866425635         1.3327346748         2.2097776859        -9.7521742574       -20.5052632240
        1.3305066000       -20.2213094462         2.2716753107         1.3454963091         2.2174333183         9.2950410891       -19.9841173803
        1.3354494000        -4.5111662284         2.4558483495         1.3403916554         2.2174333183         1.6761549505       -19.9841173803
        1.3404742000       -20.2213094462         2.2716753107         1.3454963091         2.2174333183         9.2950410891       -19.9841173803
        1.3455195000        -4.5111662284         2.4558483495         1.3403916554         2.2174333183         1.6761549505       -19.9841173803
        1.3505128000       -43.2978906080         2.2316139584         1.3454963091         2.2225370732         9.2950410891       -19.6366868178
        1.3554723000         7.0271243524         2.5927518016         1.3403916554         2.2148814408         1.6761549505       -20.1578326615
        1.3604544000        26.4204865422         2.7543824832         1.3378393285         2.2123295633        -2.1332881188       -20.3315479428
        1.3654244000        53.6689203409         2.7866425635         1.3327346748         2.2097776859        -9.7521742574       -20.5052632240
        1.3704379000        -4.5111662284         2.4558483495         1.3403916554         2.2174333183         1.6761549505       -19.9841173803
        1.3754245000         3.3439053805         2.5490498868         1.3378393285         2.2174333183        -2.1332881188       -19.9841173803
        1.3805083000       -54.8361811888         2.2124398366         1.3454963091         2.2250889506         9.2950410891       -19.4629715365
        1.3854869000        45.8138487320         2.7774124904         1.3352870017         2.2097776859        -5.9427311881       -20.5052632240
        1.3905109000        30.5923391792         2.7593671126         1.3327346748         2.2148814408        -9.7521742574       -20.1578326615
        1.3954409000       -28.5650147202         2.2569165127         1.3557056165         2.2123295633        24.5328133663       -20.3315479428
        1.4004526000       -28.0763810552         2.2577720907         1.3480486360         2.2174333183        13.1044841584       -19.9841173803
        1.4054349000         7.0271243524         2.5927518016         1.3403916554         2.2148814408         1.6761549505       -20.1578326615
        1.4105270000        26.4204865422         2.7543824832         1.3378393285         2.2123295633        -2.1332881188       -20.3315479428
        1.4154523000        42.1306297600         2.7730657193         1.3327346748         2.2123295633        -9.7521742574       -20.3315479428
        1.4204687000       -35.4428189991         2.2449866669         1.3429439823         2.2225370732         5.4855980198       -19.6366868178
        1.4254299000       -12.3662378373         2.3626468122         1.3429439823         2.2174333183         5.4855980198       -19.9841173803
        1.4304437000       -54.8361811888         2.2124398366         1.3454963091         2.2250889506         9.2950410891       -19.4629715365
        1.4354119000       -43.2978906080         2.2316139584         1.3454963091         2.2225370732         9.2950410891       -19.6366868178
        1.4404539000        42.1306297600         2.7730657193         1.3327346748         2.2123295633        -9.7521742574       -20.3315479428
        1.4454362000        26.4204865422         2.7543824832         1.3378393285         2.2123295633        -2.1332881188       -20.3315479428
        1.4508724000       -67.3517390997         2.1922425298         1.3608102703         2.2174333183        32.1516995050       -19.9841173803
        1.4554534000        11.1989769894         2.6422514241         1.3352870017         2.2174333183        -5.9427311881       -19.9841173803
        1.4604462000       -16.0494568093         2.3189448974         1.3403916554         2.2199851957         1.6761549505       -19.8104020990
        1.4654505000        65.2072109218         2.8001063865         1.3327346748         2.2072258084        -9.7521742574       -20.6789785052
        1.4704406000       -39.1260379710         2.2386832723         1.3403916554         2.2250889506         1.6761549505       -19.4629715365
        1.4754228000       -51.1529622169         2.2185013385         1.3480486360         2.2225370732        13.1044841584       -19.6366868178
        1.4804378000        -8.1943852004         2.4121464347         1.3378393285         2.2199851957        -2.1332881188       -19.8104020990
        1.4854330000       -16.0494568093         2.3189448974         1.3403916554         2.2199851957         1.6761549505       -19.8104020990
        1.4905139000        -4.5111662284         2.4558483495         1.3403916554         2.2174333183         1.6761549505       -19.9841173803
        1.4954327000       -43.2978906080         2.2316139584         1.3454963091         2.2225370732         9.2950410891       -19.6366868178
        1.5004492000         3.3439053805         2.5490498868         1.3378393285         2.2174333183        -2.1332881188       -19.9841173803
        1.5054208000        11.1989769894         2.6422514241         1.3352870017         2.2174333183        -5.9427311881       -19.9841173803
        1.5104351000        53.6689203409         2.7866425635         1.3327346748         2.2097776859        -9.7521742574       -20.5052632240
        1.5154420000        22.7372675703         2.7499671598         1.3352870017         2.2148814408        -5.9427311881       -20.1578326615
        1.5204387000        26.9091202072         2.7549672107         1.3301823480         2.2174333183       -13.5616173267       -19.9841173803
        1.5254331000       -43.2978906080         2.2316139584         1.3454963091         2.2225370732         9.2950410891       -19.6366868178
        1.5304270000        27.3977538722         2.7555516989         1.3225253674         2.2225370732       -24.9899465346       -19.6366868178
        1.5354327000        -0.8279472565         2.4995502644         1.3429439823         2.2148814408         5.4855980198       -20.1578326615
        1.5404464000        -8.1943852004         2.4121464347         1.3378393285         2.2199851957        -2.1332881188       -19.8104020990
        1.5454324000        53.6689203409         2.7866425635         1.3327346748         2.2097776859        -9.7521742574       -20.5052632240
        1.5505156000       -62.6912527978         2.1996926557         1.3480486360         2.2250889506        13.1044841584       -19.4629715365
        1.5555277000        22.7372675703         2.7499671598         1.3352870017         2.2148814408        -5.9427311881       -20.1578326615
        1.5605101000         7.0271243524         2.5927518016         1.3403916554         2.2148814408         1.6761549505       -20.1578326615
        1.5654466000        19.0540485983         2.7354529614         1.3327346748         2.2174333183        -9.7521742574       -19.9841173803
        1.5704238000        -8.1943852004         2.4121464347         1.3378393285         2.2199851957        -2.1332881188       -19.8104020990
        1.5754302000         3.3439053805         2.5490498868         1.3378393285         2.2174333183        -2.1332881188       -19.9841173803
        1.5804228000        26.4204865422         2.7543824832         1.3378393285         2.2123295633        -2.1332881188       -20.3315479428
        1.5854370000       -54.8361811888         2.2124398366         1.3454963091         2.2250889506         9.2950410891       -19.4629715365
        1.5906121000         7.5157580174         2.5985495093         1.3327346748         2.2199851957        -9.7521742574       -19.8104020990
        1.5955225000       -23.9045284182         2.2651208962         1.3429439823         2.2199851957         5.4855980198       -19.8104020990
        1.6004320000         7.5157580174         2.5985495093         1.3327346748         2.2199851957        -9.7521742574       -19.8104020990
        1.6054579000       -35.4428189991         2.2449866669         1.3429439823         2.2225370732         5.4855980198       -19.6366868178
        1.6104337000       -19.7326757812         2.2752429826         1.3378393285         2.2225370732        -2.1332881188       -19.6366868178
        1.6154175000       -31.2709663621         2.2521978814         1.3378393285         2.2250889506        -2.1332881188       -19.4629715365
        1.6204483000        49.9857013690         2.7823213001         1.3301823480         2.2123295633       -13.5616173267       -20.3315479428
        1.6254306000        53.6689203409         2.7866425635         1.3327346748         2.2097776859        -9.7521742574       -20.5052632240
        1.6304217000        14.8821959614         2.6859533389         1.3378393285         2.2148814408        -2.1332881188       -20.1578326615
        1.6354309000        -4.5111662284         2.4558483495         1.3403916554         2.2174333183         1.6761549505       -19.9841173803
        1.6405395000         3.3439053805         2.5490498868         1.3378393285         2.2174333183        -2.1332881188       -19.9841173803
        1.6454519000         3.3439053805         2.5490498868         1.3378393285         2.2174333183        -2.1332881188       -19.9841173803
        1.6504616000        53.6689203409         2.7866425635         1.3327346748         2.2097776859        -9.7521742574       -20.5052632240
        1.6554417000        42.1306297600         2.7730657193         1.3327346748         2.2123295633        -9.7521742574       -20.3315479428
        1.6604714000       -19.7326757812         2.2752429826         1.3378393285         2.2225370732        -2.1332881188       -19.6366868178
        1.6654427000       -16.0494568093         2.3189448974         1.3403916554         2.2199851957         1.6761549505       -19.8104020990
        1.6704467000       -35.4428189991         2.2449866669         1.3429439823         2.2225370732         5.4855980198       -19.6366868178
        1.6754657000        14.8821959614         2.6859533389         1.3378393285         2.2148814408        -2.1332881188       -20.1578326615
        1.6804458000        -8.1943852004         2.4121464347         1.3378393285         2.2199851957        -2.1332881188       -19.8104020990
        1.6854182000       -35.9314526641         2.2441470417         1.3506009628         2.2174333183        16.9139272277       -19.9841173803
        1.6904311000        45.8138487320         2.7774124904         1.3352870017         2.2097776859        -5.9427311881       -20.5052632240
        1.6954387000        -4.5111662284         2.4558483495         1.3403916554         2.2174333183         1.6761549505       -19.9841173803
        1.7004619000       -43.2978906080         2.2316139584         1.3454963091         2.2225370732         9.2950410891       -19.6366868178
        1.7054392000       -23.9045284182         2.2651208962         1.3429439823         2.2199851957         5.4855980198       -19.8104020990
        1.7104422000         3.3439053805         2.5490498868         1.3378393285         2.2174333183        -2.1332881188       -19.9841173803
        1.7154301000         3.3439053805         2.5490498868         1.3378393285         2.2174333183        -2.1332881188       -19.9841173803
        1.7205066000         3.3439053805         2.5490498868         1.3378393285         2.2174333183        -2.1332881188       -19.9841173803
        1.7254276000        42.1306297600         2.7730657193         1.3327346748         2.2123295633        -9.7521742574       -20.3315479428
        1.7304424000         3.3439053805         2.5490498868         1.3378393285         2.2174333183        -2.1332881188       -19.9841173803
        1.7354174000       -62.6912527978         2.1996926557         1.3480486360         2.2250889506        13.1044841584       -19.4629715365
        1.7404404000        53.6689203409         2.7866425635         1.3327346748         2.2097776859        -9.7521742574       -20.5052632240
        1.7454380000        -4.5111662284         2.4558483495         1.3403916554         2.2174333183         1.6761549505       -19.9841173803
        1.7504532000       -39.1260379710         2.2386832723         1.3403916554         2.2250889506         1.6761549505       -19.4629715365
        1.7554290000        14.8821959614         2.6859533389         1.3378393285         2.2148814408        -2.1332881188       -20.1578326615
        1.7606396000        26.4204865422         2.7543824832         1.3378393285         2.2123295633        -2.1332881188       -20.3315479428
        1.7655046000        26.4204865422         2.7543824832         1.3378393285         2.2123295633        -2.1332881188       -20.3315479428
        1.7704444000         3.3439053805         2.5490498868         1.3378393285         2.2174333183        -2.1332881188       -19.9841173803
        1.7754352000        42.1306297600         2.7730657193         1.3327346748         2.2123295633        -9.7521742574       -20.3315479428
        1.7804186000        26.4204865422         2.7543824832         1.3378393285         2.2123295633        -2.1332881188       -20.3315479428
        1.7854525000        -4.5111662284         2.4558483495         1.3403916554         2.2174333183         1.6761549505       -19.9841173803
        1.7904342000         3.3439053805         2.5490498868         1.3378393285         2.2174333183        -2.1332881188       -19.9841173803
        1.7955508000        -8.1943852004         2.4121464347         1.3378393285         2.2199851957        -2.1332881188       -19.8104020990
        1.8004462000       -16.0494568093         2.3189448974         1.3403916554         2.2199851957         1.6761549505       -19.8104020990
        1.8054584000        69.3790635587         2.8049483051         1.3276300211         2.2097776859       -17.3710603960       -20.5052632240
        1.8104418000        53.6689203409         2.7866425635         1.3327346748         2.2097776859        -9.7521742574       -20.5052632240
        1.8154269000       -16.0494568093         2.3189448974         1.3403916554         2.2199851957         1.6761549505       -19.8104020990
        1.8204920000       -55.3248148538         2.2116397830         1.3531532897         2.2199851957        20.7233702970       -19.8104020990
        1.8254421000       -39.1260379710         2.2386832723         1.3403916554         2.2250889506         1.6761549505       -19.4629715365
        1.8304268000       -66.3744717697         2.1937979238         1.3454963091         2.2276408281         9.2950410891       -19.2892562553
        1.8355160000        34.2755581511         2.7637537077         1.3352870017         2.2123295633        -5.9427311881       -20.3315479428
        1.8404504000        26.4204865422         2.7543824832         1.3378393285         2.2123295633        -2.1332881188       -20.3315479428
        1.8454343000        30.5923391792         2.7593671126         1.3327346748         2.2148814408        -9.7521742574       -20.1578326615
        1.8504367000       -39.1260379710         2.2386832723         1.3403916554         2.2250889506         1.6761549505       -19.4629715365
        1.8554323000       -23.9045284182         2.2651208962         1.3429439823         2.2199851957         5.4855980198       -19.8104020990
        1.8604375000        -8.1943852004         2.4121464347         1.3378393285         2.2199851957        -2.1332881188       -19.8104020990
        1.8654277000       -16.0494568093         2.3189448974         1.3403916554         2.2199851957         1.6761549505       -19.8104020990
        1.8704259000        49.9857013690         2.7823213001         1.3301823480         2.2123295633       -13.5616173267       -20.3315479428
        1.8755076000       -16.0494568093         2.3189448974         1.3403916554         2.2199851957         1.6761549505       -19.8104020990
        1.8804199000       -54.8361811888         2.2124398366         1.3454963091         2.2250889506         9.2950410891       -19.4629715365
        1.8855214000       -23.9045284182         2.2651208962         1.3429439823         2.2199851957         5.4855980198       -19.8104020990
        1.8904407000       -46.9811095799         2.2254336677         1.3429439823         2.2250889506         5.4855980198       -19.4629715365
        1.8955056000       -42.8092569430         2.2324381413         1.3378393285         2.2276408281        -2.1332881188       -19.2892562553
        1.9004306000         3.3439053805         2.5490498868         1.3378393285         2.2174333183        -2.1332881188       -19.9841173803
        1.9054492000         3.3439053805         2.5490498868         1.3378393285         2.2174333183        -2.1332881188       -19.9841173803
        1.9104274000        92.9442783855         2.8320616273         1.3199730405         2.2097776859       -28.7993896040       -20.5052632240
        1.9154144000       -16.0494568093         2.3189448974         1.3403916554         2.2199851957         1.6761549505       -19.8104020990
        1.9204534000       -43.2978906080         2.2316139584         1.3454963091         2.2225370732         9.2950410891       -19.6366868178
        1.9254364000       -27.5877473902         2.2586287451         1.3403916554         2.2225370732         1.6761549505       -19.6366868178
        1.9304356000      -109.8216824512         2.1278918304         1.3633625971         2.2250889506        35.9611425743       -19.4629715365
        1.9354501000        89.2610594135         2.8278487536         1.3174207137         2.2123295633       -32.6088326733       -20.3315479428
        1.9405053000        69.8676972237         2.8055145473         1.3199730405         2.2148814408       -28.7993896040       -20.1578326615
        1.9454273000       -16.5380904743         2.3131471898         1.3480486360         2.2148814408        13.1044841584       -20.1578326615
        1.9504453000        14.8821959614         2.6859533389         1.3378393285         2.2148814408        -2.1332881188       -20.1578326615
        1.9554265000        22.7372675703         2.7499671598         1.3352870017         2.2148814408        -5.9427311881       -20.1578326615
        1.9604693000         7.0271243524         2.5927518016         1.3403916554         2.2148814408         1.6761549505       -20.1578326615
        1.9655222000        19.0540485983         2.7354529614         1.3327346748         2.2174333183        -9.7521742574       -19.9841173803
        1.9704427000        22.7372675703         2.7499671598         1.3352870017         2.2148814408        -5.9427311881       -20.1578326615
        1.9755137000        -0.8279472565         2.4995502644         1.3429439823         2.2148814408         5.4855980198       -20.1578326615
        1.9804943000        11.1989769894         2.6422514241         1.3352870017         2.2174333183        -5.9427311881       -19.9841173803
        1.9854297000        -0.8279472565         2.4995502644         1.3429439823         2.2148814408         5.4855980198       -20.1578326615
        1.9904358000       -31.7596000271         2.2513492847         1.3454963091         2.2199851957         9.2950410891       -19.8104020990
        1.9954489000        61.5239919498         2.7958202570         1.3301823480         2.2097776859       -13.5616173267       -20.5052632240
        2.0004346000        19.0540485983         2.7354529614         1.3327346748         2.2174333183        -9.7521742574       -19.9841173803
        2.0058142000         3.3439053805         2.5490498868         1.3378393285         2.2174333183        -2.1332881188       -19.9841173803
        2.0104239000        14.8821959614         2.6859533389         1.3378393285         2.2148814408        -2.1332881188       -20.1578326615
        2.0155063000        -8.6830188654         2.4063487271         1.3454963091         2.2148814408         9.2950410891       -20.1578326615
        2.0204471000       -35.4428189991         2.2449866669         1.3429439823         2.2225370732         5.4855980198       -19.6366868178
        2.0255080000        11.1989769894         2.6422514241         1.3352870017         2.2174333183        -5.9427311881       -19.9841173803
        2.0305185000        42.1306297600         2.7730657193         1.3327346748         2.2123295633        -9.7521742574       -20.3315479428
        2.0354582000        42.1306297600         2.7730657193         1.3327346748         2.2123295633        -9.7521742574       -20.3315479428
        2.0404350000        26.4204865422         2.7543824832         1.3378393285         2.2123295633        -2.1332881188       -20.3315479428
        2.0454479000       -47.4697432449         2.2246180059         1.3506009628         2.2199851957        16.9139272277       -19.8104020990
        2.0504248000       -51.1529622169         2.2185013385         1.3480486360         2.2225370732        13.1044841584       -19.6366868178
        2.0555174000        73.5509161957         2.8097769864         1.3225253674         2.2123295633       -24.9899465346       -20.3315479428
        2.0604247000        -8.1943852004         2.4121464347         1.3378393285         2.2199851957        -2.1332881188       -19.8104020990
        2.0654381000        14.8821959614         2.6859533389         1.3378393285         2.2148814408        -2.1332881188       -20.1578326615
        2.0704245000        11.1989769894         2.6422514241         1.3352870017         2.2174333183        -5.9427311881       -19.9841173803
        2.0754235000       -54.8361811888         2.2124398366         1.3454963091         2.2250889506         9.2950410891       -19.4629715365
        2.0804575000         7.0271243524         2.5927518016         1.3403916554         2.2148814408         1.6761549505       -20.1578326615
        2.0854661000        -0.3393135915         2.5053479720         1.3352870017         2.2199851957        -5.9427311881       -19.8104020990
        2.0904561000       -23.9045284182         2.2651208962         1.3429439823         2.2199851957         5.4855980198       -19.8104020990
        2.0954575000      -105.6498298143         2.1339508176         1.3582579434         2.2276408281        28.3422564356       -19.2892562553
        2.1004617000       -43.7865242730         2.2307907819         1.3531532897         2.2174333183        20.7233702970       -19.9841173803
        2.1055072000        30.5923391792         2.7593671126         1.3327346748         2.2148814408        -9.7521742574       -20.1578326615
        2.1104421000        42.1306297600         2.7730657193         1.3327346748         2.2123295633        -9.7521742574       -20.3315479428
        2.1155130000       -54.8361811888         2.2124398366         1.3454963091         2.2250889506         9.2950410891       -19.4629715365
        2.1205168000        11.1989769894         2.6422514241         1.3352870017         2.2174333183        -5.9427311881       -19.9841173803
        2.1254492000        -8.1943852004         2.4121464347         1.3378393285         2.2199851957        -2.1332881188       -19.8104020990
        2.1304600000         3.3439053805         2.5490498868         1.3378393285         2.2174333183        -2.1332881188       -19.9841173803
        2.1354930000        -8.1943852004         2.4121464347         1.3378393285         2.2199851957        -2.1332881188       -19.8104020990
        2.1404427000        34.2755581511         2.7637537077         1.3352870017         2.2123295633        -5.9427311881       -20.3315479428
        2.1455131000       -54.8361811888         2.2124398366         1.3454963091         2.2250889506         9.2950410891       -19.4629715365
        2.1504477000        -8.1943852004         2.4121464347         1.3378393285         2.2199851957        -2.1332881188       -19.8104020990
        2.1554340000        -4.5111662284         2.4558483495         1.3403916554         2.2174333183         1.6761549505       -19.9841173803
        2.1604898000        42.1306297600         2.7730657193         1.3327346748         2.2123295633        -9.7521742574       -20.3315479428
        2.1654210000        38.4474107881         2.7687065414         1.3301823480         2.2148814408       -13.5616173267       -20.1578326615
        2.1705229000        -8.1943852004         2.4121464347         1.3378393285         2.2199851957        -2.1332881188       -19.8104020990
        2.1754893000         3.3439053805         2.5490498868         1.3378393285         2.2174333183        -2.1332881188       -19.9841173803
        2.1805030000       -54.8361811888         2.2124398366         1.3454963091         2.2250889506         9.2950410891       -19.4629715365
        2.1854380000       -62.6912527978         2.1996926557         1.3480486360         2.2250889506        13.1044841584       -19.4629715365
        2.1904451000        37.9587771231         2.7681272843         1.3378393285         2.2097776859        -2.1332881188       -20.5052632240
        2.1954339000       -16.0494568093         2.3189448974         1.3403916554         2.2199851957         1.6761549505       -19.8104020990
        2.2004210000         3.3439053805         2.5490498868         1.3378393285         2.2174333183        -2.1332881188       -19.9841173803
        2.2054992000        -8.1943852004         2.4121464347         1.3378393285         2.2199851957        -2.1332881188       -19.8104020990
        2.2104316000         3.3439053805         2.5490498868         1.3378393285         2.2174333183        -2.1332881188       -19.9841173803
        2.2154431000        49.9857013690         2.7823213001         1.3301823480         2.2123295633       -13.5616173267       -20.3315479428
        2.2204342000       -54.8361811888         2.2124398366         1.3454963091         2.2250889506         9.2950410891       -19.4629715365
        2.2254470000        11.1989769894         2.6422514241         1.3352870017         2.2174333183        -5.9427311881       -19.9841173803
        2.2305001000        30.5923391792         2.7593671126         1.3327346748         2.2148814408        -9.7521742574       -20.1578326615
        2.2355076000        -4.5111662284         2.4558483495         1.3403916554         2.2174333183         1.6761549505       -19.9841173803
        2.2404418000        -8.1943852004         2.4121464347         1.3378393285         2.2199851957        -2.1332881188       -19.8104020990
        2.2454334000        42.1306297600         2.7730657193         1.3327346748         2.2123295633        -9.7521742574       -20.3315479428
        2.2504214000        -8.1943852004         2.4121464347         1.3378393285         2.2199851957        -2.1332881188       -19.8104020990
        2.2554152000       -46.9811095799         2.2254336677         1.3429439823         2.2250889506         5.4855980198       -19.4629715365
        2.2604230000        34.2755581511         2.7637537077         1.3352870017         2.2123295633        -5.9427311881       -20.3315479428
        2.2654849000        -8.1943852004         2.4121464347         1.3378393285         2.2199851957        -2.1332881188       -19.8104020990
        2.2704273000        -8.1943852004         2.4121464347         1.3378393285         2.2199851957        -2.1332881188       -19.8104020990
        2.2754909000       -54.8361811888         2.2124398366         1.3454963091         2.2250889506         9.2950410891       -19.4629715365
        2.2804205000        -0.3393135915         2.5053479720         1.3352870017         2.2199851957        -5.9427311881       -19.8104020990
        2.2855034000       -54.8361811888         2.2124398366         1.3454963091         2.2250889506         9.2950410891       -19.4629715365
        2.2905115000       -31.7596000271         2.2513492847         1.3454963091         2.2199851957         9.2950410891       -19.8104020990
        2.2954987000        38.4474107881         2.7687065414         1.3301823480         2.2148814408       -13.5616173267       -20.1578326615
        2.3004452000        -4.5111662284         2.4558483495         1.3403916554         2.2174333183         1.6761549505       -19.9841173803
        2.3055116000        -4.5111662284         2.4558483495         1.3403916554         2.2174333183         1.6761549505       -19.9841173803
        2.3104310000        11.1989769894         2.6422514241         1.3352870017         2.2174333183        -5.9427311881       -19.9841173803
        2.3154426000       -16.0494568093         2.3189448974         1.3403916554         2.2199851957         1.6761549505       -19.8104020990
        2.3204963000       -31.2709663621         2.2521978814         1.3378393285         2.2250889506        -2.1332881188       -19.4629715365
        2.3254295000       -46.9811095799         2.2254336677         1.3429439823         2.2250889506         5.4855980198       -19.4629715365
        2.3304411000        -8.1943852004         2.4121464347         1.3378393285         2.2199851957        -2.1332881188       -19.8104020990
        2.3355038000        -4.5111662284         2.4558483495         1.3403916554         2.2174333183         1.6761549505       -19.9841173803
        2.3404413000      -109.8216824512         2.1278918304         1.3633625971         2.2250889506        35.9611425743       -19.4629715365
        2.3454431000       -63.1798864628         2.1989076463         1.3557056165         2.2199851957        24.5328133663       -19.8104020990
        2.3504292000        65.6958445868         2.8006742001         1.3250776943         2.2123295633       -21.1805034653       -20.3315479428
        2.3554837000        34.7641918161         2.7643346703         1.3276300211         2.2174333183       -17.3710603960       -19.9841173803
        2.3604289000       -20.2213094462         2.2716753107         1.3454963091         2.2174333183         9.2950410891       -19.9841173803
        2.3654420000        -4.5111662284         2.4558483495         1.3403916554         2.2174333183         1.6761549505       -19.9841173803
        2.3704190000       -35.4428189991         2.2449866669         1.3429439823         2.2225370732         5.4855980198       -19.6366868178
        2.3754951000        34.2755581511         2.7637537077         1.3352870017         2.2123295633        -5.9427311881       -20.3315479428
        2.3805167000       -35.4428189991         2.2449866669         1.3429439823         2.2225370732         5.4855980198       -19.6366868178
        2.3854896000       -43.2978906080         2.2316139584         1.3454963091         2.2225370732         9.2950410891       -19.6366868178
        2.3904369000       -43.2978906080         2.2316139584         1.3454963091         2.2225370732         9.2950410891       -19.6366868178
        2.3954151000        -4.0225325634         2.4616460572         1.3327346748         2.2225370732        -9.7521742574       -19.6366868178
        2.4004327000        22.7372675703         2.7499671598         1.3352870017         2.2148814408        -5.9427311881       -20.1578326615
        2.4054541000        45.8138487320         2.7774124904         1.3352870017         2.2097776859        -5.9427311881       -20.5052632240
        2.4104942000       -23.9045284182         2.2651208962         1.3429439823         2.2199851957         5.4855980198       -19.8104020990
        2.4155096000        14.8821959614         2.6859533389         1.3378393285         2.2148814408        -2.1332881188       -20.1578326615
        2.4204824000         7.0271243524         2.5927518016         1.3403916554         2.2148814408         1.6761549505       -20.1578326615
        2.4254307000       -43.2978906080         2.2316139584         1.3454963091         2.2225370732         9.2950410891       -19.6366868178
        2.4304382000        57.3521393129         2.7909523108         1.3352870017         2.2072258084        -5.9427311881       -20.6789785052
        2.4355116000       -82.5732486525         2.1684698776         1.3582579434         2.2225370732        28.3422564356       -19.6366868178
        2.4405017000       -32.7368673571         2.2496552668         1.3608102703         2.2097776859        32.1516995050       -20.5052632240
        2.4454896000        14.8821959614         2.6859533389         1.3378393285         2.2148814408        -2.1332881188       -20.1578326615
        2.4504901000        37.9587771231         2.7681272843         1.3378393285         2.2097776859        -2.1332881188       -20.5052632240
        2.4556436000        53.6689203409         2.7866425635         1.3327346748         2.2097776859        -9.7521742574       -20.5052632240
        2.4605031000         3.3439053805         2.5490498868         1.3378393285         2.2174333183        -2.1332881188       -19.9841173803
        2.4654279000       -35.4428189991         2.2449866669         1.3429439823         2.2225370732         5.4855980198       -19.6366868178
        2.4704778000       -43.2978906080         2.2316139584         1.3454963091         2.2225370732         9.2950410891       -19.6366868178
        2.4756179000        45.8138487320         2.7774124904         1.3352870017         2.2097776859        -5.9427311881       -20.5052632240
        2.4804800000         3.3439053805         2.5490498868         1.3378393285         2.2174333183        -2.1332881188       -19.9841173803
        2.4855004000       -47.9583769099         2.2238033317         1.3582579434         2.2148814408        28.3422564356       -20.1578326615
        2.4904979000       -32.2482336921         2.2505017472         1.3531532897         2.2148814408        20.7233702970       -20.1578326615
        2.4954288000        22.7372675703         2.7499671598         1.3352870017         2.2148814408        -5.9427311881       -20.1578326615
        2.5005067000         7.0271243524         2.5927518016         1.3403916554         2.2148814408         1.6761549505       -20.1578326615
        2.5055003000        -8.1943852004         2.4121464347         1.3378393285         2.2199851957        -2.1332881188       -19.8104020990
        2.5105008000        42.1306297600         2.7730657193         1.3327346748         2.2123295633        -9.7521742574       -20.3315479428
        2.5154273000        30.5923391792         2.7593671126         1.3327346748         2.2148814408        -9.7521742574       -20.1578326615
        2.5204492000         3.3439053805         2.5490498868         1.3378393285         2.2174333183        -2.1332881188       -19.9841173803
        2.5254272000       -39.6146716360         2.2378514318         1.3480486360         2.2199851957        13.1044841584       -19.8104020990
        2.5304251000         7.0271243524         2.5927518016         1.3403916554         2.2148814408         1.6761549505       -20.1578326615
        2.5354790000        14.8821959614         2.6859533389         1.3378393285         2.2148814408        -2.1332881188       -20.1578326615
        2.5404108000        65.2072109218         2.8001063865         1.3327346748         2.2072258084        -9.7521742574       -20.6789785052
        2.5454815000        14.8821959614         2.6859533389         1.3378393285         2.2148814408        -2.1332881188       -20.1578326615
        2.5504138000        22.7372675703         2.7499671598         1.3352870017         2.2148814408        -5.9427311881       -20.1578326615
        2.5555019000         3.3439053805         2.5490498868         1.3378393285         2.2174333183        -2.1332881188       -19.9841173803
        2.5604342000        14.8821959614         2.6859533389         1.3378393285         2.2148814408        -2.1332881188       -20.1578326615
        2.5654865000       -43.2978906080         2.2316139584         1.3454963091         2.2225370732         9.2950410891       -19.6366868178
        2.5704767000        -8.6830188654         2.4063487271         1.3454963091         2.2148814408         9.2950410891       -20.1578326615
        2.5754939000         7.0271243524         2.5927518016         1.3403916554         2.2148814408         1.6761549505       -20.1578326615
        2.5804239000       -51.1529622169         2.2185013385         1.3480486360         2.2225370732        13.1044841584       -19.6366868178
        2.5854905000        42.1306297600         2.7730657193         1.3327346748         2.2123295633        -9.7521742574       -20.3315479428
        2.5906220000         7.0271243524         2.5927518016         1.3403916554         2.2148814408         1.6761549505       -20.1578326615
        2.5954924000         3.3439053805         2.5490498868         1.3378393285         2.2174333183        -2.1332881188       -19.9841173803
        2.6004934000       -35.4428189991         2.2449866669         1.3429439823         2.2225370732         5.4855980198       -19.6366868178
        2.6054267000       -31.7596000271         2.2513492847         1.3454963091         2.2199851957         9.2950410891       -19.8104020990
        2.6104725000        53.6689203409         2.7866425635         1.3327346748         2.2097776859        -9.7521742574       -20.5052632240
        2.6155024000       -19.7326757812         2.2752429826         1.3378393285         2.2225370732        -2.1332881188       -19.6366868178
        2.6205019000        53.6689203409         2.7866425635         1.3327346748         2.2097776859        -9.7521742574       -20.5052632240
        2.6254960000         7.0271243524         2.5927518016         1.3403916554         2.2148814408         1.6761549505       -20.1578326615
        2.6304864000       -20.2213094462         2.2716753107         1.3454963091         2.2174333183         9.2950410891       -19.9841173803
        2.6354796000       -31.7596000271         2.2513492847         1.3454963091         2.2199851957         9.2950410891       -19.8104020990
        2.6404234000       -31.7596000271         2.2513492847         1.3454963091         2.2199851957         9.2950410891       -19.8104020990
        2.6455063000        14.8821959614         2.6859533389         1.3378393285         2.2148814408        -2.1332881188       -20.1578326615
        2.6504755000        53.6689203409         2.7866425635         1.3327346748         2.2097776859        -9.7521742574       -20.5052632240
        2.6554926000        61.5239919498         2.7958202570         1.3301823480         2.2097776859       -13.5616173267       -20.5052632240
        2.6604763000        61.5239919498         2.7958202570         1.3301823480         2.2097776859       -13.5616173267       -20.5052632240
        2.6654917000        14.8821959614         2.6859533389         1.3378393285         2.2148814408        -2.1332881188       -20.1578326615
        2.6704218000        19.0540485983         2.7354529614         1.3327346748         2.2174333183        -9.7521742574       -19.9841173803
        2.6754783000       -43.2978906080         2.2316139584         1.3454963091         2.2225370732         9.2950410891       -19.6366868178
        2.6805903000         3.3439053805         2.5490498868         1.3378393285         2.2174333183        -2.1332881188       -19.9841173803
        2.6854778000         3.3439053805         2.5490498868         1.3378393285         2.2174333183        -2.1332881188       -19.9841173803
        2.6904868000         7.0271243524         2.5927518016         1.3403916554         2.2148814408         1.6761549505       -20.1578326615
        2.6955635000         7.0271243524         2.5927518016         1.3403916554         2.2148814408         1.6761549505       -20.1578326615
        2.7004382000       -19.7326757812         2.2752429826         1.3378393285         2.2225370732        -2.1332881188       -19.6366868178
        2.7054989000        53.6689203409         2.7866425635         1.3327346748         2.2097776859        -9.7521742574       -20.5052632240
        2.7104886000       -43.2978906080         2.2316139584         1.3454963091         2.2225370732         9.2950410891       -19.6366868178
        2.7154895000         3.3439053805         2.5490498868         1.3378393285         2.2174333183        -2.1332881188       -19.9841173803
        2.7204897000         3.3439053805         2.5490498868         1.3378393285         2.2174333183        -2.1332881188       -19.9841173803
        2.7254923000        45.8138487320         2.7774124904         1.3352870017         2.2097776859        -5.9427311881       -20.5052632240
        2.7304902000       -43.2978906080         2.2316139584         1.3454963091         2.2225370732         9.2950410891       -19.6366868178
        2.7355067000        -4.5111662284         2.4558483495         1.3403916554         2.2174333183         1.6761549505       -19.9841173803
        2.7404986000        11.1989769894         2.6422514241         1.3352870017         2.2174333183        -5.9427311881       -19.9841173803
        2.7454861000        53.6689203409         2.7866425635         1.3327346748         2.2097776859        -9.7521742574       -20.5052632240
        2.7504760000        11.1989769894         2.6422514241         1.3352870017         2.2174333183        -5.9427311881       -19.9841173803
        2.7554338000        53.6689203409         2.7866425635         1.3327346748         2.2097776859        -9.7521742574       -20.5052632240
        2.7605168000       -43.2978906080         2.2316139584         1.3454963091         2.2225370732         9.2950410891       -19.6366868178
        2.7654759000       -74.7181770436         2.1806328083         1.3557056165         2.2225370732        24.5328133663       -19.6366868178
        2.7705013000        19.0540485983         2.7354529614         1.3327346748         2.2174333183        -9.7521742574       -19.9841173803
        2.7754756000       -32.2482336921         2.2505017472         1.3531532897         2.2148814408        20.7233702970       -20.1578326615
        2.7805199000         2.8552717155         2.5432521792         1.3454963091         2.2123295633         9.2950410891       -20.3315479428
        2.7854977000        -4.5111662284         2.4558483495         1.3403916554         2.2174333183         1.6761549505       -19.9841173803
        2.7904891000         3.3439053805         2.5490498868         1.3378393285         2.2174333183        -2.1332881188       -19.9841173803
        2.7954861000       -43.2978906080         2.2316139584         1.3454963091         2.2225370732         9.2950410891       -19.6366868178
        2.8004709000       -35.4428189991         2.2449866669         1.3429439823         2.2225370732         5.4855980198       -19.6366868178
        2.8055123000        53.6689203409         2.7866425635         1.3327346748         2.2097776859        -9.7521742574       -20.5052632240
        2.8104948000        53.6689203409         2.7866425635         1.3327346748         2.2097776859        -9.7521742574       -20.5052632240
        2.8156310000         3.3439053805         2.5490498868         1.3378393285         2.2174333183        -2.1332881188       -19.9841173803
        2.8204911000        42.1306297600         2.7730657193         1.3327346748         2.2123295633        -9.7521742574       -20.3315479428
        2.8254946000        26.9091202072         2.7549672107         1.3301823480         2.2174333183       -13.5616173267       -19.9841173803
        2.8304861000       -55.3248148538         2.2116397830         1.3531532897         2.2199851957        20.7233702970       -19.8104020990
        2.8354907000       -67.3517390997         2.1922425298         1.3608102703         2.2174333183        32.1516995050       -19.9841173803
        2.8404745000       -19.7326757812         2.2752429826         1.3378393285         2.2225370732        -2.1332881188       -19.6366868178
        2.8454891000       -20.2213094462         2.2716753107         1.3454963091         2.2174333183         9.2950410891       -19.9841173803
        2.8504950000        65.2072109218         2.8001063865         1.3327346748         2.2072258084        -9.7521742574       -20.6789785052
        2.8554866000        53.6689203409         2.7866425635         1.3327346748         2.2097776859        -9.7521742574       -20.5052632240
        2.8604844000        14.8821959614         2.6859533389         1.3378393285         2.2148814408        -2.1332881188       -20.1578326615
        2.8654747000        26.9091202072         2.7549672107         1.3301823480         2.2174333183       -13.5616173267       -19.9841173803
        2.8704856000       -35.4428189991         2.2449866669         1.3429439823         2.2225370732         5.4855980198       -19.6366868178
        2.8755000000        26.9091202072         2.7549672107         1.3301823480         2.2174333183       -13.5616173267       -19.9841173803
        2.8804714000       -35.4428189991         2.2449866669         1.3429439823         2.2225370732         5.4855980198       -19.6366868178
        2.8854837000         3.3439053805         2.5490498868         1.3378393285         2.2174333183        -2.1332881188       -19.9841173803
        2.8904747000        11.1989769894         2.6422514241         1.3352870017         2.2174333183        -5.9427311881       -19.9841173803
        2.8954843000        53.6689203409         2.7866425635         1.3327346748         2.2097776859        -9.7521742574       -20.5052632240
        2.9004828000         3.3439053805         2.5490498868         1.3378393285         2.2174333183        -2.1332881188       -19.9841173803
        2.9054797000        19.0540485983         2.7354529614         1.3327346748         2.2174333183        -9.7521742574       -19.9841173803
        2.9104827000        -4.5111662284         2.4558483495         1.3403916554         2.2174333183         1.6761549505       -19.9841173803
        2.9155032000       -46.9811095799         2.2254336677         1.3429439823         2.2250889506         5.4855980198       -19.4629715365
        2.9204877000       -11.8776041723         2.3684445199         1.3352870017         2.2225370732        -5.9427311881       -19.6366868178
        2.9254859000        -4.5111662284         2.4558483495         1.3403916554         2.2174333183         1.6761549505       -19.9841173803
        2.9304731000       -20.2213094462         2.2716753107         1.3454963091         2.2174333183         9.2950410891       -19.9841173803
        2.9354938000        34.2755581511         2.7637537077         1.3352870017         2.2123295633        -5.9427311881       -20.3315479428
        2.9404945000        19.0540485983         2.7354529614         1.3327346748         2.2174333183        -9.7521742574       -19.9841173803
        2.9454911000        42.1306297600         2.7730657193         1.3327346748         2.2123295633        -9.7521742574       -20.3315479428
        2.9504878000        26.9091202072         2.7549672107         1.3301823480         2.2174333183       -13.5616173267       -19.9841173803
        2.9554855000        19.0540485983         2.7354529614         1.3327346748         2.2174333183        -9.7521742574       -19.9841173803
        2.9604925000       -70.5463244067         2.1871831087         1.3506009628         2.2250889506        16.9139272277       -19.4629715365
        2.9654932000       -47.4697432449         2.2246180059         1.3506009628         2.2199851957        16.9139272277       -19.8104020990
        2.9704714000        65.6958445868         2.8006742001         1.3250776943         2.2123295633       -21.1805034653       -20.3315479428
        2.9754840000       -42.8092569430         2.2324381413         1.3378393285         2.2276408281        -2.1332881188       -19.2892562553
        2.9804678000       -27.5877473902         2.2586287451         1.3403916554         2.2225370732         1.6761549505       -19.6366868178
        2.9854846000         7.5157580174         2.5985495093         1.3327346748         2.2199851957        -9.7521742574       -19.8104020990
        2.9904797000        22.7372675703         2.7499671598         1.3352870017         2.2148814408        -5.9427311881       -20.1578326615
        2.9954741000        30.5923391792         2.7593671126         1.3327346748         2.2148814408        -9.7521742574       -20.1578326615
        3.0004793000         7.5157580174         2.5985495093         1.3327346748         2.2199851957        -9.7521742574       -19.8104020990
        3.0054817000       -16.0494568093         2.3189448974         1.3403916554         2.2199851957         1.6761549505       -19.8104020990
        3.0104829000       -66.3744717697         2.1937979238         1.3454963091         2.2276408281         9.2950410891       -19.2892562553
        3.0154964000       -16.0494568093         2.3189448974         1.3403916554         2.2199851957         1.6761549505       -19.8104020990
        3.0204962000       -63.1798864628         2.1989076463         1.3557056165         2.2199851957        24.5328133663       -19.8104020990
        3.0254985000       -55.3248148538         2.2116397830         1.3531532897         2.2199851957        20.7233702970       -19.8104020990
        3.0304957000       -66.3744717697         2.1937979238         1.3454963091         2.2276408281         9.2950410891       -19.2892562553
        3.0354791000       -54.8361811888         2.2124398366         1.3454963091         2.2250889506         9.2950410891       -19.4629715365
        3.0404848000        11.1989769894         2.6422514241         1.3352870017         2.2174333183        -5.9427311881       -19.9841173803
        3.0454698000        -8.1943852004         2.4121464347         1.3378393285         2.2199851957        -2.1332881188       -19.8104020990
        3.0504782000        26.9091202072         2.7549672107         1.3301823480         2.2174333183       -13.5616173267       -19.9841173803
        3.0554979000       -31.2709663621         2.2521978814         1.3378393285         2.2250889506        -2.1332881188       -19.4629715365
        3.0604716000       -70.5463244067         2.1871831087         1.3506009628         2.2250889506        16.9139272277       -19.4629715365
        3.0654769000        -0.3393135915         2.5053479720         1.3352870017         2.2199851957        -5.9427311881       -19.8104020990
        3.0705006000        73.5509161957         2.8097769864         1.3225253674         2.2123295633       -24.9899465346       -20.3315479428
        3.0754829000       -67.3517390997         2.1922425298         1.3608102703         2.2174333183        32.1516995050       -19.9841173803
        3.0804921000       -62.6912527978         2.1996926557         1.3480486360         2.2250889506        13.1044841584       -19.4629715365
        3.0854695000       -27.5877473902         2.2586287451         1.3403916554         2.2225370732         1.6761549505       -19.6366868178
        3.0911203000        -0.3393135915         2.5053479720         1.3352870017         2.2199851957        -5.9427311881       -19.8104020990
        3.0954690000        77.2341351677         2.8140294226         1.3250776943         2.2097776859       -21.1805034653       -20.5052632240
        3.1005052000       -12.3662378373         2.3626468122         1.3429439823         2.2174333183         5.4855980198       -19.9841173803
        3.1054896000       -43.2978906080         2.2316139584         1.3454963091         2.2225370732         9.2950410891       -19.6366868178
        3.1104790000       -27.5877473902         2.2586287451         1.3403916554         2.2225370732         1.6761549505       -19.6366868178
        3.1155112000       -12.3662378373         2.3626468122         1.3429439823         2.2174333183         5.4855980198       -19.9841173803
        3.1205037000        38.4474107881         2.7687065414         1.3301823480         2.2148814408       -13.5616173267       -20.1578326615
        3.1255014000       -47.9583769099         2.2238033317         1.3582579434         2.2148814408        28.3422564356       -20.1578326615
        3.1304995000       -82.5732486525         2.1684698776         1.3582579434         2.2225370732        28.3422564356       -19.6366868178
        3.1354710000        73.0622825307         2.8092120921         1.3301823480         2.2072258084       -13.5616173267       -20.6789785052
        3.1404822000       100.7993499944         2.8410180469         1.3174207137         2.2097776859       -32.6088326733       -20.5052632240
        3.1454740000       -16.5380904743         2.3131471898         1.3480486360         2.2148814408        13.1044841584       -20.1578326615
        3.1504819000       -23.9045284182         2.2651208962         1.3429439823         2.2199851957         5.4855980198       -19.8104020990
        3.1554855000        22.7372675703         2.7499671598         1.3352870017         2.2148814408        -5.9427311881       -20.1578326615
        3.1604716000        -8.6830188654         2.4063487271         1.3454963091         2.2148814408         9.2950410891       -20.1578326615
        3.1654892000        73.0622825307         2.8092120921         1.3301823480         2.2072258084       -13.5616173267       -20.6789785052
        3.1704997000        -0.8279472565         2.4995502644         1.3429439823         2.2148814408         5.4855980198       -20.1578326615
        3.1754772000        65.2072109218         2.8001063865         1.3327346748         2.2072258084        -9.7521742574       -20.6789785052
        3.1807643000        22.7372675703         2.7499671598         1.3352870017         2.2148814408        -5.9427311881       -20.1578326615
        3.1855144000        14.8821959614         2.6859533389         1.3378393285         2.2148814408        -2.1332881188       -20.1578326615
        3.1904798000       -23.9045284182         2.2651208962         1.3429439823         2.2199851957         5.4855980198       -19.8104020990
        3.1954963000        76.7455015026         2.8134658393         1.3327346748         2.2046739310        -9.7521742574       -20.8526937865
        3.2004678000        18.5654149333         2.7296552538         1.3403916554         2.2123295633         1.6761549505       -20.3315479428
        3.2054741000        -0.8279472565         2.4995502644         1.3429439823         2.2148814408         5.4855980198       -20.1578326615
        3.2104679000        34.2755581511         2.7637537077         1.3352870017         2.2123295633        -5.9427311881       -20.3315479428
        3.2154742000        92.9442783855         2.8320616273         1.3199730405         2.2097776859       -28.7993896040       -20.5052632240
        3.2204941000       -43.7865242730         2.2307907819         1.3531532897         2.2174333183        20.7233702970       -19.9841173803
        3.2257615000       -78.8900296806         2.1741457004         1.3608102703         2.2199851957        32.1516995050       -19.8104020990
        3.2304938000        73.5509161957         2.8097769864         1.3225253674         2.2123295633       -24.9899465346       -20.3315479428
        3.2354668000        61.5239919498         2.7958202570         1.3301823480         2.2097776859       -13.5616173267       -20.5052632240
        3.2404990000         7.0271243524         2.5927518016         1.3403916554         2.2148814408         1.6761549505       -20.1578326615
        3.2454817000       -35.4428189991         2.2449866669         1.3429439823         2.2225370732         5.4855980198       -19.6366868178
        3.2504261000       -62.6912527978         2.1996926557         1.3480486360         2.2250889506        13.1044841584       -19.4629715365
        3.2554882000       -16.0494568093         2.3189448974         1.3403916554         2.2199851957         1.6761549505       -19.8104020990
        3.2604651000        11.1989769894         2.6422514241         1.3352870017         2.2174333183        -5.9427311881       -19.9841173803
        3.2654761000        26.4204865422         2.7543824832         1.3378393285         2.2123295633        -2.1332881188       -20.3315479428
        3.2704766000        -8.1943852004         2.4121464347         1.3378393285         2.2199851957        -2.1332881188       -19.8104020990
        3.2754662000        -8.1943852004         2.4121464347         1.3378393285         2.2199851957        -2.1332881188       -19.8104020990
        3.2804764000       -46.9811095799         2.2254336677         1.3429439823         2.2250889506         5.4855980198       -19.4629715365
        3.2854890000        -0.3393135915         2.5053479720         1.3352870017         2.2199851957        -5.9427311881       -19.8104020990
        3.2904748000       -16.0494568093         2.3189448974         1.3403916554         2.2199851957         1.6761549505       -19.8104020990
        3.2954771000        42.1306297600         2.7730657193         1.3327346748         2.2123295633        -9.7521742574       -20.3315479428
        3.3004647000        38.4474107881         2.7687065414         1.3301823480         2.2148814408       -13.5616173267       -20.1578326615
        3.3054827000        -8.1943852004         2.4121464347         1.3378393285         2.2199851957        -2.1332881188       -19.8104020990
        3.3104852000       -35.4428189991         2.2449866669         1.3429439823         2.2225370732         5.4855980198       -19.6366868178
        3.3154682000       -54.8361811888         2.2124398366         1.3454963091         2.2250889506         9.2950410891       -19.4629715365
        3.3204749000         3.3439053805         2.5490498868         1.3378393285         2.2174333183        -2.1332881188       -19.9841173803
        3.3254809000        -0.3393135915         2.5053479720         1.3352870017         2.2199851957        -5.9427311881       -19.8104020990
        3.3304666000        34.2755581511         2.7637537077         1.3352870017         2.2123295633        -5.9427311881       -20.3315479428
        3.3354840000        -8.1943852004         2.4121464347         1.3378393285         2.2199851957        -2.1332881188       -19.8104020990
        3.3404627000        11.1989769894         2.6422514241         1.3352870017         2.2174333183        -5.9427311881       -19.9841173803
        3.3454732000       -54.8361811888         2.2124398366         1.3454963091         2.2250889506         9.2950410891       -19.4629715365
        3.3504695000       -46.9811095799         2.2254336677         1.3429439823         2.2250889506         5.4855980198       -19.4629715365
        3.3554876000        -8.1943852004         2.4121464347         1.3378393285         2.2199851957        -2.1332881188       -19.8104020990
        3.3604881000         3.3439053805         2.5490498868         1.3378393285         2.2174333183        -2.1332881188       -19.9841173803
        3.3654661000       -35.4428189991         2.2449866669         1.3429439823         2.2225370732         5.4855980198       -19.6366868178
        3.3704786000        -0.8279472565         2.4995502644         1.3429439823         2.2148814408         5.4855980198       -20.1578326615
        3.3754632000        19.0540485983         2.7354529614         1.3327346748         2.2174333183        -9.7521742574       -19.9841173803
        3.3804760000        -8.1943852004         2.4121464347         1.3378393285         2.2199851957        -2.1332881188       -19.8104020990
        3.3854725000         7.5157580174         2.5985495093         1.3327346748         2.2199851957        -9.7521742574       -19.8104020990
        3.3904663000        -8.1943852004         2.4121464347         1.3378393285         2.2199851957        -2.1332881188       -19.8104020990
        3.3954725000         3.3439053805         2.5490498868         1.3378393285         2.2174333183        -2.1332881188       -19.9841173803
        3.4004877000        30.5923391792         2.7593671126         1.3327346748         2.2148814408        -9.7521742574       -20.1578326615
        3.4054726000        30.5923391792         2.7593671126         1.3327346748         2.2148814408        -9.7521742574       -20.1578326615
        3.4104774000        -0.3393135915         2.5053479720         1.3352870017         2.2199851957        -5.9427311881       -19.8104020990
        3.4154612000        -8.1943852004         2.4121464347         1.3378393285         2.2199851957        -2.1332881188       -19.8104020990
        3.4204755000       -74.2295433786         2.1813967281         1.3480486360         2.2276408281        13.1044841584       -19.2892562553
        3.4254813000       -28.0763810552         2.2577720907         1.3480486360         2.2174333183        13.1044841584       -19.9841173803
        3.4304721000       -23.9045284182         2.2651208962         1.3429439823         2.2199851957         5.4855980198       -19.8104020990
        3.4358158000        42.1306297600         2.7730657193         1.3327346748         2.2123295633        -9.7521742574       -20.3315479428
        3.4404973000        -8.1943852004         2.4121464347         1.3378393285         2.2199851957        -2.1332881188       -19.8104020990
        3.4454831000         3.3439053805         2.5490498868         1.3378393285         2.2174333183        -2.1332881188       -19.9841173803
        3.4504958000         3.3439053805         2.5490498868         1.3378393285         2.2174333183        -2.1332881188       -19.9841173803
        3.4554620000       -46.9811095799         2.2254336677         1.3429439823         2.2250889506         5.4855980198       -19.4629715365
        3.4604837000        14.8821959614         2.6859533389         1.3378393285         2.2148814408        -2.1332881188       -20.1578326615
        3.4654672000       -12.8548715023         2.3568491046         1.3506009628         2.2123295633        16.9139272277       -20.3315479428
        3.4704775000        -0.8279472565         2.4995502644         1.3429439823         2.2148814408         5.4855980198       -20.1578326615
        3.4754788000        42.1306297600         2.7730657193         1.3327346748         2.2123295633        -9.7521742574       -20.3315479428
        3.4804658000        49.9857013690         2.7823213001         1.3301823480         2.2123295633       -13.5616173267       -20.3315479428
        3.4854737000         7.5157580174         2.5985495093         1.3327346748         2.2199851957        -9.7521742574       -19.8104020990
        3.4904675000        42.1306297600         2.7730657193         1.3327346748         2.2123295633        -9.7521742574       -20.3315479428
        3.4954716000        53.6689203409         2.7866425635         1.3327346748         2.2097776859        -9.7521742574       -20.5052632240
        3.5005206000        42.1306297600         2.7730657193         1.3327346748         2.2123295633        -9.7521742574       -20.3315479428
        3.5055262000       -20.2213094462         2.2716753107         1.3454963091         2.2174333183         9.2950410891       -19.9841173803
        3.5104754000       -16.0494568093         2.3189448974         1.3403916554         2.2199851957         1.6761549505       -19.8104020990
        3.5154806000       -54.8361811888         2.2124398366         1.3454963091         2.2250889506         9.2950410891       -19.4629715365
        3.5205594000       -62.6912527978         2.1996926557         1.3480486360         2.2250889506        13.1044841584       -19.4629715365
        3.5254764000       -43.2978906080         2.2316139584         1.3454963091         2.2225370732         9.2950410891       -19.6366868178
        3.5304834000       -23.9045284182         2.2651208962         1.3429439823         2.2199851957         5.4855980198       -19.8104020990
        3.5354759000         3.3439053805         2.5490498868         1.3378393285         2.2174333183        -2.1332881188       -19.9841173803
        3.5404804000        11.1989769894         2.6422514241         1.3352870017         2.2174333183        -5.9427311881       -19.9841173803
        3.5454854000       -54.8361811888         2.2124398366         1.3454963091         2.2250889506         9.2950410891       -19.4629715365
        3.5504764000       -35.4428189991         2.2449866669         1.3429439823         2.2225370732         5.4855980198       -19.6366868178
        3.5554592000       -43.2978906080         2.2316139584         1.3454963091         2.2225370732         9.2950410891       -19.6366868178
        3.5604966000        34.7641918161         2.7643346703         1.3276300211         2.2174333183       -17.3710603960       -19.9841173803
        3.5654806000       116.5094932122         2.8588247066         1.3123160600         2.2097776859       -40.2277188119       -20.5052632240
        3.5704641000       -90.9169539265         2.1557859394         1.3684672508         2.2174333183        43.5800287129       -19.9841173803
        3.5754666000       -55.3248148538         2.2116397830         1.3531532897         2.2199851957        20.7233702970       -19.8104020990
        3.5804842000        11.1989769894         2.6422514241         1.3352870017         2.2174333183        -5.9427311881       -19.9841173803
        3.5854769000       -39.6146716360         2.2378514318         1.3480486360         2.2199851957        13.1044841584       -19.8104020990
        3.5904718000        73.0622825307         2.8092120921         1.3301823480         2.2072258084       -13.5616173267       -20.6789785052
        3.5954620000        38.4474107881         2.7687065414         1.3301823480         2.2148814408       -13.5616173267       -20.1578326615
        3.6004674000       -62.6912527978         2.1996926557         1.3480486360         2.2250889506        13.1044841584       -19.4629715365
        3.6054664000        34.2755581511         2.7637537077         1.3352870017         2.2123295633        -5.9427311881       -20.3315479428
        3.6104687000       -43.2978906080         2.2316139584         1.3454963091         2.2225370732         9.2950410891       -19.6366868178
        3.6154712000        -4.5111662284         2.4558483495         1.3403916554         2.2174333183         1.6761549505       -19.9841173803
        3.6204572000         3.3439053805         2.5490498868         1.3378393285         2.2174333183        -2.1332881188       -19.9841173803
        3.6254750000       -27.5877473902         2.2586287451         1.3403916554         2.2225370732         1.6761549505       -19.6366868178
        3.6304779000        11.1989769894         2.6422514241         1.3352870017         2.2174333183        -5.9427311881       -19.9841173803
        3.6354680000         3.3439053805         2.5490498868         1.3378393285         2.2174333183        -2.1332881188       -19.9841173803
        3.6407688000        37.9587771231         2.7681272843         1.3378393285         2.2097776859        -2.1332881188       -20.5052632240
        3.6454873000       -27.5877473902         2.2586287451         1.3403916554         2.2225370732         1.6761549505       -19.6366868178
        3.6504667000       -31.7596000271         2.2513492847         1.3454963091         2.2199851957         9.2950410891       -19.8104020990
        3.6554856000        53.6689203409         2.7866425635         1.3327346748         2.2097776859        -9.7521742574       -20.5052632240
        3.6604592000        53.6689203409         2.7866425635         1.3327346748         2.2097776859        -9.7521742574       -20.5052632240
        3.6654819000       -27.5877473902         2.2586287451         1.3403916554         2.2225370732         1.6761549505       -19.6366868178
        3.6704601000       -23.9045284182         2.2651208962         1.3429439823         2.2199851957         5.4855980198       -19.8104020990
        3.6754693000       -20.2213094462         2.2716753107         1.3454963091         2.2174333183         9.2950410891       -19.9841173803
        3.6804664000         3.3439053805         2.5490498868         1.3378393285         2.2174333183        -2.1332881188       -19.9841173803
        3.6854734000        61.5239919498         2.7958202570         1.3301823480         2.2097776859       -13.5616173267       -20.5052632240
        3.6904682000         3.3439053805         2.5490498868         1.3378393285         2.2174333183        -2.1332881188       -19.9841173803
        3.6954616000        14.8821959614         2.6859533389         1.3378393285         2.2148814408        -2.1332881188       -20.1578326615
        3.7004695000       -31.7596000271         2.2513492847         1.3454963091         2.2199851957         9.2950410891       -19.8104020990
        3.7054668000        14.8821959614         2.6859533389         1.3378393285         2.2148814408        -2.1332881188       -20.1578326615
        3.7104593000         3.3439053805         2.5490498868         1.3378393285         2.2174333183        -2.1332881188       -19.9841173803
        3.7154655000        37.9587771231         2.7681272843         1.3378393285         2.2097776859        -2.1332881188       -20.5052632240
        3.7204839000       -66.3744717697         2.1937979238         1.3454963091         2.2276408281         9.2950410891       -19.2892562553
        3.7254766000       -54.8361811888         2.2124398366         1.3454963091         2.2250889506         9.2950410891       -19.4629715365
        3.7304754000        30.5923391792         2.7593671126         1.3327346748         2.2148814408        -9.7521742574       -20.1578326615
        3.7354560000        -4.5111662284         2.4558483495         1.3403916554         2.2174333183         1.6761549505       -19.9841173803
        3.7404716000        49.4970677040         2.7817471400         1.3378393285         2.2072258084        -2.1332881188       -20.6789785052
        3.7454756000        19.0540485983         2.7354529614         1.3327346748         2.2174333183        -9.7521742574       -19.9841173803
        3.7504632000        38.4474107881         2.7687065414         1.3301823480         2.2148814408       -13.5616173267       -20.1578326615
        3.7554947000        11.1989769894         2.6422514241         1.3352870017         2.2174333183        -5.9427311881       -19.9841173803
        3.7604597000       -23.9045284182         2.2651208962         1.3429439823         2.2199851957         5.4855980198       -19.8104020990
        3.7654806000        -8.1943852004         2.4121464347         1.3378393285         2.2199851957        -2.1332881188       -19.8104020990
        3.7704818000        45.8138487320         2.7774124904         1.3352870017         2.2097776859        -5.9427311881       -20.5052632240
        3.7754738000        14.8821959614         2.6859533389         1.3378393285         2.2148814408        -2.1332881188       -20.1578326615
        3.7804678000        14.8821959614         2.6859533389         1.3378393285         2.2148814408        -2.1332881188       -20.1578326615
        3.7854816000        14.8821959614         2.6859533389         1.3378393285         2.2148814408        -2.1332881188       -20.1578326615
        3.7904660000        61.5239919498         2.7958202570         1.3301823480         2.2097776859       -13.5616173267       -20.5052632240
        3.7954638000       -19.7326757812         2.2752429826         1.3378393285         2.2225370732        -2.1332881188       -19.6366868178
        3.8004606000       -23.9045284182         2.2651208962         1.3429439823         2.2199851957         5.4855980198       -19.8104020990
        3.8054646000         3.3439053805         2.5490498868         1.3378393285         2.2174333183        -2.1332881188       -19.9841173803
        3.8104582000        -0.3393135915         2.5053479720         1.3352870017         2.2199851957        -5.9427311881       -19.8104020990
        3.8154647000       -98.2833918703         2.1447812574         1.3633625971         2.2225370732        35.9611425743       -19.6366868178
        3.8204689000       -43.2978906080         2.2316139584         1.3454963091         2.2225370732         9.2950410891       -19.6366868178
        3.8254527000         7.0271243524         2.5927518016         1.3403916554         2.2148814408         1.6761549505       -20.1578326615
        3.8304714000       -27.5877473902         2.2586287451         1.3403916554         2.2225370732         1.6761549505       -19.6366868178
        3.8354739000        49.4970677040         2.7817471400         1.3378393285         2.2072258084        -2.1332881188       -20.6789785052
        3.8405199000        14.8821959614         2.6859533389         1.3378393285         2.2148814408        -2.1332881188       -20.1578326615
        3.8454736000         3.3439053805         2.5490498868         1.3378393285         2.2174333183        -2.1332881188       -19.9841173803
        3.8504574000        14.8821959614         2.6859533389         1.3378393285         2.2148814408        -2.1332881188       -20.1578326615
        3.8554729000       -27.5877473902         2.2586287451         1.3403916554         2.2225370732         1.6761549505       -19.6366868178
        3.8604747000        14.8821959614         2.6859533389         1.3378393285         2.2148814408        -2.1332881188       -20.1578326615
        3.8654567000        22.7372675703         2.7499671598         1.3352870017         2.2148814408        -5.9427311881       -20.1578326615
        3.8704605000         3.3439053805         2.5490498868         1.3378393285         2.2174333183        -2.1332881188       -19.9841173803
        3.8755406000        61.5239919498         2.7958202570         1.3301823480         2.2097776859       -13.5616173267       -20.5052632240
        3.8805018000       -20.2213094462         2.2716753107         1.3454963091         2.2174333183         9.2950410891       -19.9841173803
        3.8854718000        -8.6830188654         2.4063487271         1.3454963091         2.2148814408         9.2950410891       -20.1578326615
        3.8904711000       -43.2978906080         2.2316139584         1.3454963091         2.2225370732         9.2950410891       -19.6366868178
        3.8954661000         7.0271243524         2.5927518016         1.3403916554         2.2148814408         1.6761549505       -20.1578326615
        3.9004549000         3.3439053805         2.5490498868         1.3378393285         2.2174333183        -2.1332881188       -19.9841173803
        3.9054657000        53.6689203409         2.7866425635         1.3327346748         2.2097776859        -9.7521742574       -20.5052632240
        3.9104712000       -16.5380904743         2.3131471898         1.3480486360         2.2148814408        13.1044841584       -20.1578326615
        3.9154529000       -35.4428189991         2.2449866669         1.3429439823         2.2225370732         5.4855980198       -19.6366868178
        3.9204695000       -31.7596000271         2.2513492847         1.3454963091         2.2199851957         9.2950410891       -19.8104020990
        3.9254544000       -35.4428189991         2.2449866669         1.3429439823         2.2225370732         5.4855980198       -19.6366868178
        3.9304577000        37.9587771231         2.7681272843         1.3378393285         2.2097776859        -2.1332881188       -20.5052632240
        3.9354643000         3.3439053805         2.5490498868         1.3378393285         2.2174333183        -2.1332881188       -19.9841173803
        3.9404631000        53.6689203409         2.7866425635         1.3327346748         2.2097776859        -9.7521742574       -20.5052632240
        3.9454648000        53.6689203409         2.7866425635         1.3327346748         2.2097776859        -9.7521742574       -20.5052632240
        3.9504773000       -43.2978906080         2.2316139584         1.3454963091         2.2225370732         9.2950410891       -19.6366868178
        3.9554523000       -43.2978906080         2.2316139584         1.3454963091         2.2225370732         9.2950410891       -19.6366868178
        3.9604665000       -12.3662378373         2.3626468122         1.3429439823         2.2174333183         5.4855980198       -19.9841173803
        3.9654509000       -20.2213094462         2.2716753107         1.3454963091         2.2174333183         9.2950410891       -19.9841173803
        3.9704753000         3.3439053805         2.5490498868         1.3378393285         2.2174333183        -2.1332881188       -19.9841173803
        3.9754746000        -4.5111662284         2.4558483495         1.3403916554         2.2174333183         1.6761549505       -19.9841173803
        3.9804652000        53.6689203409         2.7866425635         1.3327346748         2.2097776859        -9.7521742574       -20.5052632240
        3.9854629000       -27.5877473902         2.2586287451         1.3403916554         2.2225370732         1.6761549505       -19.6366868178
        3.9904503000         7.0271243524         2.5927518016         1.3403916554         2.2148814408         1.6761549505       -20.1578326615
        3.9954640000        -0.8279472565         2.4995502644         1.3429439823         2.2148814408         5.4855980198       -20.1578326615
        4.0004609000         7.0271243524         2.5927518016         1.3403916554         2.2148814408         1.6761549505       -20.1578326615
        4.0054557000       -23.9045284182         2.2651208962         1.3429439823         2.2199851957         5.4855980198       -19.8104020990
        4.0104615000        30.1037055142         2.7587841721         1.3403916554         2.2097776859         1.6761549505       -20.5052632240
        4.0154531000        53.6689203409         2.7866425635         1.3327346748         2.2097776859        -9.7521742574       -20.5052632240
        4.0204624000        53.6689203409         2.7866425635         1.3327346748         2.2097776859        -9.7521742574       -20.5052632240
        4.0254960000        19.0540485983         2.7354529614         1.3327346748         2.2174333183        -9.7521742574       -19.9841173803
        4.0304711000        11.1989769894         2.6422514241         1.3352870017         2.2174333183        -5.9427311881       -19.9841173803
        4.0354758000       -19.7326757812         2.2752429826         1.3378393285         2.2225370732        -2.1332881188       -19.6366868178
        4.0404760000       -35.4428189991         2.2449866669         1.3429439823         2.2225370732         5.4855980198       -19.6366868178
        4.0454858000        14.8821959614         2.6859533389         1.3378393285         2.2148814408        -2.1332881188       -20.1578326615
        4.0505108000        19.0540485983         2.7354529614         1.3327346748         2.2174333183        -9.7521742574       -19.9841173803
        4.0555095000        19.0540485983         2.7354529614         1.3327346748         2.2174333183        -9.7521742574       -19.9841173803
        4.0604667000        14.3935622964         2.6801556313         1.3454963091         2.2097776859         9.2950410891       -20.5052632240
        4.0654673000       -43.7865242730         2.2307907819         1.3531532897         2.2174333183        20.7233702970       -19.9841173803
        4.0704534000        49.9857013690         2.7823213001         1.3301823480         2.2123295633       -13.5616173267       -20.3315479428
        4.0754705000       -43.2978906080         2.2316139584         1.3454963091         2.2225370732         9.2950410891       -19.6366868178
        4.0804523000       -43.2978906080         2.2316139584         1.3454963091         2.2225370732         9.2950410891       -19.6366868178
        4.0855294000        61.5239919498         2.7958202570         1.3301823480         2.2097776859       -13.5616173267       -20.5052632240
        4.0904625000       -43.2978906080         2.2316139584         1.3454963091         2.2225370732         9.2950410891       -19.6366868178
        4.0954537000        -4.5111662284         2.4558483495         1.3403916554         2.2174333183         1.6761549505       -19.9841173803
        4.1004615000        -4.5111662284         2.4558483495         1.3403916554         2.2174333183         1.6761549505       -19.9841173803
        4.1054673000        14.8821959614         2.6859533389         1.3378393285         2.2148814408        -2.1332881188       -20.1578326615
        4.1104737000         3.3439053805         2.5490498868         1.3378393285         2.2174333183        -2.1332881188       -19.9841173803
        4.1154597000        14.8821959614         2.6859533389         1.3378393285         2.2148814408        -2.1332881188       -20.1578326615
        4.1204636000        61.5239919498         2.7958202570         1.3301823480         2.2097776859       -13.5616173267       -20.5052632240
        4.1254584000        22.7372675703         2.7499671598         1.3352870017         2.2148814408        -5.9427311881       -20.1578326615
        4.1304740000         3.3439053805         2.5490498868         1.3378393285         2.2174333183        -2.1332881188       -19.9841173803
        4.1354476000        11.1989769894         2.6422514241         1.3352870017         2.2174333183        -5.9427311881       -19.9841173803
        4.1417790000        42.1306297600         2.7730657193         1.3327346748         2.2123295633        -9.7521742574       -20.3315479428
        4.1454488000       -39.6146716360         2.2378514318         1.3480486360         2.2199851957        13.1044841584       -19.8104020990
        4.1504635000        18.5654149333         2.7296552538         1.3403916554         2.2123295633         1.6761549505       -20.3315479428
        4.1554577000        11.6876106544         2.6480491318         1.3276300211         2.2225370732       -17.3710603960       -19.6366868178
        4.1606314000        42.1306297600         2.7730657193         1.3327346748         2.2123295633        -9.7521742574       -20.3315479428
        4.1654693000       -23.9045284182         2.2651208962         1.3429439823         2.2199851957         5.4855980198       -19.8104020990
        4.1704529000        -4.5111662284         2.4558483495         1.3403916554         2.2174333183         1.6761549505       -19.9841173803
        4.1755434000       -19.7326757812         2.2752429826         1.3378393285         2.2225370732        -2.1332881188       -19.6366868178
        4.1804604000       -43.2978906080         2.2316139584         1.3454963091         2.2225370732         9.2950410891       -19.6366868178
        4.1854501000       -54.8361811888         2.2124398366         1.3454963091         2.2250889506         9.2950410891       -19.4629715365
        4.1904610000        -8.1943852004         2.4121464347         1.3378393285         2.2199851957        -2.1332881188       -19.8104020990
        4.1954786000       -43.2978906080         2.2316139584         1.3454963091         2.2225370732         9.2950410891       -19.6366868178
        4.2004606000        -0.3393135915         2.5053479720         1.3352870017         2.2199851957        -5.9427311881       -19.8104020990
        4.2054604000        11.1989769894         2.6422514241         1.3352870017         2.2174333183        -5.9427311881       -19.9841173803
        4.2104477000       -39.1260379710         2.2386832723         1.3403916554         2.2250889506         1.6761549505       -19.4629715365
        4.2154586000        11.1989769894         2.6422514241         1.3352870017         2.2174333183        -5.9427311881       -19.9841173803
        4.2204506000        19.0540485983         2.7354529614         1.3327346748         2.2174333183        -9.7521742574       -19.9841173803
        4.2254573000       -46.9811095799         2.2254336677         1.3429439823         2.2250889506         5.4855980198       -19.4629715365
        4.2304596000        11.1989769894         2.6422514241         1.3352870017         2.2174333183        -5.9427311881       -19.9841173803
        4.2354556000        18.5654149333         2.7296552538         1.3403916554         2.2123295633         1.6761549505       -20.3315479428
        4.2404581000       -16.0494568093         2.3189448974         1.3403916554         2.2199851957         1.6761549505       -19.8104020990
        4.2454725000        34.2755581511         2.7637537077         1.3352870017         2.2123295633        -5.9427311881       -20.3315479428
        4.2504490000        14.8821959614         2.6859533389         1.3378393285         2.2148814408        -2.1332881188       -20.1578326615
        4.2554650000        -4.5111662284         2.4558483495         1.3403916554         2.2174333183         1.6761549505       -19.9841173803
        4.2604729000        -4.5111662284         2.4558483495         1.3403916554         2.2174333183         1.6761549505       -19.9841173803
        4.2656239000        14.8821959614         2.6859533389         1.3378393285         2.2148814408        -2.1332881188       -20.1578326615
        4.2704622000       -43.2978906080         2.2316139584         1.3454963091         2.2225370732         9.2950410891       -19.6366868178
        4.2754807000        -8.1943852004         2.4121464347         1.3378393285         2.2199851957        -2.1332881188       -19.8104020990
        4.2804608000       -54.8361811888         2.2124398366         1.3454963091         2.2250889506         9.2950410891       -19.4629715365
        4.2854535000        42.1306297600         2.7730657193         1.3327346748         2.2123295633        -9.7521742574       -20.3315479428
        4.2904582000        42.1306297600         2.7730657193         1.3327346748         2.2123295633        -9.7521742574       -20.3315479428
        4.2954603000       -16.0494568093         2.3189448974         1.3403916554         2.2199851957         1.6761549505       -19.8104020990
        4.3004456000       -43.2978906080         2.2316139584         1.3454963091         2.2225370732         9.2950410891       -19.6366868178
        4.3054606000       -43.2978906080         2.2316139584         1.3454963091         2.2225370732         9.2950410891       -19.6366868178
        4.3104451000         3.3439053805         2.5490498868         1.3378393285         2.2174333183        -2.1332881188       -19.9841173803
        4.3154578000        19.0540485983         2.7354529614         1.3327346748         2.2174333183        -9.7521742574       -19.9841173803
        4.3204558000        -4.5111662284         2.4558483495         1.3403916554         2.2174333183         1.6761549505       -19.9841173803
        4.3254506000        19.0540485983         2.7354529614         1.3327346748         2.2174333183        -9.7521742574       -19.9841173803
        4.3304541000         3.3439053805         2.5490498868         1.3378393285         2.2174333183        -2.1332881188       -19.9841173803
        4.3354717000       -12.3662378373         2.3626468122         1.3429439823         2.2174333183         5.4855980198       -19.9841173803
        4.3404447000       -43.2978906080         2.2316139584         1.3454963091         2.2225370732         9.2950410891       -19.6366868178
        4.3454600000        53.6689203409         2.7866425635         1.3327346748         2.2097776859        -9.7521742574       -20.5052632240
        4.3504445000        42.1306297600         2.7730657193         1.3327346748         2.2123295633        -9.7521742574       -20.3315479428
        4.3554605000        57.8407729779         2.7915232126         1.3276300211         2.2123295633       -17.3710603960       -20.3315479428
        4.3604539000       -35.4428189991         2.2449866669         1.3429439823         2.2225370732         5.4855980198       -19.6366868178
        4.3654457000       -43.2978906080         2.2316139584         1.3454963091         2.2225370732         9.2950410891       -19.6366868178
        4.3704558000       -31.7596000271         2.2513492847         1.3454963091         2.2199851957         9.2950410891       -19.8104020990
        4.3756741000        -4.5111662284         2.4558483495         1.3403916554         2.2174333183         1.6761549505       -19.9841173803
        4.3804555000        -8.6830188654         2.4063487271         1.3454963091         2.2148814408         9.2950410891       -20.1578326615
        4.3854627000        34.2755581511         2.7637537077         1.3352870017         2.2123295633        -5.9427311881       -20.3315479428
        4.3904399000        53.6689203409         2.7866425635         1.3327346748         2.2097776859        -9.7521742574       -20.5052632240
        4.3954589000         3.3439053805         2.5490498868         1.3378393285         2.2174333183        -2.1332881188       -19.9841173803
        4.4004622000       -54.8361811888         2.2124398366         1.3454963091         2.2250889506         9.2950410891       -19.4629715365
        4.4054572000       -35.4428189991         2.2449866669         1.3429439823         2.2225370732         5.4855980198       -19.6366868178
        4.4104603000         3.3439053805         2.5490498868         1.3378393285         2.2174333183        -2.1332881188       -19.9841173803
        4.4154470000        14.8821959614         2.6859533389         1.3378393285         2.2148814408        -2.1332881188       -20.1578326615
        4.4204633000         3.3439053805         2.5490498868         1.3378393285         2.2174333183        -2.1332881188       -19.9841173803
        4.4254656000        -8.1943852004         2.4121464347         1.3378393285         2.2199851957        -2.1332881188       -19.8104020990
        4.4304481000         3.3439053805         2.5490498868         1.3378393285         2.2174333183        -2.1332881188       -19.9841173803
        4.4354541000       -54.8361811888         2.2124398366         1.3454963091         2.2250889506         9.2950410891       -19.4629715365
        4.4404717000        53.6689203409         2.7866425635         1.3327346748         2.2097776859        -9.7521742574       -20.5052632240
        4.4454620000        -4.5111662284         2.4558483495         1.3403916554         2.2174333183         1.6761549505       -19.9841173803
        4.4504614000        -4.5111662284         2.4558483495         1.3403916554         2.2174333183         1.6761549505       -19.9841173803
        4.4554430000        53.6689203409         2.7866425635         1.3327346748         2.2097776859        -9.7521742574       -20.5052632240
        4.4605104000         3.3439053805         2.5490498868         1.3378393285         2.2174333183        -2.1332881188       -19.9841173803
        4.4654946000        42.1306297600         2.7730657193         1.3327346748         2.2123295633        -9.7521742574       -20.3315479428
        4.4704936000       -54.8361811888         2.2124398366         1.3454963091         2.2250889506         9.2950410891       -19.4629715365
        4.4754604000       -46.9811095799         2.2254336677         1.3429439823         2.2250889506         5.4855980198       -19.4629715365
        4.4804928000        -0.3393135915         2.5053479720         1.3352870017         2.2199851957        -5.9427311881       -19.8104020990
        4.4854619000        -4.5111662284         2.4558483495         1.3403916554         2.2174333183         1.6761549505       -19.9841173803
        4.4904534000        -8.1943852004         2.4121464347         1.3378393285         2.2199851957        -2.1332881188       -19.8104020990
        4.4954432000        53.6689203409         2.7866425635         1.3327346748         2.2097776859        -9.7521742574       -20.5052632240
        4.5004556000        -4.5111662284         2.4558483495         1.3403916554         2.2174333183         1.6761549505       -19.9841173803
        4.5054553000         3.3439053805         2.5490498868         1.3378393285         2.2174333183        -2.1332881188       -19.9841173803
        4.5104535000       -54.8361811888         2.2124398366         1.3454963091         2.2250889506         9.2950410891       -19.4629715365
        4.5154646000         3.3439053805         2.5490498868         1.3378393285         2.2174333183        -2.1332881188       -19.9841173803
        4.5204546000       -23.9045284182         2.2651208962         1.3429439823         2.2199851957         5.4855980198       -19.8104020990
        4.5254561000        42.1306297600         2.7730657193         1.3327346748         2.2123295633        -9.7521742574       -20.3315479428
        4.5304426000        30.1037055142         2.7587841721         1.3403916554         2.2097776859         1.6761549505       -20.5052632240
        4.5354571000         3.3439053805         2.5490498868         1.3378393285         2.2174333183        -2.1332881188       -19.9841173803
        4.5404628000       -54.8361811888         2.2124398366         1.3454963091         2.2250889506         9.2950410891       -19.4629715365
        4.5455348000         3.3439053805         2.5490498868         1.3378393285         2.2174333183        -2.1332881188       -19.9841173803
        4.5504709000        34.2755581511         2.7637537077         1.3352870017         2.2123295633        -5.9427311881       -20.3315479428
        4.5554638000        61.5239919498         2.7958202570         1.3301823480         2.2097776859       -13.5616173267       -20.5052632240
        4.5604742000       -19.7326757812         2.2752429826         1.3378393285         2.2225370732        -2.1332881188       -19.6366868178
        4.5655338000       -12.3662378373         2.3626468122         1.3429439823         2.2174333183         5.4855980198       -19.9841173803
        4.5704718000       -11.8776041723         2.3684445199         1.3352870017         2.2225370732        -5.9427311881       -19.6366868178
        4.5754655000         3.3439053805         2.5490498868         1.3378393285         2.2174333183        -2.1332881188       -19.9841173803
        4.5804795000        53.6689203409         2.7866425635         1.3327346748         2.2097776859        -9.7521742574       -20.5052632240
        4.5854536000         7.0271243524         2.5927518016         1.3403916554         2.2148814408         1.6761549505       -20.1578326615
        4.5904585000        26.4204865422         2.7543824832         1.3378393285         2.2123295633        -2.1332881188       -20.3315479428
        4.5954504000         3.3439053805         2.5490498868         1.3378393285         2.2174333183        -2.1332881188       -19.9841173803
        4.6004543000         3.3439053805         2.5490498868         1.3378393285         2.2174333183        -2.1332881188       -19.9841173803
        4.6054421000        14.8821959614         2.6859533389         1.3378393285         2.2148814408        -2.1332881188       -20.1578326615
        4.6104538000       -43.2978906080         2.2316139584         1.3454963091         2.2225370732         9.2950410891       -19.6366868178
        4.6154524000        84.6005731116         2.8225053949         1.3301823480         2.2046739310       -13.5616173267       -20.8526937865
        4.6204411000         3.3439053805         2.5490498868         1.3378393285         2.2174333183        -2.1332881188       -19.9841173803
        4.6254518000       -20.2213094462         2.2716753107         1.3454963091         2.2174333183         9.2950410891       -19.9841173803
        4.6305271000        -8.1943852004         2.4121464347         1.3378393285         2.2199851957        -2.1332881188       -19.8104020990
        4.6354422000       -54.8361811888         2.2124398366         1.3454963091         2.2250889506         9.2950410891       -19.4629715365
        4.6404488000        -8.1943852004         2.4121464347         1.3378393285         2.2199851957        -2.1332881188       -19.8104020990
        4.6454436000       -16.0494568093         2.3189448974         1.3403916554         2.2199851957         1.6761549505       -19.8104020990
        4.6504501000        42.1306297600         2.7730657193         1.3327346748         2.2123295633        -9.7521742574       -20.3315479428
        4.6554792000        -8.1943852004         2.4121464347         1.3378393285         2.2199851957        -2.1332881188       -19.8104020990
        4.6604789000        11.1989769894         2.6422514241         1.3352870017         2.2174333183        -5.9427311881       -19.9841173803
        4.6655166000        19.0540485983         2.7354529614         1.3327346748         2.2174333183        -9.7521742574       -19.9841173803
        4.6707725000         2.8552717155         2.5432521792         1.3454963091         2.2123295633         9.2950410891       -20.3315479428
        4.6754651000        22.7372675703         2.7499671598         1.3352870017         2.2148814408        -5.9427311881       -20.1578326615
        4.6804602000         3.3439053805         2.5490498868         1.3378393285         2.2174333183        -2.1332881188       -19.9841173803
        4.6854665000        42.1306297600         2.7730657193         1.3327346748         2.2123295633        -9.7521742574       -20.3315479428
        4.6904604000       -43.2978906080         2.2316139584         1.3454963091         2.2225370732         9.2950410891       -19.6366868178
        4.6954609000       -12.3662378373         2.3626468122         1.3429439823         2.2174333183         5.4855980198       -19.9841173803
        4.7004426000        -4.5111662284         2.4558483495         1.3403916554         2.2174333183         1.6761549505       -19.9841173803
        4.7054525000         3.3439053805         2.5490498868         1.3378393285         2.2174333183        -2.1332881188       -19.9841173803
        4.7104400000         3.3439053805         2.5490498868         1.3378393285         2.2174333183        -2.1332881188       -19.9841173803
        4.7155233000        -0.3393135915         2.5053479720         1.3352870017         2.2199851957        -5.9427311881       -19.8104020990
        4.7204895000         3.3439053805         2.5490498868         1.3378393285         2.2174333183        -2.1332881188       -19.9841173803
        4.7254308000       -39.1260379710         2.2386832723         1.3403916554         2.2250889506         1.6761549505       -19.4629715365
        4.7304551000        14.8821959614         2.6859533389         1.3378393285         2.2148814408        -2.1332881188       -20.1578326615
        4.7354796000       -12.3662378373         2.3626468122         1.3429439823         2.2174333183         5.4855980198       -19.9841173803
        4.7404518000        89.2610594135         2.8278487536         1.3174207137         2.2123295633       -32.6088326733       -20.3315479428
        4.7454587000       -16.0494568093         2.3189448974         1.3403916554         2.2199851957         1.6761549505       -19.8104020990
        4.7504414000        19.0540485983         2.7354529614         1.3327346748         2.2174333183        -9.7521742574       -19.9841173803
        4.7554479000       -54.8361811888         2.2124398366         1.3454963091         2.2250889506         9.2950410891       -19.4629715365
        4.7604418000       -43.2978906080         2.2316139584         1.3454963091         2.2225370732         9.2950410891       -19.6366868178
        4.7654478000        22.7372675703         2.7499671598         1.3352870017         2.2148814408        -5.9427311881       -20.1578326615
        4.7704500000        45.8138487320         2.7774124904         1.3352870017         2.2097776859        -5.9427311881       -20.5052632240
        4.7754369000        42.1306297600         2.7730657193         1.3327346748         2.2123295633        -9.7521742574       -20.3315479428
        4.7804461000        -4.5111662284         2.4558483495         1.3403916554         2.2174333183         1.6761549505       -19.9841173803
        4.7854368000       -12.3662378373         2.3626468122         1.3429439823         2.2174333183         5.4855980198       -19.9841173803
        4.7904721000        -8.1943852004         2.4121464347         1.3378393285         2.2199851957        -2.1332881188       -19.8104020990
        4.7954476000       -46.9811095799         2.2254336677         1.3429439823         2.2250889506         5.4855980198       -19.4629715365
        4.8004433000        14.8821959614         2.6859533389         1.3378393285         2.2148814408        -2.1332881188       -20.1578326615
        4.8054484000        42.1306297600         2.7730657193         1.3327346748         2.2123295633        -9.7521742574       -20.3315479428
        4.8104404000        42.1306297600         2.7730657193         1.3327346748         2.2123295633        -9.7521742574       -20.3315479428
        4.8154868000         3.3439053805         2.5490498868         1.3378393285         2.2174333183        -2.1332881188       -19.9841173803
        4.8204530000       -35.4428189991         2.2449866669         1.3429439823         2.2225370732         5.4855980198       -19.6366868178
        4.8254606000        18.5654149333         2.7296552538         1.3403916554         2.2123295633         1.6761549505       -20.3315479428
        4.8304492000        49.9857013690         2.7823213001         1.3301823480         2.2123295633       -13.5616173267       -20.3315479428
        4.8354602000         3.3439053805         2.5490498868         1.3378393285         2.2174333183        -2.1332881188       -19.9841173803
        4.8404992000        42.1306297600         2.7730657193         1.3327346748         2.2123295633        -9.7521742574       -20.3315479428
        4.8454494000        18.5654149333         2.7296552538         1.3403916554         2.2123295633         1.6761549505       -20.3315479428
        4.8504401000        14.8821959614         2.6859533389         1.3378393285         2.2148814408        -2.1332881188       -20.1578326615
        4.8554490000       -54.8361811888         2.2124398366         1.3454963091         2.2250889506         9.2950410891       -19.4629715365
        4.8604460000        11.1989769894         2.6422514241         1.3352870017         2.2174333183        -5.9427311881       -19.9841173803
        4.8654783000        22.7372675703         2.7499671598         1.3352870017         2.2148814408        -5.9427311881       -20.1578326615
        4.8704452000       -54.8361811888         2.2124398366         1.3454963091         2.2250889506         9.2950410891       -19.4629715365
        4.8754803000        11.1989769894         2.6422514241         1.3352870017         2.2174333183        -5.9427311881       -19.9841173803
        4.8805030000        34.2755581511         2.7637537077         1.3352870017         2.2123295633        -5.9427311881       -20.3315479428
        4.8854539000        -0.3393135915         2.5053479720         1.3352870017         2.2199851957        -5.9427311881       -19.8104020990
        4.8904787000        -8.1943852004         2.4121464347         1.3378393285         2.2199851957        -2.1332881188       -19.8104020990
        4.8954491000       -71.0349580717         2.1864125861         1.3582579434         2.2199851957        28.3422564356       -19.8104020990
        4.9004373000        53.6689203409         2.7866425635         1.3327346748         2.2097776859        -9.7521742574       -20.5052632240
        4.9054744000       -19.7326757812         2.2752429826         1.3378393285         2.2225370732        -2.1332881188       -19.6366868178
        4.9104480000        -8.1943852004         2.4121464347         1.3378393285         2.2199851957        -2.1332881188       -19.8104020990
        4.9154366000        49.9857013690         2.7823213001         1.3301823480         2.2123295633       -13.5616173267       -20.3315479428
        4.9204484000       -50.6643285519         2.2193096109         1.3403916554         2.2276408281         1.6761549505       -19.2892562553
        4.9254577000       -16.0494568093         2.3189448974         1.3403916554         2.2199851957         1.6761549505       -19.8104020990
        4.9304347000       -46.9811095799         2.2254336677         1.3429439823         2.2250889506         5.4855980198       -19.4629715365
        4.9355161000        -8.1943852004         2.4121464347         1.3378393285         2.2199851957        -2.1332881188       -19.8104020990
        4.9404364000        42.1306297600         2.7730657193         1.3327346748         2.2123295633        -9.7521742574       -20.3315479428
        4.9454533000        22.7372675703         2.7499671598         1.3352870017         2.2148814408        -5.9427311881       -20.1578326615
        4.9504483000       -58.5194001608         2.2064325629         1.3429439823         2.2276408281         5.4855980198       -19.2892562553
        4.9554337000       -46.9811095799         2.2254336677         1.3429439823         2.2250889506         5.4855980198       -19.4629715365
        4.9604481000        -4.5111662284         2.4558483495         1.3403916554         2.2174333183         1.6761549505       -19.9841173803
        4.9654537000       -19.7326757812         2.2752429826         1.3378393285         2.2225370732        -2.1332881188       -19.6366868178
        4.9704478000        30.5923391792         2.7593671126         1.3327346748         2.2148814408        -9.7521742574       -20.1578326615
        4.9754443000       -16.0494568093         2.3189448974         1.3403916554         2.2199851957         1.6761549505       -19.8104020990
        4.9804363000       -16.0494568093         2.3189448974         1.3403916554         2.2199851957         1.6761549505       -19.8104020990
        4.9854427000       -62.6912527978         2.1996926557         1.3480486360         2.2250889506        13.1044841584       -19.4629715365
        4.9905644000        42.1306297600         2.7730657193         1.3327346748         2.2123295633        -9.7521742574       -20.3315479428
        4.9954398000       -20.2213094462         2.2716753107         1.3454963091         2.2174333183         9.2950410891       -19.9841173803
        5.0004492000        -8.1943852004         2.4121464347         1.3378393285         2.2199851957        -2.1332881188       -19.8104020990
