% Designation Loop  psi_cmd=+20.000deg  (absolute, NEUTRAL ref)
% Kp=16.6052  Kd=0.5122  K_pot=68.073520deg/V
% Vg_offset=1.338401V  K_gimbal=26.049690  samples=1001

Time[s]              OmegaCmd[deg/s]      Vc[V]                Vg[V]                Pot[V]               Omega[deg/s]         Psi[deg]            
        0.0004958000       156.5192675071         2.9036605286         1.3531532897         2.6563562412        22.0185809406         9.8949109936
        0.0054433000       153.7188829952         2.9005415100         1.3454963091         2.6640118736        10.5902517327        10.4160568373
        0.0104331000       147.9497408137         2.8941082022         1.3454963091         2.6691156285        10.5902517327        10.7634873998
        0.0154660000       162.4567828463         2.9102661512         1.3378393285         2.6614599961        -0.8380774752        10.2423415560
        0.0204447000       160.5056732595         2.9080965726         1.3403916554         2.6614599961         2.9713655941        10.2423415560
        0.0254682000       120.5500200198         2.8633835306         1.3888858657         2.6640118736        75.3507839109        10.4160568373
        0.0304399000       116.7319874250         2.8590759517         1.3863335388         2.6691156285        71.5413408416        10.7634873998
        0.0354459000       115.7985259211         2.8580217003         1.3837812120         2.6716675060        67.7318977723        10.9372026810
        0.0404324000       116.9003605828         2.8592660656         1.3710195777         2.6793231383        48.6846824257        11.4583485248
        0.0454618000        85.8509803519         2.8239404352         1.3965428462         2.6895306482        86.7791131188        12.1532096497
        0.0504251000        85.9351669307         2.8240370149         1.3888858657         2.6946344031        75.3507839109        12.5006402122
        0.0554459000        74.3126959888         2.8106573055         1.3965428462         2.6997381580        86.7791131188        12.8480707747
        0.0604275000       102.4775051290         2.8429267030         1.3710195777         2.6920825256        48.6846824257        12.3269249310
        0.0654635000        70.5788499730         2.8063383277         1.3863335388         2.7099456679        71.5413408416        13.5429318997
        0.0704266000        86.0193535096         2.8241335899         1.3812288851         2.6997381580        63.9224547030        12.8480707747
        0.0754410000        86.1035400884         2.8242301601         1.3735719045         2.7048419129        52.4941254951        13.1955013372
        0.0804431000        66.7608173783         2.8019110995         1.3837812120         2.7150494228        67.7318977723        13.8903624622
        0.0854307000        68.7961135439         2.8042725289         1.3735719045         2.7201531777        52.4941254951        14.2377930246
        0.0904311000        39.7820294786         2.7702875459         1.3888858657         2.7354644424        75.3507839109        15.2800847121
        0.0954405000        43.6000620734         2.7748013495         1.3914381925         2.7303606875        79.1602269802        14.9326541496
        0.1004530000        62.0935098584         2.7964837063         1.3710195777         2.7278088101        48.6846824257        14.7589388684
        0.1054301000        59.2089387677         2.7931206815         1.3710195777         2.7303606875        48.6846824257        14.9326541496
        0.1104454000        37.9151064707         2.7680755034         1.3837812120         2.7405681974        67.7318977723        15.6275152746
        0.1154299000        39.0169411324         2.7693814166         1.3710195777         2.7482238297        48.6846824257        16.1486611183
        0.1204381000        20.6076799262         2.7474079448         1.3837812120         2.7558794621        67.7318977723        16.6698069620
        0.1254499000        24.5098990998         2.7520938532         1.3786765582         2.7558794621        60.1130116337        16.6698069620
        0.1304584000        18.6565703394         2.7307368256         1.3863335388         2.7558794621        71.5413408416        16.6698069620
        0.1354993000        31.2966893641         2.7602069911         1.3735719045         2.7533275847        52.4941254951        16.4960916808
        0.1404535000        31.3808759430         2.7603073441         1.3659149240         2.7584313396        41.0657962871        16.8435222433
        0.1454850000        12.0381532328         2.6522083691         1.3761242314         2.7686388494        56.3035685644        17.5383833683
        0.1504723000         8.2201206381         2.6069068716         1.3735719045         2.7737426043        52.4941254951        17.8858139307
        0.1554443000        16.0245589852         2.6995076380         1.3633625971         2.7737426043        37.2563532178        17.8858139307
        0.1604699000        13.1399878945         2.6652817934         1.3633625971         2.7762944818        37.2563532178        18.0595292120
        0.1654287000        -5.1850867329         2.4478521873         1.3684672508         2.7890538691        44.8752393564        18.9281056182
        0.1704465000         0.6682420275         2.5173027621         1.3608102703         2.7890538691        33.4469101485        18.9281056182
        0.1754234000        12.2907129694         2.6552050262         1.3531532897         2.7839501142        22.0185809406        18.5806750557
        0.1804875000        12.3748995482         2.6562039118         1.3454963091         2.7890538691        10.5902517327        18.9281056182
        0.1854724000        24.9308319941         2.7525983921         1.3403916554         2.7813982367         2.9713655941        18.4069597745
        0.1904686000        14.3260091350         2.6793541035         1.3429439823         2.7890538691         6.7808086634        18.9281056182
        0.1955224000         1.7700766892         2.5303761865         1.3480486360         2.7967095015        14.3996948020        19.4492514619
        0.2004622000        11.4414380443         2.6451282589         1.3429439823         2.7916057465         6.7808086634        19.1018208995
        0.2054869000        33.6687318452         2.7630319005         1.3327346748         2.7788463592        -8.4569636139        18.2332444932
        0.2104657000        33.6687318452         2.7630319005         1.3327346748         2.7788463592        -8.4569636139        18.2332444932
        0.2154735000        15.2594706390         2.6904297564         1.3454963091         2.7865019916        10.5902517327        18.7543903370
        0.2204589000        23.9131839112         2.7513783094         1.3454963091         2.7788463592        10.5902517327        18.2332444932
        0.2254421000         7.5392188707         2.5988278756         1.3480486360         2.7916057465        14.3996948020        19.1018208995
        0.2304322000         2.7035381931         2.5414518394         1.3506009628         2.7941576240        18.2091378713        19.2755361807
        0.2354353000         1.6858901103         2.5293773008         1.3557056165         2.7916057465        25.8280240099        19.1018208995
        0.2405078000        11.4414380443         2.6451282589         1.3429439823         2.7916057465         6.7808086634        19.1018208995
        0.2454353000        30.7841607544         2.7595958919         1.3327346748         2.7813982367        -8.4569636139        18.4069597745
        0.2504535000        33.6687318452         2.7630319005         1.3327346748         2.7788463592        -8.4569636139        18.2332444932
        0.2554325000        21.0286128205         2.7479141694         1.3454963091         2.7813982367        10.5902517327        18.4069597745
        0.2605319000        19.1616898126         2.7367301397         1.3403916554         2.7865019916         2.9713655941        18.7543903370
        0.2654405000        14.3260091350         2.6793541035         1.3429439823         2.7890538691         6.7808086634        18.9281056182
        0.2704573000         4.6546477799         2.5646020311         1.3480486360         2.7941576240        14.3996948020        19.2755361807
        0.2754462000        14.3260091350         2.6793541035         1.3429439823         2.7890538691         6.7808086634        18.9281056182
        0.2804205000         6.6057573667         2.5877522227         1.3454963091         2.7941576240        10.5902517327        19.2755361807
        0.2854382000        33.6687318452         2.7630319005         1.3327346748         2.7788463592        -8.4569636139        18.2332444932
        0.2904430000        23.0639089861         2.7503592854         1.3352870017         2.7865019916        -4.6475205445        18.7543903370
        0.2954365000         2.7035381931         2.5414518394         1.3506009628         2.7941576240        18.2091378713        19.2755361807
        0.3004316000        16.2771187218         2.7025042951         1.3403916554         2.7890538691         2.9713655941        18.9281056182
        0.3054592000        23.0639089861         2.7503592854         1.3352870017         2.7865019916        -4.6475205445        18.7543903370
        0.3104365000        20.1793378954         2.7468926209         1.3352870017         2.7890538691        -4.6475205445        18.9281056182
        0.3154475000         4.6546477799         2.5646020311         1.3480486360         2.7941576240        14.3996948020        19.2755361807
        0.3204305000         6.6057573667         2.5877522227         1.3454963091         2.7941576240        10.5902517327        19.2755361807
        0.3254407000        12.3748995482         2.6562039118         1.3454963091         2.7890538691        10.5902517327        18.9281056182
        0.3304256000        20.1793378954         2.7468926209         1.3352870017         2.7890538691        -4.6475205445        18.9281056182
        0.3354551000        22.1304474822         2.7492383953         1.3327346748         2.7890538691        -8.4569636139        18.9281056182
        0.3404353000        23.9973704901         2.7514792827         1.3378393285         2.7839501142        -0.8380774752        18.5806750557
        0.3454316000        13.3925476310         2.6682784505         1.3403916554         2.7916057465         2.9713655941        19.1018208995
        0.3504304000         9.4903284575         2.6219780673         1.3454963091         2.7916057465        10.5902517327        19.1018208995
        0.3554457000        18.2282283086         2.7256544867         1.3378393285         2.7890538691        -0.8380774752        18.9281056182
        0.3604305000         2.7877247720         2.5424507251         1.3429439823         2.7992613789         6.7808086634        19.6229667432
        0.3654450000         2.7877247720         2.5424507251         1.3429439823         2.7992613789         6.7808086634        19.6229667432
        0.3704202000        20.1793378954         2.7468926209         1.3352870017         2.7890538691        -4.6475205445        18.9281056182
        0.3754342000         9.4903284575         2.6219780673         1.3454963091         2.7916057465        10.5902517327        19.1018208995
        0.3804212000        13.3925476310         2.6682784505         1.3403916554         2.7916057465         2.9713655941        19.1018208995
        0.3854503000        15.3436572178         2.6914286421         1.3378393285         2.7916057465        -0.8380774752        19.1018208995
        0.3904321000        15.3436572178         2.6914286421         1.3378393285         2.7916057465        -0.8380774752        19.1018208995
        0.3954439000         3.7211862760         2.5535263781         1.3454963091         2.7967095015        10.5902517327        19.4492514619
        0.4004340000         5.6722958628         2.5766765697         1.3429439823         2.7967095015         6.7808086634        19.4492514619
        0.4054441000         0.8366151852         2.5193005335         1.3454963091         2.7992613789        10.5902517327        19.6229667432
        0.4104251000        19.2458763914         2.7377290253         1.3327346748         2.7916057465        -8.4569636139        19.1018208995
        0.4154459000         6.6899439456         2.5887511084         1.3378393285         2.7992613789        -0.8380774752        19.6229667432
        0.4204423000        13.3925476310         2.6682784505         1.3403916554         2.7916057465         2.9713655941        19.1018208995
        0.4254497000        24.0815570690         2.7515802488         1.3301823480         2.7890538691       -12.2664066832        18.9281056182
        0.4304358000        19.1616898126         2.7367301397         1.3403916554         2.7865019916         2.9713655941        18.7543903370
        0.4354565000        16.2771187218         2.7025042951         1.3403916554         2.7890538691         2.9713655941        18.9281056182
        0.4404371000         4.7388343588         2.5656009167         1.3403916554         2.7992613789         2.9713655941        19.6229667432
        0.4454484000        20.1793378954         2.7468926209         1.3352870017         2.7890538691        -4.6475205445        18.9281056182
        0.4504235000         3.7211862760         2.5535263781         1.3454963091         2.7967095015        10.5902517327        19.4492514619
        0.4554452000         0.8366151852         2.5193005335         1.3454963091         2.7992613789        10.5902517327        19.6229667432
        0.4604240000        15.3436572178         2.6914286421         1.3378393285         2.7916057465        -0.8380774752        19.1018208995
        0.4654507000        18.2282283086         2.7256544867         1.3378393285         2.7890538691        -0.8380774752        18.9281056182
        0.4704424000        16.2771187218         2.7025042951         1.3403916554         2.7890538691         2.9713655941        18.9281056182
        0.4754537000        25.9484800769         2.7538174249         1.3352870017         2.7839501142        -4.6475205445        18.5806750557
        0.4804612000        27.8995896637         2.7561517307         1.3327346748         2.7839501142        -8.4569636139        18.5806750557
        0.4854644000        20.1793378954         2.7468926209         1.3352870017         2.7890538691        -4.6475205445        18.9281056182
        0.4904467000        15.3436572178         2.6914286421         1.3378393285         2.7916057465        -0.8380774752        19.1018208995
        0.4955412000         4.7388343588         2.5656009167         1.3403916554         2.7992613789         2.9713655941        19.6229667432
        0.5004667000        15.3436572178         2.6914286421         1.3378393285         2.7916057465        -0.8380774752        19.1018208995
        0.5054380000        12.4590861271         2.6572027975         1.3378393285         2.7941576240        -0.8380774752        19.2755361807
        0.5105187000        15.3436572178         2.6914286421         1.3378393285         2.7916057465        -0.8380774752        19.1018208995
        0.5154338000         6.6899439456         2.5887511084         1.3378393285         2.7992613789        -0.8380774752        19.6229667432
        0.5204426000        14.4101957139         2.6803529891         1.3352870017         2.7941576240        -4.6475205445        19.2755361807
        0.5254228000        11.4414380443         2.6451282589         1.3429439823         2.7916057465         6.7808086634        19.1018208995
        0.5304326000        -6.9678231619         2.4266997670         1.3557056165         2.7992613789        25.8280240099        19.6229667432
        0.5354388000         8.5568669535         2.6109024143         1.3429439823         2.7941576240         6.7808086634        19.2755361807
        0.5404471000        -2.0479559055         2.4850746889         1.3454963091         2.8018132564        10.5902517327        19.7966820244
        0.5454371000        25.0150185729         2.7526992783         1.3327346748         2.7865019916        -8.4569636139        18.7543903370
        0.5504503000        12.4590861271         2.6572027975         1.3378393285         2.7941576240        -0.8380774752        19.2755361807
        0.5554327000         8.5568669535         2.6109024143         1.3429439823         2.7941576240         6.7808086634        19.2755361807
        0.5604419000         4.7388343588         2.5656009167         1.3403916554         2.7992613789         2.9713655941        19.6229667432
        0.5654268000         2.7877247720         2.5424507251         1.3429439823         2.7992613789         6.7808086634        19.6229667432
        0.5704350000        13.3925476310         2.6682784505         1.3403916554         2.7916057465         2.9713655941        19.1018208995
        0.5754360000        24.0815570690         2.7515802488         1.3301823480         2.7890538691       -12.2664066832        18.9281056182
        0.5804377000        23.0639089861         2.7503592854         1.3352870017         2.7865019916        -4.6475205445        18.7543903370
        0.5854434000         8.5568669535         2.6109024143         1.3429439823         2.7941576240         6.7808086634        19.2755361807
        0.5904321000        14.4101957139         2.6803529891         1.3352870017         2.7941576240        -4.6475205445        19.2755361807
        0.5954395000        22.1304474822         2.7492383953         1.3327346748         2.7890538691        -8.4569636139        18.9281056182
        0.6004447000         0.8366151852         2.5193005335         1.3454963091         2.7992613789        10.5902517327        19.6229667432
        0.6054275000        -0.0968463188         2.5082248805         1.3429439823         2.8018132564         6.7808086634        19.7966820244
        0.6104463000        13.3925476310         2.6682784505         1.3403916554         2.7916057465         2.9713655941        19.1018208995
        0.6154225000        12.4590861271         2.6572027975         1.3378393285         2.7941576240        -0.8380774752        19.2755361807
        0.6204589000        17.2947668046         2.7145788337         1.3352870017         2.7916057465        -4.6475205445        19.1018208995
        0.6254927000        14.4101957139         2.6803529891         1.3352870017         2.7941576240        -4.6475205445        19.2755361807
        0.6304506000        -3.0656039884         2.4730001503         1.3506009628         2.7992613789        18.2091378713        19.6229667432
        0.6354532000        -2.0479559055         2.4850746889         1.3454963091         2.8018132564        10.5902517327        19.7966820244
        0.6404548000         2.7877247720         2.5424507251         1.3429439823         2.7992613789         6.7808086634        19.6229667432
        0.6455020000        12.4590861271         2.6572027975         1.3378393285         2.7941576240        -0.8380774752        19.2755361807
        0.6504520000         9.5745150363         2.6229769529         1.3378393285         2.7967095015        -0.8380774752        19.4492514619
        0.6554329000        16.3613053007         2.7035031808         1.3327346748         2.7941576240        -8.4569636139        19.2755361807
        0.6604453000        -2.0479559055         2.4850746889         1.3454963091         2.8018132564        10.5902517327        19.7966820244
        0.6654421000        10.5079765403         2.6340526059         1.3403916554         2.7941576240         2.9713655941        19.2755361807
        0.6704428000        11.5256246231         2.6461271446         1.3352870017         2.7967095015        -4.6475205445        19.4492514619
        0.6754388000        26.9661281597         2.7550354141         1.3301823480         2.7865019916       -12.2664066832        18.7543903370
        0.6804396000        16.2771187218         2.7025042951         1.3403916554         2.7890538691         2.9713655941        18.9281056182
        0.6854326000         4.6546477799         2.5646020311         1.3480486360         2.7941576240        14.3996948020        19.2755361807
        0.6904243000        24.0815570690         2.7515802488         1.3301823480         2.7890538691       -12.2664066832        18.9281056182
        0.6954558000        10.5079765403         2.6340526059         1.3403916554         2.7941576240         2.9713655941        19.2755361807
        0.7004343000         0.8366151852         2.5193005335         1.3454963091         2.7992613789        10.5902517327        19.6229667432
        0.7054232000        26.0326666557         2.7539182246         1.3276300211         2.7890538691       -16.0758497525        18.9281056182
        0.7104355000        22.1304474822         2.7492383953         1.3327346748         2.7890538691        -8.4569636139        18.9281056182
        0.7154437000        20.1793378954         2.7468926209         1.3352870017         2.7890538691        -4.6475205445        18.9281056182
        0.7204243000         5.6722958628         2.5766765697         1.3429439823         2.7967095015         6.7808086634        19.4492514619
        0.7254365000        10.5079765403         2.6340526059         1.3403916554         2.7941576240         2.9713655941        19.2755361807
        0.7304229000        -0.0968463188         2.5082248805         1.3429439823         2.8018132564         6.7808086634        19.7966820244
        0.7354331000       -13.7546134263         2.3461735392         1.3608102703         2.8018132564        33.4469101485        19.7966820244
        0.7404131000        25.0150185729         2.7526992783         1.3327346748         2.7865019916        -8.4569636139        18.7543903370
        0.7454362000        22.1304474822         2.7492383953         1.3327346748         2.7890538691        -8.4569636139        18.9281056182
        0.7504292000        13.3925476310         2.6682784505         1.3403916554         2.7916057465         2.9713655941        19.1018208995
        0.7554436000         3.7211862760         2.5535263781         1.3454963091         2.7967095015        10.5902517327        19.4492514619
        0.7604350000        17.2947668046         2.7145788337         1.3352870017         2.7916057465        -4.6475205445        19.1018208995
        0.7654452000        22.1304474822         2.7492383953         1.3327346748         2.7890538691        -8.4569636139        18.9281056182
        0.7704539000        18.2282283086         2.7256544867         1.3378393285         2.7890538691        -0.8380774752        18.9281056182
        0.7754588000         2.7877247720         2.5424507251         1.3429439823         2.7992613789         6.7808086634        19.6229667432
        0.7804407000         7.6234054495         2.5998267613         1.3403916554         2.7967095015         2.9713655941        19.4492514619
        0.7854576000         9.5745150363         2.6229769529         1.3378393285         2.7967095015        -0.8380774752        19.4492514619
        0.7904363000         5.7564824416         2.5776754554         1.3352870017         2.8018132564        -4.6475205445        19.7966820244
        0.7954644000         0.7524286063         2.5183016478         1.3531532897         2.7941576240        22.0185809406        19.2755361807
        0.8004338000         9.5745150363         2.6229769529         1.3378393285         2.7967095015        -0.8380774752        19.4492514619
        0.8055107000        11.5256246231         2.6461271446         1.3352870017         2.7967095015        -4.6475205445        19.4492514619
        0.8104303000        -2.9814174095         2.4739990360         1.3429439823         2.8043651338         6.7808086634        19.9703973057
        0.8154700000        24.0815570690         2.7515802488         1.3301823480         2.7890538691       -12.2664066832        18.9281056182
        0.8204409000        22.1304474822         2.7492383953         1.3327346748         2.7890538691        -8.4569636139        18.9281056182
        0.8254367000        15.3436572178         2.6914286421         1.3378393285         2.7916057465        -0.8380774752        19.1018208995
        0.8304246000        17.2947668046         2.7145788337         1.3352870017         2.7916057465        -4.6475205445        19.1018208995
        0.8354547000        -0.0968463188         2.5082248805         1.3429439823         2.8018132564         6.7808086634        19.7966820244
        0.8404350000       -20.5414036906         2.2711031968         1.3659149240         2.8043651338        41.0657962871        19.9703973057
        0.8454447000        -1.1144944016         2.4961503419         1.3480486360         2.7992613789        14.3996948020        19.6229667432
        0.8504267000         0.8366151852         2.5193005335         1.3454963091         2.7992613789        10.5902517327        19.6229667432
        0.8554500000         8.6410535324         2.6119013000         1.3352870017         2.7992613789        -4.6475205445        19.6229667432
        0.8604291000        -2.9814174095         2.4739990360         1.3429439823         2.8043651338         6.7808086634        19.9703973057
        0.8654466000        -4.9325269963         2.4508488443         1.3454963091         2.8043651338        10.5902517327        19.9703973057
        0.8704398000         6.6899439456         2.5887511084         1.3378393285         2.7992613789        -0.8380774752        19.6229667432
        0.8754306000         0.8366151852         2.5193005335         1.3454963091         2.7992613789        10.5902517327        19.6229667432
        0.8804329000         4.7388343588         2.5656009167         1.3403916554         2.7992613789         2.9713655941        19.6229667432
        0.8854510000         9.5745150363         2.6229769529         1.3378393285         2.7967095015        -0.8380774752        19.4492514619
        0.8904336000        -2.9814174095         2.4739990360         1.3429439823         2.8043651338         6.7808086634        19.9703973057
        0.8954617000        11.5256246231         2.6461271446         1.3352870017         2.7967095015        -4.6475205445        19.4492514619
        0.9004495000       -18.5902941038         2.2887975030         1.3633625971         2.8043651338        37.2563532178        19.9703973057
        0.9054444000         9.5745150363         2.6229769529         1.3378393285         2.7967095015        -0.8380774752        19.4492514619
        0.9104276000        19.2458763914         2.7377290253         1.3327346748         2.7916057465        -8.4569636139        19.1018208995
        0.9154301000        19.2458763914         2.7377290253         1.3327346748         2.7916057465        -8.4569636139        19.1018208995
        0.9204411000         9.5745150363         2.6229769529         1.3378393285         2.7967095015        -0.8380774752        19.4492514619
        0.9254257000        17.2947668046         2.7145788337         1.3352870017         2.7916057465        -4.6475205445        19.1018208995
        0.9304399000         8.5568669535         2.6109024143         1.3429439823         2.7941576240         6.7808086634        19.2755361807
        0.9354246000         8.6410535324         2.6119013000         1.3352870017         2.7992613789        -4.6475205445        19.6229667432
        0.9404364000         6.6899439456         2.5887511084         1.3378393285         2.7992613789        -0.8380774752        19.6229667432
        0.9454360000         6.6899439456         2.5887511084         1.3378393285         2.7992613789        -0.8380774752        19.6229667432
        0.9504555000         0.8366151852         2.5193005335         1.3454963091         2.7992613789        10.5902517327        19.6229667432
        0.9554364000        -4.9325269963         2.4508488443         1.3454963091         2.8043651338        10.5902517327        19.9703973057
        0.9604410000        -8.7505595910         2.4055473468         1.3429439823         2.8094688888         6.7808086634        20.3178278682
        0.9654294000        -5.8659885003         2.4397731914         1.3429439823         2.8069170113         6.7808086634        20.1441125869
        0.9704374000        -7.8170980871         2.4166229998         1.3454963091         2.8069170113        10.5902517327        20.1441125869
        0.9754188000        10.5921631192         2.6350514916         1.3327346748         2.7992613789        -8.4569636139        19.6229667432
        0.9804619000        -5.8659885003         2.4397731914         1.3429439823         2.8069170113         6.7808086634        20.1441125869
        0.9854200000         9.5745150363         2.6229769529         1.3378393285         2.7967095015        -0.8380774752        19.4492514619
        0.9904280000         6.6899439456         2.5887511084         1.3378393285         2.7992613789        -0.8380774752        19.6229667432
        0.9954340000        10.5921631192         2.6350514916         1.3327346748         2.7992613789        -8.4569636139        19.6229667432
        1.0004497000         6.6899439456         2.5887511084         1.3378393285         2.7992613789        -0.8380774752        19.6229667432
        1.0054345000        19.2458763914         2.7377290253         1.3327346748         2.7916057465        -8.4569636139        19.1018208995
        1.0104615000         6.6899439456         2.5887511084         1.3378393285         2.7992613789        -0.8380774752        19.6229667432
        1.0154233000        16.3613053007         2.7035031808         1.3327346748         2.7941576240        -8.4569636139        19.2755361807
        1.0204415000        19.2458763914         2.7377290253         1.3327346748         2.7916057465        -8.4569636139        19.1018208995
        1.0254475000        19.2458763914         2.7377290253         1.3327346748         2.7916057465        -8.4569636139        19.1018208995
        1.0304288000         2.8719113509         2.5434496108         1.3352870017         2.8043651338        -4.6475205445        19.9703973057
        1.0354105000         6.6899439456         2.5887511084         1.3378393285         2.7992613789        -0.8380774752        19.6229667432
        1.0404295000         6.6899439456         2.5887511084         1.3378393285         2.7992613789        -0.8380774752        19.6229667432
        1.0454367000        -2.9814174095         2.4739990360         1.3429439823         2.8043651338         6.7808086634        19.9703973057
        1.0504894000         0.9208017641         2.5202994192         1.3378393285         2.8043651338        -0.8380774752        19.9703973057
        1.0554277000         6.6899439456         2.5887511084         1.3378393285         2.7992613789        -0.8380774752        19.6229667432
        1.0605346000         7.6234054495         2.5998267613         1.3403916554         2.7967095015         2.9713655941        19.4492514619
        1.0654489000         6.6899439456         2.5887511084         1.3378393285         2.7992613789        -0.8380774752        19.6229667432
        1.0704446000        -7.8170980871         2.4166229998         1.3454963091         2.8069170113        10.5902517327        20.1441125869
        1.0754263000        -5.8659885003         2.4397731914         1.3429439823         2.8069170113         6.7808086634        20.1441125869
        1.0805273000         6.6899439456         2.5887511084         1.3378393285         2.7992613789        -0.8380774752        19.6229667432
        1.0854351000         4.7388343588         2.5656009167         1.3403916554         2.7992613789         2.9713655941        19.6229667432
        1.0904390000        16.3613053007         2.7035031808         1.3327346748         2.7941576240        -8.4569636139        19.2755361807
        1.0954365000         6.6899439456         2.5887511084         1.3378393285         2.7992613789        -0.8380774752        19.6229667432
        1.1004110000        16.3613053007         2.7035031808         1.3327346748         2.7941576240        -8.4569636139        19.2755361807
        1.1054553000         6.6899439456         2.5887511084         1.3378393285         2.7992613789        -0.8380774752        19.6229667432
        1.1104331000         6.6899439456         2.5887511084         1.3378393285         2.7992613789        -0.8380774752        19.6229667432
        1.1154545000        -2.9814174095         2.4739990360         1.3429439823         2.8043651338         6.7808086634        19.9703973057
        1.1204320000        16.3613053007         2.7035031808         1.3327346748         2.7941576240        -8.4569636139        19.2755361807
        1.1254142000         7.6234054495         2.5998267613         1.3403916554         2.7967095015         2.9713655941        19.4492514619
        1.1304210000        23.1480955650         2.7504603317         1.3276300211         2.7916057465       -16.0758497525        19.1018208995
        1.1354547000         6.6899439456         2.5887511084         1.3378393285         2.7992613789        -0.8380774752        19.6229667432
        1.1404434000        10.5079765403         2.6340526059         1.3403916554         2.7941576240         2.9713655941        19.2755361807
        1.1454148000         0.8366151852         2.5193005335         1.3454963091         2.7992613789        10.5902517327        19.6229667432
        1.1504325000         6.6899439456         2.5887511084         1.3378393285         2.7992613789        -0.8380774752        19.6229667432
        1.1554288000         6.6899439456         2.5887511084         1.3378393285         2.7992613789        -0.8380774752        19.6229667432
        1.1604328000        -5.8659885003         2.4397731914         1.3429439823         2.8069170113         6.7808086634        20.1441125869
        1.1654533000        -4.9325269963         2.4508488443         1.3454963091         2.8043651338        10.5902517327        19.9703973057
        1.1704246000         6.6899439456         2.5887511084         1.3378393285         2.7992613789        -0.8380774752        19.6229667432
        1.1754372000         6.6899439456         2.5887511084         1.3378393285         2.7992613789        -0.8380774752        19.6229667432
        1.1804222000         2.7877247720         2.5424507251         1.3429439823         2.7992613789         6.7808086634        19.6229667432
        1.1854358000         5.6722958628         2.5766765697         1.3429439823         2.7967095015         6.7808086634        19.4492514619
        1.1904338000         2.7877247720         2.5424507251         1.3429439823         2.7992613789         6.7808086634        19.6229667432
        1.1954510000        15.3436572178         2.6914286421         1.3378393285         2.7916057465        -0.8380774752        19.1018208995
        1.2004319000         9.5745150363         2.6229769529         1.3378393285         2.7967095015        -0.8380774752        19.4492514619
        1.2054466000        -8.7505595910         2.4055473468         1.3429439823         2.8094688888         6.7808086634        20.3178278682
        1.2104334000        -7.8170980871         2.4166229998         1.3454963091         2.8069170113        10.5902517327        20.1441125869
        1.2154360000         6.6899439456         2.5887511084         1.3378393285         2.7992613789        -0.8380774752        19.6229667432
        1.2204224000         8.6410535324         2.6119013000         1.3352870017         2.7992613789        -4.6475205445        19.6229667432
        1.2255022000         6.6899439456         2.5887511084         1.3378393285         2.7992613789        -0.8380774752        19.6229667432
        1.2304441000         8.6410535324         2.6119013000         1.3352870017         2.7992613789        -4.6475205445        19.6229667432
        1.2354726000        -1.9637693267         2.4860735746         1.3378393285         2.8069170113        -0.8380774752        20.1441125869
        1.2404324000         3.8053728548         2.5545252638         1.3378393285         2.8018132564        -0.8380774752        19.7966820244
        1.2454681000        24.0815570690         2.7515802488         1.3301823480         2.7890538691       -12.2664066832        18.9281056182
        1.2504424000        22.1304474822         2.7492383953         1.3327346748         2.7890538691        -8.4569636139        18.9281056182
        1.2554580000        -2.0479559055         2.4850746889         1.3454963091         2.8018132564        10.5902517327        19.7966820244
        1.2604440000       -10.7016691778         2.3823971552         1.3454963091         2.8094688888        10.5902517327        20.3178278682
        1.2654658000         8.6410535324         2.6119013000         1.3352870017         2.7992613789        -4.6475205445        19.6229667432
        1.2704432000         2.7877247720         2.5424507251         1.3429439823         2.7992613789         6.7808086634        19.6229667432
        1.2754296000         0.8366151852         2.5193005335         1.3454963091         2.7992613789        10.5902517327        19.6229667432
        1.2804551000        18.3124148875         2.7266533724         1.3301823480         2.7941576240       -12.2664066832        19.2755361807
        1.2854580000         3.8053728548         2.5545252638         1.3378393285         2.8018132564        -0.8380774752        19.7966820244
        1.2904746000       -12.6527787646         2.3592469636         1.3480486360         2.8094688888        14.3996948020        20.3178278682
        1.2954615000        -5.9501750791         2.4387743057         1.3506009628         2.8018132564        18.2091378713        19.7966820244
        1.3004358000       -10.7016691778         2.3823971552         1.3454963091         2.8094688888        10.5902517327        20.3178278682
        1.3054400000         3.8053728548         2.5545252638         1.3378393285         2.8018132564        -0.8380774752        19.7966820244
        1.3109001000         8.6410535324         2.6119013000         1.3352870017         2.7992613789        -4.6475205445        19.6229667432
        1.3154581000         2.7877247720         2.5424507251         1.3429439823         2.7992613789         6.7808086634        19.6229667432
        1.3205159000         6.6899439456         2.5887511084         1.3378393285         2.7992613789        -0.8380774752        19.6229667432
        1.3254530000        18.3124148875         2.7266533724         1.3301823480         2.7941576240       -12.2664066832        19.2755361807
        1.3304338000        13.4767342099         2.6692773362         1.3327346748         2.7967095015        -8.4569636139        19.4492514619
        1.3354192000        16.3613053007         2.7035031808         1.3327346748         2.7941576240        -8.4569636139        19.2755361807
        1.3404358000        -0.0968463188         2.5082248805         1.3429439823         2.8018132564         6.7808086634        19.7966820244
        1.3454182000         2.7877247720         2.5424507251         1.3429439823         2.7992613789         6.7808086634        19.6229667432
        1.3504545000         0.8366151852         2.5193005335         1.3454963091         2.7992613789        10.5902517327        19.6229667432
        1.3554298000         3.8053728548         2.5545252638         1.3378393285         2.8018132564        -0.8380774752        19.7966820244
        1.3604690000        13.4767342099         2.6692773362         1.3327346748         2.7967095015        -8.4569636139        19.4492514619
        1.3655181000         6.6899439456         2.5887511084         1.3378393285         2.7992613789        -0.8380774752        19.6229667432
        1.3704439000        -7.8170980871         2.4166229998         1.3454963091         2.8069170113        10.5902517327        20.1441125869
        1.3754211000        -1.9637693267         2.4860735746         1.3378393285         2.8069170113        -0.8380774752        20.1441125869
        1.3804559000         9.5745150363         2.6229769529         1.3378393285         2.7967095015        -0.8380774752        19.4492514619
        1.3854415000         1.8542632680         2.5313750722         1.3403916554         2.8018132564         2.9713655941        19.7966820244
        1.3904315000         3.8053728548         2.5545252638         1.3378393285         2.8018132564        -0.8380774752        19.7966820244
        1.3954496000         6.6899439456         2.5887511084         1.3378393285         2.7992613789        -0.8380774752        19.6229667432
        1.4004426000        16.3613053007         2.7035031808         1.3327346748         2.7941576240        -8.4569636139        19.2755361807
        1.4054309000         3.8053728548         2.5545252638         1.3378393285         2.8018132564        -0.8380774752        19.7966820244
        1.4104526000        -5.8659885003         2.4397731914         1.3429439823         2.8069170113         6.7808086634        20.1441125869
        1.4154289000        16.3613053007         2.7035031808         1.3327346748         2.7941576240        -8.4569636139        19.2755361807
        1.4204481000         3.8053728548         2.5545252638         1.3378393285         2.8018132564        -0.8380774752        19.7966820244
        1.4254431000       -10.7016691778         2.3823971552         1.3454963091         2.8094688888        10.5902517327        20.3178278682
        1.4304314000         6.6899439456         2.5887511084         1.3378393285         2.7992613789        -0.8380774752        19.6229667432
        1.4354404000        13.4767342099         2.6692773362         1.3327346748         2.7967095015        -8.4569636139        19.4492514619
        1.4405445000         4.7388343588         2.5656009167         1.3403916554         2.7992613789         2.9713655941        19.6229667432
        1.4454611000        -7.8170980871         2.4166229998         1.3454963091         2.8069170113        10.5902517327        20.1441125869
        1.4504467000        13.4767342099         2.6692773362         1.3327346748         2.7967095015        -8.4569636139        19.4492514619
        1.4554285000        -8.7505595910         2.4055473468         1.3429439823         2.8094688888         6.7808086634        20.3178278682
        1.4604499000         3.8053728548         2.5545252638         1.3378393285         2.8018132564        -0.8380774752        19.7966820244
        1.4654406000        -7.8170980871         2.4166229998         1.3454963091         2.8069170113        10.5902517327        20.1441125869
        1.4704267000         3.8053728548         2.5545252638         1.3378393285         2.8018132564        -0.8380774752        19.7966820244
        1.4754484000        -7.8170980871         2.4166229998         1.3454963091         2.8069170113        10.5902517327        20.1441125869
        1.4804265000         1.8542632680         2.5313750722         1.3403916554         2.8018132564         2.9713655941        19.7966820244
        1.4854482000        -5.8659885003         2.4397731914         1.3429439823         2.8069170113         6.7808086634        20.1441125869
        1.4904159000         3.8053728548         2.5545252638         1.3378393285         2.8018132564        -0.8380774752        19.7966820244
        1.4954301000        -7.8170980871         2.4166229998         1.3454963091         2.8069170113        10.5902517327        20.1441125869
        1.5004377000         6.6899439456         2.5887511084         1.3378393285         2.7992613789        -0.8380774752        19.6229667432
        1.5054507000         6.6899439456         2.5887511084         1.3378393285         2.7992613789        -0.8380774752        19.6229667432
        1.5104359000         3.8053728548         2.5545252638         1.3378393285         2.8018132564        -0.8380774752        19.7966820244
        1.5154430000        -7.8170980871         2.4166229998         1.3454963091         2.8069170113        10.5902517327        20.1441125869
        1.5204217000         5.7564824416         2.5776754554         1.3352870017         2.8018132564        -4.6475205445        19.7966820244
        1.5254400000        12.5432727059         2.6582016832         1.3301823480         2.7992613789       -12.2664066832        19.6229667432
        1.5304263000        -1.0303078227         2.4971492276         1.3403916554         2.8043651338         2.9713655941        19.9703973057
        1.5354521000         6.6899439456         2.5887511084         1.3378393285         2.7992613789        -0.8380774752        19.6229667432
        1.5404138000        14.4101957139         2.6803529891         1.3352870017         2.7941576240        -4.6475205445        19.2755361807
        1.5454280000         3.8053728548         2.5545252638         1.3378393285         2.8018132564        -0.8380774752        19.7966820244
        1.5504359000        16.3613053007         2.7035031808         1.3327346748         2.7941576240        -8.4569636139        19.2755361807
        1.5554928000         3.8053728548         2.5545252638         1.3378393285         2.8018132564        -0.8380774752        19.7966820244
        1.5604255000        13.4767342099         2.6692773362         1.3327346748         2.7967095015        -8.4569636139        19.4492514619
        1.5655173000         3.8053728548         2.5545252638         1.3378393285         2.8018132564        -0.8380774752        19.7966820244
        1.5704269000        -2.8972308307         2.4749979216         1.3352870017         2.8094688888        -4.6475205445        20.3178278682
        1.5754462000         2.7877247720         2.5424507251         1.3429439823         2.7992613789         6.7808086634        19.6229667432
        1.5804295000         1.8542632680         2.5313750722         1.3403916554         2.8018132564         2.9713655941        19.7966820244
        1.5854515000        -7.8170980871         2.4166229998         1.3454963091         2.8069170113        10.5902517327        20.1441125869
        1.5904375000         9.6587016152         2.6239758386         1.3301823480         2.8018132564       -12.2664066832        19.7966820244
        1.5954962000        18.3124148875         2.7266533724         1.3301823480         2.7941576240       -12.2664066832        19.2755361807
        1.6004076000        13.4767342099         2.6692773362         1.3327346748         2.7967095015        -8.4569636139        19.4492514619
        1.6055365000        13.4767342099         2.6692773362         1.3327346748         2.7967095015        -8.4569636139        19.4492514619
        1.6104254000         3.8053728548         2.5545252638         1.3378393285         2.8018132564        -0.8380774752        19.7966820244
        1.6154408000        13.4767342099         2.6692773362         1.3327346748         2.7967095015        -8.4569636139        19.4492514619
        1.6204260000        16.3613053007         2.7035031808         1.3327346748         2.7941576240        -8.4569636139        19.2755361807
        1.6254542000        -7.8170980871         2.4166229998         1.3454963091         2.8069170113        10.5902517327        20.1441125869
        1.6304155000        14.4101957139         2.6803529891         1.3352870017         2.7941576240        -4.6475205445        19.2755361807
        1.6354277000        13.4767342099         2.6692773362         1.3327346748         2.7967095015        -8.4569636139        19.4492514619
        1.6404364000        14.4101957139         2.6803529891         1.3352870017         2.7941576240        -4.6475205445        19.2755361807
        1.6454769000        13.4767342099         2.6692773362         1.3327346748         2.7967095015        -8.4569636139        19.4492514619
        1.6504241000         9.6587016152         2.6239758386         1.3301823480         2.8018132564       -12.2664066832        19.7966820244
        1.6554334000         3.8053728548         2.5545252638         1.3378393285         2.8018132564        -0.8380774752        19.7966820244
        1.6604560000        -4.8483404174         2.4518477300         1.3378393285         2.8094688888        -0.8380774752        20.3178278682
        1.6654344000         3.8053728548         2.5545252638         1.3378393285         2.8018132564        -0.8380774752        19.7966820244
        1.6704938000        18.3124148875         2.7266533724         1.3301823480         2.7941576240       -12.2664066832        19.2755361807
        1.6755095000         3.8053728548         2.5545252638         1.3378393285         2.8018132564        -0.8380774752        19.7966820244
        1.6805029000        14.4101957139         2.6803529891         1.3352870017         2.7941576240        -4.6475205445        19.2755361807
        1.6854428000         3.8053728548         2.5545252638         1.3378393285         2.8018132564        -0.8380774752        19.7966820244
        1.6904382000        -7.9012846659         2.4156241141         1.3531532897         2.8018132564        22.0185809406        19.7966820244
        1.6954182000        12.4590861271         2.6572027975         1.3378393285         2.7941576240        -0.8380774752        19.2755361807
        1.7004257000        -4.9325269963         2.4508488443         1.3454963091         2.8043651338        10.5902517327        19.9703973057
        1.7054340000       -10.7016691778         2.3823971552         1.3454963091         2.8094688888        10.5902517327        20.3178278682
        1.7104971000        11.5256246231         2.6461271446         1.3352870017         2.7967095015        -4.6475205445        19.4492514619
        1.7154339000        13.4767342099         2.6692773362         1.3327346748         2.7967095015        -8.4569636139        19.4492514619
        1.7204395000        -7.8170980871         2.4166229998         1.3454963091         2.8069170113        10.5902517327        20.1441125869
        1.7254255000        -7.8170980871         2.4166229998         1.3454963091         2.8069170113        10.5902517327        20.1441125869
        1.7304366000         5.7564824416         2.5776754554         1.3352870017         2.8018132564        -4.6475205445        19.7966820244
        1.7354243000         3.8053728548         2.5545252638         1.3378393285         2.8018132564        -0.8380774752        19.7966820244
        1.7404381000        13.4767342099         2.6692773362         1.3327346748         2.7967095015        -8.4569636139        19.4492514619
        1.7454334000         3.8053728548         2.5545252638         1.3378393285         2.8018132564        -0.8380774752        19.7966820244
        1.7504240000         7.7075920284         2.6008256470         1.3327346748         2.8018132564        -8.4569636139        19.7966820244
        1.7554347000         9.5745150363         2.6229769529         1.3378393285         2.7967095015        -0.8380774752        19.4492514619
        1.7604471000         6.6899439456         2.5887511084         1.3378393285         2.7992613789        -0.8380774752        19.6229667432
        1.7654236000         6.6899439456         2.5887511084         1.3378393285         2.7992613789        -0.8380774752        19.6229667432
        1.7705149000        -7.8170980871         2.4166229998         1.3454963091         2.8069170113        10.5902517327        20.1441125869
        1.7754454000        -8.7505595910         2.4055473468         1.3429439823         2.8094688888         6.7808086634        20.3178278682
        1.7804448000        -6.7994500042         2.4286975384         1.3403916554         2.8094688888         2.9713655941        20.3178278682
        1.7854969000        -2.0479559055         2.4850746889         1.3454963091         2.8018132564        10.5902517327        19.7966820244
        1.7905093000         1.8542632680         2.5313750722         1.3403916554         2.8018132564         2.9713655941        19.7966820244
        1.7954417000        16.3613053007         2.7035031808         1.3327346748         2.7941576240        -8.4569636139        19.2755361807
        1.8004390000        15.4278437967         2.6924275278         1.3301823480         2.7967095015       -12.2664066832        19.4492514619
        1.8054367000         3.8053728548         2.5545252638         1.3378393285         2.8018132564        -0.8380774752        19.7966820244
        1.8104482000         4.7388343588         2.5656009167         1.3403916554         2.7992613789         2.9713655941        19.6229667432
        1.8155027000         3.8053728548         2.5545252638         1.3378393285         2.8018132564        -0.8380774752        19.7966820244
        1.8204395000         3.8053728548         2.5545252638         1.3378393285         2.8018132564        -0.8380774752        19.7966820244
        1.8254881000         0.8366151852         2.5193005335         1.3454963091         2.7992613789        10.5902517327        19.6229667432
        1.8304305000        -1.0303078227         2.4971492276         1.3403916554         2.8043651338         2.9713655941        19.9703973057
        1.8355085000         5.7564824416         2.5776754554         1.3352870017         2.8018132564        -4.6475205445        19.7966820244
        1.8404193000        18.3124148875         2.7266533724         1.3301823480         2.7941576240       -12.2664066832        19.2755361807
        1.8454352000        -8.7505595910         2.4055473468         1.3429439823         2.8094688888         6.7808086634        20.3178278682
        1.8504191000       -12.6527787646         2.3592469636         1.3480486360         2.8094688888        14.3996948020        20.3178278682
        1.8555238000         5.7564824416         2.5776754554         1.3352870017         2.8018132564        -4.6475205445        19.7966820244
        1.8605256000         3.8053728548         2.5545252638         1.3378393285         2.8018132564        -0.8380774752        19.7966820244
        1.8655185000         3.8053728548         2.5545252638         1.3378393285         2.8018132564        -0.8380774752        19.7966820244
        1.8704433000         5.7564824416         2.5776754554         1.3352870017         2.8018132564        -4.6475205445        19.7966820244
        1.8754652000        16.3613053007         2.7035031808         1.3327346748         2.7941576240        -8.4569636139        19.2755361807
        1.8804536000       -10.7016691778         2.3823971552         1.3454963091         2.8094688888        10.5902517327        20.3178278682
        1.8854693000       -10.7016691778         2.3823971552         1.3454963091         2.8094688888        10.5902517327        20.3178278682
        1.8904978000        13.4767342099         2.6692773362         1.3327346748         2.7967095015        -8.4569636139        19.4492514619
        1.8954354000         6.7741305244         2.5897499940         1.3301823480         2.8043651338       -12.2664066832        19.9703973057
        1.9004200000         3.8053728548         2.5545252638         1.3378393285         2.8018132564        -0.8380774752        19.7966820244
        1.9055072000        12.5432727059         2.6582016832         1.3301823480         2.7992613789       -12.2664066832        19.6229667432
        1.9104326000        15.4278437967         2.6924275278         1.3301823480         2.7967095015       -12.2664066832        19.4492514619
        1.9154917000         3.8053728548         2.5545252638         1.3378393285         2.8018132564        -0.8380774752        19.7966820244
        1.9204979000        -8.7505595910         2.4055473468         1.3429439823         2.8094688888         6.7808086634        20.3178278682
        1.9254864000         3.8053728548         2.5545252638         1.3378393285         2.8018132564        -0.8380774752        19.7966820244
        1.9306498000         3.8053728548         2.5545252638         1.3378393285         2.8018132564        -0.8380774752        19.7966820244
        1.9355114000        -8.7505595910         2.4055473468         1.3429439823         2.8094688888         6.7808086634        20.3178278682
        1.9404213000         2.8719113509         2.5434496108         1.3352870017         2.8043651338        -4.6475205445        19.9703973057
        1.9454957000         6.6899439456         2.5887511084         1.3378393285         2.7992613789        -0.8380774752        19.6229667432
        1.9504298000        13.4767342099         2.6692773362         1.3327346748         2.7967095015        -8.4569636139        19.4492514619
        1.9554963000       -10.7016691778         2.3823971552         1.3454963091         2.8094688888        10.5902517327        20.3178278682
        1.9604319000        -5.8659885003         2.4397731914         1.3429439823         2.8069170113         6.7808086634        20.1441125869
        1.9654882000         5.7564824416         2.5776754554         1.3352870017         2.8018132564        -4.6475205445        19.7966820244
        1.9704311000       -10.7016691778         2.3823971552         1.3454963091         2.8094688888        10.5902517327        20.3178278682
        1.9754367000         3.8053728548         2.5545252638         1.3378393285         2.8018132564        -0.8380774752        19.7966820244
        1.9804203000        -8.7505595910         2.4055473468         1.3429439823         2.8094688888         6.7808086634        20.3178278682
        1.9854436000       -10.7016691778         2.3823971552         1.3454963091         2.8094688888        10.5902517327        20.3178278682
        1.9904419000        -2.0479559055         2.4850746889         1.3454963091         2.8018132564        10.5902517327        19.7966820244
        1.9954399000       -10.7016691778         2.3823971552         1.3454963091         2.8094688888        10.5902517327        20.3178278682
        2.0004274000        -7.8170980871         2.4166229998         1.3454963091         2.8069170113        10.5902517327        20.1441125869
        2.0055074000       -10.7016691778         2.3823971552         1.3454963091         2.8094688888        10.5902517327        20.3178278682
        2.0104943000       -13.5862402686         2.3481713106         1.3454963091         2.8120207662        10.5902517327        20.4915431494
        2.0154375000         3.8053728548         2.5545252638         1.3378393285         2.8018132564        -0.8380774752        19.7966820244
        2.0205087000        -2.0479559055         2.4850746889         1.3454963091         2.8018132564        10.5902517327        19.7966820244
        2.0254273000         9.5745150363         2.6229769529         1.3378393285         2.7967095015        -0.8380774752        19.4492514619
        2.0304428000         7.7075920284         2.6008256470         1.3327346748         2.8018132564        -8.4569636139        19.7966820244
        2.0354276000        16.3613053007         2.7035031808         1.3327346748         2.7941576240        -8.4569636139        19.2755361807
        2.0404833000         5.7564824416         2.5776754554         1.3352870017         2.8018132564        -4.6475205445        19.7966820244
        2.0454156000       -11.6351306818         2.3713215022         1.3429439823         2.8120207662         6.7808086634        20.4915431494
        2.0505032000        -3.0656039884         2.4730001503         1.3506009628         2.7992613789        18.2091378713        19.6229667432
        2.0554158000         3.8053728548         2.5545252638         1.3378393285         2.8018132564        -0.8380774752        19.7966820244
        2.0604313000         3.8053728548         2.5545252638         1.3378393285         2.8018132564        -0.8380774752        19.7966820244
        2.0654786000         3.8053728548         2.5545252638         1.3378393285         2.8018132564        -0.8380774752        19.7966820244
        2.0704964000        13.4767342099         2.6692773362         1.3327346748         2.7967095015        -8.4569636139        19.4492514619
        2.0754940000        13.4767342099         2.6692773362         1.3327346748         2.7967095015        -8.4569636139        19.4492514619
        2.0804843000         3.8053728548         2.5545252638         1.3378393285         2.8018132564        -0.8380774752        19.7966820244
        2.0854303000        -7.8170980871         2.4166229998         1.3454963091         2.8069170113        10.5902517327        20.1441125869
        2.0904828000       -10.7016691778         2.3823971552         1.3454963091         2.8094688888        10.5902517327        20.3178278682
        2.0954893000        -7.8170980871         2.4166229998         1.3454963091         2.8069170113        10.5902517327        20.1441125869
        2.1004910000       -23.4259747814         2.2659689586         1.3659149240         2.8069170113        41.0657962871        20.1441125869
        2.1054363000       -10.7016691778         2.3823971552         1.3454963091         2.8094688888        10.5902517327        20.3178278682
        2.1104896000        -2.9814174095         2.4739990360         1.3429439823         2.8043651338         6.7808086634        19.9703973057
        2.1154342000       -10.7016691778         2.3823971552         1.3454963091         2.8094688888        10.5902517327        20.3178278682
        2.1204423000         3.8053728548         2.5545252638         1.3378393285         2.8018132564        -0.8380774752        19.7966820244
        2.1254904000         6.6899439456         2.5887511084         1.3378393285         2.7992613789        -0.8380774752        19.6229667432
        2.1304354000         5.7564824416         2.5776754554         1.3352870017         2.8018132564        -4.6475205445        19.7966820244
        2.1355689000         3.8053728548         2.5545252638         1.3378393285         2.8018132564        -0.8380774752        19.7966820244
        2.1405120000         3.8053728548         2.5545252638         1.3378393285         2.8018132564        -0.8380774752        19.7966820244
        2.1454395000        -2.0479559055         2.4850746889         1.3454963091         2.8018132564        10.5902517327        19.7966820244
        2.1504291000       -10.7016691778         2.3823971552         1.3454963091         2.8094688888        10.5902517327        20.3178278682
        2.1554385000        -0.0126597399         2.5092237662         1.3352870017         2.8069170113        -4.6475205445        20.1441125869
        2.1604185000       -10.7016691778         2.3823971552         1.3454963091         2.8094688888        10.5902517327        20.3178278682
        2.1654276000        -8.7505595910         2.4055473468         1.3429439823         2.8094688888         6.7808086634        20.3178278682
        2.1705653000         3.8053728548         2.5545252638         1.3378393285         2.8018132564        -0.8380774752        19.7966820244
        2.1754264000         1.8542632680         2.5313750722         1.3403916554         2.8018132564         2.9713655941        19.7966820244
        2.1804432000       -10.7016691778         2.3823971552         1.3454963091         2.8094688888        10.5902517327        20.3178278682
        2.1854895000       -10.7016691778         2.3823971552         1.3454963091         2.8094688888        10.5902517327        20.3178278682
        2.1904386000        -5.0167135752         2.4498499587         1.3531532897         2.7992613789        22.0185809406        19.6229667432
        2.1954798000         3.8053728548         2.5545252638         1.3378393285         2.8018132564        -0.8380774752        19.7966820244
        2.2004265000        15.4278437967         2.6924275278         1.3301823480         2.7967095015       -12.2664066832        19.4492514619
        2.2055044000         0.9208017641         2.5202994192         1.3378393285         2.8043651338        -0.8380774752        19.9703973057
        2.2104914000        13.4767342099         2.6692773362         1.3327346748         2.7967095015        -8.4569636139        19.4492514619
        2.2155144000        15.4278437967         2.6924275278         1.3301823480         2.7967095015       -12.2664066832        19.4492514619
        2.2204376000         2.8719113509         2.5434496108         1.3352870017         2.8043651338        -4.6475205445        19.9703973057
        2.2254930000         3.8053728548         2.5545252638         1.3378393285         2.8018132564        -0.8380774752        19.7966820244
        2.2304248000         5.7564824416         2.5776754554         1.3352870017         2.8018132564        -4.6475205445        19.7966820244
        2.2354935000        -7.8170980871         2.4166229998         1.3454963091         2.8069170113        10.5902517327        20.1441125869
        2.2404884000         3.8053728548         2.5545252638         1.3378393285         2.8018132564        -0.8380774752        19.7966820244
        2.2454890000        -4.8483404174         2.4518477300         1.3378393285         2.8094688888        -0.8380774752        20.3178278682
        2.2504896000       -10.7016691778         2.3823971552         1.3454963091         2.8094688888        10.5902517327        20.3178278682
        2.2555052000         3.8053728548         2.5545252638         1.3378393285         2.8018132564        -0.8380774752        19.7966820244
        2.2604369000         0.9208017641         2.5202994192         1.3378393285         2.8043651338        -0.8380774752        19.9703973057
        2.2654926000         3.8053728548         2.5545252638         1.3378393285         2.8018132564        -0.8380774752        19.7966820244
        2.2704810000        13.4767342099         2.6692773362         1.3327346748         2.7967095015        -8.4569636139        19.4492514619
        2.2754953000         1.8542632680         2.5313750722         1.3403916554         2.8018132564         2.9713655941        19.7966820244
        2.2804999000         3.8053728548         2.5545252638         1.3378393285         2.8018132564        -0.8380774752        19.7966820244
        2.2854848000         3.8053728548         2.5545252638         1.3378393285         2.8018132564        -0.8380774752        19.7966820244
        2.2904946000         1.8542632680         2.5313750722         1.3403916554         2.8018132564         2.9713655941        19.7966820244
        2.2954860000         3.8053728548         2.5545252638         1.3378393285         2.8018132564        -0.8380774752        19.7966820244
        2.3004883000       -10.7016691778         2.3823971552         1.3454963091         2.8094688888        10.5902517327        20.3178278682
        2.3055079000         3.8053728548         2.5545252638         1.3378393285         2.8018132564        -0.8380774752        19.7966820244
        2.3104826000         3.8053728548         2.5545252638         1.3378393285         2.8018132564        -0.8380774752        19.7966820244
        2.3154927000        15.4278437967         2.6924275278         1.3301823480         2.7967095015       -12.2664066832        19.4492514619
        2.3204821000        15.4278437967         2.6924275278         1.3301823480         2.7967095015       -12.2664066832        19.4492514619
        2.3254901000         3.8053728548         2.5545252638         1.3378393285         2.8018132564        -0.8380774752        19.7966820244
        2.3304965000        -5.8659885003         2.4397731914         1.3429439823         2.8069170113         6.7808086634        20.1441125869
        2.3354903000       -10.7016691778         2.3823971552         1.3454963091         2.8094688888        10.5902517327        20.3178278682
        2.3404264000       -24.3594362853         2.2643157117         1.3633625971         2.8094688888        37.2563532178        20.3178278682
        2.3454853000         3.8053728548         2.5545252638         1.3378393285         2.8018132564        -0.8380774752        19.7966820244
        2.3504853000        13.4767342099         2.6692773362         1.3327346748         2.7967095015        -8.4569636139        19.4492514619
        2.3554899000         4.8230209376         2.5665998024         1.3327346748         2.8043651338        -8.4569636139        19.9703973057
        2.3604346000        16.3613053007         2.7035031808         1.3327346748         2.7941576240        -8.4569636139        19.2755361807
        2.3654896000         3.8053728548         2.5545252638         1.3378393285         2.8018132564        -0.8380774752        19.7966820244
        2.3704955000         3.8053728548         2.5545252638         1.3378393285         2.8018132564        -0.8380774752        19.7966820244
        2.3754877000       -10.7016691778         2.3823971552         1.3454963091         2.8094688888        10.5902517327        20.3178278682
        2.3804223000         7.7075920284         2.6008256470         1.3327346748         2.8018132564        -8.4569636139        19.7966820244
        2.3854806000         7.7075920284         2.6008256470         1.3327346748         2.8018132564        -8.4569636139        19.7966820244
        2.3904337000         3.8053728548         2.5545252638         1.3378393285         2.8018132564        -0.8380774752        19.7966820244
        2.3955115000         3.8053728548         2.5545252638         1.3378393285         2.8018132564        -0.8380774752        19.7966820244
        2.4004955000        15.4278437967         2.6924275278         1.3301823480         2.7967095015       -12.2664066832        19.4492514619
        2.4054953000        13.4767342099         2.6692773362         1.3327346748         2.7967095015        -8.4569636139        19.4492514619
        2.4104966000         3.8053728548         2.5545252638         1.3378393285         2.8018132564        -0.8380774752        19.7966820244
        2.4155366000         5.7564824416         2.5776754554         1.3352870017         2.8018132564        -4.6475205445        19.7966820244
        2.4206095000         5.7564824416         2.5776754554         1.3352870017         2.8018132564        -4.6475205445        19.7966820244
        2.4255000000        -5.8659885003         2.4397731914         1.3429439823         2.8069170113         6.7808086634        20.1441125869
        2.4304901000       -10.7016691778         2.3823971552         1.3454963091         2.8094688888        10.5902517327        20.3178278682
        2.4354546000         1.8542632680         2.5313750722         1.3403916554         2.8018132564         2.9713655941        19.7966820244
        2.4405070000         3.8053728548         2.5545252638         1.3378393285         2.8018132564        -0.8380774752        19.7966820244
        2.4455234000         3.8053728548         2.5545252638         1.3378393285         2.8018132564        -0.8380774752        19.7966820244
        2.4504784000        13.4767342099         2.6692773362         1.3327346748         2.7967095015        -8.4569636139        19.4492514619
        2.4554845000        15.4278437967         2.6924275278         1.3301823480         2.7967095015       -12.2664066832        19.4492514619
        2.4604802000         3.8053728548         2.5545252638         1.3378393285         2.8018132564        -0.8380774752        19.7966820244
        2.4654822000         3.8053728548         2.5545252638         1.3378393285         2.8018132564        -0.8380774752        19.7966820244
        2.4704905000        11.5256246231         2.6461271446         1.3352870017         2.7967095015        -4.6475205445        19.4492514619
        2.4754334000        13.4767342099         2.6692773362         1.3327346748         2.7967095015        -8.4569636139        19.4492514619
        2.4804872000         4.8230209376         2.5665998024         1.3327346748         2.8043651338        -8.4569636139        19.9703973057
        2.4854201000         6.6899439456         2.5887511084         1.3378393285         2.7992613789        -0.8380774752        19.6229667432
        2.4904862000         1.0049883429         2.5212983049         1.3301823480         2.8094688888       -12.2664066832        20.3178278682
        2.4954812000       -10.7016691778         2.3823971552         1.3454963091         2.8094688888        10.5902517327        20.3178278682
        2.5004967000         0.9208017641         2.5202994192         1.3378393285         2.8043651338        -0.8380774752        19.9703973057
        2.5054916000        -7.8170980871         2.4166229998         1.3454963091         2.8069170113        10.5902517327        20.1441125869
        2.5105026000       -10.7016691778         2.3823971552         1.3454963091         2.8094688888        10.5902517327        20.3178278682
        2.5154318000         3.8053728548         2.5545252638         1.3378393285         2.8018132564        -0.8380774752        19.7966820244
        2.5204866000         3.8053728548         2.5545252638         1.3378393285         2.8018132564        -0.8380774752        19.7966820244
        2.5254306000        15.4278437967         2.6924275278         1.3301823480         2.7967095015       -12.2664066832        19.4492514619
        2.5304834000         5.7564824416         2.5776754554         1.3352870017         2.8018132564        -4.6475205445        19.7966820244
        2.5354195000        11.5256246231         2.6461271446         1.3352870017         2.7967095015        -4.6475205445        19.4492514619
        2.5404807000        18.3124148875         2.7266533724         1.3301823480         2.7941576240       -12.2664066832        19.2755361807
        2.5454832000       -10.7016691778         2.3823971552         1.3454963091         2.8094688888        10.5902517327        20.3178278682
        2.5504736000         7.7075920284         2.6008256470         1.3327346748         2.8018132564        -8.4569636139        19.7966820244
        2.5554819000         1.9384498469         2.5323739578         1.3327346748         2.8069170113        -8.4569636139        20.1441125869
        2.5604958000         3.8053728548         2.5545252638         1.3378393285         2.8018132564        -0.8380774752        19.7966820244
        2.5654297000        10.5921631192         2.6350514916         1.3327346748         2.7992613789        -8.4569636139        19.6229667432
        2.5704881000        15.4278437967         2.6924275278         1.3301823480         2.7967095015       -12.2664066832        19.4492514619
        2.5754725000         1.8542632680         2.5313750722         1.3403916554         2.8018132564         2.9713655941        19.7966820244
        2.5805174000         3.8053728548         2.5545252638         1.3378393285         2.8018132564        -0.8380774752        19.7966820244
        2.5855017000         7.7075920284         2.6008256470         1.3327346748         2.8018132564        -8.4569636139        19.7966820244
        2.5904995000         7.7075920284         2.6008256470         1.3327346748         2.8018132564        -8.4569636139        19.7966820244
        2.5954826000       -10.7016691778         2.3823971552         1.3454963091         2.8094688888        10.5902517327        20.3178278682
        2.6004365000        -8.7505595910         2.4055473468         1.3429439823         2.8094688888         6.7808086634        20.3178278682
        2.6054820000         6.6899439456         2.5887511084         1.3378393285         2.7992613789        -0.8380774752        19.6229667432
        2.6104798000        13.4767342099         2.6692773362         1.3327346748         2.7967095015        -8.4569636139        19.4492514619
        2.6154718000         3.8053728548         2.5545252638         1.3378393285         2.8018132564        -0.8380774752        19.7966820244
        2.6204785000       -10.7016691778         2.3823971552         1.3454963091         2.8094688888        10.5902517327        20.3178278682
        2.6254941000         3.8053728548         2.5545252638         1.3378393285         2.8018132564        -0.8380774752        19.7966820244
        2.6304800000         3.8053728548         2.5545252638         1.3378393285         2.8018132564        -0.8380774752        19.7966820244
        2.6354828000        13.4767342099         2.6692773362         1.3327346748         2.7967095015        -8.4569636139        19.4492514619
        2.6404684000        15.4278437967         2.6924275278         1.3301823480         2.7967095015       -12.2664066832        19.4492514619
        2.6454907000         4.9072075165         2.5675986881         1.3250776943         2.8094688888       -19.8852928218        20.3178278682
        2.6504891000        11.5256246231         2.6461271446         1.3352870017         2.7967095015        -4.6475205445        19.4492514619
        2.6554707000        17.3789533835         2.7155777194         1.3276300211         2.7967095015       -16.0758497525        19.4492514619
        2.6604789000         9.5745150363         2.6229769529         1.3378393285         2.7967095015        -0.8380774752        19.4492514619
        2.6655084000         3.8053728548         2.5545252638         1.3378393285         2.8018132564        -0.8380774752        19.7966820244
        2.6704993000        -0.0968463188         2.5082248805         1.3429439823         2.8018132564         6.7808086634        19.7966820244
        2.6755255000        12.4590861271         2.6572027975         1.3378393285         2.7941576240        -0.8380774752        19.2755361807
        2.6804889000         1.8542632680         2.5313750722         1.3403916554         2.8018132564         2.9713655941        19.7966820244
        2.6854956000         3.8053728548         2.5545252638         1.3378393285         2.8018132564        -0.8380774752        19.7966820244
        2.6905180000       -10.7016691778         2.3823971552         1.3454963091         2.8094688888        10.5902517327        20.3178278682
        2.6954864000       -10.7016691778         2.3823971552         1.3454963091         2.8094688888        10.5902517327        20.3178278682
        2.7004786000        -4.8483404174         2.4518477300         1.3378393285         2.8094688888        -0.8380774752        20.3178278682
        2.7054721000         6.6899439456         2.5887511084         1.3378393285         2.7992613789        -0.8380774752        19.6229667432
        2.7104805000         3.8053728548         2.5545252638         1.3378393285         2.8018132564        -0.8380774752        19.7966820244
        2.7154780000        13.4767342099         2.6692773362         1.3327346748         2.7967095015        -8.4569636139        19.4492514619
        2.7204803000        15.4278437967         2.6924275278         1.3301823480         2.7967095015       -12.2664066832        19.4492514619
        2.7254830000        13.4767342099         2.6692773362         1.3327346748         2.7967095015        -8.4569636139        19.4492514619
        2.7304680000         4.7388343588         2.5656009167         1.3403916554         2.7992613789         2.9713655941        19.6229667432
        2.7354828000         3.8053728548         2.5545252638         1.3378393285         2.8018132564        -0.8380774752        19.7966820244
        2.7404677000        -6.7994500042         2.4286975384         1.3403916554         2.8094688888         2.9713655941        20.3178278682
        2.7454867000       -10.7016691778         2.3823971552         1.3454963091         2.8094688888        10.5902517327        20.3178278682
        2.7504771000        -0.9461212439         2.4981481133         1.3327346748         2.8094688888        -8.4569636139        20.3178278682
        2.7554765000         3.8053728548         2.5545252638         1.3378393285         2.8018132564        -0.8380774752        19.7966820244
        2.7604794000         9.6587016152         2.6239758386         1.3301823480         2.8018132564       -12.2664066832        19.7966820244
        2.7654864000         3.8053728548         2.5545252638         1.3378393285         2.8018132564        -0.8380774752        19.7966820244
        2.7704793000         1.8542632680         2.5313750722         1.3403916554         2.8018132564         2.9713655941        19.7966820244
        2.7754770000        13.4767342099         2.6692773362         1.3327346748         2.7967095015        -8.4569636139        19.4492514619
        2.7804742000        13.4767342099         2.6692773362         1.3327346748         2.7967095015        -8.4569636139        19.4492514619
        2.7854773000         5.7564824416         2.5776754554         1.3352870017         2.8018132564        -4.6475205445        19.7966820244
        2.7904923000        -5.8659885003         2.4397731914         1.3429439823         2.8069170113         6.7808086634        20.1441125869
        2.7954756000         3.7211862760         2.5535263781         1.3454963091         2.7967095015        10.5902517327        19.4492514619
        2.8004782000        -8.7505595910         2.4055473468         1.3429439823         2.8094688888         6.7808086634        20.3178278682
        2.8054648000       -10.7016691778         2.3823971552         1.3454963091         2.8094688888        10.5902517327        20.3178278682
        2.8104796000       -10.7016691778         2.3823971552         1.3454963091         2.8094688888        10.5902517327        20.3178278682
        2.8154870000        -8.6663730122         2.4065462325         1.3352870017         2.8145726437        -4.6475205445        20.6652584306
        2.8204800000         0.9208017641         2.5202994192         1.3378393285         2.8043651338        -0.8380774752        19.9703973057
        2.8254751000         3.8053728548         2.5545252638         1.3378393285         2.8018132564        -0.8380774752        19.7966820244
        2.8304764000        13.4767342099         2.6692773362         1.3327346748         2.7967095015        -8.4569636139        19.4492514619
        2.8354749000        18.3124148875         2.7266533724         1.3301823480         2.7941576240       -12.2664066832        19.2755361807
        2.8404926000        10.5921631192         2.6350514916         1.3327346748         2.7992613789        -8.4569636139        19.6229667432
        2.8454668000       -23.4259747814         2.2659689586         1.3659149240         2.8069170113        41.0657962871        20.1441125869
        2.8505036000        -3.9990654923         2.4619244973         1.3480486360         2.8018132564        14.3996948020        19.7966820244
        2.8554765000       -11.6351306818         2.3713215022         1.3429439823         2.8120207662         6.7808086634        20.4915431494
        2.8604799000        -1.9637693267         2.4860735746         1.3378393285         2.8069170113        -0.8380774752        20.1441125869
        2.8654869000       -11.6351306818         2.3713215022         1.3429439823         2.8120207662         6.7808086634        20.4915431494
        2.8704699000        -6.7994500042         2.4286975384         1.3403916554         2.8094688888         2.9713655941        20.3178278682
        2.8754777000         0.9208017641         2.5202994192         1.3378393285         2.8043651338        -0.8380774752        19.9703973057
        2.8804682000         3.8053728548         2.5545252638         1.3378393285         2.8018132564        -0.8380774752        19.7966820244
        2.8854760000        13.4767342099         2.6692773362         1.3327346748         2.7967095015        -8.4569636139        19.4492514619
        2.8904787000         0.9208017641         2.5202994192         1.3378393285         2.8043651338        -0.8380774752        19.9703973057
        2.8954646000         0.9208017641         2.5202994192         1.3378393285         2.8043651338        -0.8380774752        19.9703973057
        2.9004813000         3.8053728548         2.5545252638         1.3378393285         2.8018132564        -0.8380774752        19.7966820244
        2.9054662000        15.3436572178         2.6914286421         1.3378393285         2.7916057465        -0.8380774752        19.1018208995
        2.9104864000        13.4767342099         2.6692773362         1.3327346748         2.7967095015        -8.4569636139        19.4492514619
        2.9154752000        15.4278437967         2.6924275278         1.3301823480         2.7967095015       -12.2664066832        19.4492514619
        2.9204801000         6.6899439456         2.5887511084         1.3378393285         2.7992613789        -0.8380774752        19.6229667432
        2.9254786000         1.8542632680         2.5313750722         1.3403916554         2.8018132564         2.9713655941        19.7966820244
        2.9304849000        -5.8659885003         2.4397731914         1.3429439823         2.8069170113         6.7808086634        20.1441125869
        2.9354784000        -7.8170980871         2.4166229998         1.3454963091         2.8069170113        10.5902517327        20.1441125869
        2.9404737000         3.8053728548         2.5545252638         1.3378393285         2.8018132564        -0.8380774752        19.7966820244
        2.9454676000       -10.7016691778         2.3823971552         1.3454963091         2.8094688888        10.5902517327        20.3178278682
        2.9504113000        -4.8483404174         2.4518477300         1.3378393285         2.8094688888        -0.8380774752        20.3178278682
        2.9554903000        10.5079765403         2.6340526059         1.3403916554         2.7941576240         2.9713655941        19.2755361807
        2.9604739000        13.4767342099         2.6692773362         1.3327346748         2.7967095015        -8.4569636139        19.4492514619
        2.9655652000         0.9208017641         2.5202994192         1.3378393285         2.8043651338        -0.8380774752        19.9703973057
        2.9704647000         3.8053728548         2.5545252638         1.3378393285         2.8018132564        -0.8380774752        19.7966820244
        2.9754806000        -7.8170980871         2.4166229998         1.3454963091         2.8069170113        10.5902517327        20.1441125869
        2.9804855000         3.8053728548         2.5545252638         1.3378393285         2.8018132564        -0.8380774752        19.7966820244
        2.9854712000         3.8053728548         2.5545252638         1.3378393285         2.8018132564        -0.8380774752        19.7966820244
        2.9904739000         1.8542632680         2.5313750722         1.3403916554         2.8018132564         2.9713655941        19.7966820244
        2.9954706000         3.8053728548         2.5545252638         1.3378393285         2.8018132564        -0.8380774752        19.7966820244
        3.0004724000         3.8053728548         2.5545252638         1.3378393285         2.8018132564        -0.8380774752        19.7966820244
        3.0054824000         1.8542632680         2.5313750722         1.3403916554         2.8018132564         2.9713655941        19.7966820244
        3.0104631000         3.8053728548         2.5545252638         1.3378393285         2.8018132564        -0.8380774752        19.7966820244
        3.0154788000        13.4767342099         2.6692773362         1.3327346748         2.7967095015        -8.4569636139        19.4492514619
        3.0204628000         3.8053728548         2.5545252638         1.3378393285         2.8018132564        -0.8380774752        19.7966820244
        3.0254764000         3.8053728548         2.5545252638         1.3378393285         2.8018132564        -0.8380774752        19.7966820244
        3.0304752000        -1.0303078227         2.4971492276         1.3403916554         2.8043651338         2.9713655941        19.9703973057
        3.0354654000         1.8542632680         2.5313750722         1.3403916554         2.8018132564         2.9713655941        19.7966820244
        3.0404734000         3.8053728548         2.5545252638         1.3378393285         2.8018132564        -0.8380774752        19.7966820244
        3.0454690000         3.8053728548         2.5545252638         1.3378393285         2.8018132564        -0.8380774752        19.7966820244
        3.0504728000       -10.7016691778         2.3823971552         1.3454963091         2.8094688888        10.5902517327        20.3178278682
        3.0554775000        -2.0479559055         2.4850746889         1.3454963091         2.8018132564        10.5902517327        19.7966820244
        3.0604637000       -10.7016691778         2.3823971552         1.3454963091         2.8094688888        10.5902517327        20.3178278682
        3.0654757000         3.8053728548         2.5545252638         1.3378393285         2.8018132564        -0.8380774752        19.7966820244
        3.0704850000        -7.8170980871         2.4166229998         1.3454963091         2.8069170113        10.5902517327        20.1441125869
        3.0754814000        10.5921631192         2.6350514916         1.3327346748         2.7992613789        -8.4569636139        19.6229667432
        3.0804739000         3.8053728548         2.5545252638         1.3378393285         2.8018132564        -0.8380774752        19.7966820244
        3.0854697000         0.9208017641         2.5202994192         1.3378393285         2.8043651338        -0.8380774752        19.9703973057
        3.0904736000         0.9208017641         2.5202994192         1.3378393285         2.8043651338        -0.8380774752        19.9703973057
        3.0954895000        -8.7505595910         2.4055473468         1.3429439823         2.8094688888         6.7808086634        20.3178278682
        3.1004596000         3.8053728548         2.5545252638         1.3378393285         2.8018132564        -0.8380774752        19.7966820244
        3.1054893000         3.8053728548         2.5545252638         1.3378393285         2.8018132564        -0.8380774752        19.7966820244
        3.1104622000         4.8230209376         2.5665998024         1.3327346748         2.8043651338        -8.4569636139        19.9703973057
        3.1154707000         0.9208017641         2.5202994192         1.3378393285         2.8043651338        -0.8380774752        19.9703973057
        3.1204737000        -8.7505595910         2.4055473468         1.3429439823         2.8094688888         6.7808086634        20.3178278682
        3.1254589000       -10.7016691778         2.3823971552         1.3454963091         2.8094688888        10.5902517327        20.3178278682
        3.1304733000       -10.7016691778         2.3823971552         1.3454963091         2.8094688888        10.5902517327        20.3178278682
        3.1354587000        -2.9814174095         2.4739990360         1.3429439823         2.8043651338         6.7808086634        19.9703973057
        3.1404826000        -0.0968463188         2.5082248805         1.3429439823         2.8018132564         6.7808086634        19.7966820244
        3.1454715000        13.4767342099         2.6692773362         1.3327346748         2.7967095015        -8.4569636139        19.4492514619
        3.1504610000         1.8542632680         2.5313750722         1.3403916554         2.8018132564         2.9713655941        19.7966820244
        3.1554703000       -10.7016691778         2.3823971552         1.3454963091         2.8094688888        10.5902517327        20.3178278682
        3.1604637000        -8.7505595910         2.4055473468         1.3429439823         2.8094688888         6.7808086634        20.3178278682
        3.1654711000         1.8542632680         2.5313750722         1.3403916554         2.8018132564         2.9713655941        19.7966820244
        3.1704745000        15.4278437967         2.6924275278         1.3301823480         2.7967095015       -12.2664066832        19.4492514619
        3.1754612000         8.6410535324         2.6119013000         1.3352870017         2.7992613789        -4.6475205445        19.6229667432
        3.1804727000         3.8053728548         2.5545252638         1.3378393285         2.8018132564        -0.8380774752        19.7966820244
        3.1854804000       -10.7016691778         2.3823971552         1.3454963091         2.8094688888        10.5902517327        20.3178278682
        3.1904721000       -14.6038883514         2.3360967719         1.3506009628         2.8094688888        18.2091378713        20.3178278682
        3.1954710000       -18.5061075250         2.2897963887         1.3557056165         2.8094688888        25.8280240099        20.3178278682
        3.2004627000         3.8053728548         2.5545252638         1.3378393285         2.8018132564        -0.8380774752        19.7966820244
        3.2054714000         3.8053728548         2.5545252638         1.3378393285         2.8018132564        -0.8380774752        19.7966820244
        3.2104846000         0.9208017641         2.5202994192         1.3378393285         2.8043651338        -0.8380774752        19.9703973057
        3.2154602000        11.5256246231         2.6461271446         1.3352870017         2.7967095015        -4.6475205445        19.4492514619
        3.2204719000        11.5256246231         2.6461271446         1.3352870017         2.7967095015        -4.6475205445        19.4492514619
        3.2254599000        -8.7505595910         2.4055473468         1.3429439823         2.8094688888         6.7808086634        20.3178278682
        3.2304940000         0.9208017641         2.5202994192         1.3378393285         2.8043651338        -0.8380774752        19.9703973057
        3.2354626000         0.9208017641         2.5202994192         1.3378393285         2.8043651338        -0.8380774752        19.9703973057
        3.2404618000        -8.7505595910         2.4055473468         1.3429439823         2.8094688888         6.7808086634        20.3178278682
        3.2454699000       -20.4572171117         2.2712536197         1.3582579434         2.8094688888        29.6374670792        20.3178278682
        3.2504752000         3.8053728548         2.5545252638         1.3378393285         2.8018132564        -0.8380774752        19.7966820244
        3.2554707000         3.8053728548         2.5545252638         1.3378393285         2.8018132564        -0.8380774752        19.7966820244
        3.2604734000         3.8053728548         2.5545252638         1.3378393285         2.8018132564        -0.8380774752        19.7966820244
        3.2654583000         6.6899439456         2.5887511084         1.3378393285         2.7992613789        -0.8380774752        19.6229667432
        3.2704721000        13.4767342099         2.6692773362         1.3327346748         2.7967095015        -8.4569636139        19.4492514619
        3.2754595000        -1.9637693267         2.4860735746         1.3378393285         2.8069170113        -0.8380774752        20.1441125869
        3.2804727000         0.9208017641         2.5202994192         1.3378393285         2.8043651338        -0.8380774752        19.9703973057
        3.2854699000        10.5921631192         2.6350514916         1.3327346748         2.7992613789        -8.4569636139        19.6229667432
        3.2904600000        -4.9325269963         2.4508488443         1.3454963091         2.8043651338        10.5902517327        19.9703973057
        3.2954690000       -12.7369653435         2.3582480779         1.3557056165         2.8043651338        25.8280240099        19.9703973057
        3.3004647000         0.9208017641         2.5202994192         1.3378393285         2.8043651338        -0.8380774752        19.9703973057
        3.3054677000       -10.7016691778         2.3823971552         1.3454963091         2.8094688888        10.5902517327        20.3178278682
        3.3109230000        16.3613053007         2.7035031808         1.3327346748         2.7941576240        -8.4569636139        19.2755361807
        3.3154621000        16.3613053007         2.7035031808         1.3327346748         2.7941576240        -8.4569636139        19.2755361807
        3.3204855000         3.8053728548         2.5545252638         1.3378393285         2.8018132564        -0.8380774752        19.7966820244
        3.3254832000        -4.9325269963         2.4508488443         1.3454963091         2.8043651338        10.5902517327        19.9703973057
        3.3304935000         0.9208017641         2.5202994192         1.3378393285         2.8043651338        -0.8380774752        19.9703973057
        3.3354698000        15.4278437967         2.6924275278         1.3301823480         2.7967095015       -12.2664066832        19.4492514619
        3.3404572000        -1.0303078227         2.4971492276         1.3403916554         2.8043651338         2.9713655941        19.9703973057
        3.3454721000         1.8542632680         2.5313750722         1.3403916554         2.8018132564         2.9713655941        19.7966820244
        3.3504796000        -1.0303078227         2.4971492276         1.3403916554         2.8043651338         2.9713655941        19.9703973057
        3.3554588000        13.4767342099         2.6692773362         1.3327346748         2.7967095015        -8.4569636139        19.4492514619
        3.3604682000        19.2458763914         2.7377290253         1.3327346748         2.7916057465        -8.4569636139        19.1018208995
        3.3654583000         5.7564824416         2.5776754554         1.3352870017         2.8018132564        -4.6475205445        19.7966820244
        3.3704663000        -1.0303078227         2.4971492276         1.3403916554         2.8043651338         2.9713655941        19.9703973057
        3.3754702000         0.9208017641         2.5202994192         1.3378393285         2.8043651338        -0.8380774752        19.9703973057
        3.3804557000       -11.6351306818         2.3713215022         1.3429439823         2.8120207662         6.7808086634        20.4915431494
        3.3854766000       -10.7016691778         2.3823971552         1.3454963091         2.8094688888        10.5902517327        20.3178278682
        3.3904555000         3.8053728548         2.5545252638         1.3378393285         2.8018132564        -0.8380774752        19.7966820244
        3.3954701000       -10.7016691778         2.3823971552         1.3454963091         2.8094688888        10.5902517327        20.3178278682
        3.4004648000        -8.7505595910         2.4055473468         1.3429439823         2.8094688888         6.7808086634        20.3178278682
        3.4054656000         6.6899439456         2.5887511084         1.3378393285         2.7992613789        -0.8380774752        19.6229667432
        3.4104677000         3.8053728548         2.5545252638         1.3378393285         2.8018132564        -0.8380774752        19.7966820244
        3.4154630000        13.4767342099         2.6692773362         1.3327346748         2.7967095015        -8.4569636139        19.4492514619
        3.4204678000         0.9208017641         2.5202994192         1.3378393285         2.8043651338        -0.8380774752        19.9703973057
        3.4254672000         0.9208017641         2.5202994192         1.3378393285         2.8043651338        -0.8380774752        19.9703973057
        3.4304553000        13.4767342099         2.6692773362         1.3327346748         2.7967095015        -8.4569636139        19.4492514619
        3.4354686000         3.8053728548         2.5545252638         1.3378393285         2.8018132564        -0.8380774752        19.7966820244
        3.4404774000         0.9208017641         2.5202994192         1.3378393285         2.8043651338        -0.8380774752        19.9703973057
        3.4454669000        13.4767342099         2.6692773362         1.3327346748         2.7967095015        -8.4569636139        19.4492514619
        3.4504647000         5.7564824416         2.5776754554         1.3352870017         2.8018132564        -4.6475205445        19.7966820244
        3.4554652000        10.5921631192         2.6350514916         1.3327346748         2.7992613789        -8.4569636139        19.6229667432
        3.4604637000        15.4278437967         2.6924275278         1.3301823480         2.7967095015       -12.2664066832        19.4492514619
        3.4654917000        -9.6840210950         2.3944716938         1.3403916554         2.8120207662         2.9713655941        20.4915431494
        3.4704557000         1.8542632680         2.5313750722         1.3403916554         2.8018132564         2.9713655941        19.7966820244
        3.4754796000         6.6899439456         2.5887511084         1.3378393285         2.7992613789        -0.8380774752        19.6229667432
        3.4804557000        13.4767342099         2.6692773362         1.3327346748         2.7967095015        -8.4569636139        19.4492514619
        3.4854633000        15.4278437967         2.6924275278         1.3301823480         2.7967095015       -12.2664066832        19.4492514619
        3.4904773000        13.4767342099         2.6692773362         1.3327346748         2.7967095015        -8.4569636139        19.4492514619
        3.4954529000         1.8542632680         2.5313750722         1.3403916554         2.8018132564         2.9713655941        19.7966820244
        3.5004763000         0.9208017641         2.5202994192         1.3378393285         2.8043651338        -0.8380774752        19.9703973057
        3.5054560000       -10.7016691778         2.3823971552         1.3454963091         2.8094688888        10.5902517327        20.3178278682
        3.5104717000        -8.7505595910         2.4055473468         1.3429439823         2.8094688888         6.7808086634        20.3178278682
        3.5154649000       -10.7016691778         2.3823971552         1.3454963091         2.8094688888        10.5902517327        20.3178278682
        3.5204586000         7.7075920284         2.6008256470         1.3327346748         2.8018132564        -8.4569636139        19.7966820244
        3.5254641000         1.8542632680         2.5313750722         1.3403916554         2.8018132564         2.9713655941        19.7966820244
        3.5304496000         9.5745150363         2.6229769529         1.3378393285         2.7967095015        -0.8380774752        19.4492514619
        3.5354807000         4.7388343588         2.5656009167         1.3403916554         2.7992613789         2.9713655941        19.6229667432
        3.5404692000        13.4767342099         2.6692773362         1.3327346748         2.7967095015        -8.4569636139        19.4492514619
        3.5454561000        12.5432727059         2.6582016832         1.3301823480         2.7992613789       -12.2664066832        19.6229667432
        3.5504719000         5.7564824416         2.5776754554         1.3352870017         2.8018132564        -4.6475205445        19.7966820244
        3.5554783000         2.8719113509         2.5434496108         1.3352870017         2.8043651338        -4.6475205445        19.9703973057
        3.5604687000        10.5921631192         2.6350514916         1.3327346748         2.7992613789        -8.4569636139        19.6229667432
        3.5654652000        16.3613053007         2.7035031808         1.3327346748         2.7941576240        -8.4569636139        19.2755361807
        3.5704563000         3.8053728548         2.5545252638         1.3378393285         2.8018132564        -0.8380774752        19.7966820244
        3.5754643000         3.8053728548         2.5545252638         1.3378393285         2.8018132564        -0.8380774752        19.7966820244
        3.5804566000        -1.9637693267         2.4860735746         1.3378393285         2.8069170113        -0.8380774752        20.1441125869
        3.5854547000       -11.6351306818         2.3713215022         1.3429439823         2.8120207662         6.7808086634        20.4915431494
        3.5904765000        -4.9325269963         2.4508488443         1.3454963091         2.8043651338        10.5902517327        19.9703973057
        3.5954529000        -8.7505595910         2.4055473468         1.3429439823         2.8094688888         6.7808086634        20.3178278682
        3.6004904000        -1.0303078227         2.4971492276         1.3403916554         2.8043651338         2.9713655941        19.9703973057
        3.6054746000         3.8053728548         2.5545252638         1.3378393285         2.8018132564        -0.8380774752        19.7966820244
        3.6104556000         5.7564824416         2.5776754554         1.3352870017         2.8018132564        -4.6475205445        19.7966820244
        3.6154644000         0.9208017641         2.5202994192         1.3378393285         2.8043651338        -0.8380774752        19.9703973057
        3.6204557000       -10.7016691778         2.3823971552         1.3454963091         2.8094688888        10.5902517327        20.3178278682
        3.6254644000       -10.7016691778         2.3823971552         1.3454963091         2.8094688888        10.5902517327        20.3178278682
        3.6304958000        -0.0126597399         2.5092237662         1.3352870017         2.8069170113        -4.6475205445        20.1441125869
        3.6354534000         3.8053728548         2.5545252638         1.3378393285         2.8018132564        -0.8380774752        19.7966820244
        3.6404621000         3.8053728548         2.5545252638         1.3378393285         2.8018132564        -0.8380774752        19.7966820244
        3.6454707000        11.5256246231         2.6461271446         1.3352870017         2.7967095015        -4.6475205445        19.4492514619
        3.6504621000         7.7075920284         2.6008256470         1.3327346748         2.8018132564        -8.4569636139        19.7966820244
        3.6554649000        10.5921631192         2.6350514916         1.3327346748         2.7992613789        -8.4569636139        19.6229667432
        3.6604505000         3.8053728548         2.5545252638         1.3378393285         2.8018132564        -0.8380774752        19.7966820244
        3.6654644000         3.8053728548         2.5545252638         1.3378393285         2.8018132564        -0.8380774752        19.7966820244
        3.6704492000         5.7564824416         2.5776754554         1.3352870017         2.8018132564        -4.6475205445        19.7966820244
        3.6754652000         5.7564824416         2.5776754554         1.3352870017         2.8018132564        -4.6475205445        19.7966820244
        3.6804610000         1.8542632680         2.5313750722         1.3403916554         2.8018132564         2.9713655941        19.7966820244
        3.6854545000       -17.5726460210         2.3008720417         1.3582579434         2.8069170113        29.6374670792        20.1441125869
        3.6904605000       -12.6527787646         2.3592469636         1.3480486360         2.8094688888        14.3996948020        20.3178278682
        3.6954756000       -16.5549979382         2.3129465803         1.3531532897         2.8094688888        22.0185809406        20.3178278682
        3.7004488000         3.8053728548         2.5545252638         1.3378393285         2.8018132564        -0.8380774752        19.7966820244
        3.7054678000         3.8053728548         2.5545252638         1.3378393285         2.8018132564        -0.8380774752        19.7966820244
        3.7104487000        10.5921631192         2.6350514916         1.3327346748         2.7992613789        -8.4569636139        19.6229667432
        3.7154655000        10.5921631192         2.6350514916         1.3327346748         2.7992613789        -8.4569636139        19.6229667432
        3.7204711000        15.4278437967         2.6924275278         1.3301823480         2.7967095015       -12.2664066832        19.4492514619
        3.7254587000        11.5256246231         2.6461271446         1.3352870017         2.7967095015        -4.6475205445        19.4492514619
        3.7304617000        13.4767342099         2.6692773362         1.3327346748         2.7967095015        -8.4569636139        19.4492514619
        3.7354575000        -9.8523942527         2.3924739225         1.3557056165         2.8018132564        25.8280240099        19.7966820244
        3.7404617000        -5.9501750791         2.4387743057         1.3506009628         2.8018132564        18.2091378713        19.7966820244
        3.7454650000        -2.0479559055         2.4850746889         1.3454963091         2.8018132564        10.5902517327        19.7966820244
        3.7504489000       -11.6351306818         2.3713215022         1.3429439823         2.8120207662         6.7808086634        20.4915431494
        3.7554634000         3.8053728548         2.5545252638         1.3378393285         2.8018132564        -0.8380774752        19.7966820244
        3.7604510000        -8.7505595910         2.4055473468         1.3429439823         2.8094688888         6.7808086634        20.3178278682
        3.7654665000        -0.0968463188         2.5082248805         1.3429439823         2.8018132564         6.7808086634        19.7966820244
        3.7704610000         5.7564824416         2.5776754554         1.3352870017         2.8018132564        -4.6475205445        19.7966820244
        3.7754814000        13.4767342099         2.6692773362         1.3327346748         2.7967095015        -8.4569636139        19.4492514619
        3.7804616000         2.8719113509         2.5434496108         1.3352870017         2.8043651338        -4.6475205445        19.9703973057
        3.7854674000         3.8053728548         2.5545252638         1.3378393285         2.8018132564        -0.8380774752        19.7966820244
        3.7904609000         2.8719113509         2.5434496108         1.3352870017         2.8043651338        -4.6475205445        19.9703973057
        3.7954763000        -9.6840210950         2.3944716938         1.3403916554         2.8120207662         2.9713655941        20.4915431494
        3.8004504000       -11.6351306818         2.3713215022         1.3429439823         2.8120207662         6.7808086634        20.4915431494
        3.8054587000        15.4278437967         2.6924275278         1.3301823480         2.7967095015       -12.2664066832        19.4492514619
        3.8104792000         3.8053728548         2.5545252638         1.3378393285         2.8018132564        -0.8380774752        19.7966820244
        3.8154466000        13.4767342099         2.6692773362         1.3327346748         2.7967095015        -8.4569636139        19.4492514619
        3.8204683000        -6.7994500042         2.4286975384         1.3403916554         2.8094688888         2.9713655941        20.3178278682
        3.8254489000       -10.7016691778         2.3823971552         1.3454963091         2.8094688888        10.5902517327        20.3178278682
        3.8304617000        -1.0303078227         2.4971492276         1.3403916554         2.8043651338         2.9713655941        19.9703973057
        3.8354689000        10.5921631192         2.6350514916         1.3327346748         2.7992613789        -8.4569636139        19.6229667432
        3.8404528000        13.4767342099         2.6692773362         1.3327346748         2.7967095015        -8.4569636139        19.4492514619
        3.8454579000         3.8053728548         2.5545252638         1.3378393285         2.8018132564        -0.8380774752        19.7966820244
        3.8504579000       -10.7016691778         2.3823971552         1.3454963091         2.8094688888        10.5902517327        20.3178278682
        3.8554786000         6.6899439456         2.5887511084         1.3378393285         2.7992613789        -0.8380774752        19.6229667432
        3.8604599000        -1.9637693267         2.4860735746         1.3378393285         2.8069170113        -0.8380774752        20.1441125869
        3.8654454000        -2.0479559055         2.4850746889         1.3454963091         2.8018132564        10.5902517327        19.7966820244
        3.8704621000         7.7075920284         2.6008256470         1.3327346748         2.8018132564        -8.4569636139        19.7966820244
        3.8754477000         3.8053728548         2.5545252638         1.3378393285         2.8018132564        -0.8380774752        19.7966820244
        3.8804621000        -2.0479559055         2.4850746889         1.3454963091         2.8018132564        10.5902517327        19.7966820244
        3.8854607000        13.4767342099         2.6692773362         1.3327346748         2.7967095015        -8.4569636139        19.4492514619
        3.8904502000        10.5921631192         2.6350514916         1.3327346748         2.7992613789        -8.4569636139        19.6229667432
        3.8954593000        -4.8483404174         2.4518477300         1.3378393285         2.8094688888        -0.8380774752        20.3178278682
        3.9004492000       -10.7016691778         2.3823971552         1.3454963091         2.8094688888        10.5902517327        20.3178278682
        3.9054580000         0.9208017641         2.5202994192         1.3378393285         2.8043651338        -0.8380774752        19.9703973057
        3.9104612000        13.4767342099         2.6692773362         1.3327346748         2.7967095015        -8.4569636139        19.4492514619
        3.9154611000         1.8542632680         2.5313750722         1.3403916554         2.8018132564         2.9713655941        19.7966820244
        3.9204675000       -10.7016691778         2.3823971552         1.3454963091         2.8094688888        10.5902517327        20.3178278682
        3.9254692000         3.8053728548         2.5545252638         1.3378393285         2.8018132564        -0.8380774752        19.7966820244
        3.9304773000        -1.0303078227         2.4971492276         1.3403916554         2.8043651338         2.9713655941        19.9703973057
        3.9354570000        -8.7505595910         2.4055473468         1.3429439823         2.8094688888         6.7808086634        20.3178278682
        3.9404574000         2.8719113509         2.5434496108         1.3352870017         2.8043651338        -4.6475205445        19.9703973057
        3.9454596000         3.8053728548         2.5545252638         1.3378393285         2.8018132564        -0.8380774752        19.7966820244
        3.9504682000         5.7564824416         2.5776754554         1.3352870017         2.8018132564        -4.6475205445        19.7966820244
        3.9554477000        16.3613053007         2.7035031808         1.3327346748         2.7941576240        -8.4569636139        19.2755361807
        3.9604818000        12.5432727059         2.6582016832         1.3301823480         2.7992613789       -12.2664066832        19.6229667432
        3.9654474000         1.8542632680         2.5313750722         1.3403916554         2.8018132564         2.9713655941        19.7966820244
        3.9704555000         3.8053728548         2.5545252638         1.3378393285         2.8018132564        -0.8380774752        19.7966820244
        3.9754704000         3.8053728548         2.5545252638         1.3378393285         2.8018132564        -0.8380774752        19.7966820244
        3.9804449000         5.7564824416         2.5776754554         1.3352870017         2.8018132564        -4.6475205445        19.7966820244
        3.9854620000        11.5256246231         2.6461271446         1.3352870017         2.7967095015        -4.6475205445        19.4492514619
        3.9904450000         9.5745150363         2.6229769529         1.3378393285         2.7967095015        -0.8380774752        19.4492514619
        3.9954588000        13.4767342099         2.6692773362         1.3327346748         2.7967095015        -8.4569636139        19.4492514619
        4.0004541000         5.7564824416         2.5776754554         1.3352870017         2.8018132564        -4.6475205445        19.7966820244
        4.0054861000         1.8542632680         2.5313750722         1.3403916554         2.8018132564         2.9713655941        19.7966820244
        4.0104559000         9.6587016152         2.6239758386         1.3301823480         2.8018132564       -12.2664066832        19.7966820244
        4.0154486000        13.4767342099         2.6692773362         1.3327346748         2.7967095015        -8.4569636139        19.4492514619
        4.0204551000        12.5432727059         2.6582016832         1.3301823480         2.7992613789       -12.2664066832        19.6229667432
        4.0254588000        13.4767342099         2.6692773362         1.3327346748         2.7967095015        -8.4569636139        19.4492514619
        4.0304431000        14.4101957139         2.6803529891         1.3352870017         2.7941576240        -4.6475205445        19.2755361807
        4.0354581000        13.4767342099         2.6692773362         1.3327346748         2.7967095015        -8.4569636139        19.4492514619
        4.0404654000        -1.0303078227         2.4971492276         1.3403916554         2.8043651338         2.9713655941        19.9703973057
        4.0457991000       -13.5862402686         2.3481713106         1.3454963091         2.8120207662        10.5902517327        20.4915431494
        4.0504548000         3.8053728548         2.5545252638         1.3378393285         2.8018132564        -0.8380774752        19.7966820244
        4.0554548000        15.4278437967         2.6924275278         1.3301823480         2.7967095015       -12.2664066832        19.4492514619
        4.0604581000        12.5432727059         2.6582016832         1.3301823480         2.7992613789       -12.2664066832        19.6229667432
        4.0654747000        13.4767342099         2.6692773362         1.3327346748         2.7967095015        -8.4569636139        19.4492514619
        4.0704548000         3.8053728548         2.5545252638         1.3378393285         2.8018132564        -0.8380774752        19.7966820244
        4.0754599000         2.8719113509         2.5434496108         1.3352870017         2.8043651338        -4.6475205445        19.9703973057
        4.0804478000        -0.0968463188         2.5082248805         1.3429439823         2.8018132564         6.7808086634        19.7966820244
        4.0854592000        10.5921631192         2.6350514916         1.3327346748         2.7992613789        -8.4569636139        19.6229667432
        4.0904667000         3.8053728548         2.5545252638         1.3378393285         2.8018132564        -0.8380774752        19.7966820244
        4.0954581000         0.9208017641         2.5202994192         1.3378393285         2.8043651338        -0.8380774752        19.9703973057
        4.1004603000        -4.8483404174         2.4518477300         1.3378393285         2.8094688888        -0.8380774752        20.3178278682
        4.1055026000        12.5432727059         2.6582016832         1.3301823480         2.7992613789       -12.2664066832        19.6229667432
        4.1104589000         0.9208017641         2.5202994192         1.3378393285         2.8043651338        -0.8380774752        19.9703973057
        4.1154759000        15.4278437967         2.6924275278         1.3301823480         2.7967095015       -12.2664066832        19.4492514619
        4.1204461000        13.4767342099         2.6692773362         1.3327346748         2.7967095015        -8.4569636139        19.4492514619
        4.1254586000         0.9208017641         2.5202994192         1.3378393285         2.8043651338        -0.8380774752        19.9703973057
        4.1304453000        10.5921631192         2.6350514916         1.3327346748         2.7992613789        -8.4569636139        19.6229667432
        4.1354719000        -1.0303078227         2.4971492276         1.3403916554         2.8043651338         2.9713655941        19.9703973057
        4.1404553000        13.4767342099         2.6692773362         1.3327346748         2.7967095015        -8.4569636139        19.4492514619
        4.1454548000         0.9208017641         2.5202994192         1.3378393285         2.8043651338        -0.8380774752        19.9703973057
        4.1504517000        -2.9814174095         2.4739990360         1.3429439823         2.8043651338         6.7808086634        19.9703973057
        4.1554918000         0.9208017641         2.5202994192         1.3378393285         2.8043651338        -0.8380774752        19.9703973057
        4.1604783000        13.4767342099         2.6692773362         1.3327346748         2.7967095015        -8.4569636139        19.4492514619
        4.1654537000        15.4278437967         2.6924275278         1.3301823480         2.7967095015       -12.2664066832        19.4492514619
        4.1704461000        13.4767342099         2.6692773362         1.3327346748         2.7967095015        -8.4569636139        19.4492514619
        4.1754527000        13.4767342099         2.6692773362         1.3327346748         2.7967095015        -8.4569636139        19.4492514619
        4.1804469000        -6.8836365831         2.4276986527         1.3480486360         2.8043651338        14.3996948020        19.9703973057
        4.1854536000         5.7564824416         2.5776754554         1.3352870017         2.8018132564        -4.6475205445        19.7966820244
        4.1904571000         1.8542632680         2.5313750722         1.3403916554         2.8018132564         2.9713655941        19.7966820244
        4.1954416000       -10.7016691778         2.3823971552         1.3454963091         2.8094688888        10.5902517327        20.3178278682
        4.2004558000        -8.7505595910         2.4055473468         1.3429439823         2.8094688888         6.7808086634        20.3178278682
        4.2054632000        -8.7505595910         2.4055473468         1.3429439823         2.8094688888         6.7808086634        20.3178278682
        4.2104464000         0.9208017641         2.5202994192         1.3378393285         2.8043651338        -0.8380774752        19.9703973057
        4.2154541000         0.9208017641         2.5202994192         1.3378393285         2.8043651338        -0.8380774752        19.9703973057
        4.2205115000        12.4590861271         2.6572027975         1.3378393285         2.7941576240        -0.8380774752        19.2755361807
        4.2254524000         3.8053728548         2.5545252638         1.3378393285         2.8018132564        -0.8380774752        19.7966820244
        4.2304784000         0.9208017641         2.5202994192         1.3378393285         2.8043651338        -0.8380774752        19.9703973057
        4.2354429000         7.6234054495         2.5998267613         1.3403916554         2.7967095015         2.9713655941        19.4492514619
        4.2404582000         7.6234054495         2.5998267613         1.3403916554         2.7967095015         2.9713655941        19.4492514619
        4.2454430000       -11.6351306818         2.3713215022         1.3429439823         2.8120207662         6.7808086634        20.4915431494
        4.2504630000        -0.0968463188         2.5082248805         1.3429439823         2.8018132564         6.7808086634        19.7966820244
        4.2554532000         0.9208017641         2.5202994192         1.3378393285         2.8043651338        -0.8380774752        19.9703973057
        4.2604466000        -9.6840210950         2.3944716938         1.3403916554         2.8120207662         2.9713655941        20.4915431494
        4.2654515000       -10.7016691778         2.3823971552         1.3454963091         2.8094688888        10.5902517327        20.3178278682
        4.2704433000         9.6587016152         2.6239758386         1.3301823480         2.8018132564       -12.2664066832        19.7966820244
        4.2754533000        -1.0303078227         2.4971492276         1.3403916554         2.8043651338         2.9713655941        19.9703973057
        4.2804647000        -9.6840210950         2.3944716938         1.3403916554         2.8120207662         2.9713655941        20.4915431494
        4.2854414000         9.6587016152         2.6239758386         1.3301823480         2.8018132564       -12.2664066832        19.7966820244
        4.2904607000         0.9208017641         2.5202994192         1.3378393285         2.8043651338        -0.8380774752        19.9703973057
        4.2954417000         3.8053728548         2.5545252638         1.3378393285         2.8018132564        -0.8380774752        19.7966820244
        4.3004637000        13.4767342099         2.6692773362         1.3327346748         2.7967095015        -8.4569636139        19.4492514619
        4.3054632000        -1.9637693267         2.4860735746         1.3378393285         2.8069170113        -0.8380774752        20.1441125869
        4.3104830000        -7.8170980871         2.4166229998         1.3454963091         2.8069170113        10.5902517327        20.1441125869
        4.3154709000        13.4767342099         2.6692773362         1.3327346748         2.7967095015        -8.4569636139        19.4492514619
        4.3204929000        -7.8170980871         2.4166229998         1.3454963091         2.8069170113        10.5902517327        20.1441125869
        4.3259054000        -1.9637693267         2.4860735746         1.3378393285         2.8069170113        -0.8380774752        20.1441125869
        4.3304965000         3.8053728548         2.5545252638         1.3378393285         2.8018132564        -0.8380774752        19.7966820244
        4.3354512000         3.8053728548         2.5545252638         1.3378393285         2.8018132564        -0.8380774752        19.7966820244
        4.3404679000        -6.7994500042         2.4286975384         1.3403916554         2.8094688888         2.9713655941        20.3178278682
        4.3454654000        -7.9854712448         2.4146252284         1.3608102703         2.7967095015        33.4469101485        19.4492514619
        4.3504384000        13.4767342099         2.6692773362         1.3327346748         2.7967095015        -8.4569636139        19.4492514619
        4.3554736000        13.4767342099         2.6692773362         1.3327346748         2.7967095015        -8.4569636139        19.4492514619
        4.3604592000        10.5921631192         2.6350514916         1.3327346748         2.7992613789        -8.4569636139        19.6229667432
        4.3654889000        -4.8483404174         2.4518477300         1.3378393285         2.8094688888        -0.8380774752        20.3178278682
        4.3704876000         3.8053728548         2.5545252638         1.3378393285         2.8018132564        -0.8380774752        19.7966820244
        4.3754418000         3.8053728548         2.5545252638         1.3378393285         2.8018132564        -0.8380774752        19.7966820244
        4.3804503000        13.4767342099         2.6692773362         1.3327346748         2.7967095015        -8.4569636139        19.4492514619
        4.3854650000         0.9208017641         2.5202994192         1.3378393285         2.8043651338        -0.8380774752        19.9703973057
        4.3904488000         0.9208017641         2.5202994192         1.3378393285         2.8043651338        -0.8380774752        19.9703973057
        4.3954542000        -7.8170980871         2.4166229998         1.3454963091         2.8069170113        10.5902517327        20.1441125869
        4.4004372000         0.9208017641         2.5202994192         1.3378393285         2.8043651338        -0.8380774752        19.9703973057
        4.4054591000        -0.0968463188         2.5082248805         1.3429439823         2.8018132564         6.7808086634        19.7966820244
        4.4104589000         6.6899439456         2.5887511084         1.3378393285         2.7992613789        -0.8380774752        19.6229667432
        4.4154421000         9.5745150363         2.6229769529         1.3378393285         2.7967095015        -0.8380774752        19.4492514619
        4.4204497000        10.5921631192         2.6350514916         1.3327346748         2.7992613789        -8.4569636139        19.6229667432
        4.4254471000         6.6899439456         2.5887511084         1.3378393285         2.7992613789        -0.8380774752        19.6229667432
        4.4304492000        13.4767342099         2.6692773362         1.3327346748         2.7967095015        -8.4569636139        19.4492514619
        4.4354509000        15.4278437967         2.6924275278         1.3301823480         2.7967095015       -12.2664066832        19.4492514619
        4.4404383000        -0.0126597399         2.5092237662         1.3352870017         2.8069170113        -4.6475205445        20.1441125869
        4.4454515000         3.8053728548         2.5545252638         1.3378393285         2.8018132564        -0.8380774752        19.7966820244
        4.4504353000       -10.7016691778         2.3823971552         1.3454963091         2.8094688888        10.5902517327        20.3178278682
        4.4554504000       -13.5862402686         2.3481713106         1.3454963091         2.8120207662        10.5902517327        20.4915431494
        4.4604488000         3.8053728548         2.5545252638         1.3378393285         2.8018132564        -0.8380774752        19.7966820244
        4.4654405000        12.5432727059         2.6582016832         1.3301823480         2.7992613789       -12.2664066832        19.6229667432
        4.4704497000         3.8053728548         2.5545252638         1.3378393285         2.8018132564        -0.8380774752        19.7966820244
        4.4754664000        -8.7505595910         2.4055473468         1.3429439823         2.8094688888         6.7808086634        20.3178278682
        4.4804478000        15.5120303756         2.6934264135         1.3225253674         2.8018132564       -23.6947358911        19.7966820244
        4.4854851000         5.7564824416         2.5776754554         1.3352870017         2.8018132564        -4.6475205445        19.7966820244
        4.4906748000        10.5921631192         2.6350514916         1.3327346748         2.7992613789        -8.4569636139        19.6229667432
        4.4955163000         5.7564824416         2.5776754554         1.3352870017         2.8018132564        -4.6475205445        19.7966820244
        4.5004564000         1.8542632680         2.5313750722         1.3403916554         2.8018132564         2.9713655941        19.7966820244
        4.5054544000       -10.7016691778         2.3823971552         1.3454963091         2.8094688888        10.5902517327        20.3178278682
        4.5104499000       -10.7016691778         2.3823971552         1.3454963091         2.8094688888        10.5902517327        20.3178278682
        4.5154366000        -0.0968463188         2.5082248805         1.3429439823         2.8018132564         6.7808086634        19.7966820244
        4.5204499000         0.9208017641         2.5202994192         1.3378393285         2.8043651338        -0.8380774752        19.9703973057
        4.5254567000         3.8053728548         2.5545252638         1.3378393285         2.8018132564        -0.8380774752        19.7966820244
        4.5304362000       -20.4572171117         2.2712536197         1.3582579434         2.8094688888        29.6374670792        20.3178278682
        4.5354443000         2.7877247720         2.5424507251         1.3429439823         2.7992613789         6.7808086634        19.6229667432
        4.5404388000        12.4590861271         2.6572027975         1.3378393285         2.7941576240        -0.8380774752        19.2755361807
        4.5454468000        -7.8170980871         2.4166229998         1.3454963091         2.8069170113        10.5902517327        20.1441125869
        4.5504497000        -2.9814174095         2.4739990360         1.3429439823         2.8043651338         6.7808086634        19.9703973057
        4.5554355000        -4.8483404174         2.4518477300         1.3378393285         2.8094688888        -0.8380774752        20.3178278682
        4.5604488000        -2.8972308307         2.4749979216         1.3352870017         2.8094688888        -4.6475205445        20.3178278682
        4.5654334000        13.4767342099         2.6692773362         1.3327346748         2.7967095015        -8.4569636139        19.4492514619
        4.5704487000         7.7075920284         2.6008256470         1.3327346748         2.8018132564        -8.4569636139        19.7966820244
        4.5754467000         5.7564824416         2.5776754554         1.3352870017         2.8018132564        -4.6475205445        19.7966820244
        4.5804375000        12.5432727059         2.6582016832         1.3301823480         2.7992613789       -12.2664066832        19.6229667432
        4.5854448000        16.3613053007         2.7035031808         1.3327346748         2.7941576240        -8.4569636139        19.2755361807
        4.5905801000         5.7564824416         2.5776754554         1.3352870017         2.8018132564        -4.6475205445        19.7966820244
        4.5954684000        -4.9325269963         2.4508488443         1.3454963091         2.8043651338        10.5902517327        19.9703973057
        4.6004558000         5.7564824416         2.5776754554         1.3352870017         2.8018132564        -4.6475205445        19.7966820244
        4.6054296000        -8.7505595910         2.4055473468         1.3429439823         2.8094688888         6.7808086634        20.3178278682
        4.6104700000         6.6899439456         2.5887511084         1.3378393285         2.7992613789        -0.8380774752        19.6229667432
        4.6154696000        -4.8483404174         2.4518477300         1.3378393285         2.8094688888        -0.8380774752        20.3178278682
        4.6204472000        13.4767342099         2.6692773362         1.3327346748         2.7967095015        -8.4569636139        19.4492514619
        4.6254487000        11.5256246231         2.6461271446         1.3352870017         2.7967095015        -4.6475205445        19.4492514619
        4.6304403000        -4.9325269963         2.4508488443         1.3454963091         2.8043651338        10.5902517327        19.9703973057
        4.6354505000        -2.9814174095         2.4739990360         1.3429439823         2.8043651338         6.7808086634        19.9703973057
        4.6406194000        -8.7505595910         2.4055473468         1.3429439823         2.8094688888         6.7808086634        20.3178278682
        4.6454371000         0.9208017641         2.5202994192         1.3378393285         2.8043651338        -0.8380774752        19.9703973057
        4.6504473000         1.8542632680         2.5313750722         1.3403916554         2.8018132564         2.9713655941        19.7966820244
        4.6554558000       -11.6351306818         2.3713215022         1.3429439823         2.8120207662         6.7808086634        20.4915431494
        4.6604900000         8.6410535324         2.6119013000         1.3352870017         2.7992613789        -4.6475205445        19.6229667432
        4.6654457000         7.7075920284         2.6008256470         1.3327346748         2.8018132564        -8.4569636139        19.7966820244
        4.6704406000         9.5745150363         2.6229769529         1.3378393285         2.7967095015        -0.8380774752        19.4492514619
        4.6754507000         8.6410535324         2.6119013000         1.3352870017         2.7992613789        -4.6475205445        19.6229667432
        4.6804700000        15.5120303756         2.6934264135         1.3225253674         2.8018132564       -23.6947358911        19.7966820244
        4.6854341000         7.7075920284         2.6008256470         1.3327346748         2.8018132564        -8.4569636139        19.7966820244
        4.6904431000         3.8053728548         2.5545252638         1.3378393285         2.8018132564        -0.8380774752        19.7966820244
        4.6958355000         3.8053728548         2.5545252638         1.3378393285         2.8018132564        -0.8380774752        19.7966820244
        4.7004436000        -1.0303078227         2.4971492276         1.3403916554         2.8043651338         2.9713655941        19.9703973057
        4.7054586000        -9.6840210950         2.3944716938         1.3403916554         2.8120207662         2.9713655941        20.4915431494
        4.7104321000        -1.0303078227         2.4971492276         1.3403916554         2.8043651338         2.9713655941        19.9703973057
        4.7154535000        -0.0968463188         2.5082248805         1.3429439823         2.8018132564         6.7808086634        19.7966820244
        4.7204311000        -5.8659885003         2.4397731914         1.3429439823         2.8069170113         6.7808086634        20.1441125869
        4.7254492000        -5.8659885003         2.4397731914         1.3429439823         2.8069170113         6.7808086634        20.1441125869
        4.7304426000         0.9208017641         2.5202994192         1.3378393285         2.8043651338        -0.8380774752        19.9703973057
        4.7354368000        11.5256246231         2.6461271446         1.3352870017         2.7967095015        -4.6475205445        19.4492514619
        4.7404425000         3.8895594337         2.5555241495         1.3301823480         2.8069170113       -12.2664066832        20.1441125869
        4.7454582000        -4.8483404174         2.4518477300         1.3378393285         2.8094688888        -0.8380774752        20.3178278682
        4.7504310000        -8.7505595910         2.4055473468         1.3429439823         2.8094688888         6.7808086634        20.3178278682
        4.7554454000         3.8053728548         2.5545252638         1.3378393285         2.8018132564        -0.8380774752        19.7966820244
        4.7604329000        -0.0968463188         2.5082248805         1.3429439823         2.8018132564         6.7808086634        19.7966820244
        4.7654465000         9.5745150363         2.6229769529         1.3378393285         2.7967095015        -0.8380774752        19.4492514619
        4.7704543000         7.7075920284         2.6008256470         1.3327346748         2.8018132564        -8.4569636139        19.7966820244
        4.7754356000        10.5921631192         2.6350514916         1.3327346748         2.7992613789        -8.4569636139        19.6229667432
        4.7804424000        10.5921631192         2.6350514916         1.3327346748         2.7992613789        -8.4569636139        19.6229667432
        4.7854361000         2.8719113509         2.5434496108         1.3352870017         2.8043651338        -4.6475205445        19.9703973057
        4.7904432000         0.9208017641         2.5202994192         1.3378393285         2.8043651338        -0.8380774752        19.9703973057
        4.7954546000        -7.8170980871         2.4166229998         1.3454963091         2.8069170113        10.5902517327        20.1441125869
        4.8004304000         3.8053728548         2.5545252638         1.3378393285         2.8018132564        -0.8380774752        19.7966820244
        4.8054448000       -10.7016691778         2.3823971552         1.3454963091         2.8094688888        10.5902517327        20.3178278682
        4.8104727000        13.4767342099         2.6692773362         1.3327346748         2.7967095015        -8.4569636139        19.4492514619
        4.8154496000         0.9208017641         2.5202994192         1.3378393285         2.8043651338        -0.8380774752        19.9703973057
        4.8204428000        15.4278437967         2.6924275278         1.3301823480         2.7967095015       -12.2664066832        19.4492514619
        4.8254645000         8.6410535324         2.6119013000         1.3352870017         2.7992613789        -4.6475205445        19.6229667432
        4.8304432000        13.4767342099         2.6692773362         1.3327346748         2.7967095015        -8.4569636139        19.4492514619
        4.8354692000         4.8230209376         2.5665998024         1.3327346748         2.8043651338        -8.4569636139        19.9703973057
        4.8404488000         3.8053728548         2.5545252638         1.3378393285         2.8018132564        -0.8380774752        19.7966820244
        4.8454635000         3.8053728548         2.5545252638         1.3378393285         2.8018132564        -0.8380774752        19.7966820244
        4.8504363000         0.9208017641         2.5202994192         1.3378393285         2.8043651338        -0.8380774752        19.9703973057
        4.8554484000         0.9208017641         2.5202994192         1.3378393285         2.8043651338        -0.8380774752        19.9703973057
        4.8604641000         0.9208017641         2.5202994192         1.3378393285         2.8043651338        -0.8380774752        19.9703973057
        4.8654461000       -10.7016691778         2.3823971552         1.3454963091         2.8094688888        10.5902517327        20.3178278682
        4.8704530000         3.8053728548         2.5545252638         1.3378393285         2.8018132564        -0.8380774752        19.7966820244
        4.8754307000        -8.7505595910         2.4055473468         1.3429439823         2.8094688888         6.7808086634        20.3178278682
        4.8804769000        -7.8170980871         2.4166229998         1.3454963091         2.8069170113        10.5902517327        20.1441125869
        4.8854500000         0.9208017641         2.5202994192         1.3378393285         2.8043651338        -0.8380774752        19.9703973057
        4.8904807000         5.7564824416         2.5776754554         1.3352870017         2.8018132564        -4.6475205445        19.7966820244
        4.8954600000         2.8719113509         2.5434496108         1.3352870017         2.8043651338        -4.6475205445        19.9703973057
        4.9005604000       -13.5862402686         2.3481713106         1.3454963091         2.8120207662        10.5902517327        20.4915431494
        4.9055007000       -10.7016691778         2.3823971552         1.3454963091         2.8094688888        10.5902517327        20.3178278682
        4.9104553000        -1.9637693267         2.4860735746         1.3378393285         2.8069170113        -0.8380774752        20.1441125869
        4.9154296000         1.8542632680         2.5313750722         1.3403916554         2.8018132564         2.9713655941        19.7966820244
        4.9204961000         4.8230209376         2.5665998024         1.3327346748         2.8043651338        -8.4569636139        19.9703973057
        4.9254691000         9.5745150363         2.6229769529         1.3378393285         2.7967095015        -0.8380774752        19.4492514619
        4.9304427000         2.8719113509         2.5434496108         1.3352870017         2.8043651338        -4.6475205445        19.9703973057
        4.9354538000         5.7564824416         2.5776754554         1.3352870017         2.8018132564        -4.6475205445        19.7966820244
        4.9404540000         3.8053728548         2.5545252638         1.3378393285         2.8018132564        -0.8380774752        19.7966820244
        4.9454402000         3.8053728548         2.5545252638         1.3378393285         2.8018132564        -0.8380774752        19.7966820244
        4.9504529000       -10.7016691778         2.3823971552         1.3454963091         2.8094688888        10.5902517327        20.3178278682
        4.9554393000         6.7741305244         2.5897499940         1.3301823480         2.8043651338       -12.2664066832        19.9703973057
        4.9604416000         3.8053728548         2.5545252638         1.3378393285         2.8018132564        -0.8380774752        19.7966820244
        4.9654303000         1.8542632680         2.5313750722         1.3403916554         2.8018132564         2.9713655941        19.7966820244
        4.9704427000         6.6899439456         2.5887511084         1.3378393285         2.7992613789        -0.8380774752        19.6229667432
        4.9754515000        19.3300629703         2.7387279110         1.3250776943         2.7967095015       -19.8852928218        19.4492514619
        4.9804591000         3.8053728548         2.5545252638         1.3378393285         2.8018132564        -0.8380774752        19.7966820244
        4.9854421000        -2.0479559055         2.4850746889         1.3454963091         2.8018132564        10.5902517327        19.7966820244
        4.9904567000       -11.6351306818         2.3713215022         1.3429439823         2.8120207662         6.7808086634        20.4915431494
        4.9954674000        -2.9814174095         2.4739990360         1.3429439823         2.8043651338         6.7808086634        19.9703973057
        5.0004485000         1.8542632680         2.5313750722         1.3403916554         2.8018132564         2.9713655941        19.7966820244
