% Designation Loop  psi_cmd=+20.000deg  (absolute, NEUTRAL ref)
% Kp=49.8893  Kd=1.6487  K_pot=68.073520deg/V
% Vg_offset=1.338694V  K_gimbal=26.049690  samples=1001

Time[s]              OmegaCmd[deg/s]      Vc[V]                Vg[V]                Pot[V]               Omega[rad/s]         Psi[deg]            
        0.0007189000       919.8475440861         3.9767056510         1.3352870017         2.5364180006        -0.0887605778         1.7302927751
        0.0056351000       922.2334490783         3.9815029382         1.3378393285         2.5338661232        -0.0222732536         1.5565774939
        0.0109331000       886.0584951521         3.9100682462         1.3454963091         2.5389698781         0.1771887191         1.9040080564
        0.0155670000       550.7992643765         3.3671648002         1.4782173056         2.5415217556         3.6345295789         2.0777233376
        0.0205181000       366.9068571376         3.1389581966         1.5318161696         2.5568330203         5.0307633876         3.1200150251
        0.0255325000       391.7840187189         3.1679695520         1.4935312668         2.5772480400         4.0334535242         4.5097372750
        0.0305295000       312.2763958902         3.0766240470         1.5011882474         2.5951111822         4.2329154969         5.7257442437
        0.0355347000       224.9793254689         2.9794635909         1.5190545354         2.6078705695         4.6983267665         6.5943206499
        0.0406797000       153.2611502326         2.9000314687         1.5165022085         2.6308374666         4.6318394423         8.1577581811
        0.0456678000       196.3484655631         2.9478256395         1.4884266131         2.6384930990         3.9004788758         8.6789040249
        0.0506174000        30.4208585012         2.7591625627         1.5241591891         2.6614599961         4.8313014149        10.2423415560
        0.0555301000        71.1222688395         2.8069675525         1.4935312668         2.6716675060         4.0334535242        10.9372026810
        0.0606340000         5.6847223915         2.5768240122         1.4884266131         2.6946344031         3.9004788758        12.5006402122
        0.0656885000        -2.9818113891         2.4739943613         1.4884266131         2.6971862806         3.9004788758        12.6743554935
        0.0707218000       -32.2444039109         2.2505083859         1.4756649788         2.7150494228         3.5680422546        13.8903624622
        0.0757301000       -15.1566899220         2.3295377030         1.4475893834         2.7303606875         2.8366816881        14.9326541496
        0.0807122000        12.9834628395         2.6634246015         1.4220661148         2.7405681974         2.1718084459        15.6275152746
        0.0857361000        64.7373119505         2.7995601669         1.3939905194         2.7456719523         1.4404478794        15.9749458371
        0.0905879000        57.5795969740         2.7912180886         1.3863335388         2.7533275847         1.2409859067        16.4960916808
        0.0957051000       -24.9456634628         2.2632794905         1.4093044805         2.7609832170         1.8393718247        17.0172375245
        0.1005040000        -2.2090533015         2.4831632455         1.3965428462         2.7635350945         1.5069352036        17.1909528058
        0.1055722000        55.8254245978         2.7891672759         1.3659149240         2.7686388494         0.7090873129        17.5383833683
        0.1106783000        53.4395196057         2.7863737628         1.3633625971         2.7711907269         0.6425999887        17.7120986495
        0.1156898000        43.2641670211         2.7744047779         1.3710195777         2.7686388494         0.8420619613        17.5383833683
        0.1205647000       -33.8575508155         2.2477178404         1.3812288851         2.7839501142         1.1080112582        18.5806750557
        0.1255986000       -29.9628270193         2.2544749227         1.3761242314         2.7865019916         0.9750366098        18.7543903370
        0.1304858000        94.1409299439         2.8334285058         1.3327346748         2.7813982367        -0.1552479021        18.4069597745
        0.1355845000        87.8603011556         2.8262442616         1.3352870017         2.7813982367        -0.0887605778        18.4069597745
        0.1407963000        50.1765284254         2.7825454715         1.3506009628         2.7813982367         0.3101633675        18.4069597745
        0.1456137000        48.6677096214         2.7807721406         1.3582579434         2.7762944818         0.5096253402        18.0595292120
        0.1505664000        71.4043197826         2.8072940518         1.3454963091         2.7788463592         0.1771887191        18.2332444932
        0.1555545000        11.6156695071         2.6471955399         1.3557056165         2.7890538691         0.4431380160        18.9281056182
        0.1607639000        -0.9455880697         2.4981544394         1.3608102703         2.7890538691         0.5761126644        18.9281056182
        0.1655997000        -8.1033030461         2.4132271374         1.3531532897         2.7967095015         0.3766506917        19.4492514619
        0.1706012000        28.0716508800         2.7563574020         1.3454963091         2.7916057465         0.1771887191        19.1018208995
        0.1756121000        68.1413286024         2.8035131696         1.3327346748         2.7890538691        -0.1552479021        18.9281056182
        0.1805606000        28.0716508800         2.7563574020         1.3454963091         2.7916057465         0.1771887191        19.1018208995
        0.1856764000         9.2297645149         2.6188864392         1.3531532897         2.7916057465         0.3766506917        19.1018208995
        0.1906712000        19.4051170995         2.7396184389         1.3454963091         2.7941576240         0.1771887191        19.2755361807
        0.1956030000        23.2998408957         2.7506424482         1.3403916554         2.7967095015         0.0442140706        19.4492514619
        0.2006416000         0.5632307344         2.5160567883         1.3531532897         2.7941576240         0.3766506917        19.2755361807
        0.2056037000       -25.4363706072         2.2624133190         1.3531532897         2.8018132564         0.3766506917        19.7966820244
        0.2106771000        42.1417272608         2.7730788346         1.3327346748         2.7967095015        -0.1552479021        19.4492514619
        0.2156833000        55.5800710256         2.7888802271         1.3378393285         2.7890538691        -0.0222732536        18.9281056182
        0.2206009000        29.5804696841         2.7581596909         1.3378393285         2.7967095015        -0.0222732536        19.4492514619
        0.2256009000        -5.7173980540         2.4415362381         1.3557056165         2.7941576240         0.4431380160        19.2755361807
        0.2307270000       -46.6641619644         2.2259632680         1.3582579434         2.8043651338         0.5096253402        19.9703973057
        0.2355695000        20.9139359035         2.7477762742         1.3378393285         2.7992613789        -0.0222732536        19.6229667432
        0.2406904000        27.1945646919         2.7553086794         1.3352870017         2.7992613789        -0.0887605778        19.6229667432
        0.2457012000         8.3526783268         2.6084796873         1.3429439823         2.7992613789         0.1107013948        19.6229667432
        0.2506634000       -12.8751130305         2.3566089360         1.3480486360         2.8018132564         0.2436760433        19.7966820244
        0.2556476000        18.5280309114         2.7292116870         1.3352870017         2.8018132564        -0.0887605778        19.7966820244
        0.2606832000        18.5280309114         2.7292116870         1.3352870017         2.8018132564        -0.0887605778        19.7966820244
        0.2656602000        31.9663746762         2.7610050853         1.3403916554         2.7941576240         0.0442140706        19.2755361807
        0.2706779000       -12.8751130305         2.3566089360         1.3480486360         2.8018132564         0.2436760433        19.7966820244
        0.2756734000       -15.2610180226         2.3282998353         1.3454963091         2.8043651338         0.1771887191        19.9703973057
        0.2806874000        58.5977086337         2.7924071999         1.3225253674         2.7992613789        -0.4211971990        19.6229667432
        0.2856569000       -26.3134567953         2.2608678641         1.3429439823         2.8094688888         0.1107013948        20.3178278682
        0.2906703000       -15.2610180226         2.3282998353         1.3454963091         2.8043651338         0.1771887191        19.9703973057
        0.2955825000        27.1945646919         2.7553086794         1.3352870017         2.7992613789        -0.0887605778        19.6229667432
        0.3005295000        57.0888898297         2.7906446577         1.3301823480         2.7941576240        -0.2217352263        19.2755361807
        0.3055359000        33.4751934803         2.7628016162         1.3327346748         2.7992613789        -0.1552479021        19.6229667432
        0.3106258000         3.5808683425         2.5518614859         1.3378393285         2.8043651338        -0.0222732536        19.9703973057
        0.3156938000       -91.5056496711         2.1548999191         1.3659149240         2.8120207662         0.7090873129        20.4915431494
        0.3206533000        46.0364510570         2.7776748045         1.3276300211         2.7992613789        -0.2882225505        19.6229667432
        0.3255952000       -28.6993617875         2.2566814647         1.3403916554         2.8120207662         0.0442140706        20.4915431494
        0.3306084000        27.1945646919         2.7553086794         1.3352870017         2.7992613789        -0.0887605778        19.6229667432
        0.3355579000         2.0720495384         2.5339591371         1.3454963091         2.7992613789         0.1771887191        19.6229667432
        0.3406658000       -32.5940855836         2.2499025044         1.3454963091         2.8094688888         0.1771887191        20.3178278682
        0.3456733000         3.5808683425         2.5518614859         1.3378393285         2.8043651338        -0.0222732536        19.9703973057
        0.3506946000       -22.4187329991         2.2677573726         1.3378393285         2.8120207662        -0.0222732536        20.4915431494
        0.3555541000        -8.9803892342         2.4028203855         1.3429439823         2.8043651338         0.1107013948        19.9703973057
        0.3606080000        27.1945646919         2.7553086794         1.3352870017         2.7992613789        -0.0887605778        19.6229667432
        0.3655666000       -26.3134567953         2.2608678641         1.3429439823         2.8094688888         0.1107013948        20.3178278682
        0.3705892000        -6.5944842421         2.4311294862         1.3454963091         2.8018132564         0.1771887191        19.7966820244
        0.3756878000        33.4751934803         2.7628016162         1.3327346748         2.7992613789        -0.1552479021        19.6229667432
        0.3807431000       -28.6993617875         2.2566814647         1.3403916554         2.8120207662         0.0442140706        20.4915431494
        0.3856131000       -32.5940855836         2.2499025044         1.3454963091         2.8094688888         0.1771887191        20.3178278682
        0.3905666000       -41.2606193642         2.2350569171         1.3454963091         2.8120207662         0.1771887191        20.4915431494
        0.3955441000        -2.6997604459         2.4773409357         1.3403916554         2.8043651338         0.0442140706        19.9703973057
        0.4006688000       -41.2606193642         2.2350569171         1.3454963091         2.8120207662         0.1771887191        20.4915431494
        0.4056974000        39.7558222687         2.7702565165         1.3301823480         2.7992613789        -0.2217352263        19.6229667432
        0.4106125000       -13.7521992185         2.3462021841         1.3378393285         2.8094688888        -0.0222732536        20.3178278682
        0.4155822000        33.4751934803         2.7628016162         1.3327346748         2.7992613789        -0.1552479021        19.6229667432
        0.4207126000        42.1417272608         2.7730788346         1.3327346748         2.7967095015        -0.1552479021        19.4492514619
        0.4257302000       -32.5940855836         2.2499025044         1.3454963091         2.8094688888         0.1771887191        20.3178278682
        0.4305697000        42.1417272608         2.7730788346         1.3327346748         2.7967095015        -0.1552479021        19.4492514619
        0.4356107000       -52.3130581369         2.2165862528         1.3429439823         2.8171245211         0.1107013948        20.8389737119
        0.4406765000        -5.0856654380         2.4490318350         1.3378393285         2.8069170113        -0.0222732536        20.1441125869
        0.4456804000       -26.3134567953         2.2608678641         1.3429439823         2.8094688888         0.1107013948        20.3178278682
        0.4504557000        27.1945646919         2.7553086794         1.3352870017         2.7992613789        -0.0887605778        19.6229667432
        0.4556402000        33.4751934803         2.7628016162         1.3327346748         2.7992613789        -0.1552479021        19.6229667432
        0.4604940000         3.5808683425         2.5518614859         1.3378393285         2.8043651338        -0.0222732536        19.9703973057
        0.4655757000        27.1945646919         2.7553086794         1.3352870017         2.7992613789        -0.0887605778        19.6229667432
        0.4707483000       -11.3662942264         2.3745112848         1.3403916554         2.8069170113         0.0442140706        20.1441125869
        0.4756791000        33.4751934803         2.7628016162         1.3327346748         2.7992613789        -0.1552479021        19.6229667432
        0.4806858000       -38.8747143720         2.2391115200         1.3480486360         2.8094688888         0.2436760433        20.3178278682
        0.4855671000       -13.7521992185         2.3462021841         1.3378393285         2.8094688888        -0.0222732536        20.3178278682
        0.4905935000       -41.2606193642         2.2350569171         1.3454963091         2.8120207662         0.1771887191        20.4915431494
        0.4956190000        -2.6997604459         2.4773409357         1.3403916554         2.8043651338         0.0442140706        19.9703973057
        0.5005637000         3.5808683425         2.5518614859         1.3378393285         2.8043651338        -0.0222732536        19.9703973057
        0.5056668000        -2.6997604459         2.4773409357         1.3403916554         2.8043651338         0.0442140706        19.9703973057
        0.5106719000       -34.9799905758         2.2457829118         1.3429439823         2.8120207662         0.1107013948        20.4915431494
        0.5156443000         9.8614971309         2.6263820361         1.3352870017         2.8043651338        -0.0887605778        19.9703973057
        0.5205420000         3.5808683425         2.5518614859         1.3378393285         2.8043651338        -0.0222732536        19.9703973057
        0.5256753000        33.4751934803         2.7628016162         1.3327346748         2.7992613789        -0.1552479021        19.6229667432
        0.5306208000         3.5808683425         2.5518614859         1.3378393285         2.8043651338        -0.0222732536        19.9703973057
        0.5355650000        12.2474021230         2.6546911368         1.3378393285         2.8018132564        -0.0222732536        19.7966820244
        0.5405893000        -5.0856654380         2.4490318350         1.3378393285         2.8069170113        -0.0222732536        20.1441125869
        0.5455787000       -26.3134567953         2.2608678641         1.3429439823         2.8094688888         0.1107013948        20.3178278682
        0.5508222000        39.7558222687         2.7702565165         1.3301823480         2.7992613789        -0.2217352263        19.6229667432
        0.5556443000        12.2474021230         2.6546911368         1.3378393285         2.8018132564        -0.0222732536        19.7966820244
        0.5604617000         3.5808683425         2.5518614859         1.3378393285         2.8043651338        -0.0222732536        19.9703973057
        0.5655732000        42.1417272608         2.7730788346         1.3327346748         2.7967095015        -0.1552479021        19.4492514619
        0.5707654000       -41.2606193642         2.2350569171         1.3454963091         2.8120207662         0.1771887191        20.4915431494
        0.5756147000        -8.9803892342         2.4028203855         1.3429439823         2.8043651338         0.1107013948        19.9703973057
        0.5805334000         1.1949633503         2.5235523852         1.3352870017         2.8069170113        -0.0887605778        20.1441125869
        0.5855736000        -5.0856654380         2.4490318350         1.3378393285         2.8069170113        -0.0222732536        20.1441125869
        0.5906528000        48.4223560492         2.7804835857         1.3301823480         2.7967095015        -0.2217352263        19.4492514619
        0.5955455000        33.4751934803         2.7628016162         1.3327346748         2.7992613789        -0.1552479021        19.6229667432
        0.6006209000        -5.0856654380         2.4490318350         1.3378393285         2.8069170113        -0.0222732536        20.1441125869
        0.6055418000       -22.4187329991         2.2677573726         1.3378393285         2.8120207662        -0.0222732536        20.4915431494
        0.6106322000        27.1945646919         2.7553086794         1.3352870017         2.7992613789        -0.0887605778        19.6229667432
        0.6155752000       -21.5416468110         2.2693185041         1.3480486360         2.8043651338         0.2436760433        19.9703973057
        0.6205938000        33.4751934803         2.7628016162         1.3327346748         2.7992613789        -0.1552479021        19.6229667432
        0.6255342000       -16.1381042107         2.3178930834         1.3352870017         2.8120207662        -0.0887605778        20.4915431494
        0.6305614000        33.4751934803         2.7628016162         1.3327346748         2.7992613789        -0.1552479021        19.6229667432
        0.6354949000         9.8614971309         2.6263820361         1.3352870017         2.8043651338        -0.0887605778        19.9703973057
        0.6405728000       -32.5940855836         2.2499025044         1.3454963091         2.8094688888         0.1771887191        20.3178278682
        0.6456027000        18.5280309114         2.7292116870         1.3352870017         2.8018132564        -0.0887605778        19.7966820244
        0.6505526000         3.5808683425         2.5518614859         1.3378393285         2.8043651338        -0.0222732536        19.9703973057
        0.6555805000        16.1421259192         2.7009025864         1.3327346748         2.8043651338        -0.1552479021        19.9703973057
        0.6605605000       -41.2606193642         2.2350569171         1.3454963091         2.8120207662         0.1771887191        20.4915431494
        0.6656014000         3.5808683425         2.5518614859         1.3378393285         2.8043651338        -0.0222732536        19.9703973057
        0.6705629000        18.5280309114         2.7292116870         1.3352870017         2.8018132564        -0.0887605778        19.7966820244
        0.6755825000       -11.3662942264         2.3745112848         1.3403916554         2.8069170113         0.0442140706        20.1441125869
        0.6806116000        33.4751934803         2.7628016162         1.3327346748         2.7992613789        -0.1552479021        19.6229667432
        0.6855222000        16.1421259192         2.7009025864         1.3327346748         2.8043651338        -0.1552479021        19.9703973057
        0.6906181000       -11.3662942264         2.3745112848         1.3403916554         2.8069170113         0.0442140706        20.1441125869
        0.6956178000         5.9667733347         2.5801705866         1.3403916554         2.8018132564         0.0442140706        19.7966820244
        0.7007629000         3.5808683425         2.5518614859         1.3378393285         2.8043651338        -0.0222732536        19.9703973057
        0.7056042000       -26.3134567953         2.2608678641         1.3429439823         2.8094688888         0.1107013948        20.3178278682
        0.7106169000        27.1945646919         2.7553086794         1.3352870017         2.7992613789        -0.0887605778        19.6229667432
        0.7155848000         9.8614971309         2.6263820361         1.3352870017         2.8043651338        -0.0887605778        19.9703973057
        0.7206003000         1.1949633503         2.5235523852         1.3352870017         2.8069170113        -0.0887605778        20.1441125869
        0.7256113000        33.4751934803         2.7628016162         1.3327346748         2.7992613789        -0.1552479021        19.6229667432
        0.7305565000       -38.8747143720         2.2391115200         1.3480486360         2.8094688888         0.2436760433        20.3178278682
        0.7354799000         3.5808683425         2.5518614859         1.3378393285         2.8043651338        -0.0222732536        19.9703973057
        0.7405690000        -2.6997604459         2.4773409357         1.3403916554         2.8043651338         0.0442140706        19.9703973057
        0.7456908000         9.8614971309         2.6263820361         1.3352870017         2.8043651338        -0.0887605778        19.9703973057
        0.7506569000       -34.9799905758         2.2457829118         1.3429439823         2.8120207662         0.1107013948        20.4915431494
        0.7557284000        24.8086596998         2.7524519723         1.3327346748         2.8018132564        -0.1552479021        19.7966820244
        0.7606291000       -41.2606193642         2.2350569171         1.3454963091         2.8120207662         0.1771887191        20.4915431494
        0.7656190000        -5.0856654380         2.4490318350         1.3378393285         2.8069170113        -0.0222732536        20.1441125869
        0.7705891000         1.1949633503         2.5235523852         1.3352870017         2.8069170113        -0.0887605778        20.1441125869
        0.7756216000       -32.5940855836         2.2499025044         1.3454963091         2.8094688888         0.1771887191        20.3178278682
        0.7806198000        39.7558222687         2.7702565165         1.3301823480         2.7992613789        -0.2217352263        19.6229667432
        0.7856641000        12.2474021230         2.6546911368         1.3378393285         2.8018132564        -0.0222732536        19.7966820244
        0.7905319000         3.5808683425         2.5518614859         1.3378393285         2.8043651338        -0.0222732536        19.9703973057
        0.7958782000        -7.4715704302         2.4207227343         1.3352870017         2.8094688888        -0.0887605778        20.3178278682
        0.8007163000        -2.6997604459         2.4773409357         1.3403916554         2.8043651338         0.0442140706        19.9703973057
        0.8056833000         3.5808683425         2.5518614859         1.3378393285         2.8043651338        -0.0222732536        19.9703973057
        0.8107045000        33.4751934803         2.7628016162         1.3327346748         2.7992613789        -0.1552479021        19.6229667432
        0.8155778000       -34.9799905758         2.2457829118         1.3429439823         2.8120207662         0.1107013948        20.4915431494
        0.8207296000        -5.0856654380         2.4490318350         1.3378393285         2.8069170113        -0.0222732536        20.1441125869
        0.8258135000         1.1949633503         2.5235523852         1.3352870017         2.8069170113        -0.0887605778        20.1441125869
        0.8306216000         1.1949633503         2.5235523852         1.3352870017         2.8069170113        -0.0887605778        20.1441125869
        0.8356465000        12.2474021230         2.6546911368         1.3378393285         2.8018132564        -0.0222732536        19.7966820244
        0.8406535000       -41.2606193642         2.2350569171         1.3454963091         2.8120207662         0.1771887191        20.4915431494
        0.8455341000        33.4751934803         2.7628016162         1.3327346748         2.7992613789        -0.1552479021        19.6229667432
        0.8505508000        18.5280309114         2.7292116870         1.3352870017         2.8018132564        -0.0887605778        19.7966820244
        0.8556930000        24.8086596998         2.7524519723         1.3327346748         2.8018132564        -0.1552479021        19.7966820244
        0.8606809000        39.7558222687         2.7702565165         1.3301823480         2.7992613789        -0.2217352263        19.6229667432
        0.8658053000        33.4751934803         2.7628016162         1.3327346748         2.7992613789        -0.1552479021        19.6229667432
        0.8706601000       -49.0500669566         2.2219867684         1.3557056165         2.8069170113         0.4431380160        20.1441125869
        0.8761816000        -0.3138554537         2.5056500364         1.3429439823         2.8018132564         0.1107013948        19.7966820244
        0.8805773000       -22.4187329991         2.2677573726         1.3378393285         2.8120207662        -0.0222732536        20.4915431494
        0.8854729000       -43.6465243563         2.2310265300         1.3429439823         2.8145726437         0.1107013948        20.6652584306
        0.8906027000        18.5280309114         2.7292116870         1.3352870017         2.8018132564        -0.0887605778        19.7966820244
        0.8956000000        -5.0856654380         2.4490318350         1.3378393285         2.8069170113        -0.0222732536        20.1441125869
        0.9005070000       -43.6465243563         2.2310265300         1.3429439823         2.8145726437         0.1107013948        20.6652584306
        0.9058374000       -23.9275518031         2.2650801221         1.3454963091         2.8069170113         0.1771887191        20.1441125869
        0.9105805000       -41.2606193642         2.2350569171         1.3454963091         2.8120207662         0.1771887191        20.4915431494
        0.9155665000       -41.2606193642         2.2350569171         1.3454963091         2.8120207662         0.1771887191        20.4915431494
        0.9206737000       -37.3658955680         2.2416882208         1.3403916554         2.8145726437         0.0442140706        20.6652584306
        0.9345492000        39.7558222687         2.7702565165         1.3301823480         2.7992613789        -0.2217352263        19.6229667432
        0.9362012000        43.6505460649         2.7748609441         1.3250776943         2.8018132564        -0.3547098747        19.7966820244
        0.9378851000        60.1065274378         2.7941678728         1.3148683868         2.8043651338        -0.6206591717        19.9703973057
        0.9405064000        21.5456685195         2.7485357424         1.3199730405         2.8120207662        -0.4876845232        20.4915431494
        0.9456214000        17.0192121073         2.7113093382         1.3429439823         2.7967095015         0.1107013948        19.4492514619
        0.9505575000         5.9667733347         2.5801705866         1.3403916554         2.8018132564         0.0442140706        19.7966820244
        0.9554737000        -2.6997604459         2.4773409357         1.3403916554         2.8043651338         0.0442140706        19.9703973057
        0.9605167000         9.8614971309         2.6263820361         1.3352870017         2.8043651338        -0.0887605778        19.9703973057
        0.9655671000         3.5808683425         2.5518614859         1.3378393285         2.8043651338        -0.0222732536        19.9703973057
        0.9705248000        18.5280309114         2.7292116870         1.3352870017         2.8018132564        -0.0887605778        19.7966820244
        0.9755570000       -11.3662942264         2.3745112848         1.3403916554         2.8069170113         0.0442140706        20.1441125869
        0.9804814000       -34.9799905758         2.2457829118         1.3429439823         2.8120207662         0.1107013948        20.4915431494
        0.9855678000        -5.0856654380         2.4490318350         1.3378393285         2.8069170113        -0.0222732536        20.1441125869
        0.9904736000         3.5808683425         2.5518614859         1.3378393285         2.8043651338        -0.0222732536        19.9703973057
        0.9956568000        46.0364510570         2.7776748045         1.3276300211         2.7992613789        -0.2882225505        19.6229667432
        1.0005512000         3.5808683425         2.5518614859         1.3378393285         2.8043651338        -0.0222732536        19.9703973057
        1.0056898000        33.4751934803         2.7628016162         1.3327346748         2.7992613789        -0.1552479021        19.6229667432
        1.0105125000         9.8614971309         2.6263820361         1.3352870017         2.8043651338        -0.0887605778        19.9703973057
        1.0155272000         1.1949633503         2.5235523852         1.3352870017         2.8069170113        -0.0887605778        20.1441125869
        1.0204493000         3.5808683425         2.5518614859         1.3378393285         2.8043651338        -0.0222732536        19.9703973057
        1.0254762000        12.2474021230         2.6546911368         1.3378393285         2.8018132564        -0.0222732536        19.7966820244
        1.0304803000        -5.0856654380         2.4490318350         1.3378393285         2.8069170113        -0.0222732536        20.1441125869
        1.0356023000         1.1949633503         2.5235523852         1.3352870017         2.8069170113        -0.0887605778        20.1441125869
        1.0406046000         3.5808683425         2.5518614859         1.3378393285         2.8043651338        -0.0222732536        19.9703973057
        1.0455158000       -26.3134567953         2.2608678641         1.3429439823         2.8094688888         0.1107013948        20.3178278682
        1.0504797000         3.5808683425         2.5518614859         1.3378393285         2.8043651338        -0.0222732536        19.9703973057
        1.0555229000         9.8614971309         2.6263820361         1.3352870017         2.8043651338        -0.0887605778        19.9703973057
        1.0604910000       -41.2606193642         2.2350569171         1.3454963091         2.8120207662         0.1771887191        20.4915431494
        1.0655485000        13.7562209271         2.6725934857         1.3301823480         2.8069170113        -0.2217352263        20.1441125869
        1.0705048000        12.2474021230         2.6546911368         1.3378393285         2.8018132564        -0.0222732536        19.7966820244
        1.0755424000       -32.5940855836         2.2499025044         1.3454963091         2.8094688888         0.1771887191        20.3178278682
        1.0804440000        12.2474021230         2.6546911368         1.3378393285         2.8018132564        -0.0222732536        19.7966820244
        1.0855063000        16.1421259192         2.7009025864         1.3327346748         2.8043651338        -0.1552479021        19.9703973057
        1.0905001000        42.1417272608         2.7730788346         1.3327346748         2.7967095015        -0.1552479021        19.4492514619
        1.0955364000         3.5808683425         2.5518614859         1.3378393285         2.8043651338        -0.0222732536        19.9703973057
        1.1004903000        -2.6997604459         2.4773409357         1.3403916554         2.8043651338         0.0442140706        19.9703973057
        1.1054868000        39.7558222687         2.7702565165         1.3301823480         2.7992613789        -0.2217352263        19.6229667432
        1.1105074000        41.2646410727         2.7720419271         1.3225253674         2.8043651338        -0.4211971990        19.9703973057
        1.1156206000       -32.5940855836         2.2499025044         1.3454963091         2.8094688888         0.1771887191        20.3178278682
        1.1205425000       -42.7694381682         2.2325053484         1.3531532897         2.8069170113         0.3766506917        20.1441125869
        1.1257869000        13.7562209271         2.6725934857         1.3301823480         2.8069170113        -0.2217352263        20.1441125869
        1.1305861000       -11.3662942264         2.3745112848         1.3403916554         2.8069170113         0.0442140706        20.1441125869
        1.1354635000       -41.2606193642         2.2350569171         1.3454963091         2.8120207662         0.1771887191        20.4915431494
        1.1405096000       -37.3658955680         2.2416882208         1.3403916554         2.8145726437         0.0442140706        20.6652584306
        1.1456093000        27.1945646919         2.7553086794         1.3352870017         2.7992613789        -0.0887605778        19.6229667432
        1.1507069000       -28.6993617875         2.2566814647         1.3403916554         2.8120207662         0.0442140706        20.4915431494
        1.1555690000        -6.5944842421         2.4311294862         1.3454963091         2.8018132564         0.1771887191        19.7966820244
        1.1605205000        -2.6997604459         2.4773409357         1.3403916554         2.8043651338         0.0442140706        19.9703973057
        1.1654555000       -11.3662942264         2.3745112848         1.3403916554         2.8069170113         0.0442140706        20.1441125869
        1.1705741000         3.5808683425         2.5518614859         1.3378393285         2.8043651338        -0.0222732536        19.9703973057
        1.1755581000       -34.9799905758         2.2457829118         1.3429439823         2.8120207662         0.1107013948        20.4915431494
        1.1805657000       -41.2606193642         2.2350569171         1.3454963091         2.8120207662         0.1771887191        20.4915431494
        1.1854937000        39.7558222687         2.7702565165         1.3301823480         2.7992613789        -0.2217352263        19.6229667432
        1.1907766000         3.5808683425         2.5518614859         1.3378393285         2.8043651338        -0.0222732536        19.9703973057
        1.1956018000       -34.9799905758         2.2457829118         1.3429439823         2.8120207662         0.1107013948        20.4915431494
        1.2005162000       -34.9799905758         2.2457829118         1.3429439823         2.8120207662         0.1107013948        20.4915431494
        1.2055528000       -11.3662942264         2.3745112848         1.3403916554         2.8069170113         0.0442140706        20.1441125869
        1.2105023000       -16.1381042107         2.3178930834         1.3352870017         2.8120207662        -0.0887605778        20.4915431494
        1.2155782000        33.4751934803         2.7628016162         1.3327346748         2.7992613789        -0.1552479021        19.6229667432
        1.2206582000        13.7562209271         2.6725934857         1.3301823480         2.8069170113        -0.2217352263        20.1441125869
        1.2255585000         3.5808683425         2.5518614859         1.3378393285         2.8043651338        -0.0222732536        19.9703973057
        1.2305840000        33.4751934803         2.7628016162         1.3327346748         2.7992613789        -0.1552479021        19.6229667432
        1.2355288000        -5.0856654380         2.4490318350         1.3378393285         2.8069170113        -0.0222732536        20.1441125869
        1.2405830000       -34.9799905758         2.2457829118         1.3429439823         2.8120207662         0.1107013948        20.4915431494
        1.2456168000        31.0892884881         2.7599597334         1.3301823480         2.8018132564        -0.2217352263        19.7966820244
        1.2504970000        -5.0856654380         2.4490318350         1.3378393285         2.8069170113        -0.0222732536        20.1441125869
        1.2554808000       -34.9799905758         2.2457829118         1.3429439823         2.8120207662         0.1107013948        20.4915431494
        1.2606583000       -17.6469230148         2.2999907346         1.3429439823         2.8069170113         0.1107013948        20.1441125869
        1.2657142000        33.4751934803         2.7628016162         1.3327346748         2.7992613789        -0.1552479021        19.6229667432
        1.2705530000        24.8086596998         2.7524519723         1.3327346748         2.8018132564        -0.1552479021        19.7966820244
        1.2756508000         3.5808683425         2.5518614859         1.3378393285         2.8043651338        -0.0222732536        19.9703973057
        1.2805136000       -34.9799905758         2.2457829118         1.3429439823         2.8120207662         0.1107013948        20.4915431494
        1.2855212000        -5.0856654380         2.4490318350         1.3378393285         2.8069170113        -0.0222732536        20.1441125869
        1.2905633000        33.4751934803         2.7628016162         1.3327346748         2.7992613789        -0.1552479021        19.6229667432
        1.2956740000         1.1949633503         2.5235523852         1.3352870017         2.8069170113        -0.0887605778        20.1441125869
        1.3006908000        33.4751934803         2.7628016162         1.3327346748         2.7992613789        -0.1552479021        19.6229667432
        1.3056181000       -41.2606193642         2.2350569171         1.3454963091         2.8120207662         0.1771887191        20.4915431494
        1.3105627000       -53.8218769409         2.2141036347         1.3506009628         2.8120207662         0.3101633675        20.4915431494
        1.3155435000         3.5808683425         2.5518614859         1.3378393285         2.8043651338        -0.0222732536        19.9703973057
        1.3205623000        -5.0856654380         2.4490318350         1.3378393285         2.8069170113        -0.0222732536        20.1441125869
        1.3256049000       -11.3662942264         2.3745112848         1.3403916554         2.8069170113         0.0442140706        20.1441125869
        1.3305003000        -5.0856654380         2.4490318350         1.3378393285         2.8069170113        -0.0222732536        20.1441125869
        1.3355248000       -43.6465243563         2.2310265300         1.3429439823         2.8145726437         0.1107013948        20.6652584306
        1.3407479000        39.7558222687         2.7702565165         1.3301823480         2.7992613789        -0.2217352263        19.6229667432
        1.3456010000        -5.0856654380         2.4490318350         1.3378393285         2.8069170113        -0.0222732536        20.1441125869
        1.3505124000       -26.3134567953         2.2608678641         1.3429439823         2.8094688888         0.1107013948        20.3178278682
        1.3555565000         3.5808683425         2.5518614859         1.3378393285         2.8043651338        -0.0222732536        19.9703973057
        1.3605983000        24.8086596998         2.7524519723         1.3327346748         2.8018132564        -0.1552479021        19.7966820244
        1.3657031000       -11.3662942264         2.3745112848         1.3403916554         2.8069170113         0.0442140706        20.1441125869
        1.3706194000        33.4751934803         2.7628016162         1.3327346748         2.7992613789        -0.1552479021        19.6229667432
        1.3756715000       -11.3662942264         2.3745112848         1.3403916554         2.8069170113         0.0442140706        20.1441125869
        1.3806825000         3.5808683425         2.5518614859         1.3378393285         2.8043651338        -0.0222732536        19.9703973057
        1.3855400000        33.4751934803         2.7628016162         1.3327346748         2.7992613789        -0.1552479021        19.6229667432
        1.3906583000        -5.0856654380         2.4490318350         1.3378393285         2.8069170113        -0.0222732536        20.1441125869
        1.3955363000         9.8614971309         2.6263820361         1.3352870017         2.8043651338        -0.0887605778        19.9703973057
        1.4005265000         3.5808683425         2.5518614859         1.3378393285         2.8043651338        -0.0222732536        19.9703973057
        1.4055505000         3.5808683425         2.5518614859         1.3378393285         2.8043651338        -0.0222732536        19.9703973057
        1.4104685000        -5.0856654380         2.4490318350         1.3378393285         2.8069170113        -0.0222732536        20.1441125869
        1.4155295000       -32.5940855836         2.2499025044         1.3454963091         2.8094688888         0.1771887191        20.3178278682
        1.4204911000         9.8614971309         2.6263820361         1.3352870017         2.8043651338        -0.0887605778        19.9703973057
        1.4255157000        -5.0856654380         2.4490318350         1.3378393285         2.8069170113        -0.0222732536        20.1441125869
        1.4304826000        39.7558222687         2.7702565165         1.3301823480         2.7992613789        -0.2217352263        19.6229667432
        1.4355374000        33.4751934803         2.7628016162         1.3327346748         2.7992613789        -0.1552479021        19.6229667432
        1.4404601000       -11.3662942264         2.3745112848         1.3403916554         2.8069170113         0.0442140706        20.1441125869
        1.4454880000       -41.2606193642         2.2350569171         1.3454963091         2.8120207662         0.1771887191        20.4915431494
        1.4505019000       -11.3662942264         2.3745112848         1.3403916554         2.8069170113         0.0442140706        20.1441125869
        1.4554778000       -17.6469230148         2.2999907346         1.3429439823         2.8069170113         0.1107013948        20.1441125869
        1.4604687000       -26.3134567953         2.2608678641         1.3429439823         2.8094688888         0.1107013948        20.3178278682
        1.4655075000        -2.6997604459         2.4773409357         1.3403916554         2.8043651338         0.0442140706        19.9703973057
        1.4704668000        -5.0856654380         2.4490318350         1.3378393285         2.8069170113        -0.0222732536        20.1441125869
        1.4754732000       -22.4187329991         2.2677573726         1.3378393285         2.8120207662        -0.0222732536        20.4915431494
        1.4804873000        -5.0856654380         2.4490318350         1.3378393285         2.8069170113        -0.0222732536        20.1441125869
        1.4855963000         3.5808683425         2.5518614859         1.3378393285         2.8043651338        -0.0222732536        19.9703973057
        1.4904734000        39.7558222687         2.7702565165         1.3301823480         2.7992613789        -0.2217352263        19.6229667432
        1.4955437000        27.1945646919         2.7553086794         1.3352870017         2.7992613789        -0.0887605778        19.6229667432
        1.5004691000       -47.5412481526         2.2244987278         1.3480486360         2.8120207662         0.2436760433        20.4915431494
        1.5055231000         3.5808683425         2.5518614859         1.3378393285         2.8043651338        -0.0222732536        19.9703973057
        1.5104686000       -11.3662942264         2.3745112848         1.3403916554         2.8069170113         0.0442140706        20.1441125869
        1.5154988000         3.5808683425         2.5518614859         1.3378393285         2.8043651338        -0.0222732536        19.9703973057
        1.5204640000         9.8614971309         2.6263820361         1.3352870017         2.8043651338        -0.0887605778        19.9703973057
        1.5255072000        49.9311748532         2.7822572400         1.3225253674         2.8018132564        -0.4211971990        19.7966820244
        1.5304585000        18.5280309114         2.7292116870         1.3352870017         2.8018132564        -0.0887605778        19.7966820244
        1.5355430000       -43.6465243563         2.2310265300         1.3429439823         2.8145726437         0.1107013948        20.6652584306
        1.5404882000        42.1417272608         2.7730788346         1.3327346748         2.7967095015        -0.1552479021        19.4492514619
        1.5454464000        24.8086596998         2.7524519723         1.3327346748         2.8018132564        -0.1552479021        19.7966820244
        1.5504647000       -58.5936869252         2.2063119537         1.3454963091         2.8171245211         0.1771887191        20.8389737119
        1.5555062000        -5.0856654380         2.4490318350         1.3378393285         2.8069170113        -0.0222732536        20.1441125869
        1.5604773000        -2.6997604459         2.4773409357         1.3403916554         2.8043651338         0.0442140706        19.9703973057
        1.5654792000         3.5808683425         2.5518614859         1.3378393285         2.8043651338        -0.0222732536        19.9703973057
        1.5704700000        -5.0856654380         2.4490318350         1.3378393285         2.8069170113        -0.0222732536        20.1441125869
        1.5754673000        39.7558222687         2.7702565165         1.3301823480         2.7992613789        -0.2217352263        19.6229667432
        1.5804893000        -2.6997604459         2.4773409357         1.3403916554         2.8043651338         0.0442140706        19.9703973057
        1.5854477000       -34.9799905758         2.2457829118         1.3429439823         2.8120207662         0.1107013948        20.4915431494
        1.5904660000         3.5808683425         2.5518614859         1.3378393285         2.8043651338        -0.0222732536        19.9703973057
        1.5955673000        -2.6997604459         2.4773409357         1.3403916554         2.8043651338         0.0442140706        19.9703973057
        1.6005012000         3.5808683425         2.5518614859         1.3378393285         2.8043651338        -0.0222732536        19.9703973057
        1.6055656000        -5.0856654380         2.4490318350         1.3378393285         2.8069170113        -0.0222732536        20.1441125869
        1.6104814000        33.4751934803         2.7628016162         1.3327346748         2.7992613789        -0.1552479021        19.6229667432
        1.6158293000         3.5808683425         2.5518614859         1.3378393285         2.8043651338        -0.0222732536        19.9703973057
        1.6204672000       -30.2081805915         2.2540472609         1.3480486360         2.8069170113         0.2436760433        20.1441125869
        1.6254632000       -28.6993617875         2.2566814647         1.3403916554         2.8120207662         0.0442140706        20.4915431494
        1.6304695000         1.1949633503         2.5235523852         1.3352870017         2.8069170113        -0.0887605778        20.1441125869
        1.6354643000        24.8086596998         2.7524519723         1.3327346748         2.8018132564        -0.1552479021        19.7966820244
        1.6404856000         3.5808683425         2.5518614859         1.3378393285         2.8043651338        -0.0222732536        19.9703973057
        1.6454595000        42.1417272608         2.7730788346         1.3327346748         2.7967095015        -0.1552479021        19.4492514619
        1.6506381000        33.4751934803         2.7628016162         1.3327346748         2.7992613789        -0.1552479021        19.6229667432
        1.6556739000       -41.2606193642         2.2350569171         1.3454963091         2.8120207662         0.1771887191        20.4915431494
        1.6604923000        33.4751934803         2.7628016162         1.3327346748         2.7992613789        -0.1552479021        19.6229667432
        1.6654758000       -34.9799905758         2.2457829118         1.3429439823         2.8120207662         0.1107013948        20.4915431494
        1.6705016000         3.5808683425         2.5518614859         1.3378393285         2.8043651338        -0.0222732536        19.9703973057
        1.6754678000       -34.9799905758         2.2457829118         1.3429439823         2.8120207662         0.1107013948        20.4915431494
        1.6804663000        -5.0856654380         2.4490318350         1.3378393285         2.8069170113        -0.0222732536        20.1441125869
        1.6854361000       -26.3134567953         2.2608678641         1.3429439823         2.8094688888         0.1107013948        20.3178278682
        1.6904671000        -5.0856654380         2.4490318350         1.3378393285         2.8069170113        -0.0222732536        20.1441125869
        1.6954620000        24.8086596998         2.7524519723         1.3327346748         2.8018132564        -0.1552479021        19.7966820244
        1.7005712000        33.4751934803         2.7628016162         1.3327346748         2.7992613789        -0.1552479021        19.6229667432
        1.7057225000        -5.0856654380         2.4490318350         1.3378393285         2.8069170113        -0.0222732536        20.1441125869
        1.7104885000        31.0892884881         2.7599597334         1.3301823480         2.8018132564        -0.2217352263        19.7966820244
        1.7154784000        -7.4715704302         2.4207227343         1.3352870017         2.8094688888        -0.0887605778        20.3178278682
        1.7205280000       -21.5416468110         2.2693185041         1.3480486360         2.8043651338         0.2436760433        19.9703973057
        1.7255013000        16.1421259192         2.7009025864         1.3327346748         2.8043651338        -0.1552479021        19.9703973057
        1.7304921000       -41.2606193642         2.2350569171         1.3454963091         2.8120207662         0.1771887191        20.4915431494
        1.7354542000        -8.9803892342         2.4028203855         1.3429439823         2.8043651338         0.1107013948        19.9703973057
        1.7404780000         9.8614971309         2.6263820361         1.3352870017         2.8043651338        -0.0887605778        19.9703973057
        1.7454879000        33.4751934803         2.7628016162         1.3327346748         2.7992613789        -0.1552479021        19.6229667432
        1.7505670000       -23.0504656150         2.2666351495         1.3557056165         2.7992613789         0.4431380160        19.6229667432
        1.7554884000        33.4751934803         2.7628016162         1.3327346748         2.7992613789        -0.1552479021        19.6229667432
        1.7605012000        27.1945646919         2.7553086794         1.3352870017         2.7992613789        -0.0887605778        19.6229667432
        1.7654810000        -8.9803892342         2.4028203855         1.3429439823         2.8043651338         0.1107013948        19.9703973057
        1.7705521000       -32.5940855836         2.2499025044         1.3454963091         2.8094688888         0.1771887191        20.3178278682
        1.7754784000        24.8086596998         2.7524519723         1.3327346748         2.8018132564        -0.1552479021        19.7966820244
        1.7805318000         9.8614971309         2.6263820361         1.3352870017         2.8043651338        -0.0887605778        19.9703973057
        1.7855091000       -34.9799905758         2.2457829118         1.3429439823         2.8120207662         0.1107013948        20.4915431494
        1.7905268000         8.3526783268         2.6084796873         1.3429439823         2.7992613789         0.1107013948        19.6229667432
        1.7954849000       -32.5940855836         2.2499025044         1.3454963091         2.8094688888         0.1771887191        20.3178278682
        1.8005510000        -5.0856654380         2.4490318350         1.3378393285         2.8069170113        -0.0222732536        20.1441125869
        1.8055309000         1.1949633503         2.5235523852         1.3352870017         2.8069170113        -0.0887605778        20.1441125869
        1.8105306000         9.8614971309         2.6263820361         1.3352870017         2.8043651338        -0.0887605778        19.9703973057
        1.8154861000       -16.1381042107         2.3178930834         1.3352870017         2.8120207662        -0.0887605778        20.4915431494
        1.8205264000         3.5808683425         2.5518614859         1.3378393285         2.8043651338        -0.0222732536        19.9703973057
        1.8255920000       -34.9799905758         2.2457829118         1.3429439823         2.8120207662         0.1107013948        20.4915431494
        1.8305887000       -34.9799905758         2.2457829118         1.3429439823         2.8120207662         0.1107013948        20.4915431494
        1.8355375000       -11.3662942264         2.3745112848         1.3403916554         2.8069170113         0.0442140706        20.1441125869
        1.8405347000        -2.6997604459         2.4773409357         1.3403916554         2.8043651338         0.0442140706        19.9703973057
        1.8454928000         1.1949633503         2.5235523852         1.3352870017         2.8069170113        -0.0887605778        20.1441125869
        1.8506130000         3.5808683425         2.5518614859         1.3378393285         2.8043651338        -0.0222732536        19.9703973057
        1.8555019000         3.5808683425         2.5518614859         1.3378393285         2.8043651338        -0.0222732536        19.9703973057
        1.8605497000        39.7558222687         2.7702565165         1.3301823480         2.7992613789        -0.2217352263        19.6229667432
        1.8656038000       -11.3662942264         2.3745112848         1.3403916554         2.8069170113         0.0442140706        20.1441125869
        1.8706190000        24.8086596998         2.7524519723         1.3327346748         2.8018132564        -0.1552479021        19.7966820244
        1.8754875000        42.1417272608         2.7730788346         1.3327346748         2.7967095015        -0.1552479021        19.4492514619
        1.8805342000        33.4751934803         2.7628016162         1.3327346748         2.7992613789        -0.1552479021        19.6229667432
        1.8855288000       -29.3310944034         2.2555772990         1.3582579434         2.7992613789         0.5096253402        19.6229667432
        1.8904918000        48.4223560492         2.7804835857         1.3301823480         2.7967095015        -0.2217352263        19.4492514619
        1.8954596000        20.9139359035         2.7477762742         1.3378393285         2.7992613789        -0.0222732536        19.6229667432
        1.9006487000        -5.0856654380         2.4490318350         1.3378393285         2.8069170113        -0.0222732536        20.1441125869
        1.9057983000       -28.6993617875         2.2566814647         1.3403916554         2.8120207662         0.0442140706        20.4915431494
        1.9106003000        -5.0856654380         2.4490318350         1.3378393285         2.8069170113        -0.0222732536        20.1441125869
        1.9156056000        39.7558222687         2.7702565165         1.3301823480         2.7992613789        -0.2217352263        19.6229667432
        1.9206549000       -28.6993617875         2.2566814647         1.3403916554         2.8120207662         0.0442140706        20.4915431494
        1.9255935000        -5.0856654380         2.4490318350         1.3378393285         2.8069170113        -0.0222732536        20.1441125869
        1.9305957000       -34.9799905758         2.2457829118         1.3429439823         2.8120207662         0.1107013948        20.4915431494
        1.9356381000       -30.2081805915         2.2540472609         1.3480486360         2.8069170113         0.2436760433        20.1441125869
        1.9406239000         9.8614971309         2.6263820361         1.3352870017         2.8043651338        -0.0887605778        19.9703973057
        1.9457069000       -34.9799905758         2.2457829118         1.3429439823         2.8120207662         0.1107013948        20.4915431494
        1.9505650000       -41.2606193642         2.2350569171         1.3454963091         2.8120207662         0.1771887191        20.4915431494
        1.9555984000        12.2474021230         2.6546911368         1.3378393285         2.8018132564        -0.0222732536        19.7966820244
        1.9606439000        -8.9803892342         2.4028203855         1.3429439823         2.8043651338         0.1107013948        19.9703973057
        1.9656749000        -5.0856654380         2.4490318350         1.3378393285         2.8069170113        -0.0222732536        20.1441125869
        1.9705095000        -5.0856654380         2.4490318350         1.3378393285         2.8069170113        -0.0222732536        20.1441125869
        1.9755440000       -34.9799905758         2.2457829118         1.3429439823         2.8120207662         0.1107013948        20.4915431494
        1.9806139000       -11.3662942264         2.3745112848         1.3403916554         2.8069170113         0.0442140706        20.1441125869
        1.9856104000         3.5808683425         2.5518614859         1.3378393285         2.8043651338        -0.0222732536        19.9703973057
        1.9905516000       -34.9799905758         2.2457829118         1.3429439823         2.8120207662         0.1107013948        20.4915431494
        1.9955839000         3.5808683425         2.5518614859         1.3378393285         2.8043651338        -0.0222732536        19.9703973057
        2.0005460000       -28.6993617875         2.2566814647         1.3403916554         2.8120207662         0.0442140706        20.4915431494
        2.0056151000        27.1945646919         2.7553086794         1.3352870017         2.7992613789        -0.0887605778        19.6229667432
        2.0105188000         3.5808683425         2.5518614859         1.3378393285         2.8043651338        -0.0222732536        19.9703973057
        2.0156622000        -5.0856654380         2.4490318350         1.3378393285         2.8069170113        -0.0222732536        20.1441125869
        2.0205219000        -5.0856654380         2.4490318350         1.3378393285         2.8069170113        -0.0222732536        20.1441125869
        2.0255698000        24.8086596998         2.7524519723         1.3327346748         2.8018132564        -0.1552479021        19.7966820244
        2.0305744000         3.5808683425         2.5518614859         1.3378393285         2.8043651338        -0.0222732536        19.9703973057
        2.0355935000        -2.6997604459         2.4773409357         1.3403916554         2.8043651338         0.0442140706        19.9703973057
        2.0405474000        33.4751934803         2.7628016162         1.3327346748         2.7992613789        -0.1552479021        19.6229667432
        2.0455912000        -5.0856654380         2.4490318350         1.3378393285         2.8069170113        -0.0222732536        20.1441125869
        2.0506735000       -41.2606193642         2.2350569171         1.3454963091         2.8120207662         0.1771887191        20.4915431494
        2.0555504000       -53.8218769409         2.2141036347         1.3506009628         2.8120207662         0.3101633675        20.4915431494
        2.0604925000        39.7558222687         2.7702565165         1.3301823480         2.7992613789        -0.2217352263        19.6229667432
        2.0655292000       -26.3134567953         2.2608678641         1.3429439823         2.8094688888         0.1107013948        20.3178278682
        2.0704927000         3.5808683425         2.5518614859         1.3378393285         2.8043651338        -0.0222732536        19.9703973057
        2.0755267000        33.4751934803         2.7628016162         1.3327346748         2.7992613789        -0.1552479021        19.6229667432
        2.0804835000         3.5808683425         2.5518614859         1.3378393285         2.8043651338        -0.0222732536        19.9703973057
        2.0855715000        18.5280309114         2.7292116870         1.3352870017         2.8018132564        -0.0887605778        19.7966820244
        2.0905672000       -32.5940855836         2.2499025044         1.3454963091         2.8094688888         0.1771887191        20.3178278682
        2.0954972000         2.0720495384         2.5339591371         1.3454963091         2.7992613789         0.1771887191        19.6229667432
        2.1005075000        -5.0856654380         2.4490318350         1.3378393285         2.8069170113        -0.0222732536        20.1441125869
        2.1055010000       -32.5940855836         2.2499025044         1.3454963091         2.8094688888         0.1771887191        20.3178278682
        2.1105035000        33.4751934803         2.7628016162         1.3327346748         2.7992613789        -0.1552479021        19.6229667432
        2.1155535000       -11.3662942264         2.3745112848         1.3403916554         2.8069170113         0.0442140706        20.1441125869
        2.1205659000        20.9139359035         2.7477762742         1.3378393285         2.7992613789        -0.0222732536        19.6229667432
        2.1254814000       -32.5940855836         2.2499025044         1.3454963091         2.8094688888         0.1771887191        20.3178278682
        2.1305183000        48.4223560492         2.7804835857         1.3301823480         2.7967095015        -0.2217352263        19.4492514619
        2.1356418000       -41.2606193642         2.2350569171         1.3454963091         2.8120207662         0.1771887191        20.4915431494
        2.1405298000        33.4751934803         2.7628016162         1.3327346748         2.7992613789        -0.1552479021        19.6229667432
        2.1455499000        39.7558222687         2.7702565165         1.3301823480         2.7992613789        -0.2217352263        19.6229667432
        2.1505513000         3.5808683425         2.5518614859         1.3378393285         2.8043651338        -0.0222732536        19.9703973057
        2.1554870000       -34.9799905758         2.2457829118         1.3429439823         2.8120207662         0.1107013948        20.4915431494
        2.1605383000        -5.0856654380         2.4490318350         1.3378393285         2.8069170113        -0.0222732536        20.1441125869
        2.1655228000        33.4751934803         2.7628016162         1.3327346748         2.7992613789        -0.1552479021        19.6229667432
        2.1705758000        42.1417272608         2.7730788346         1.3327346748         2.7967095015        -0.1552479021        19.4492514619
        2.1755808000         9.8614971309         2.6263820361         1.3352870017         2.8043651338        -0.0887605778        19.9703973057
        2.1805286000       -49.9271531447         2.2205308504         1.3454963091         2.8145726437         0.1771887191        20.6652584306
        2.1856357000        42.1417272608         2.7730788346         1.3327346748         2.7967095015        -0.1552479021        19.4492514619
        2.1904923000         3.5808683425         2.5518614859         1.3378393285         2.8043651338        -0.0222732536        19.9703973057
        2.1954948000        -5.0856654380         2.4490318350         1.3378393285         2.8069170113        -0.0222732536        20.1441125869
        2.2004902000         1.1949633503         2.5235523852         1.3352870017         2.8069170113        -0.0887605778        20.1441125869
        2.2055232000       -32.5940855836         2.2499025044         1.3454963091         2.8094688888         0.1771887191        20.3178278682
        2.2105049000        33.4751934803         2.7628016162         1.3327346748         2.7992613789        -0.1552479021        19.6229667432
        2.2155823000       -26.3134567953         2.2608678641         1.3429439823         2.8094688888         0.1107013948        20.3178278682
        2.2204723000        -8.9803892342         2.4028203855         1.3429439823         2.8043651338         0.1107013948        19.9703973057
        2.2255527000         3.5808683425         2.5518614859         1.3378393285         2.8043651338        -0.0222732536        19.9703973057
        2.2305965000         3.5808683425         2.5518614859         1.3378393285         2.8043651338        -0.0222732536        19.9703973057
        2.2354777000         9.8614971309         2.6263820361         1.3352870017         2.8043651338        -0.0887605778        19.9703973057
        2.2406221000       -11.3662942264         2.3745112848         1.3403916554         2.8069170113         0.0442140706        20.1441125869
        2.2456754000       -41.2606193642         2.2350569171         1.3454963091         2.8120207662         0.1771887191        20.4915431494
        2.2506325000        33.4751934803         2.7628016162         1.3327346748         2.7992613789        -0.1552479021        19.6229667432
        2.2555493000       -34.9799905758         2.2457829118         1.3429439823         2.8120207662         0.1107013948        20.4915431494
        2.2605988000        39.7558222687         2.7702565165         1.3301823480         2.7992613789        -0.2217352263        19.6229667432
        2.2656296000         9.8614971309         2.6263820361         1.3352870017         2.8043651338        -0.0887605778        19.9703973057
        2.2705867000       -41.2606193642         2.2350569171         1.3454963091         2.8120207662         0.1771887191        20.4915431494
        2.2756720000        33.4751934803         2.7628016162         1.3327346748         2.7992613789        -0.1552479021        19.6229667432
        2.2806410000        -5.0856654380         2.4490318350         1.3378393285         2.8069170113        -0.0222732536        20.1441125869
        2.2855515000         3.5808683425         2.5518614859         1.3378393285         2.8043651338        -0.0222732536        19.9703973057
        2.2905469000       -72.6637633060         2.1838505008         1.3582579434         2.8120207662         0.5096253402        20.4915431494
        2.2955407000       -32.5940855836         2.2499025044         1.3454963091         2.8094688888         0.1771887191        20.3178278682
        2.3006287000         9.8614971309         2.6263820361         1.3352870017         2.8043651338        -0.0887605778        19.9703973057
        2.3056742000       -34.9799905758         2.2457829118         1.3429439823         2.8120207662         0.1107013948        20.4915431494
        2.3106321000        33.4751934803         2.7628016162         1.3327346748         2.7992613789        -0.1552479021        19.6229667432
        2.3156798000        33.4751934803         2.7628016162         1.3327346748         2.7992613789        -0.1552479021        19.6229667432
        2.3206391000        -5.0856654380         2.4490318350         1.3378393285         2.8069170113        -0.0222732536        20.1441125869
        2.3254929000         1.1949633503         2.5235523852         1.3352870017         2.8069170113        -0.0887605778        20.1441125869
        2.3306585000       -34.9799905758         2.2457829118         1.3429439823         2.8120207662         0.1107013948        20.4915431494
        2.3358342000       -41.2606193642         2.2350569171         1.3454963091         2.8120207662         0.1771887191        20.4915431494
        2.3406419000         8.3526783268         2.6084796873         1.3429439823         2.7992613789         0.1107013948        19.6229667432
        2.3456995000        -2.6997604459         2.4773409357         1.3403916554         2.8043651338         0.0442140706        19.9703973057
        2.3506662000        -5.0856654380         2.4490318350         1.3378393285         2.8069170113        -0.0222732536        20.1441125869
        2.3557256000        37.3699172765         2.7674289150         1.3276300211         2.8018132564        -0.2882225505        19.7966820244
        2.3606172000        -5.0856654380         2.4490318350         1.3378393285         2.8069170113        -0.0222732536        20.1441125869
        2.3662553000        -5.0856654380         2.4490318350         1.3378393285         2.8069170113        -0.0222732536        20.1441125869
        2.3706104000       -17.6469230148         2.2999907346         1.3429439823         2.8069170113         0.1107013948        20.1441125869
        2.3759696000        -5.0856654380         2.4490318350         1.3378393285         2.8069170113        -0.0222732536        20.1441125869
        2.3805944000        33.4751934803         2.7628016162         1.3327346748         2.7992613789        -0.1552479021        19.6229667432
        2.3858812000        20.9139359035         2.7477762742         1.3378393285         2.7992613789        -0.0222732536        19.6229667432
        2.3905815000       -11.3662942264         2.3745112848         1.3403916554         2.8069170113         0.0442140706        20.1441125869
        2.3958080000         9.8614971309         2.6263820361         1.3352870017         2.8043651338        -0.0887605778        19.9703973057
        2.4006247000         3.5808683425         2.5518614859         1.3378393285         2.8043651338        -0.0222732536        19.9703973057
        2.4057143000       -11.3662942264         2.3745112848         1.3403916554         2.8069170113         0.0442140706        20.1441125869
        2.4106269000        27.1945646919         2.7553086794         1.3352870017         2.7992613789        -0.0887605778        19.6229667432
        2.4157391000       -41.2606193642         2.2350569171         1.3454963091         2.8120207662         0.1771887191        20.4915431494
        2.4207593000        33.4751934803         2.7628016162         1.3327346748         2.7992613789        -0.1552479021        19.6229667432
        2.4257339000       -34.9799905758         2.2457829118         1.3429439823         2.8120207662         0.1107013948        20.4915431494
        2.4305495000        14.6333071152         2.6830002375         1.3403916554         2.7992613789         0.0442140706        19.6229667432
        2.4356652000       -34.9799905758         2.2457829118         1.3429439823         2.8120207662         0.1107013948        20.4915431494
        2.4406512000        24.8086596998         2.7524519723         1.3327346748         2.8018132564        -0.1552479021        19.7966820244
        2.4456678000         3.5808683425         2.5518614859         1.3378393285         2.8043651338        -0.0222732536        19.9703973057
        2.4505445000         3.5808683425         2.5518614859         1.3378393285         2.8043651338        -0.0222732536        19.9703973057
        2.4555119000         3.5808683425         2.5518614859         1.3378393285         2.8043651338        -0.0222732536        19.9703973057
        2.4606263000        -2.6997604459         2.4773409357         1.3403916554         2.8043651338         0.0442140706        19.9703973057
        2.4656692000        33.4751934803         2.7628016162         1.3327346748         2.7992613789        -0.1552479021        19.6229667432
        2.4705813000         3.5808683425         2.5518614859         1.3378393285         2.8043651338        -0.0222732536        19.9703973057
        2.4756022000        31.0892884881         2.7599597334         1.3301823480         2.8018132564        -0.2217352263        19.7966820244
        2.4805833000       -26.3134567953         2.2608678641         1.3429439823         2.8094688888         0.1107013948        20.3178278682
        2.4857174000       -11.3662942264         2.3745112848         1.3403916554         2.8069170113         0.0442140706        20.1441125869
        2.4905788000       -34.9799905758         2.2457829118         1.3429439823         2.8120207662         0.1107013948        20.4915431494
        2.4955735000        33.4751934803         2.7628016162         1.3327346748         2.7992613789        -0.1552479021        19.6229667432
        2.5007076000       -66.3831345177         2.1937841206         1.3557056165         2.8120207662         0.4431380160        20.4915431494
        2.5056209000        16.1421259192         2.7009025864         1.3327346748         2.8043651338        -0.1552479021        19.9703973057
        2.5106075000         3.5808683425         2.5518614859         1.3378393285         2.8043651338        -0.0222732536        19.9703973057
        2.5157111000        12.2474021230         2.6546911368         1.3378393285         2.8018132564        -0.0222732536        19.7966820244
        2.5206254000        39.7558222687         2.7702565165         1.3301823480         2.7992613789        -0.2217352263        19.6229667432
        2.5255958000         3.5808683425         2.5518614859         1.3378393285         2.8043651338        -0.0222732536        19.9703973057
        2.5306011000       -22.4187329991         2.2677573726         1.3378393285         2.8120207662        -0.0222732536        20.4915431494
        2.5357414000         1.1949633503         2.5235523852         1.3352870017         2.8069170113        -0.0887605778        20.1441125869
        2.5406344000        39.7558222687         2.7702565165         1.3301823480         2.7992613789        -0.2217352263        19.6229667432
        2.5455826000         9.8614971309         2.6263820361         1.3352870017         2.8043651338        -0.0887605778        19.9703973057
        2.5508653000         1.1949633503         2.5235523852         1.3352870017         2.8069170113        -0.0887605778        20.1441125869
        2.5556841000        33.4751934803         2.7628016162         1.3327346748         2.7992613789        -0.1552479021        19.6229667432
        2.5606427000        33.4751934803         2.7628016162         1.3327346748         2.7992613789        -0.1552479021        19.6229667432
        2.5656582000       -34.9799905758         2.2457829118         1.3429439823         2.8120207662         0.1107013948        20.4915431494
        2.5705574000        20.9139359035         2.7477762742         1.3378393285         2.7992613789        -0.0222732536        19.6229667432
        2.5756745000         3.5808683425         2.5518614859         1.3378393285         2.8043651338        -0.0222732536        19.9703973057
        2.5806353000         3.5808683425         2.5518614859         1.3378393285         2.8043651338        -0.0222732536        19.9703973057
        2.5856261000         5.9667733347         2.5801705866         1.3403916554         2.8018132564         0.0442140706        19.7966820244
        2.5906462000        22.4227547076         2.7495894908         1.3301823480         2.8043651338        -0.2217352263        19.9703973057
        2.5957314000        39.7558222687         2.7702565165         1.3301823480         2.7992613789        -0.2217352263        19.6229667432
        2.6005711000         9.8614971309         2.6263820361         1.3352870017         2.8043651338        -0.0887605778        19.9703973057
        2.6056562000         3.5808683425         2.5518614859         1.3378393285         2.8043651338        -0.0222732536        19.9703973057
        2.6106093000       -53.8218769409         2.2141036347         1.3506009628         2.8120207662         0.3101633675        20.4915431494
        2.6155921000        37.3699172765         2.7674289150         1.3276300211         2.8018132564        -0.2882225505        19.7966820244
        2.6205889000         1.1949633503         2.5235523852         1.3352870017         2.8069170113        -0.0887605778        20.1441125869
        2.6256776000       -41.2606193642         2.2350569171         1.3454963091         2.8120207662         0.1771887191        20.4915431494
        2.6305637000       -34.9799905758         2.2457829118         1.3429439823         2.8120207662         0.1107013948        20.4915431494
        2.6355617000        33.4751934803         2.7628016162         1.3327346748         2.7992613789        -0.1552479021        19.6229667432
        2.6405870000       -23.9275518031         2.2650801221         1.3454963091         2.8069170113         0.1771887191        20.1441125869
        2.6456681000       -34.9799905758         2.2457829118         1.3429439823         2.8120207662         0.1107013948        20.4915431494
        2.6506039000       -11.3662942264         2.3745112848         1.3403916554         2.8069170113         0.0442140706        20.1441125869
        2.6556316000         3.5808683425         2.5518614859         1.3378393285         2.8043651338        -0.0222732536        19.9703973057
        2.6606233000        39.7558222687         2.7702565165         1.3301823480         2.7992613789        -0.2217352263        19.6229667432
        2.6656640000       -11.3662942264         2.3745112848         1.3403916554         2.8069170113         0.0442140706        20.1441125869
        2.6706239000        42.1417272608         2.7730788346         1.3327346748         2.7967095015        -0.1552479021        19.4492514619
        2.6757253000         7.4755921387         2.5980729355         1.3327346748         2.8069170113        -0.1552479021        20.1441125869
        2.6807342000         3.5808683425         2.5518614859         1.3378393285         2.8043651338        -0.0222732536        19.9703973057
        2.6857698000        42.1417272608         2.7730788346         1.3327346748         2.7967095015        -0.1552479021        19.4492514619
        2.6906464000        -5.0856654380         2.4490318350         1.3378393285         2.8069170113        -0.0222732536        20.1441125869
        2.6956275000        18.5280309114         2.7292116870         1.3352870017         2.8018132564        -0.0887605778        19.7966820244
        2.7005758000       -28.6993617875         2.2566814647         1.3403916554         2.8120207662         0.0442140706        20.4915431494
        2.7056336000       -11.3662942264         2.3745112848         1.3403916554         2.8069170113         0.0442140706        20.1441125869
        2.7107674000       -66.3831345177         2.1937841206         1.3557056165         2.8120207662         0.4431380160        20.4915431494
        2.7157015000        -5.0856654380         2.4490318350         1.3378393285         2.8069170113        -0.0222732536        20.1441125869
        2.7207665000        12.2474021230         2.6546911368         1.3378393285         2.8018132564        -0.0222732536        19.7966820244
        2.7256986000        -5.0856654380         2.4490318350         1.3378393285         2.8069170113        -0.0222732536        20.1441125869
        2.7305816000        39.7558222687         2.7702565165         1.3301823480         2.7992613789        -0.2217352263        19.6229667432
        2.7357778000         1.1949633503         2.5235523852         1.3352870017         2.8069170113        -0.0887605778        20.1441125869
        2.7406733000        -5.0856654380         2.4490318350         1.3378393285         2.8069170113        -0.0222732536        20.1441125869
        2.7456590000         3.5808683425         2.5518614859         1.3378393285         2.8043651338        -0.0222732536        19.9703973057
        2.7507371000        -7.4715704302         2.4207227343         1.3352870017         2.8094688888        -0.0887605778        20.3178278682
        2.7555521000        -5.0856654380         2.4490318350         1.3378393285         2.8069170113        -0.0222732536        20.1441125869
        2.7609364000         3.5808683425         2.5518614859         1.3378393285         2.8043651338        -0.0222732536        19.9703973057
        2.7663850000       -11.3662942264         2.3745112848         1.3403916554         2.8069170113         0.0442140706        20.1441125869
        2.7708134000         1.1949633503         2.5235523852         1.3352870017         2.8069170113        -0.0887605778        20.1441125869
        2.7756178000         3.5808683425         2.5518614859         1.3378393285         2.8043651338        -0.0222732536        19.9703973057
        2.7809973000        -5.0856654380         2.4490318350         1.3378393285         2.8069170113        -0.0222732536        20.1441125869
        2.7858683000         1.1949633503         2.5235523852         1.3352870017         2.8069170113        -0.0887605778        20.1441125869
        2.7905676000       -41.2606193642         2.2350569171         1.3454963091         2.8120207662         0.1771887191        20.4915431494
        2.7955272000       -53.8218769409         2.2141036347         1.3506009628         2.8120207662         0.3101633675        20.4915431494
        2.8006841000         9.8614971309         2.6263820361         1.3352870017         2.8043651338        -0.0887605778        19.9703973057
        2.8055703000         1.1949633503         2.5235523852         1.3352870017         2.8069170113        -0.0887605778        20.1441125869
        2.8104707000         3.5808683425         2.5518614859         1.3378393285         2.8043651338        -0.0222732536        19.9703973057
        2.8155547000        31.0892884881         2.7599597334         1.3301823480         2.8018132564        -0.2217352263        19.7966820244
        2.8205028000        -2.6997604459         2.4773409357         1.3403916554         2.8043651338         0.0442140706        19.9703973057
        2.8256422000       -34.9799905758         2.2457829118         1.3429439823         2.8120207662         0.1107013948        20.4915431494
        2.8309223000        39.7558222687         2.7702565165         1.3301823480         2.7992613789        -0.2217352263        19.6229667432
        2.8355117000        -5.0856654380         2.4490318350         1.3378393285         2.8069170113        -0.0222732536        20.1441125869
        2.8404780000         3.5808683425         2.5518614859         1.3378393285         2.8043651338        -0.0222732536        19.9703973057
        2.8454745000         3.5808683425         2.5518614859         1.3378393285         2.8043651338        -0.0222732536        19.9703973057
        2.8506539000        -5.0856654380         2.4490318350         1.3378393285         2.8069170113        -0.0222732536        20.1441125869
        2.8555594000        12.2474021230         2.6546911368         1.3378393285         2.8018132564        -0.0222732536        19.7966820244
        2.8605860000       -49.0500669566         2.2219867684         1.3557056165         2.8069170113         0.4431380160        20.1441125869
        2.8657192000       -41.2606193642         2.2350569171         1.3454963091         2.8120207662         0.1771887191        20.4915431494
        2.8706209000       -11.3662942264         2.3745112848         1.3403916554         2.8069170113         0.0442140706        20.1441125869
        2.8756135000        -5.0856654380         2.4490318350         1.3378393285         2.8069170113        -0.0222732536        20.1441125869
        2.8807449000         3.5808683425         2.5518614859         1.3378393285         2.8043651338        -0.0222732536        19.9703973057
        2.8857066000        33.4751934803         2.7628016162         1.3327346748         2.7992613789        -0.1552479021        19.6229667432
        2.8905914000         3.5808683425         2.5518614859         1.3378393285         2.8043651338        -0.0222732536        19.9703973057
        2.8955917000        39.7558222687         2.7702565165         1.3301823480         2.7992613789        -0.2217352263        19.6229667432
        2.9006206000         3.5808683425         2.5518614859         1.3378393285         2.8043651338        -0.0222732536        19.9703973057
        2.9055545000        31.0892884881         2.7599597334         1.3301823480         2.8018132564        -0.2217352263        19.7966820244
        2.9105635000        -8.9803892342         2.4028203855         1.3429439823         2.8043651338         0.1107013948        19.9703973057
        2.9155600000       -34.9799905758         2.2457829118         1.3429439823         2.8120207662         0.1107013948        20.4915431494
        2.9205942000       -32.5940855836         2.2499025044         1.3454963091         2.8094688888         0.1771887191        20.3178278682
        2.9255328000       -11.3662942264         2.3745112848         1.3403916554         2.8069170113         0.0442140706        20.1441125869
        2.9305023000        -5.0856654380         2.4490318350         1.3378393285         2.8069170113        -0.0222732536        20.1441125869
        2.9355482000        12.2474021230         2.6546911368         1.3378393285         2.8018132564        -0.0222732536        19.7966820244
        2.9405681000        -5.0856654380         2.4490318350         1.3378393285         2.8069170113        -0.0222732536        20.1441125869
        2.9455383000       -11.3662942264         2.3745112848         1.3403916554         2.8069170113         0.0442140706        20.1441125869
        2.9505023000       -15.2610180226         2.3282998353         1.3454963091         2.8043651338         0.1771887191        19.9703973057
        2.9555020000       -49.9271531447         2.2205308504         1.3454963091         2.8145726437         0.1771887191        20.6652584306
        2.9606595000       -41.2606193642         2.2350569171         1.3454963091         2.8120207662         0.1771887191        20.4915431494
        2.9655820000         3.5808683425         2.5518614859         1.3378393285         2.8043651338        -0.0222732536        19.9703973057
        2.9705023000        -5.0856654380         2.4490318350         1.3378393285         2.8069170113        -0.0222732536        20.1441125869
        2.9759485000       -41.2606193642         2.2350569171         1.3454963091         2.8120207662         0.1771887191        20.4915431494
        2.9805903000         1.1949633503         2.5235523852         1.3352870017         2.8069170113        -0.0887605778        20.1441125869
        2.9857795000        46.0364510570         2.7776748045         1.3276300211         2.7992613789        -0.2882225505        19.6229667432
        2.9904955000         3.5808683425         2.5518614859         1.3378393285         2.8043651338        -0.0222732536        19.9703973057
        2.9954870000        -5.0856654380         2.4490318350         1.3378393285         2.8069170113        -0.0222732536        20.1441125869
        3.0005364000        -5.0856654380         2.4490318350         1.3378393285         2.8069170113        -0.0222732536        20.1441125869
        3.0056706000        39.7558222687         2.7702565165         1.3301823480         2.7992613789        -0.2217352263        19.6229667432
        3.0105523000        -5.0856654380         2.4490318350         1.3378393285         2.8069170113        -0.0222732536        20.1441125869
        3.0155502000        33.4751934803         2.7628016162         1.3327346748         2.7992613789        -0.1552479021        19.6229667432
        3.0205560000        -5.0856654380         2.4490318350         1.3378393285         2.8069170113        -0.0222732536        20.1441125869
        3.0254749000        -5.0856654380         2.4490318350         1.3378393285         2.8069170113        -0.0222732536        20.1441125869
        3.0305265000        18.5280309114         2.7292116870         1.3352870017         2.8018132564        -0.0887605778        19.7966820244
        3.0355566000        24.8086596998         2.7524519723         1.3327346748         2.8018132564        -0.1552479021        19.7966820244
        3.0406110000         3.5808683425         2.5518614859         1.3378393285         2.8043651338        -0.0222732536        19.9703973057
        3.0455219000       -34.9799905758         2.2457829118         1.3429439823         2.8120207662         0.1107013948        20.4915431494
        3.0505573000        31.0892884881         2.7599597334         1.3301823480         2.8018132564        -0.2217352263        19.7966820244
        3.0554389000       -26.3134567953         2.2608678641         1.3429439823         2.8094688888         0.1107013948        20.3178278682
        3.0606867000        39.7558222687         2.7702565165         1.3301823480         2.7992613789        -0.2217352263        19.6229667432
        3.0654990000        24.8086596998         2.7524519723         1.3327346748         2.8018132564        -0.1552479021        19.7966820244
        3.0705356000        -2.6997604459         2.4773409357         1.3403916554         2.8043651338         0.0442140706        19.9703973057
        3.0756404000         1.1949633503         2.5235523852         1.3352870017         2.8069170113        -0.0887605778        20.1441125869
        3.0805350000         9.8614971309         2.6263820361         1.3352870017         2.8043651338        -0.0887605778        19.9703973057
        3.0855709000        -5.0856654380         2.4490318350         1.3378393285         2.8069170113        -0.0222732536        20.1441125869
        3.0905350000       -34.9799905758         2.2457829118         1.3429439823         2.8120207662         0.1107013948        20.4915431494
        3.0955656000        -5.0856654380         2.4490318350         1.3378393285         2.8069170113        -0.0222732536        20.1441125869
        3.1005384000         1.1949633503         2.5235523852         1.3352870017         2.8069170113        -0.0887605778        20.1441125869
        3.1054386000       -41.2606193642         2.2350569171         1.3454963091         2.8120207662         0.1771887191        20.4915431494
        3.1106086000        33.4751934803         2.7628016162         1.3327346748         2.7992613789        -0.1552479021        19.6229667432
        3.1155578000         3.5808683425         2.5518614859         1.3378393285         2.8043651338        -0.0222732536        19.9703973057
        3.1206164000       -23.9275518031         2.2650801221         1.3454963091         2.8069170113         0.1771887191        20.1441125869
        3.1254841000         9.8614971309         2.6263820361         1.3352870017         2.8043651338        -0.0887605778        19.9703973057
        3.1308039000        -2.6997604459         2.4773409357         1.3403916554         2.8043651338         0.0442140706        19.9703973057
        3.1354989000        -5.0856654380         2.4490318350         1.3378393285         2.8069170113        -0.0222732536        20.1441125869
        3.1405526000        33.4751934803         2.7628016162         1.3327346748         2.7992613789        -0.1552479021        19.6229667432
        3.1455164000       -85.2250208828         2.1644128678         1.3633625971         2.8120207662         0.6425999887        20.4915431494
        3.1504687000        29.5804696841         2.7581596909         1.3378393285         2.7967095015        -0.0222732536        19.4492514619
        3.1555270000        39.7558222687         2.7702565165         1.3301823480         2.7992613789        -0.2217352263        19.6229667432
        3.1604459000        -5.0856654380         2.4490318350         1.3378393285         2.8069170113        -0.0222732536        20.1441125869
        3.1678816000        39.7558222687         2.7702565165         1.3301823480         2.7992613789        -0.2217352263        19.6229667432
        3.1704375000         3.5808683425         2.5518614859         1.3378393285         2.8043651338        -0.0222732536        19.9703973057
        3.1754730000        -5.0856654380         2.4490318350         1.3378393285         2.8069170113        -0.0222732536        20.1441125869
        3.1804665000         3.5808683425         2.5518614859         1.3378393285         2.8043651338        -0.0222732536        19.9703973057
        3.1855212000       -41.2606193642         2.2350569171         1.3454963091         2.8120207662         0.1771887191        20.4915431494
        3.1905327000        22.4227547076         2.7495894908         1.3301823480         2.8043651338        -0.2217352263        19.9703973057
        3.1954282000        -5.0856654380         2.4490318350         1.3378393285         2.8069170113        -0.0222732536        20.1441125869
        3.2004946000        12.2474021230         2.6546911368         1.3378393285         2.8018132564        -0.0222732536        19.7966820244
        3.2055019000       -22.4187329991         2.2677573726         1.3378393285         2.8120207662        -0.0222732536        20.4915431494
        3.2104363000       -11.3662942264         2.3745112848         1.3403916554         2.8069170113         0.0442140706        20.1441125869
        3.2154833000        33.4751934803         2.7628016162         1.3327346748         2.7992613789        -0.1552479021        19.6229667432
        3.2205523000         1.1949633503         2.5235523852         1.3352870017         2.8069170113        -0.0887605778        20.1441125869
        3.2255657000         3.5808683425         2.5518614859         1.3378393285         2.8043651338        -0.0222732536        19.9703973057
        3.2305459000        24.8086596998         2.7524519723         1.3327346748         2.8018132564        -0.1552479021        19.7966820244
        3.2354334000         3.5808683425         2.5518614859         1.3378393285         2.8043651338        -0.0222732536        19.9703973057
        3.2404970000         3.5808683425         2.5518614859         1.3378393285         2.8043651338        -0.0222732536        19.9703973057
        3.2454719000       -41.2606193642         2.2350569171         1.3454963091         2.8120207662         0.1771887191        20.4915431494
        3.2505022000       -34.9799905758         2.2457829118         1.3429439823         2.8120207662         0.1107013948        20.4915431494
        3.2555141000        33.4751934803         2.7628016162         1.3327346748         2.7992613789        -0.1552479021        19.6229667432
        3.2605422000        33.4751934803         2.7628016162         1.3327346748         2.7992613789        -0.1552479021        19.6229667432
        3.2655289000       -34.9799905758         2.2457829118         1.3429439823         2.8120207662         0.1107013948        20.4915431494
        3.2705134000        39.7558222687         2.7702565165         1.3301823480         2.7992613789        -0.2217352263        19.6229667432
        3.2755437000       -41.2606193642         2.2350569171         1.3454963091         2.8120207662         0.1771887191        20.4915431494
        3.2805115000        18.5280309114         2.7292116870         1.3352870017         2.8018132564        -0.0887605778        19.7966820244
        3.2855115000         9.8614971309         2.6263820361         1.3352870017         2.8043651338        -0.0887605778        19.9703973057
        3.2904900000       -17.6469230148         2.2999907346         1.3429439823         2.8069170113         0.1107013948        20.1441125869
        3.2955354000        -5.0856654380         2.4490318350         1.3378393285         2.8069170113        -0.0222732536        20.1441125869
        3.3005244000       -34.9799905758         2.2457829118         1.3429439823         2.8120207662         0.1107013948        20.4915431494
        3.3057189000        27.1945646919         2.7553086794         1.3352870017         2.7992613789        -0.0887605778        19.6229667432
        3.3106652000       -41.2606193642         2.2350569171         1.3454963091         2.8120207662         0.1771887191        20.4915431494
        3.3157350000       -49.9271531447         2.2205308504         1.3454963091         2.8145726437         0.1771887191        20.6652584306
        3.3206358000        39.7558222687         2.7702565165         1.3301823480         2.7992613789        -0.2217352263        19.6229667432
        3.3257046000        -5.0856654380         2.4490318350         1.3378393285         2.8069170113        -0.0222732536        20.1441125869
        3.3306038000       -11.3662942264         2.3745112848         1.3403916554         2.8069170113         0.0442140706        20.1441125869
        3.3355946000       -26.3134567953         2.2608678641         1.3429439823         2.8094688888         0.1107013948        20.3178278682
        3.3405999000       -11.3662942264         2.3745112848         1.3403916554         2.8069170113         0.0442140706        20.1441125869
        3.3456790000        -5.0856654380         2.4490318350         1.3378393285         2.8069170113        -0.0222732536        20.1441125869
        3.3505978000        -5.0856654380         2.4490318350         1.3378393285         2.8069170113        -0.0222732536        20.1441125869
        3.3555513000        39.7558222687         2.7702565165         1.3301823480         2.7992613789        -0.2217352263        19.6229667432
        3.3605930000        33.4751934803         2.7628016162         1.3327346748         2.7992613789        -0.1552479021        19.6229667432
        3.3655587000       -41.2606193642         2.2350569171         1.3454963091         2.8120207662         0.1771887191        20.4915431494
        3.3706208000        59.4747948219         2.7934309167         1.3327346748         2.7916057465        -0.1552479021        19.1018208995
        3.3756130000       -41.2606193642         2.2350569171         1.3454963091         2.8120207662         0.1771887191        20.4915431494
        3.3806324000         3.5808683425         2.5518614859         1.3378393285         2.8043651338        -0.0222732536        19.9703973057
        3.3855983000        12.2474021230         2.6546911368         1.3378393285         2.8018132564        -0.0222732536        19.7966820244
        3.3905458000       -34.9799905758         2.2457829118         1.3429439823         2.8120207662         0.1107013948        20.4915431494
        3.3955579000        12.2474021230         2.6546911368         1.3378393285         2.8018132564        -0.0222732536        19.7966820244
        3.4005036000       -28.6993617875         2.2566814647         1.3403916554         2.8120207662         0.0442140706        20.4915431494
        3.4055202000        33.4751934803         2.7628016162         1.3327346748         2.7992613789        -0.1552479021        19.6229667432
        3.4104743000        33.4751934803         2.7628016162         1.3327346748         2.7992613789        -0.1552479021        19.6229667432
        3.4155427000       -34.9799905758         2.2457829118         1.3429439823         2.8120207662         0.1107013948        20.4915431494
        3.4205444000        39.7558222687         2.7702565165         1.3301823480         2.7992613789        -0.2217352263        19.6229667432
        3.4255526000       -34.9799905758         2.2457829118         1.3429439823         2.8120207662         0.1107013948        20.4915431494
        3.4305533000        52.3170798454         2.7850578962         1.3250776943         2.7992613789        -0.3547098747        19.6229667432
        3.4355030000       -34.9799905758         2.2457829118         1.3429439823         2.8120207662         0.1107013948        20.4915431494
        3.4405143000        39.7558222687         2.7702565165         1.3301823480         2.7992613789        -0.2217352263        19.6229667432
        3.4455060000       -32.5940855836         2.2499025044         1.3454963091         2.8094688888         0.1771887191        20.3178278682
        3.4505023000        -2.6997604459         2.4773409357         1.3403916554         2.8043651338         0.0442140706        19.9703973057
        3.4555343000         9.8614971309         2.6263820361         1.3352870017         2.8043651338        -0.0887605778        19.9703973057
        3.4604783000       -53.8218769409         2.2141036347         1.3506009628         2.8120207662         0.3101633675        20.4915431494
        3.4656614000        33.4751934803         2.7628016162         1.3327346748         2.7992613789        -0.1552479021        19.6229667432
        3.4704845000        -5.0856654380         2.4490318350         1.3378393285         2.8069170113        -0.0222732536        20.1441125869
        3.4754843000        33.4751934803         2.7628016162         1.3327346748         2.7992613789        -0.1552479021        19.6229667432
        3.4806456000        -2.6997604459         2.4773409357         1.3403916554         2.8043651338         0.0442140706        19.9703973057
        3.4855090000       -34.9799905758         2.2457829118         1.3429439823         2.8120207662         0.1107013948        20.4915431494
        3.4905052000        -5.0856654380         2.4490318350         1.3378393285         2.8069170113        -0.0222732536        20.1441125869
        3.4954846000         3.5808683425         2.5518614859         1.3378393285         2.8043651338        -0.0222732536        19.9703973057
        3.5009055000        -2.6997604459         2.4773409357         1.3403916554         2.8043651338         0.0442140706        19.9703973057
        3.5054799000        39.7558222687         2.7702565165         1.3301823480         2.7992613789        -0.2217352263        19.6229667432
        3.5104877000        -2.6997604459         2.4773409357         1.3403916554         2.8043651338         0.0442140706        19.9703973057
        3.5155652000        -5.0856654380         2.4490318350         1.3378393285         2.8069170113        -0.0222732536        20.1441125869
        3.5205829000       -13.7521992185         2.3462021841         1.3378393285         2.8094688888        -0.0222732536        20.3178278682
        3.5254826000        -5.0856654380         2.4490318350         1.3378393285         2.8069170113        -0.0222732536        20.1441125869
        3.5305644000        33.4751934803         2.7628016162         1.3327346748         2.7992613789        -0.1552479021        19.6229667432
        3.5354797000       -41.2606193642         2.2350569171         1.3454963091         2.8120207662         0.1771887191        20.4915431494
        3.5404488000       -17.6469230148         2.2999907346         1.3429439823         2.8069170113         0.1107013948        20.1441125869
        3.5455061000       -41.2606193642         2.2350569171         1.3454963091         2.8120207662         0.1771887191        20.4915431494
        3.5504952000        33.4751934803         2.7628016162         1.3327346748         2.7992613789        -0.1552479021        19.6229667432
        3.5555304000        -5.0856654380         2.4490318350         1.3378393285         2.8069170113        -0.0222732536        20.1441125869
        3.5604470000        -5.0856654380         2.4490318350         1.3378393285         2.8069170113        -0.0222732536        20.1441125869
        3.5655160000       -13.7521992185         2.3462021841         1.3378393285         2.8094688888        -0.0222732536        20.3178278682
        3.5704552000         3.5808683425         2.5518614859         1.3378393285         2.8043651338        -0.0222732536        19.9703973057
        3.5755399000         1.1949633503         2.5235523852         1.3352870017         2.8069170113        -0.0887605778        20.1441125869
        3.5805734000        33.4751934803         2.7628016162         1.3327346748         2.7992613789        -0.1552479021        19.6229667432
        3.5855121000       -41.2606193642         2.2350569171         1.3454963091         2.8120207662         0.1771887191        20.4915431494
        3.5906864000        24.8086596998         2.7524519723         1.3327346748         2.8018132564        -0.1552479021        19.7966820244
        3.5955119000        33.4751934803         2.7628016162         1.3327346748         2.7992613789        -0.1552479021        19.6229667432
        3.6008425000       -41.2606193642         2.2350569171         1.3454963091         2.8120207662         0.1771887191        20.4915431494
        3.6054753000        31.0892884881         2.7599597334         1.3301823480         2.8018132564        -0.2217352263        19.7966820244
        3.6105536000       -11.3662942264         2.3745112848         1.3403916554         2.8069170113         0.0442140706        20.1441125869
        3.6154859000       -32.5940855836         2.2499025044         1.3454963091         2.8094688888         0.1771887191        20.3178278682
        3.6205537000        -5.0856654380         2.4490318350         1.3378393285         2.8069170113        -0.0222732536        20.1441125869
        3.6255644000         1.1949633503         2.5235523852         1.3352870017         2.8069170113        -0.0887605778        20.1441125869
        3.6304428000       -41.2606193642         2.2350569171         1.3454963091         2.8120207662         0.1771887191        20.4915431494
        3.6354581000       -34.9799905758         2.2457829118         1.3429439823         2.8120207662         0.1107013948        20.4915431494
        3.6404402000        33.4751934803         2.7628016162         1.3327346748         2.7992613789        -0.1552479021        19.6229667432
        3.6455102000         3.5808683425         2.5518614859         1.3378393285         2.8043651338        -0.0222732536        19.9703973057
        3.6505172000         3.5808683425         2.5518614859         1.3378393285         2.8043651338        -0.0222732536        19.9703973057
        3.6555089000        -5.0856654380         2.4490318350         1.3378393285         2.8069170113        -0.0222732536        20.1441125869
        3.6604985000       -23.9275518031         2.2650801221         1.3454963091         2.8069170113         0.1771887191        20.1441125869
        3.6655354000        -5.0856654380         2.4490318350         1.3378393285         2.8069170113        -0.0222732536        20.1441125869
        3.6704757000        -5.0856654380         2.4490318350         1.3378393285         2.8069170113        -0.0222732536        20.1441125869
        3.6755944000        33.4751934803         2.7628016162         1.3327346748         2.7992613789        -0.1552479021        19.6229667432
        3.6804829000        -5.0856654380         2.4490318350         1.3378393285         2.8069170113        -0.0222732536        20.1441125869
        3.6855280000       -34.9799905758         2.2457829118         1.3429439823         2.8120207662         0.1107013948        20.4915431494
        3.6904505000         3.5808683425         2.5518614859         1.3378393285         2.8043651338        -0.0222732536        19.9703973057
        3.6955199000       -41.2606193642         2.2350569171         1.3454963091         2.8120207662         0.1771887191        20.4915431494
        3.7005672000        -5.0856654380         2.4490318350         1.3378393285         2.8069170113        -0.0222732536        20.1441125869
        3.7055606000         3.5808683425         2.5518614859         1.3378393285         2.8043651338        -0.0222732536        19.9703973057
        3.7105583000         2.0720495384         2.5339591371         1.3454963091         2.7992613789         0.1771887191        19.6229667432
        3.7155043000       -32.5940855836         2.2499025044         1.3454963091         2.8094688888         0.1771887191        20.3178278682
        3.7204655000       -11.3662942264         2.3745112848         1.3403916554         2.8069170113         0.0442140706        20.1441125869
        3.7254684000       -32.5940855836         2.2499025044         1.3454963091         2.8094688888         0.1771887191        20.3178278682
        3.7304435000        31.0892884881         2.7599597334         1.3301823480         2.8018132564        -0.2217352263        19.7966820244
        3.7355028000        42.1417272608         2.7730788346         1.3327346748         2.7967095015        -0.1552479021        19.4492514619
        3.7404658000        33.4751934803         2.7628016162         1.3327346748         2.7992613789        -0.1552479021        19.6229667432
        3.7455082000         3.5808683425         2.5518614859         1.3378393285         2.8043651338        -0.0222732536        19.9703973057
        3.7504706000       -23.9275518031         2.2650801221         1.3454963091         2.8069170113         0.1771887191        20.1441125869
        3.7555734000       -32.5940855836         2.2499025044         1.3454963091         2.8094688888         0.1771887191        20.3178278682
        3.7604692000         1.1949633503         2.5235523852         1.3352870017         2.8069170113        -0.0887605778        20.1441125869
        3.7655143000        33.4751934803         2.7628016162         1.3327346748         2.7992613789        -0.1552479021        19.6229667432
        3.7704806000        33.4751934803         2.7628016162         1.3327346748         2.7992613789        -0.1552479021        19.6229667432
        3.7755049000        -5.0856654380         2.4490318350         1.3378393285         2.8069170113        -0.0222732536        20.1441125869
        3.7805168000        -5.0856654380         2.4490318350         1.3378393285         2.8069170113        -0.0222732536        20.1441125869
        3.7854894000       -11.3662942264         2.3745112848         1.3403916554         2.8069170113         0.0442140706        20.1441125869
        3.7904604000        -5.0856654380         2.4490318350         1.3378393285         2.8069170113        -0.0222732536        20.1441125869
        3.7955003000       -41.2606193642         2.2350569171         1.3454963091         2.8120207662         0.1771887191        20.4915431494
        3.8004595000        -2.6997604459         2.4773409357         1.3403916554         2.8043651338         0.0442140706        19.9703973057
        3.8055254000         3.5808683425         2.5518614859         1.3378393285         2.8043651338        -0.0222732536        19.9703973057
        3.8104707000        39.7558222687         2.7702565165         1.3301823480         2.7992613789        -0.2217352263        19.6229667432
        3.8155647000        -5.0856654380         2.4490318350         1.3378393285         2.8069170113        -0.0222732536        20.1441125869
        3.8205716000       -41.2606193642         2.2350569171         1.3454963091         2.8120207662         0.1771887191        20.4915431494
        3.8255546000        -5.0856654380         2.4490318350         1.3378393285         2.8069170113        -0.0222732536        20.1441125869
        3.8304601000        24.8086596998         2.7524519723         1.3327346748         2.8018132564        -0.1552479021        19.7966820244
        3.8354421000        -5.0856654380         2.4490318350         1.3378393285         2.8069170113        -0.0222732536        20.1441125869
        3.8404299000         3.5808683425         2.5518614859         1.3378393285         2.8043651338        -0.0222732536        19.9703973057
        3.8454710000        24.8086596998         2.7524519723         1.3327346748         2.8018132564        -0.1552479021        19.7966820244
        3.8504418000       -41.2606193642         2.2350569171         1.3454963091         2.8120207662         0.1771887191        20.4915431494
        3.8555112000        24.8086596998         2.7524519723         1.3327346748         2.8018132564        -0.1552479021        19.7966820244
        3.8606299000       -11.3662942264         2.3745112848         1.3403916554         2.8069170113         0.0442140706        20.1441125869
        3.8655117000         3.5808683425         2.5518614859         1.3378393285         2.8043651338        -0.0222732536        19.9703973057
        3.8705154000         1.1949633503         2.5235523852         1.3352870017         2.8069170113        -0.0887605778        20.1441125869
        3.8755212000         1.1949633503         2.5235523852         1.3352870017         2.8069170113        -0.0887605778        20.1441125869
        3.8804910000        -5.0856654380         2.4490318350         1.3378393285         2.8069170113        -0.0222732536        20.1441125869
        3.8854786000        33.4751934803         2.7628016162         1.3327346748         2.7992613789        -0.1552479021        19.6229667432
        3.8906269000       -34.9799905758         2.2457829118         1.3429439823         2.8120207662         0.1107013948        20.4915431494
        3.8955832000       -15.2610180226         2.3282998353         1.3454963091         2.8043651338         0.1771887191        19.9703973057
        3.9006152000       -21.5416468110         2.2693185041         1.3480486360         2.8043651338         0.2436760433        19.9703973057
        3.9058244000       -34.9799905758         2.2457829118         1.3429439823         2.8120207662         0.1107013948        20.4915431494
        3.9105378000         9.8614971309         2.6263820361         1.3352870017         2.8043651338        -0.0887605778        19.9703973057
        3.9154896000        33.4751934803         2.7628016162         1.3327346748         2.7992613789        -0.1552479021        19.6229667432
        3.9205503000        39.7558222687         2.7702565165         1.3301823480         2.7992613789        -0.2217352263        19.6229667432
        3.9255609000       -28.6993617875         2.2566814647         1.3403916554         2.8120207662         0.0442140706        20.4915431494
        3.9304228000       -32.5940855836         2.2499025044         1.3454963091         2.8094688888         0.1771887191        20.3178278682
        3.9355278000        -5.0856654380         2.4490318350         1.3378393285         2.8069170113        -0.0222732536        20.1441125869
        3.9404528000         3.5808683425         2.5518614859         1.3378393285         2.8043651338        -0.0222732536        19.9703973057
        3.9454334000       -46.6641619644         2.2259632680         1.3582579434         2.8043651338         0.5096253402        19.9703973057
        3.9504344000       -34.9799905758         2.2457829118         1.3429439823         2.8120207662         0.1107013948        20.4915431494
        3.9554903000       -28.6993617875         2.2566814647         1.3403916554         2.8120207662         0.0442140706        20.4915431494
        3.9605020000       -28.6993617875         2.2566814647         1.3403916554         2.8120207662         0.0442140706        20.4915431494
        3.9654717000        73.5448712026         2.8097699990         1.3199730405         2.7967095015        -0.4876845232        19.4492514619
        3.9704658000        -2.6997604459         2.4773409357         1.3403916554         2.8043651338         0.0442140706        19.9703973057
        3.9756485000        31.0892884881         2.7599597334         1.3301823480         2.8018132564        -0.2217352263        19.7966820244
        3.9804749000        18.5280309114         2.7292116870         1.3352870017         2.8018132564        -0.0887605778        19.7966820244
        3.9855959000        33.4751934803         2.7628016162         1.3327346748         2.7992613789        -0.1552479021        19.6229667432
        3.9905997000         3.5808683425         2.5518614859         1.3378393285         2.8043651338        -0.0222732536        19.9703973057
        3.9954775000       -26.3134567953         2.2608678641         1.3429439823         2.8094688888         0.1107013948        20.3178278682
        4.0005494000       -11.3662942264         2.3745112848         1.3403916554         2.8069170113         0.0442140706        20.1441125869
        4.0055215000        -5.0856654380         2.4490318350         1.3378393285         2.8069170113        -0.0222732536        20.1441125869
        4.0106987000         9.8614971309         2.6263820361         1.3352870017         2.8043651338        -0.0887605778        19.9703973057
        4.0154414000        -2.6997604459         2.4773409357         1.3403916554         2.8043651338         0.0442140706        19.9703973057
        4.0205288000       -32.5940855836         2.2499025044         1.3454963091         2.8094688888         0.1771887191        20.3178278682
        4.0254634000        24.8086596998         2.7524519723         1.3327346748         2.8018132564        -0.1552479021        19.7966820244
        4.0306024000         3.5808683425         2.5518614859         1.3378393285         2.8043651338        -0.0222732536        19.9703973057
        4.0354843000         9.8614971309         2.6263820361         1.3352870017         2.8043651338        -0.0887605778        19.9703973057
        4.0405501000        39.7558222687         2.7702565165         1.3301823480         2.7992613789        -0.2217352263        19.6229667432
        4.0454750000        33.4751934803         2.7628016162         1.3327346748         2.7992613789        -0.1552479021        19.6229667432
        4.0505471000       -41.2606193642         2.2350569171         1.3454963091         2.8120207662         0.1771887191        20.4915431494
        4.0555918000         1.1949633503         2.5235523852         1.3352870017         2.8069170113        -0.0887605778        20.1441125869
        4.0604721000         3.5808683425         2.5518614859         1.3378393285         2.8043651338        -0.0222732536        19.9703973057
        4.0655707000         3.5808683425         2.5518614859         1.3378393285         2.8043651338        -0.0222732536        19.9703973057
        4.0705358000         9.8614971309         2.6263820361         1.3352870017         2.8043651338        -0.0887605778        19.9703973057
        4.0755510000        42.1417272608         2.7730788346         1.3327346748         2.7967095015        -0.1552479021        19.4492514619
        4.0804947000         3.5808683425         2.5518614859         1.3378393285         2.8043651338        -0.0222732536        19.9703973057
        4.0855353000       -32.5940855836         2.2499025044         1.3454963091         2.8094688888         0.1771887191        20.3178278682
        4.0904685000        12.2474021230         2.6546911368         1.3378393285         2.8018132564        -0.0222732536        19.7966820244
        4.0955710000        27.1945646919         2.7553086794         1.3352870017         2.7992613789        -0.0887605778        19.6229667432
        4.1005063000         9.8614971309         2.6263820361         1.3352870017         2.8043651338        -0.0887605778        19.9703973057
        4.1055227000       -41.2606193642         2.2350569171         1.3454963091         2.8120207662         0.1771887191        20.4915431494
        4.1106711000        33.4751934803         2.7628016162         1.3327346748         2.7992613789        -0.1552479021        19.6229667432
        4.1155022000        -2.6997604459         2.4773409357         1.3403916554         2.8043651338         0.0442140706        19.9703973057
        4.1207165000        33.4751934803         2.7628016162         1.3327346748         2.7992613789        -0.1552479021        19.6229667432
        4.1255187000        -5.0856654380         2.4490318350         1.3378393285         2.8069170113        -0.0222732536        20.1441125869
        4.1304859000        -2.6997604459         2.4773409357         1.3403916554         2.8043651338         0.0442140706        19.9703973057
        4.1354651000         9.8614971309         2.6263820361         1.3352870017         2.8043651338        -0.0887605778        19.9703973057
        4.1405052000       -11.3662942264         2.3745112848         1.3403916554         2.8069170113         0.0442140706        20.1441125869
        4.1455801000       -34.9799905758         2.2457829118         1.3429439823         2.8120207662         0.1107013948        20.4915431494
        4.1505002000         1.1949633503         2.5235523852         1.3352870017         2.8069170113        -0.0887605778        20.1441125869
        4.1554876000         5.9667733347         2.5801705866         1.3403916554         2.8018132564         0.0442140706        19.7966820244
        4.1605140000       -28.6993617875         2.2566814647         1.3403916554         2.8120207662         0.0442140706        20.4915431494
        4.1655096000        33.4751934803         2.7628016162         1.3327346748         2.7992613789        -0.1552479021        19.6229667432
        4.1705779000       -26.3134567953         2.2608678641         1.3429439823         2.8094688888         0.1107013948        20.3178278682
        4.1755329000        39.7558222687         2.7702565165         1.3301823480         2.7992613789        -0.2217352263        19.6229667432
        4.1805095000        12.2474021230         2.6546911368         1.3378393285         2.8018132564        -0.0222732536        19.7966820244
        4.1855355000       -41.2606193642         2.2350569171         1.3454963091         2.8120207662         0.1771887191        20.4915431494
        4.1905417000         9.8614971309         2.6263820361         1.3352870017         2.8043651338        -0.0887605778        19.9703973057
        4.1954737000       -32.5940855836         2.2499025044         1.3454963091         2.8094688888         0.1771887191        20.3178278682
        4.2004815000        42.1417272608         2.7730788346         1.3327346748         2.7967095015        -0.1552479021        19.4492514619
        4.2055245000       -26.3134567953         2.2608678641         1.3429439823         2.8094688888         0.1107013948        20.3178278682
        4.2104502000        48.4223560492         2.7804835857         1.3301823480         2.7967095015        -0.2217352263        19.4492514619
        4.2155005000        12.2474021230         2.6546911368         1.3378393285         2.8018132564        -0.0222732536        19.7966820244
        4.2205676000        29.5804696841         2.7581596909         1.3378393285         2.7967095015        -0.0222732536        19.4492514619
        4.2254813000         9.8614971309         2.6263820361         1.3352870017         2.8043651338        -0.0887605778        19.9703973057
        4.2305175000        -5.0856654380         2.4490318350         1.3378393285         2.8069170113        -0.0222732536        20.1441125869
        4.2355034000        -7.4715704302         2.4207227343         1.3352870017         2.8094688888        -0.0887605778        20.3178278682
        4.2405043000       -11.3662942264         2.3745112848         1.3403916554         2.8069170113         0.0442140706        20.1441125869
        4.2455164000         9.8614971309         2.6263820361         1.3352870017         2.8043651338        -0.0887605778        19.9703973057
        4.2505315000         3.5808683425         2.5518614859         1.3378393285         2.8043651338        -0.0222732536        19.9703973057
        4.2555138000         5.9667733347         2.5801705866         1.3403916554         2.8018132564         0.0442140706        19.7966820244
        4.2604979000       -34.9799905758         2.2457829118         1.3429439823         2.8120207662         0.1107013948        20.4915431494
        4.2654703000       -32.5940855836         2.2499025044         1.3454963091         2.8094688888         0.1771887191        20.3178278682
        4.2705152000         3.5808683425         2.5518614859         1.3378393285         2.8043651338        -0.0222732536        19.9703973057
        4.2756329000       -38.8747143720         2.2391115200         1.3480486360         2.8094688888         0.2436760433        20.3178278682
        4.2804712000       -26.3134567953         2.2608678641         1.3429439823         2.8094688888         0.1107013948        20.3178278682
        4.2855344000        -2.6997604459         2.4773409357         1.3403916554         2.8043651338         0.0442140706        19.9703973057
        4.2905193000        33.4751934803         2.7628016162         1.3327346748         2.7992613789        -0.1552479021        19.6229667432
        4.2955709000       -41.2606193642         2.2350569171         1.3454963091         2.8120207662         0.1771887191        20.4915431494
        4.3005163000         9.8614971309         2.6263820361         1.3352870017         2.8043651338        -0.0887605778        19.9703973057
        4.3057699000        33.4751934803         2.7628016162         1.3327346748         2.7992613789        -0.1552479021        19.6229667432
        4.3104664000       -11.3662942264         2.3745112848         1.3403916554         2.8069170113         0.0442140706        20.1441125869
        4.3154699000        33.4751934803         2.7628016162         1.3327346748         2.7992613789        -0.1552479021        19.6229667432
        4.3205398000        71.1589662105         2.8070100363         1.3174207137         2.7992613789        -0.5541718474        19.6229667432
        4.3255803000         3.5808683425         2.5518614859         1.3378393285         2.8043651338        -0.0222732536        19.9703973057
        4.3305331000        48.4223560492         2.7804835857         1.3301823480         2.7967095015        -0.2217352263        19.4492514619
        4.3355201000       -17.6469230148         2.2999907346         1.3429439823         2.8069170113         0.1107013948        20.1441125869
        4.3405546000        16.1421259192         2.7009025864         1.3327346748         2.8043651338        -0.1552479021        19.9703973057
        4.3455417000       -34.9799905758         2.2457829118         1.3429439823         2.8120207662         0.1107013948        20.4915431494
        4.3505167000         9.8614971309         2.6263820361         1.3352870017         2.8043651338        -0.0887605778        19.9703973057
        4.3556083000       -26.3134567953         2.2608678641         1.3429439823         2.8094688888         0.1107013948        20.3178278682
        4.3605692000        33.4751934803         2.7628016162         1.3327346748         2.7992613789        -0.1552479021        19.6229667432
        4.3656242000        -7.4715704302         2.4207227343         1.3352870017         2.8094688888        -0.0887605778        20.3178278682
        4.3704598000         3.5808683425         2.5518614859         1.3378393285         2.8043651338        -0.0222732536        19.9703973057
        4.3755268000        48.4223560492         2.7804835857         1.3301823480         2.7967095015        -0.2217352263        19.4492514619
        4.3805074000        -5.0856654380         2.4490318350         1.3378393285         2.8069170113        -0.0222732536        20.1441125869
        4.3855242000       -26.3134567953         2.2608678641         1.3429439823         2.8094688888         0.1107013948        20.3178278682
        4.3904671000         9.8614971309         2.6263820361         1.3352870017         2.8043651338        -0.0887605778        19.9703973057
        4.3955586000       -41.2606193642         2.2350569171         1.3454963091         2.8120207662         0.1771887191        20.4915431494
        4.4005479000        12.2474021230         2.6546911368         1.3378393285         2.8018132564        -0.0222732536        19.7966820244
        4.4058758000       -34.9799905758         2.2457829118         1.3429439823         2.8120207662         0.1107013948        20.4915431494
        4.4104960000       -16.1381042107         2.3178930834         1.3352870017         2.8120207662        -0.0887605778        20.4915431494
        4.4155141000        -8.9803892342         2.4028203855         1.3429439823         2.8043651338         0.1107013948        19.9703973057
        4.4205726000       -41.2606193642         2.2350569171         1.3454963091         2.8120207662         0.1771887191        20.4915431494
        4.4255270000        31.0892884881         2.7599597334         1.3301823480         2.8018132564        -0.2217352263        19.7966820244
        4.4305011000        -8.9803892342         2.4028203855         1.3429439823         2.8043651338         0.1107013948        19.9703973057
        4.4365643000       -41.2606193642         2.2350569171         1.3454963091         2.8120207662         0.1771887191        20.4915431494
        4.4405626000         9.8614971309         2.6263820361         1.3352870017         2.8043651338        -0.0887605778        19.9703973057
        4.4454903000        33.4751934803         2.7628016162         1.3327346748         2.7992613789        -0.1552479021        19.6229667432
        4.4505549000        77.4395949988         2.8142663459         1.3148683868         2.7992613789        -0.6206591717        19.6229667432
        4.4556336000       -26.3134567953         2.2608678641         1.3429439823         2.8094688888         0.1107013948        20.3178278682
        4.4605934000        -7.4715704302         2.4207227343         1.3352870017         2.8094688888        -0.0887605778        20.3178278682
        4.4655657000        33.4751934803         2.7628016162         1.3327346748         2.7992613789        -0.1552479021        19.6229667432
        4.4705687000        33.4751934803         2.7628016162         1.3327346748         2.7992613789        -0.1552479021        19.6229667432
        4.4755844000        -5.0856654380         2.4490318350         1.3378393285         2.8069170113        -0.0222732536        20.1441125869
        4.4805563000         9.8614971309         2.6263820361         1.3352870017         2.8043651338        -0.0887605778        19.9703973057
        4.4856003000       -33.2258181996         2.2488092928         1.3633625971         2.7967095015         0.6425999887        19.4492514619
        4.4904688000        -5.0856654380         2.4490318350         1.3378393285         2.8069170113        -0.0222732536        20.1441125869
        4.4954545000         3.5808683425         2.5518614859         1.3378393285         2.8043651338        -0.0222732536        19.9703973057
        4.5004861000        33.4751934803         2.7628016162         1.3327346748         2.7992613789        -0.1552479021        19.6229667432
        4.5054998000       -34.9799905758         2.2457829118         1.3429439823         2.8120207662         0.1107013948        20.4915431494
        4.5104842000         1.1949633503         2.5235523852         1.3352870017         2.8069170113        -0.0887605778        20.1441125869
        4.5154929000       -26.3134567953         2.2608678641         1.3429439823         2.8094688888         0.1107013948        20.3178278682
        4.5204941000        33.4751934803         2.7628016162         1.3327346748         2.7992613789        -0.1552479021        19.6229667432
        4.5254724000       -17.6469230148         2.2999907346         1.3429439823         2.8069170113         0.1107013948        20.1441125869
        4.5304302000        -5.0856654380         2.4490318350         1.3378393285         2.8069170113        -0.0222732536        20.1441125869
        4.5355067000         9.8614971309         2.6263820361         1.3352870017         2.8043651338        -0.0887605778        19.9703973057
        4.5405518000         3.5808683425         2.5518614859         1.3378393285         2.8043651338        -0.0222732536        19.9703973057
        4.5455575000        -2.6997604459         2.4773409357         1.3403916554         2.8043651338         0.0442140706        19.9703973057
        4.5505049000       -41.2606193642         2.2350569171         1.3454963091         2.8120207662         0.1771887191        20.4915431494
        4.5554646000       -34.9799905758         2.2457829118         1.3429439823         2.8120207662         0.1107013948        20.4915431494
        4.5604660000        -8.9803892342         2.4028203855         1.3429439823         2.8043651338         0.1107013948        19.9703973057
        4.5655100000         9.8614971309         2.6263820361         1.3352870017         2.8043651338        -0.0887605778        19.9703973057
        4.5705230000        39.7558222687         2.7702565165         1.3301823480         2.7992613789        -0.2217352263        19.6229667432
        4.5755022000       -41.2606193642         2.2350569171         1.3454963091         2.8120207662         0.1771887191        20.4915431494
        4.5804765000        33.4751934803         2.7628016162         1.3327346748         2.7992613789        -0.1552479021        19.6229667432
        4.5855041000         3.5808683425         2.5518614859         1.3378393285         2.8043651338        -0.0222732536        19.9703973057
        4.5904992000       -35.6117231918         2.2446963190         1.3608102703         2.7992613789         0.5761126644        19.6229667432
        4.5955105000         3.5808683425         2.5518614859         1.3378393285         2.8043651338        -0.0222732536        19.9703973057
        4.6016328000         3.5808683425         2.5518614859         1.3378393285         2.8043651338        -0.0222732536        19.9703973057
        4.6055152000        33.4751934803         2.7628016162         1.3327346748         2.7992613789        -0.1552479021        19.6229667432
        4.6105295000       -34.9799905758         2.2457829118         1.3429439823         2.8120207662         0.1107013948        20.4915431494
        4.6155624000       -32.5940855836         2.2499025044         1.3454963091         2.8094688888         0.1771887191        20.3178278682
        4.6204749000        22.4227547076         2.7495894908         1.3301823480         2.8043651338        -0.2217352263        19.9703973057
        4.6255274000       -34.9799905758         2.2457829118         1.3429439823         2.8120207662         0.1107013948        20.4915431494
        4.6305364000        -5.0856654380         2.4490318350         1.3378393285         2.8069170113        -0.0222732536        20.1441125869
        4.6355086000        33.4751934803         2.7628016162         1.3327346748         2.7992613789        -0.1552479021        19.6229667432
        4.6404386000        -2.6997604459         2.4773409357         1.3403916554         2.8043651338         0.0442140706        19.9703973057
        4.6455328000         9.8614971309         2.6263820361         1.3352870017         2.8043651338        -0.0887605778        19.9703973057
        4.6505778000       -34.9799905758         2.2457829118         1.3429439823         2.8120207662         0.1107013948        20.4915431494
        4.6555410000        33.4751934803         2.7628016162         1.3327346748         2.7992613789        -0.1552479021        19.6229667432
        4.6606258000        -5.0856654380         2.4490318350         1.3378393285         2.8069170113        -0.0222732536        20.1441125869
        4.6655394000        -2.6997604459         2.4773409357         1.3403916554         2.8043651338         0.0442140706        19.9703973057
        4.6705387000         9.8614971309         2.6263820361         1.3352870017         2.8043651338        -0.0887605778        19.9703973057
        4.6755086000       -58.5936869252         2.2063119537         1.3454963091         2.8171245211         0.1771887191        20.8389737119
        4.6805028000        39.7558222687         2.7702565165         1.3301823480         2.7992613789        -0.2217352263        19.6229667432
        4.6854960000       -41.2606193642         2.2350569171         1.3454963091         2.8120207662         0.1771887191        20.4915431494
        4.6905415000       -32.5940855836         2.2499025044         1.3454963091         2.8094688888         0.1771887191        20.3178278682
        4.6954948000         3.5808683425         2.5518614859         1.3378393285         2.8043651338        -0.0222732536        19.9703973057
        4.7005261000        33.4751934803         2.7628016162         1.3327346748         2.7992613789        -0.1552479021        19.6229667432
        4.7055508000         1.1949633503         2.5235523852         1.3352870017         2.8069170113        -0.0887605778        20.1441125869
        4.7104575000         3.5808683425         2.5518614859         1.3378393285         2.8043651338        -0.0222732536        19.9703973057
        4.7154680000         1.1949633503         2.5235523852         1.3352870017         2.8069170113        -0.0887605778        20.1441125869
        4.7205779000         3.5808683425         2.5518614859         1.3378393285         2.8043651338        -0.0222732536        19.9703973057
        4.7254347000        39.7558222687         2.7702565165         1.3301823480         2.7992613789        -0.2217352263        19.6229667432
        4.7304489000       -13.7521992185         2.3462021841         1.3378393285         2.8094688888        -0.0222732536        20.3178278682
        4.7354713000       -17.6469230148         2.2999907346         1.3429439823         2.8069170113         0.1107013948        20.1441125869
        4.7405669000        -5.0856654380         2.4490318350         1.3378393285         2.8069170113        -0.0222732536        20.1441125869
        4.7455103000        16.1421259192         2.7009025864         1.3327346748         2.8043651338        -0.1552479021        19.9703973057
        4.7504364000         3.5808683425         2.5518614859         1.3378393285         2.8043651338        -0.0222732536        19.9703973057
        4.7555359000       -41.2606193642         2.2350569171         1.3454963091         2.8120207662         0.1771887191        20.4915431494
        4.7604903000       -26.3134567953         2.2608678641         1.3429439823         2.8094688888         0.1107013948        20.3178278682
        4.7654976000         3.5808683425         2.5518614859         1.3378393285         2.8043651338        -0.0222732536        19.9703973057
        4.7704845000       -22.4187329991         2.2677573726         1.3378393285         2.8120207662        -0.0222732536        20.4915431494
        4.7755084000        -8.9803892342         2.4028203855         1.3429439823         2.8043651338         0.1107013948        19.9703973057
        4.7804171000         3.5808683425         2.5518614859         1.3378393285         2.8043651338        -0.0222732536        19.9703973057
        4.7855780000       -51.4359719488         2.2180336426         1.3531532897         2.8094688888         0.3766506917        20.3178278682
        4.7904741000         1.1949633503         2.5235523852         1.3352870017         2.8069170113        -0.0887605778        20.1441125869
        4.7954963000       -17.6469230148         2.2999907346         1.3429439823         2.8069170113         0.1107013948        20.1441125869
        4.8004564000       -28.6993617875         2.2566814647         1.3403916554         2.8120207662         0.0442140706        20.4915431494
        4.8054884000         9.8614971309         2.6263820361         1.3352870017         2.8043651338        -0.0887605778        19.9703973057
        4.8104876000       -26.3134567953         2.2608678641         1.3429439823         2.8094688888         0.1107013948        20.3178278682
        4.8154994000         3.5808683425         2.5518614859         1.3378393285         2.8043651338        -0.0222732536        19.9703973057
        4.8204500000       -34.9799905758         2.2457829118         1.3429439823         2.8120207662         0.1107013948        20.4915431494
        4.8255211000        12.2474021230         2.6546911368         1.3378393285         2.8018132564        -0.0222732536        19.7966820244
        4.8305290000       -17.6469230148         2.2999907346         1.3429439823         2.8069170113         0.1107013948        20.1441125869
        4.8354722000        33.4751934803         2.7628016162         1.3327346748         2.7992613789        -0.1552479021        19.6229667432
        4.8404215000       -41.2606193642         2.2350569171         1.3454963091         2.8120207662         0.1771887191        20.4915431494
        4.8454955000        -2.6997604459         2.4773409357         1.3403916554         2.8043651338         0.0442140706        19.9703973057
        4.8504547000        35.8610984724         2.7656380100         1.3352870017         2.7967095015        -0.0887605778        19.4492514619
        4.8554675000       -41.2606193642         2.2350569171         1.3454963091         2.8120207662         0.1771887191        20.4915431494
        4.8604608000        24.8086596998         2.7524519723         1.3327346748         2.8018132564        -0.1552479021        19.7966820244
        4.8654687000       -34.9799905758         2.2457829118         1.3429439823         2.8120207662         0.1107013948        20.4915431494
        4.8704577000        48.4223560492         2.7804835857         1.3301823480         2.7967095015        -0.2217352263        19.4492514619
        4.8754801000       -26.3134567953         2.2608678641         1.3429439823         2.8094688888         0.1107013948        20.3178278682
        4.8804496000       -32.5940855836         2.2499025044         1.3454963091         2.8094688888         0.1771887191        20.3178278682
        4.8854693000       -47.5412481526         2.2244987278         1.3480486360         2.8120207662         0.2436760433        20.4915431494
        4.8904184000         1.1949633503         2.5235523852         1.3352870017         2.8069170113        -0.0887605778        20.1441125869
        4.8954799000        43.6505460649         2.7748609441         1.3250776943         2.8018132564        -0.3547098747        19.7966820244
        4.9005014000       -30.2081805915         2.2540472609         1.3480486360         2.8069170113         0.2436760433        20.1441125869
        4.9055226000        33.4751934803         2.7628016162         1.3327346748         2.7992613789        -0.1552479021        19.6229667432
        4.9105009000         5.9667733347         2.5801705866         1.3403916554         2.8018132564         0.0442140706        19.7966820244
        4.9155025000         5.9667733347         2.5801705866         1.3403916554         2.8018132564         0.0442140706        19.7966820244
        4.9204787000        48.4223560492         2.7804835857         1.3301823480         2.7967095015        -0.2217352263        19.4492514619
        4.9255052000        12.2474021230         2.6546911368         1.3378393285         2.8018132564        -0.0222732536        19.7966820244
        4.9304763000       -23.9275518031         2.2650801221         1.3454963091         2.8069170113         0.1771887191        20.1441125869
        4.9355951000        29.5804696841         2.7581596909         1.3378393285         2.7967095015        -0.0222732536        19.4492514619
        4.9405098000        20.9139359035         2.7477762742         1.3378393285         2.7992613789        -0.0222732536        19.6229667432
        4.9457099000         3.5808683425         2.5518614859         1.3378393285         2.8043651338        -0.0222732536        19.9703973057
        4.9506251000        18.5280309114         2.7292116870         1.3352870017         2.8018132564        -0.0887605778        19.7966820244
        4.9556318000         3.5808683425         2.5518614859         1.3378393285         2.8043651338        -0.0222732536        19.9703973057
        4.9604959000        42.1417272608         2.7730788346         1.3327346748         2.7967095015        -0.1552479021        19.4492514619
        4.9655247000       -32.5940855836         2.2499025044         1.3454963091         2.8094688888         0.1771887191        20.3178278682
        4.9705207000         9.8614971309         2.6263820361         1.3352870017         2.8043651338        -0.0887605778        19.9703973057
        4.9754191000        42.1417272608         2.7730788346         1.3327346748         2.7967095015        -0.1552479021        19.4492514619
        4.9804692000        42.1417272608         2.7730788346         1.3327346748         2.7967095015        -0.1552479021        19.4492514619
        4.9854657000        12.2474021230         2.6546911368         1.3378393285         2.8018132564        -0.0222732536        19.7966820244
        4.9905011000       -26.3134567953         2.2608678641         1.3429439823         2.8094688888         0.1107013948        20.3178278682
        4.9954611000        -2.6997604459         2.4773409357         1.3403916554         2.8043651338         0.0442140706        19.9703973057
        5.0005666000       -26.3134567953         2.2608678641         1.3429439823         2.8094688888         0.1107013948        20.3178278682
