% Designation Loop  psi_cmd=+20.000deg  (absolute, NEUTRAL ref)
% Kp=85.3137  Kd=2.4753  K_pot=68.073520deg/V
% Vg_offset=1.339537V  K_gimbal=26.049690  samples=1001

Time[s]              OmegaCmd[deg/s]      Vc[V]                Vg[V]                Pot[V]               Omega[deg/s]         Psi[deg]            
        0.0004883000      1447.7160441899         5.0000000000         1.3454963091         2.5517292654         8.8950495668         2.7725844626
        0.0054602000      1439.6389112051         5.0000000000         1.3557056165         2.5466255105        24.1328218441         2.4251539001
        0.0104708000       632.7285406745         3.4821074158         1.5420254771         2.5670405302       302.2221659035         3.8148761501
        0.0154561000       458.9419963495         3.2488469953         1.5649964188         2.5823517949       336.5071535272         4.8571678375
        0.0205529000       359.2385661024         3.1301025954         1.5598917651         2.6027668146       328.8882673886         6.2468900875
        0.0255002000       229.8945653583         2.9848957373         1.5547871113         2.6282855892       321.2693812500         7.9840428999
        0.0304831000       115.3708498627         2.8575385357         1.5496824576         2.6512524863       313.6504951114         9.5474804311
        0.0354656000        35.8785642422         2.7656587535         1.5471301308         2.6665637511       309.8410520421        10.5897721185
        0.0404479000       -63.8248660049         2.1978728652         1.5420254771         2.6869787707       302.2221659035        11.9794943685
        0.0454585000       -82.7020299103         2.1682722880         1.5190545354         2.7048419129       267.9371782797        13.1955013372
        0.0504466000       -96.1883344377         2.1478930168         1.4986359205         2.7201531777       237.4616337253        14.2377930246
        0.0554655000      -154.1354947106         2.0665251555         1.4782173056         2.7431200748       206.9860891708        15.8012305558
        0.0604471000       -89.4818065031         2.1579507757         1.4526940371         2.7482238297       168.8916584777        16.1486611183
        0.0654596000       124.6904027459         2.8680468650         1.3786765582         2.7584313396        58.4178094678        16.8435222433
        0.0704417000       435.8614564706         3.2205854855         1.2944497720         2.7584313396       -67.2938118193        16.8435222433
        0.0754534000       334.8423576670         3.1021715313         1.3378393285         2.7482238297        -2.5332796411        16.1486611183
        0.0804310000       267.4840836882         3.0265349660         1.3480486360         2.7533275847        12.7044926361        16.4960916808
        0.0854483000       338.8809241594         3.1067713675         1.3327346748         2.7507757072       -10.1521657797        16.3223763996
        0.0904316000       178.5806843618         2.9281606248         1.3761242314         2.7507757072        54.6083663985        16.3223763996
        0.0954352000      -407.4143246561         1.7647181304         1.4986359205         2.7737426043       237.4616337253        17.8858139307
        0.1004413000      -206.7101077700         1.9994235949         1.4322754222         2.7813982367       138.4161139233        18.4069597745
        0.1054549000      -195.9467011785         2.0127575613         1.4093044805         2.7941576240       104.1311262995        19.2755361807
        0.1104397000       -34.2941684952         2.2469645161         1.3735719045         2.7890538691        50.7989233292        18.9281056182
        0.1154268000       150.2557824213         2.8966810173         1.3276300211         2.7865019916       -17.7710519183        18.7543903370
        0.1204409000       266.0951664735         3.0249917615         1.2842404646         2.7941576240       -82.5315840965        19.2755361807
        0.1254515000       208.1846305297         2.9609076389         1.3199730405         2.7813982367       -29.1993811262        18.4069597745
        0.1304297000       123.3197976957         2.8665040364         1.3429439823         2.7813982367         5.0856064975        18.4069597745
        0.1354426000        43.8275120751         2.7750698283         1.3403916554         2.7967095015         1.2761634282        19.4492514619
        0.1404281000        73.4680825721         2.8096812374         1.3403916554         2.7916057465         1.2761634282        19.1018208995
        0.1454381000       161.0375011774         2.9086880517         1.3327346748         2.7813982367       -10.1521657797        18.4069597745
        0.1504388000       -62.5824461066         2.1998675831         1.3812288851         2.7890538691        62.2272525371        18.9281056182
        0.1554512000      -156.8767048110         2.0628904959         1.4067521537         2.7890538691       100.3216832302        18.9281056182
        0.1604340000       -27.5693283961         2.2586610576         1.3557056165         2.7992613789        24.1328218441        19.6229667432
        0.1654684000       139.4740636652         2.8846360976         1.3225253674         2.7916057465       -25.3899380569        19.1018208995
        0.1704449000       -34.3124806597         2.2469329392         1.3454963091         2.8069170113         8.8950495668        20.1441125869
        0.1754625000        49.2183714532         2.7814195698         1.3429439823         2.7941576240         5.0856064975        19.2755361807
        0.1804574000       -43.7419065302         2.2308659055         1.3480486360         2.8069170113        12.7044926361        20.1441125869
        0.1854731000        88.2883678206         2.8267347249         1.3403916554         2.7890538691         1.2761634282        18.9281056182
        0.1904564000        57.2955044380         2.7908861279         1.3327346748         2.7992613789       -10.1521657797        19.6229667432
        0.1954453000       -43.7419065302         2.2308659055         1.3480486360         2.8069170113        12.7044926361        20.1441125869
        0.2004668000        92.3269343130         2.8313561119         1.3352870017         2.7916057465        -6.3427227104        19.1018208995
        0.2055042000         8.7960822001         2.6137407371         1.3378393285         2.8043651338        -2.5332796411        19.9703973057
        0.2104889000        82.8975084426         2.8205491557         1.3378393285         2.7916057465        -2.5332796411        19.1018208995
        0.2154583000        -4.6719101628         2.4539411000         1.3454963091         2.8018132564         8.8950495668        19.7966820244
        0.2204536000      -123.2158799862         2.1087868220         1.3735719045         2.8043651338        50.7989233292        19.9703973057
        0.2254615000       105.7949266758         2.8466950145         1.3276300211         2.7941576240       -17.7710519183        19.2755361807
        0.2304513000       -34.3124806597         2.2469329392         1.3454963091         2.8069170113         8.8950495668        20.1441125869
        0.2354389000        10.1483750857         2.6297858837         1.3454963091         2.7992613789         8.8950495668        19.6229667432
        0.2404422000        -6.0242030484         2.4378959533         1.3378393285         2.8069170113        -2.5332796411        20.1441125869
        0.2454292000        -6.0242030484         2.4378959533         1.3378393285         2.8069170113        -2.5332796411        20.1441125869
        0.2504414000        86.9360749350         2.8251849046         1.3327346748         2.7941576240       -10.1521657797        19.2755361807
        0.2554437000       -24.8830547893         2.2633900833         1.3429439823         2.8069170113         5.0856064975        20.1441125869
        0.2604410000        14.1869415781         2.6777040472         1.3403916554         2.8018132564         1.2761634282        19.7966820244
        0.2654385000        38.4366526971         2.7686937904         1.3378393285         2.7992613789        -2.5332796411        19.6229667432
        0.2704736000        81.5452155569         2.8189944184         1.3301823480         2.7967095015       -13.9616088490        19.4492514619
        0.2754385000       -80.1073171263         2.1722645744         1.3659149240         2.8018132564        39.3705941213        19.7966820244
        0.2804517000      -113.7864541157         2.1221821832         1.3710195777         2.8043651338        46.9894802599        19.9703973057
        0.2854260000        57.2955044380         2.7908861279         1.3327346748         2.7992613789       -10.1521657797        19.6229667432
        0.2904401000       -24.8830547893         2.2633900833         1.3429439823         2.8069170113         5.0856064975        20.1441125869
        0.2954306000       -43.7419065302         2.2308659055         1.3480486360         2.8069170113        12.7044926361        20.1441125869
        0.3004564000        51.9046450599         2.7845741170         1.3301823480         2.8018132564       -13.9616088490        19.7966820244
        0.3054431000         4.7575157077         2.5658225736         1.3429439823         2.8018132564         5.0856064975        19.7966820244
        0.3104520000         4.7575157077         2.5658225736         1.3429439823         2.8018132564         5.0856064975        19.7966820244
        0.3154417000        23.6163674486         2.7510222504         1.3378393285         2.8018132564        -2.5332796411        19.7966820244
        0.3204938000         4.7575157077         2.5658225736         1.3429439823         2.8018132564         5.0856064975        19.7966820244
        0.3254316000        33.0457933190         2.7622905593         1.3352870017         2.8018132564        -6.3427227104        19.7966820244
        0.3304406000       -43.7419065302         2.2308659055         1.3480486360         2.8069170113        12.7044926361        20.1441125869
        0.3354502000        14.1869415781         2.6777040472         1.3403916554         2.8018132564         1.2761634282        19.7966820244
        0.3404400000        38.4366526971         2.7686937904         1.3378393285         2.7992613789        -2.5332796411        19.6229667432
        0.3454407000        14.1869415781         2.6777040472         1.3403916554         2.8018132564         1.2761634282        19.7966820244
        0.3504553000        96.3655008054         2.8359671608         1.3301823480         2.7941576240       -13.9616088490        19.2755361807
        0.3554413000        72.1157896865         2.8081173778         1.3327346748         2.7967095015       -10.1521657797        19.4492514619
        0.3604452000       -81.4596100120         2.1701809562         1.3582579434         2.8069170113        27.9422649134        20.1441125869
        0.3654328000       -76.0687506339         2.1785258524         1.3608102703         2.8043651338        31.7517079827        19.9703973057
        0.3704709000       104.4426337902         2.8451596799         1.3199730405         2.7992613789       -29.1993811262        19.6229667432
        0.3754302000         3.4052228220         2.5497774270         1.3352870017         2.8069170113        -6.3427227104        20.1441125869
        0.3804392000       -19.4921954112         2.2780963163         1.3454963091         2.8043651338         8.8950495668        19.9703973057
        0.3854305000       -30.2739141673         2.2539327302         1.3403916554         2.8094688888         1.2761634282        20.3178278682
        0.3905077000        -0.6333436704         2.5018592635         1.3403916554         2.8043651338         1.2761634282        19.9703973057
        0.3954412000       -39.7033400378         2.2377005941         1.3429439823         2.8094688888         5.0856064975        20.3178278682
        0.4004289000        33.0457933190         2.7622905593         1.3352870017         2.8018132564        -6.3427227104        19.7966820244
        0.4054385000         4.7575157077         2.5658225736         1.3429439823         2.8018132564         5.0856064975        19.7966820244
        0.4104190000        33.0457933190         2.7622905593         1.3352870017         2.8018132564        -6.3427227104        19.7966820244
        0.4154488000        62.6863638160         2.7971740644         1.3352870017         2.7967095015        -6.3427227104        19.4492514619
        0.4204367000        51.9046450599         2.7845741170         1.3301823480         2.8018132564       -13.9616088490        19.7966820244
        0.4254482000        -0.6333436704         2.5018592635         1.3403916554         2.8043651338         1.2761634282        19.9703973057
        0.4304393000        53.2569379456         2.7861597906         1.3378393285         2.7967095015        -2.5332796411        19.4492514619
        0.4354428000       -73.3824770272         2.1827230744         1.3480486360         2.8120207662        12.7044926361        20.4915431494
        0.4404300000      -158.2473098612         2.0610794832         1.3710195777         2.8120207662        46.9894802599        20.4915431494
        0.4454394000        50.5523521743         2.7829868728         1.3225253674         2.8069170113       -25.3899380569        20.1441125869
        0.4504467000         3.4052228220         2.5497774270         1.3352870017         2.8069170113        -6.3427227104        20.1441125869
        0.4554323000        33.0457933190         2.7622905593         1.3352870017         2.8018132564        -6.3427227104        19.7966820244
        0.4604472000       -45.0941994159         2.2285927411         1.3403916554         2.8120207662         1.2761634282        20.4915431494
        0.4654314000         3.4052228220         2.5497774270         1.3352870017         2.8069170113        -6.3427227104        20.1441125869
        0.4704266000        -0.6333436704         2.5018592635         1.3403916554         2.8043651338         1.2761634282        19.9703973057
        0.4754495000       -45.0941994159         2.2285927411         1.3403916554         2.8120207662         1.2761634282        20.4915431494
        0.4804568000       -24.8830547893         2.2633900833         1.3429439823         2.8069170113         5.0856064975        20.1441125869
        0.4854423000       -63.9530511568         2.1976673997         1.3454963091         2.8120207662         8.8950495668        20.4915431494
        0.4904277000         3.4052228220         2.5497774270         1.3352870017         2.8069170113        -6.3427227104        20.1441125869
        0.4954444000       -45.0941994159         2.2285927411         1.3403916554         2.8120207662         1.2761634282        20.4915431494
        0.5004437000        66.7249303084         2.8018694333         1.3301823480         2.7992613789       -13.9616088490        19.6229667432
        0.5054382000        -6.0242030484         2.4378959533         1.3378393285         2.8069170113        -2.5332796411        20.1441125869
        0.5104403000       -24.8830547893         2.2633900833         1.3429439823         2.8069170113         5.0856064975        20.1441125869
        0.5154558000        -6.0242030484         2.4378959533         1.3378393285         2.8069170113        -2.5332796411        20.1441125869
        0.5204424000       -73.3824770272         2.1827230744         1.3480486360         2.8120207662        12.7044926361        20.4915431494
        0.5254189000       -34.3124806597         2.2469329392         1.3454963091         2.8069170113         8.8950495668        20.1441125869
        0.5304279000        46.5137856819         2.7782371455         1.3276300211         2.8043651338       -17.7710519183        19.9703973057
        0.5354433000       -26.2353476750         2.2610053531         1.3352870017         2.8120207662        -6.3427227104        20.4915431494
        0.5404505000       -15.4536289189         2.3260144797         1.3403916554         2.8069170113         1.2761634282        20.1441125869
        0.5454541000         3.4052228220         2.5497774270         1.3352870017         2.8069170113        -6.3427227104        20.1441125869
        0.5504421000        38.4366526971         2.7686937904         1.3378393285         2.7992613789        -2.5332796411        19.6229667432
        0.5554364000         3.4052228220         2.5497774270         1.3352870017         2.8069170113        -6.3427227104        20.1441125869
        0.5604337000        -0.6333436704         2.5018592635         1.3403916554         2.8043651338         1.2761634282        19.9703973057
        0.5654345000       -76.0687506339         2.1785258524         1.3608102703         2.8043651338        31.7517079827        19.9703973057
        0.5704577000        -0.6333436704         2.5018592635         1.3403916554         2.8043651338         1.2761634282        19.9703973057
        0.5754425000       -18.1399025256         2.2941414629         1.3531532897         2.7992613789        20.3233787748        19.6229667432
        0.5804455000       -73.3824770272         2.1827230744         1.3480486360         2.8120207662        12.7044926361        20.4915431494
        0.5854358000       104.4426337902         2.8451596799         1.3199730405         2.7992613789       -29.1993811262        19.6229667432
        0.5904398000       113.8720596607         2.8558445478         1.3174207137         2.7992613789       -33.0088241955        19.6229667432
        0.5954307000         0.7189492153         2.5179044101         1.3480486360         2.7992613789        12.7044926361        19.6229667432
        0.6004390000       -49.1327659082         2.2218493577         1.3454963091         2.8094688888         8.8950495668        20.3178278682
        0.6054480000        51.9046450599         2.7845741170         1.3301823480         2.8018132564       -13.9616088490        19.7966820244
        0.6104326000        43.8275120751         2.7750698283         1.3403916554         2.7967095015         1.2761634282        19.4492514619
        0.6154414000         8.7960822001         2.6137407371         1.3378393285         2.8043651338        -2.5332796411        19.9703973057
        0.6204485000       -39.7033400378         2.2377005941         1.3429439823         2.8094688888         5.0856064975        20.3178278682
        0.6254354000       -28.9216212817         2.2562927869         1.3480486360         2.8043651338        12.7044926361        19.9703973057
        0.6304501000        27.6549339410         2.7558592337         1.3327346748         2.8043651338       -10.1521657797        19.9703973057
        0.6354251000       -49.1327659082         2.2218493577         1.3454963091         2.8094688888         8.8950495668        20.3178278682
        0.6404395000        57.2955044380         2.7908861279         1.3327346748         2.7992613789       -10.1521657797        19.6229667432
        0.6454200000        18.2255080705         2.7256222107         1.3352870017         2.8043651338        -6.3427227104        19.9703973057
        0.6504442000        -4.6719101628         2.4539411000         1.3454963091         2.8018132564         8.8950495668        19.7966820244
        0.6554407000        23.6163674486         2.7510222504         1.3378393285         2.8018132564        -2.5332796411        19.7966820244
        0.6604342000       -43.7419065302         2.2308659055         1.3480486360         2.8069170113        12.7044926361        20.1441125869
        0.6654352000       -49.1327659082         2.2218493577         1.3454963091         2.8094688888         8.8950495668        20.3178278682
        0.6704514000       124.6537784167         2.8680056499         1.3225253674         2.7941576240       -25.3899380569        19.2755361807
        0.6754302000         8.7960822001         2.6137407371         1.3378393285         2.8043651338        -2.5332796411        19.9703973057
        0.6804382000        14.1869415781         2.6777040472         1.3403916554         2.8018132564         1.2761634282        19.7966820244
        0.6854312000        33.0457933190         2.7622905593         1.3352870017         2.8018132564        -6.3427227104        19.7966820244
        0.6904370000        14.1869415781         2.6777040472         1.3403916554         2.8018132564         1.2761634282        19.7966820244
        0.6954477000       -30.2739141673         2.2539327302         1.3403916554         2.8094688888         1.2761634282        20.3178278682
        0.7004357000        81.5452155569         2.8189944184         1.3301823480         2.7967095015       -13.9616088490        19.4492514619
        0.7054420000        14.1869415781         2.6777040472         1.3403916554         2.8018132564         1.2761634282        19.7966820244
        0.7104527000         8.7960822001         2.6137407371         1.3378393285         2.8043651338        -2.5332796411        19.9703973057
        0.7154371000        33.0457933190         2.7622905593         1.3352870017         2.8018132564        -6.3427227104        19.7966820244
        0.7204614000       -19.4921954112         2.2780963163         1.3454963091         2.8043651338         8.8950495668        19.9703973057
        0.7254545000        62.6863638160         2.7971740644         1.3352870017         2.7967095015        -6.3427227104        19.4492514619
        0.7304702000         8.7960822001         2.6137407371         1.3378393285         2.8043651338        -2.5332796411        19.9703973057
        0.7354484000        14.1869415781         2.6777040472         1.3403916554         2.8018132564         1.2761634282        19.7966820244
        0.7404287000        62.6863638160         2.7971740644         1.3352870017         2.7967095015        -6.3427227104        19.4492514619
        0.7454431000       -73.3824770272         2.1827230744         1.3480486360         2.8120207662        12.7044926361        20.4915431494
        0.7504447000         0.7189492153         2.5179044101         1.3480486360         2.7992613789        12.7044926361        19.6229667432
        0.7554393000        27.6549339410         2.7558592337         1.3327346748         2.8043651338       -10.1521657797        19.9703973057
        0.7604179000       -85.4981765044         2.1639963410         1.3633625971         2.8043651338        35.5611510520        19.9703973057
        0.7656330000        68.0772231941         2.8034388084         1.3378393285         2.7941576240        -2.5332796411        19.2755361807
        0.7704533000        10.1483750857         2.6297858837         1.3454963091         2.7992613789         8.8950495668        19.6229667432
        0.7754564000       -45.0941994159         2.2285927411         1.3403916554         2.8120207662         1.2761634282        20.4915431494
        0.7804595000        14.1869415781         2.6777040472         1.3403916554         2.8018132564         1.2761634282        19.7966820244
        0.7854707000        72.1157896865         2.8081173778         1.3327346748         2.7967095015       -10.1521657797        19.4492514619
        0.7904485000        29.0072268266         2.7574752161         1.3403916554         2.7992613789         1.2761634282        19.6229667432
        0.7954396000        23.6163674486         2.7510222504         1.3378393285         2.8018132564        -2.5332796411        19.7966820244
        0.8004295000        -0.6333436704         2.5018592635         1.3403916554         2.8043651338         1.2761634282        19.9703973057
        0.8054615000       -27.5693283961         2.2586610576         1.3557056165         2.7992613789        24.1328218441        19.6229667432
        0.8104423000        12.8346486925         2.6616589006         1.3327346748         2.8069170113       -10.1521657797        20.1441125869
        0.8154513000         3.4052228220         2.5497774270         1.3352870017         2.8069170113        -6.3427227104        20.1441125869
        0.8204409000        33.0457933190         2.7622905593         1.3352870017         2.8018132564        -6.3427227104        19.7966820244
        0.8254485000         3.4052228220         2.5497774270         1.3352870017         2.8069170113        -6.3427227104        20.1441125869
        0.8304283000       -14.1013360332         2.3420596264         1.3480486360         2.8018132564        12.7044926361        19.7966820244
        0.8354727000        42.4752191895         2.7734729101         1.3327346748         2.8018132564       -10.1521657797        19.7966820244
        0.8404642000         3.4052228220         2.5497774270         1.3352870017         2.8069170113        -6.3427227104        20.1441125869
        0.8454589000      -112.4524733946         2.1240980247         1.3506009628         2.8171245211        16.5139357054        20.8389737119
        0.8504436000       -20.8444882969         2.2705619244         1.3378393285         2.8094688888        -2.5332796411        20.3178278682
        0.8554567000         3.4052228220         2.5497774270         1.3352870017         2.8069170113        -6.3427227104        20.1441125869
        0.8604348000       -30.2739141673         2.2539327302         1.3403916554         2.8094688888         1.2761634282        20.3178278682
        0.8654440000        23.6163674486         2.7510222504         1.3378393285         2.8018132564        -2.5332796411        19.7966820244
        0.8704291000        51.9046450599         2.7845741170         1.3301823480         2.8018132564       -13.9616088490        19.7966820244
        0.8754710000       -24.8830547893         2.2633900833         1.3429439823         2.8069170113         5.0856064975        20.1441125869
        0.8804344000       -59.9144846644         2.2041711680         1.3403916554         2.8145726437         1.2761634282        20.6652584306
        0.8854351000        -6.0242030484         2.4378959533         1.3378393285         2.8069170113        -2.5332796411        20.1441125869
        0.8904273000       -15.4536289189         2.3260144797         1.3403916554         2.8069170113         1.2761634282        20.1441125869
        0.8954487000        51.9046450599         2.7845741170         1.3301823480         2.8018132564       -13.9616088490        19.7966820244
        0.9004421000       -34.3124806597         2.2469329392         1.3454963091         2.8069170113         8.8950495668        20.1441125869
        0.9054507000       -63.9530511568         2.1976673997         1.3454963091         2.8120207662         8.8950495668        20.4915431494
        0.9104332000        57.2955044380         2.7908861279         1.3327346748         2.7992613789       -10.1521657797        19.6229667432
        0.9154386000        14.1869415781         2.6777040472         1.3403916554         2.8018132564         1.2761634282        19.7966820244
        0.9204338000       -69.3439105348         2.1890829586         1.3429439823         2.8145726437         5.0856064975        20.6652584306
        0.9254349000       -20.8444882969         2.2705619244         1.3378393285         2.8094688888        -2.5332796411        20.3178278682
        0.9304463000        57.2955044380         2.7908861279         1.3327346748         2.7992613789       -10.1521657797        19.6229667432
        0.9354278000       -54.5236252863         2.2129520935         1.3429439823         2.8120207662         5.0856064975        20.4915431494
        0.9404422000        57.2955044380         2.7908861279         1.3327346748         2.7992613789       -10.1521657797        19.6229667432
        0.9454261000       -63.9530511568         2.1976673997         1.3454963091         2.8120207662         8.8950495668        20.4915431494
        0.9505934000        57.2955044380         2.7908861279         1.3327346748         2.7992613789       -10.1521657797        19.6229667432
        0.9554525000       -35.6647735454         2.2446051506         1.3378393285         2.8120207662        -2.5332796411        20.4915431494
        0.9604337000        -6.0242030484         2.4378959533         1.3378393285         2.8069170113        -2.5332796411        20.1441125869
        0.9654364000        -6.0242030484         2.4378959533         1.3378393285         2.8069170113        -2.5332796411        20.1441125869
        0.9704299000       -45.0941994159         2.2285927411         1.3403916554         2.8120207662         1.2761634282        20.4915431494
        0.9754298000        57.2955044380         2.7908861279         1.3327346748         2.7992613789       -10.1521657797        19.6229667432
        0.9804549000       -84.1641957833         2.1660329266         1.3429439823         2.8171245211         5.0856064975        20.8389737119
        0.9854300000       -78.7733364053         2.1743263077         1.3454963091         2.8145726437         8.8950495668        20.6652584306
        0.9904460000        -6.0242030484         2.4378959533         1.3378393285         2.8069170113        -2.5332796411        20.1441125869
        0.9954462000       123.3014855311         2.8664834174         1.3148683868         2.7992613789       -36.8182672649        19.6229667432
        1.0004325000        57.2955044380         2.7908861279         1.3327346748         2.7992613789       -10.1521657797        19.6229667432
        1.0054421000       -10.0627695408         2.3899777899         1.3429439823         2.8043651338         5.0856064975        19.9703973057
        1.0104556000       -54.5236252863         2.2129520935         1.3429439823         2.8120207662         5.0856064975        20.4915431494
        1.0154417000        -6.0242030484         2.4378959533         1.3378393285         2.8069170113        -2.5332796411        20.1441125869
        1.0204321000        33.0457933190         2.7622905593         1.3352870017         2.8018132564        -6.3427227104        19.7966820244
        1.0254372000         3.4052228220         2.5497774270         1.3352870017         2.8069170113        -6.3427227104        20.1441125869
        1.0304474000        -6.0242030484         2.4378959533         1.3378393285         2.8069170113        -2.5332796411        20.1441125869
        1.0354297000       -15.4536289189         2.3260144797         1.3403916554         2.8069170113         1.2761634282        20.1441125869
        1.0404519000       -54.5236252863         2.2129520935         1.3429439823         2.8120207662         5.0856064975        20.4915431494
        1.0454708000       -11.4150624265         2.3739326432         1.3352870017         2.8094688888        -6.3427227104        20.3178278682
        1.0504333000         8.7960822001         2.6137407371         1.3378393285         2.8043651338        -2.5332796411        19.9703973057
        1.0554376000        -6.0242030484         2.4378959533         1.3378393285         2.8069170113        -2.5332796411        20.1441125869
        1.0604656000        -6.0242030484         2.4378959533         1.3378393285         2.8069170113        -2.5332796411        20.1441125869
        1.0654307000       -54.5236252863         2.2129520935         1.3429439823         2.8120207662         5.0856064975        20.4915431494
        1.0704276000        18.2255080705         2.7256222107         1.3352870017         2.8043651338        -6.3427227104        19.9703973057
        1.0754311000        -1.9856365560         2.4858141168         1.3327346748         2.8094688888       -10.1521657797        20.3178278682
        1.0804391000        -0.6333436704         2.5018592635         1.3403916554         2.8043651338         1.2761634282        19.9703973057
        1.0854558000        -0.6333436704         2.5018592635         1.3403916554         2.8043651338         1.2761634282        19.9703973057
        1.0904281000       -54.5236252863         2.2129520935         1.3429439823         2.8120207662         5.0856064975        20.4915431494
        1.0954480000        47.8660785675         2.7798291639         1.3352870017         2.7992613789        -6.3427227104        19.6229667432
        1.1004280000        57.2955044380         2.7908861279         1.3327346748         2.7992613789       -10.1521657797        19.6229667432
        1.1054377000       -63.9530511568         2.1976673997         1.3454963091         2.8120207662         8.8950495668        20.4915431494
        1.1104250000        57.2955044380         2.7908861279         1.3327346748         2.7992613789       -10.1521657797        19.6229667432
        1.1154640000         8.7960822001         2.6137407371         1.3378393285         2.8043651338        -2.5332796411        19.9703973057
        1.1204353000       -10.0627695408         2.3899777899         1.3429439823         2.8043651338         5.0856064975        19.9703973057
        1.1254264000       -63.9530511568         2.1976673997         1.3454963091         2.8120207662         8.8950495668        20.4915431494
        1.1304369000         8.7960822001         2.6137407371         1.3378393285         2.8043651338        -2.5332796411        19.9703973057
        1.1354471000        57.2955044380         2.7908861279         1.3327346748         2.7992613789       -10.1521657797        19.6229667432
        1.1404272000        -6.0242030484         2.4378959533         1.3378393285         2.8069170113        -2.5332796411        20.1441125869
        1.1454427000        -6.0242030484         2.4378959533         1.3378393285         2.8069170113        -2.5332796411        20.1441125869
        1.1504244000         8.7960822001         2.6137407371         1.3378393285         2.8043651338        -2.5332796411        19.9703973057
        1.1554396000       -49.1327659082         2.2218493577         1.3454963091         2.8094688888         8.8950495668        20.3178278682
        1.1604156000        38.4366526971         2.7686937904         1.3378393285         2.7992613789        -2.5332796411        19.6229667432
        1.1654369000        -4.6719101628         2.4539411000         1.3454963091         2.8018132564         8.8950495668        19.7966820244
        1.1704377000       -43.7419065302         2.2308659055         1.3480486360         2.8069170113        12.7044926361        20.1441125869
        1.1754488000       -49.1327659082         2.2218493577         1.3454963091         2.8094688888         8.8950495668        20.3178278682
        1.1804561000       -24.8830547893         2.2633900833         1.3429439823         2.8069170113         5.0856064975        20.1441125869
        1.1854471000        62.6863638160         2.7971740644         1.3352870017         2.7967095015        -6.3427227104        19.4492514619
        1.1904271000       175.8394742614         2.9251223123         1.3046590794         2.7967095015       -52.0560395421        19.4492514619
        1.1954358000       -38.3510471521         2.2400047057         1.3506009628         2.8043651338        16.5139357054        19.9703973057
        1.2004265000        -0.6333436704         2.5018592635         1.3403916554         2.8043651338         1.2761634282        19.9703973057
        1.2054739000       100.4040672978         2.8405682308         1.3250776943         2.7967095015       -21.5804949876        19.4492514619
        1.2104451000         4.7575157077         2.5658225736         1.3429439823         2.8018132564         5.0856064975        19.7966820244
        1.2154476000        81.5452155569         2.8189944184         1.3301823480         2.7967095015       -13.9616088490        19.4492514619
        1.2204377000        43.8275120751         2.7750698283         1.3403916554         2.7967095015         1.2761634282        19.4492514619
        1.2254470000        -4.6719101628         2.4539411000         1.3454963091         2.8018132564         8.8950495668        19.7966820244
        1.2304284000        42.4752191895         2.7734729101         1.3327346748         2.8018132564       -10.1521657797        19.7966820244
        1.2354432000        72.1157896865         2.8081173778         1.3327346748         2.7967095015       -10.1521657797        19.4492514619
        1.2404222000         4.7575157077         2.5658225736         1.3429439823         2.8018132564         5.0856064975        19.7966820244
        1.2454480000        23.6163674486         2.7510222504         1.3378393285         2.8018132564        -2.5332796411        19.7966820244
        1.2504422000       -86.8504693900         2.1619380403         1.3557056165         2.8094688888        24.1328218441        20.3178278682
        1.2554393000       -51.8190395150         2.2174011113         1.3582579434         2.8018132564        27.9422649134        19.7966820244
        1.2604346000       -16.8059218045         2.3099693331         1.3327346748         2.8120207662       -10.1521657797        20.4915431494
        1.2654587000        -0.6333436704         2.5018592635         1.3403916554         2.8043651338         1.2761634282        19.9703973057
        1.2704324000       -63.9530511568         2.1976673997         1.3454963091         2.8120207662         8.8950495668        20.4915431494
        1.2754559000        76.1543561789         2.8127837909         1.3276300211         2.7992613789       -17.7710519183        19.6229667432
        1.2804590000       -63.9530511568         2.1976673997         1.3454963091         2.8120207662         8.8950495668        20.4915431494
        1.2854293000       -15.4536289189         2.3260144797         1.3403916554         2.8069170113         1.2761634282        20.1441125869
        1.2904515000        47.8660785675         2.7798291639         1.3352870017         2.7992613789        -6.3427227104        19.6229667432
        1.2954357000       -73.3824770272         2.1827230744         1.3480486360         2.8120207662        12.7044926361        20.4915431494
        1.3004384000        18.2255080705         2.7256222107         1.3352870017         2.8043651338        -6.3427227104        19.9703973057
        1.3054311000       -15.4536289189         2.3260144797         1.3403916554         2.8069170113         1.2761634282        20.1441125869
        1.3104636000        -0.6333436704         2.5018592635         1.3403916554         2.8043651338         1.2761634282        19.9703973057
        1.3154224000        51.9046450599         2.7845741170         1.3301823480         2.8018132564       -13.9616088490        19.7966820244
        1.3204561000        29.0072268266         2.7574752161         1.3403916554         2.7992613789         1.2761634282        19.6229667432
        1.3254364000        -6.0242030484         2.4378959533         1.3378393285         2.8069170113        -2.5332796411        20.1441125869
        1.3304707000        22.2640745630         2.7493989081         1.3301823480         2.8069170113       -13.9616088490        20.1441125869
        1.3355258000        19.5778009562         2.7416673573         1.3429439823         2.7992613789         5.0856064975        19.6229667432
        1.3404433000        12.8346486925         2.6616589006         1.3327346748         2.8069170113       -10.1521657797        20.1441125869
        1.3454542000        -6.0242030484         2.4378959533         1.3378393285         2.8069170113        -2.5332796411        20.1441125869
        1.3504698000        -0.6333436704         2.5018592635         1.3403916554         2.8043651338         1.2761634282        19.9703973057
        1.3554446000       -15.4536289189         2.3260144797         1.3403916554         2.8069170113         1.2761634282        20.1441125869
        1.3604360000         3.4052228220         2.5497774270         1.3352870017         2.8069170113        -6.3427227104        20.1441125869
        1.3654420000        -1.9856365560         2.4858141168         1.3327346748         2.8094688888       -10.1521657797        20.3178278682
        1.3704780000        -6.0242030484         2.4378959533         1.3378393285         2.8069170113        -2.5332796411        20.1441125869
        1.3754334000       -78.7733364053         2.1743263077         1.3454963091         2.8145726437         8.8950495668        20.6652584306
        1.3804507000        -6.0242030484         2.4378959533         1.3378393285         2.8069170113        -2.5332796411        20.1441125869
        1.3854370000         8.7960822001         2.6137407371         1.3378393285         2.8043651338        -2.5332796411        19.9703973057
        1.3904758000       -63.9530511568         2.1976673997         1.3454963091         2.8120207662         8.8950495668        20.4915431494
        1.3954426000       -54.5236252863         2.2129520935         1.3429439823         2.8120207662         5.0856064975        20.4915431494
        1.4004625000       -15.4536289189         2.3260144797         1.3403916554         2.8069170113         1.2761634282        20.1441125869
        1.4054513000        57.2955044380         2.7908861279         1.3327346748         2.7992613789       -10.1521657797        19.6229667432
        1.4104734000       -34.3124806597         2.2469329392         1.3454963091         2.8069170113         8.8950495668        20.1441125869
        1.4154413000       -54.5236252863         2.2129520935         1.3429439823         2.8120207662         5.0856064975        20.4915431494
        1.4204296000       -20.8444882969         2.2705619244         1.3378393285         2.8094688888        -2.5332796411        20.3178278682
        1.4254646000       -73.3824770272         2.1827230744         1.3480486360         2.8120207662        12.7044926361        20.4915431494
        1.4304801000        23.6163674486         2.7510222504         1.3378393285         2.8018132564        -2.5332796411        19.7966820244
        1.4354490000       -39.7033400378         2.2377005941         1.3429439823         2.8094688888         5.0856064975        20.3178278682
        1.4404577000        66.7249303084         2.8018694333         1.3301823480         2.7992613789       -13.9616088490        19.6229667432
        1.4454431000        27.6549339410         2.7558592337         1.3327346748         2.8043651338       -10.1521657797        19.9703973057
        1.4504627000        43.8275120751         2.7750698283         1.3403916554         2.7967095015         1.2761634282        19.4492514619
        1.4554391000         8.7960822001         2.6137407371         1.3378393285         2.8043651338        -2.5332796411        19.9703973057
        1.4604184000       -15.4536289189         2.3260144797         1.3403916554         2.8069170113         1.2761634282        20.1441125869
        1.4654610000        47.8660785675         2.7798291639         1.3352870017         2.7992613789        -6.3427227104        19.6229667432
        1.4704451000       -63.9530511568         2.1976673997         1.3454963091         2.8120207662         8.8950495668        20.4915431494
        1.4754772000        51.9046450599         2.7845741170         1.3301823480         2.8018132564       -13.9616088490        19.7966820244
        1.4804576000       -58.5621917787         2.2063630854         1.3480486360         2.8094688888        12.7044926361        20.3178278682
        1.4854558000        51.9046450599         2.7845741170         1.3301823480         2.8018132564       -13.9616088490        19.7966820244
        1.4904329000       -35.6647735454         2.2446051506         1.3378393285         2.8120207662        -2.5332796411        20.4915431494
        1.4954522000        57.2955044380         2.7908861279         1.3327346748         2.7992613789       -10.1521657797        19.6229667432
        1.5004337000        -6.0242030484         2.4378959533         1.3378393285         2.8069170113        -2.5332796411        20.1441125869
        1.5054605000        42.4752191895         2.7734729101         1.3327346748         2.8018132564       -10.1521657797        19.7966820244
        1.5104414000         8.7960822001         2.6137407371         1.3378393285         2.8043651338        -2.5332796411        19.9703973057
        1.5154366000       -53.1713324006         2.2151729190         1.3506009628         2.8069170113        16.5139357054        20.1441125869
        1.5204360000       -34.3124806597         2.2469329392         1.3454963091         2.8069170113         8.8950495668        20.1441125869
        1.5254489000       -30.2739141673         2.2539327302         1.3403916554         2.8094688888         1.2761634282        20.3178278682
        1.5304342000        66.7249303084         2.8018694333         1.3301823480         2.7992613789       -13.9616088490        19.6229667432
        1.5354445000       -49.1327659082         2.2218493577         1.3454963091         2.8094688888         8.8950495668        20.3178278682
        1.5404519000        18.2255080705         2.7256222107         1.3352870017         2.8043651338        -6.3427227104        19.9703973057
        1.5454441000         8.7960822001         2.6137407371         1.3378393285         2.8043651338        -2.5332796411        19.9703973057
        1.5504274000         8.7960822001         2.6137407371         1.3378393285         2.8043651338        -2.5332796411        19.9703973057
        1.5554618000       -63.9530511568         2.1976673997         1.3454963091         2.8120207662         8.8950495668        20.4915431494
        1.5604231000       -35.6647735454         2.2446051506         1.3378393285         2.8120207662        -2.5332796411        20.4915431494
        1.5654522000        -0.6333436704         2.5018592635         1.3403916554         2.8043651338         1.2761634282        19.9703973057
        1.5704350000       -63.9530511568         2.1976673997         1.3454963091         2.8120207662         8.8950495668        20.4915431494
        1.5754440000        33.0457933190         2.7622905593         1.3352870017         2.8018132564        -6.3427227104        19.7966820244
        1.5804374000       -20.8444882969         2.2705619244         1.3378393285         2.8094688888        -2.5332796411        20.3178278682
        1.5854405000       -19.4921954112         2.2780963163         1.3454963091         2.8043651338         8.8950495668        19.9703973057
        1.5904282000        76.1543561789         2.8127837909         1.3276300211         2.7992613789       -17.7710519183        19.6229667432
        1.5954719000        51.9046450599         2.7845741170         1.3301823480         2.8018132564       -13.9616088490        19.7966820244
        1.6004367000        10.1483750857         2.6297858837         1.3454963091         2.7992613789         8.8950495668        19.6229667432
        1.6054963000        43.8275120751         2.7750698283         1.3403916554         2.7967095015         1.2761634282        19.4492514619
        1.6104389000        11.4823558068         2.6456137539         1.3250776943         2.8120207662       -21.5804949876        20.4915431494
        1.6154519000        34.3980862047         2.7638994093         1.3429439823         2.7967095015         5.0856064975        19.4492514619
        1.6204328000        -6.0242030484         2.4378959533         1.3378393285         2.8069170113        -2.5332796411        20.1441125869
        1.6254545000        -6.0242030484         2.4378959533         1.3378393285         2.8069170113        -2.5332796411        20.1441125869
        1.6304492000        -0.6333436704         2.5018592635         1.3403916554         2.8043651338         1.2761634282        19.9703973057
        1.6354518000        66.7249303084         2.8018694333         1.3301823480         2.7992613789       -13.9616088490        19.6229667432
        1.6404422000        66.7249303084         2.8018694333         1.3301823480         2.7992613789       -13.9616088490        19.6229667432
        1.6454244000        -0.6333436704         2.5018592635         1.3403916554         2.8043651338         1.2761634282        19.9703973057
        1.6504700000        72.1157896865         2.8081173778         1.3327346748         2.7967095015       -10.1521657797        19.4492514619
        1.6554434000        19.5778009562         2.7416673573         1.3429439823         2.7992613789         5.0856064975        19.6229667432
        1.6604718000      -124.5681728718         2.1068863896         1.3659149240         2.8094688888        39.3705941213        20.3178278682
        1.6654452000       -86.8504693900         2.1619380403         1.3557056165         2.8094688888        24.1328218441        20.3178278682
        1.6704584000         7.4437893145         2.5976955904         1.3301823480         2.8094688888       -13.9616088490        20.3178278682
        1.6754386000        23.6163674486         2.7510222504         1.3378393285         2.8018132564        -2.5332796411        19.7966820244
        1.6804444000       -88.2027622757         2.1598859802         1.3480486360         2.8145726437        12.7044926361        20.6652584306
        1.6854417000       -11.4150624265         2.3739326432         1.3352870017         2.8094688888        -6.3427227104        20.3178278682
        1.6904460000       -15.4536289189         2.3260144797         1.3403916554         2.8069170113         1.2761634282        20.1441125869
        1.6954317000       -45.0941994159         2.2285927411         1.3403916554         2.8120207662         1.2761634282        20.4915431494
        1.7004361000        42.4752191895         2.7734729101         1.3327346748         2.8018132564       -10.1521657797        19.7966820244
        1.7054289000      -107.0616140166         2.1318944701         1.3531532897         2.8145726437        20.3233787748        20.6652584306
        1.7104744000       -11.4150624265         2.3739326432         1.3352870017         2.8094688888        -6.3427227104        20.3178278682
        1.7154380000       -78.7733364053         2.1743263077         1.3454963091         2.8145726437         8.8950495668        20.6652584306
        1.7204716000        18.2255080705         2.7256222107         1.3352870017         2.8043651338        -6.3427227104        19.9703973057
        1.7254467000       -16.8059218045         2.3099693331         1.3327346748         2.8120207662       -10.1521657797        20.4915431494
        1.7304493000       -11.4150624265         2.3739326432         1.3352870017         2.8094688888        -6.3427227104        20.3178278682
        1.7354290000        33.0457933190         2.7622905593         1.3352870017         2.8018132564        -6.3427227104        19.7966820244
        1.7404483000       -59.9144846644         2.2041711680         1.3403916554         2.8145726437         1.2761634282        20.6652584306
        1.7454262000       -24.8830547893         2.2633900833         1.3429439823         2.8069170113         5.0856064975        20.1441125869
        1.7504311000        22.2640745630         2.7493989081         1.3301823480         2.8069170113       -13.9616088490        20.1441125869
        1.7554199000        50.5523521743         2.7829868728         1.3225253674         2.8069170113       -25.3899380569        20.1441125869
        1.7604601000       -43.7419065302         2.2308659055         1.3480486360         2.8069170113        12.7044926361        20.1441125869
        1.7654408000        47.8660785675         2.7798291639         1.3352870017         2.7992613789        -6.3427227104        19.6229667432
        1.7704480000       -16.8059218045         2.3099693331         1.3327346748         2.8120207662       -10.1521657797        20.4915431494
        1.7754351000       -88.2027622757         2.1598859802         1.3480486360         2.8145726437        12.7044926361        20.6652584306
        1.7805265000       -35.6647735454         2.2446051506         1.3378393285         2.8120207662        -2.5332796411        20.4915431494
        1.7854740000       -20.8444882969         2.2705619244         1.3378393285         2.8094688888        -2.5332796411        20.3178278682
        1.7904624000        59.9817780447         2.7940223705         1.3199730405         2.8069170113       -29.1993811262        20.1441125869
        1.7954284000        46.5137856819         2.7782371455         1.3276300211         2.8043651338       -17.7710519183        19.9703973057
        1.8004428000       -24.8830547893         2.2633900833         1.3429439823         2.8069170113         5.0856064975        20.1441125869
        1.8054429000       -39.7033400378         2.2377005941         1.3429439823         2.8094688888         5.0856064975        20.3178278682
        1.8104248000         3.4052228220         2.5497774270         1.3352870017         2.8069170113        -6.3427227104        20.1441125869
        1.8154476000        34.3980862047         2.7638994093         1.3429439823         2.7967095015         5.0856064975        19.4492514619
        1.8204447000        -0.6333436704         2.5018592635         1.3403916554         2.8043651338         1.2761634282        19.9703973057
        1.8254357000        -0.6333436704         2.5018592635         1.3403916554         2.8043651338         1.2761634282        19.9703973057
        1.8304370000        19.5778009562         2.7416673573         1.3429439823         2.7992613789         5.0856064975        19.6229667432
        1.8354538000        22.2640745630         2.7493989081         1.3301823480         2.8069170113       -13.9616088490        20.1441125869
        1.8404673000       -73.3824770272         2.1827230744         1.3480486360         2.8120207662        12.7044926361        20.4915431494
        1.8454832000         8.7960822001         2.6137407371         1.3378393285         2.8043651338        -2.5332796411        19.9703973057
        1.8504248000        18.2255080705         2.7256222107         1.3352870017         2.8043651338        -6.3427227104        19.9703973057
        1.8554602000        -0.6333436704         2.5018592635         1.3403916554         2.8043651338         1.2761634282        19.9703973057
        1.8604222000       -54.5236252863         2.2129520935         1.3429439823         2.8120207662         5.0856064975        20.4915431494
        1.8654361000        66.7249303084         2.8018694333         1.3301823480         2.7992613789       -13.9616088490        19.6229667432
        1.8704425000      -139.3884581203         2.0863807560         1.3659149240         2.8120207662        39.3705941213        20.4915431494
        1.8755814000         8.7960822001         2.6137407371         1.3378393285         2.8043651338        -2.5332796411        19.9703973057
        1.8804355000        -0.6333436704         2.5018592635         1.3403916554         2.8043651338         1.2761634282        19.9703973057
        1.8854546000        -6.0242030484         2.4378959533         1.3378393285         2.8069170113        -2.5332796411        20.1441125869
        1.8904365000        66.7249303084         2.8018694333         1.3301823480         2.7992613789       -13.9616088490        19.6229667432
        1.8954419000       -49.1327659082         2.2218493577         1.3454963091         2.8094688888         8.8950495668        20.3178278682
        1.9004613000        57.2955044380         2.7908861279         1.3327346748         2.7992613789       -10.1521657797        19.6229667432
        1.9055273000        57.2955044380         2.7908861279         1.3327346748         2.7992613789       -10.1521657797        19.6229667432
        1.9104412000        57.2955044380         2.7908861279         1.3327346748         2.7992613789       -10.1521657797        19.6229667432
        1.9154563000        57.2955044380         2.7908861279         1.3327346748         2.7992613789       -10.1521657797        19.6229667432
        1.9204623000       -10.0627695408         2.3899777899         1.3429439823         2.8043651338         5.0856064975        19.9703973057
        1.9254522000       -19.4921954112         2.2780963163         1.3454963091         2.8043651338         8.8950495668        19.9703973057
        1.9304823000        57.2955044380         2.7908861279         1.3327346748         2.7992613789       -10.1521657797        19.6229667432
        1.9354452000        47.8660785675         2.7798291639         1.3352870017         2.7992613789        -6.3427227104        19.6229667432
        1.9404328000        81.5452155569         2.8189944184         1.3301823480         2.7967095015       -13.9616088490        19.4492514619
        1.9454471000        -6.0242030484         2.4378959533         1.3378393285         2.8069170113        -2.5332796411        20.1441125869
        1.9504472000       -63.9530511568         2.1976673997         1.3454963091         2.8120207662         8.8950495668        20.4915431494
        1.9554569000        57.2955044380         2.7908861279         1.3327346748         2.7992613789       -10.1521657797        19.6229667432
        1.9604468000        66.7249303084         2.8018694333         1.3301823480         2.7992613789       -13.9616088490        19.6229667432
        1.9654308000       -76.0687506339         2.1785258524         1.3608102703         2.8043651338        31.7517079827        19.9703973057
        1.9704492000      -139.3884581203         2.0863807560         1.3659149240         2.8120207662        39.3705941213        20.4915431494
        1.9754428000        22.2640745630         2.7493989081         1.3301823480         2.8069170113       -13.9616088490        20.1441125869
        1.9804296000         8.7960822001         2.6137407371         1.3378393285         2.8043651338        -2.5332796411        19.9703973057
        1.9854403000         0.7189492153         2.5179044101         1.3480486360         2.7992613789        12.7044926361        19.6229667432
        1.9904450000         3.4052228220         2.5497774270         1.3352870017         2.8069170113        -6.3427227104        20.1441125869
        1.9954284000       -10.0627695408         2.3899777899         1.3429439823         2.8043651338         5.0856064975        19.9703973057
        2.0004421000       -15.4536289189         2.3260144797         1.3403916554         2.8069170113         1.2761634282        20.1441125869
        2.0054292000       -54.5236252863         2.2129520935         1.3429439823         2.8120207662         5.0856064975        20.4915431494
        2.0104386000       -82.8119028977         2.1681037551         1.3506009628         2.8120207662        16.5139357054        20.4915431494
        2.0154289000       -54.5236252863         2.2129520935         1.3429439823         2.8120207662         5.0856064975        20.4915431494
        2.0204559000        57.2955044380         2.7908861279         1.3327346748         2.7992613789       -10.1521657797        19.6229667432
        2.0254387000       -35.6647735454         2.2446051506         1.3378393285         2.8120207662        -2.5332796411        20.4915431494
        2.0304289000       -45.0941994159         2.2285927411         1.3403916554         2.8120207662         1.2761634282        20.4915431494
        2.0354405000        -6.0242030484         2.4378959533         1.3378393285         2.8069170113        -2.5332796411        20.1441125869
        2.0408454000       -63.9530511568         2.1976673997         1.3454963091         2.8120207662         8.8950495668        20.4915431494
        2.0454356000       -54.5236252863         2.2129520935         1.3429439823         2.8120207662         5.0856064975        20.4915431494
        2.0504595000       109.8334931682         2.8512741765         1.3225253674         2.7967095015       -25.3899380569        19.4492514619
        2.0554300000       175.8394742614         2.9251223123         1.3046590794         2.7967095015       -52.0560395421        19.4492514619
        2.0604398000        -8.7104766551         2.4060229365         1.3506009628         2.7992613789        16.5139357054        19.6229667432
        2.0654399000        14.1869415781         2.6777040472         1.3403916554         2.8018132564         1.2761634282        19.7966820244
        2.0704260000        46.5137856819         2.7782371455         1.3276300211         2.8043651338       -17.7710519183        19.9703973057
        2.0754356000       -82.8119028977         2.1681037551         1.3506009628         2.8120207662        16.5139357054        20.4915431494
        2.0804447000        51.9046450599         2.7845741170         1.3301823480         2.8018132564       -13.9616088490        19.7966820244
        2.0854285000        23.6163674486         2.7510222504         1.3378393285         2.8018132564        -2.5332796411        19.7966820244
        2.0904453000       -14.1013360332         2.3420596264         1.3480486360         2.8018132564        12.7044926361        19.7966820244
        2.0954288000        18.2255080705         2.7256222107         1.3352870017         2.8043651338        -6.3427227104        19.9703973057
        2.1004663000       -24.8830547893         2.2633900833         1.3429439823         2.8069170113         5.0856064975        20.1441125869
        2.1054399000       -30.2739141673         2.2539327302         1.3403916554         2.8094688888         1.2761634282        20.3178278682
        2.1104496000       -34.3124806597         2.2469329392         1.3454963091         2.8069170113         8.8950495668        20.1441125869
        2.1154687000        47.8660785675         2.7798291639         1.3352870017         2.7992613789        -6.3427227104        19.6229667432
        2.1204613000        57.2955044380         2.7908861279         1.3327346748         2.7992613789       -10.1521657797        19.6229667432
        2.1254358000        57.2955044380         2.7908861279         1.3327346748         2.7992613789       -10.1521657797        19.6229667432
        2.1304382000        14.1869415781         2.6777040472         1.3403916554         2.8018132564         1.2761634282        19.7966820244
        2.1354544000        47.8660785675         2.7798291639         1.3352870017         2.7992613789        -6.3427227104        19.6229667432
        2.1404333000        38.4366526971         2.7686937904         1.3378393285         2.7992613789        -2.5332796411        19.6229667432
        2.1454475000       -49.1327659082         2.2218493577         1.3454963091         2.8094688888         8.8950495668        20.3178278682
        2.1504266000       -32.9601877741         2.2492687509         1.3531532897         2.8018132564        20.3233787748        19.7966820244
        2.1554488000        66.7249303084         2.8018694333         1.3301823480         2.7992613789       -13.9616088490        19.6229667432
        2.1604233000         2.0712421009         2.5339495567         1.3557056165         2.7941576240        24.1328218441        19.2755361807
        2.1654591000       -39.7033400378         2.2377005941         1.3429439823         2.8094688888         5.0856064975        20.3178278682
        2.1704442000         4.7575157077         2.5658225736         1.3429439823         2.8018132564         5.0856064975        19.7966820244
        2.1754582000        81.5452155569         2.8189944184         1.3301823480         2.7967095015       -13.9616088490        19.4492514619
        2.1804362000        72.1157896865         2.8081173778         1.3327346748         2.7967095015       -10.1521657797        19.4492514619
        2.1854278000        23.6163674486         2.7510222504         1.3378393285         2.8018132564        -2.5332796411        19.7966820244
        2.1904389000      -115.1387470014         2.1202453876         1.3633625971         2.8094688888        35.5611510520        20.3178278682
        2.1954411000       -72.0301841415         2.1848459501         1.3557056165         2.8069170113        24.1328218441        20.1441125869
        2.2004323000        95.0132079198         2.8344243042         1.3225253674         2.7992613789       -25.3899380569        19.6229667432
        2.2054439000       -54.5236252863         2.2129520935         1.3429439823         2.8120207662         5.0856064975        20.4915431494
        2.2104255000       -53.1713324006         2.2151729190         1.3506009628         2.8069170113        16.5139357054        20.1441125869
        2.2154364000       -15.4536289189         2.3260144797         1.3403916554         2.8069170113         1.2761634282        20.1441125869
        2.2204271000       -58.5621917787         2.2063630854         1.3480486360         2.8094688888        12.7044926361        20.3178278682
        2.2254592000       -34.3124806597         2.2469329392         1.3454963091         2.8069170113         8.8950495668        20.1441125869
        2.2304346000        66.7249303084         2.8018694333         1.3301823480         2.7992613789       -13.9616088490        19.6229667432
        2.2354465000       -24.8830547893         2.2633900833         1.3429439823         2.8069170113         5.0856064975        20.1441125869
        2.2404375000         3.4052228220         2.5497774270         1.3352870017         2.8069170113        -6.3427227104        20.1441125869
        2.2454497000        38.4366526971         2.7686937904         1.3378393285         2.7992613789        -2.5332796411        19.6229667432
        2.2504266000        47.8660785675         2.7798291639         1.3352870017         2.7992613789        -6.3427227104        19.6229667432
        2.2554355000        -6.0242030484         2.4378959533         1.3378393285         2.8069170113        -2.5332796411        20.1441125869
        2.2604494000       -63.9530511568         2.1976673997         1.3454963091         2.8120207662         8.8950495668        20.4915431494
        2.2654374000      -154.2087433688         2.0664278116         1.3659149240         2.8145726437        39.3705941213        20.6652584306
        2.2704424000        85.5837820493         2.8236338711         1.3250776943         2.7992613789       -21.5804949876        19.6229667432
        2.2754639000        62.6863638160         2.7971740644         1.3352870017         2.7967095015        -6.3427227104        19.4492514619
        2.2804698000       -43.7419065302         2.2308659055         1.3480486360         2.8069170113        12.7044926361        20.1441125869
        2.2854629000        33.0457933190         2.7622905593         1.3352870017         2.8018132564        -6.3427227104        19.7966820244
        2.2904572000        47.8660785675         2.7798291639         1.3352870017         2.7992613789        -6.3427227104        19.6229667432
        2.2954375000        57.2955044380         2.7908861279         1.3327346748         2.7992613789       -10.1521657797        19.6229667432
        2.3004516000         8.7960822001         2.6137407371         1.3378393285         2.8043651338        -2.5332796411        19.9703973057
        2.3054306000        -6.0242030484         2.4378959533         1.3378393285         2.8069170113        -2.5332796411        20.1441125869
        2.3104469000       -54.5236252863         2.2129520935         1.3429439823         2.8120207662         5.0856064975        20.4915431494
        2.3154467000         3.4052228220         2.5497774270         1.3352870017         2.8069170113        -6.3427227104        20.1441125869
        2.3204449000       -63.9530511568         2.1976673997         1.3454963091         2.8120207662         8.8950495668        20.4915431494
        2.3254187000       -24.8830547893         2.2633900833         1.3429439823         2.8069170113         5.0856064975        20.1441125869
        2.3304314000       -24.8830547893         2.2633900833         1.3429439823         2.8069170113         5.0856064975        20.1441125869
        2.3354209000       -69.3439105348         2.1890829586         1.3429439823         2.8145726437         5.0856064975        20.6652584306
        2.3404701000        86.9360749350         2.8251849046         1.3327346748         2.7941576240       -10.1521657797        19.2755361807
        2.3454375000       -15.4536289189         2.3260144797         1.3403916554         2.8069170113         1.2761634282        20.1441125869
        2.3504552000       -63.9530511568         2.1976673997         1.3454963091         2.8120207662         8.8950495668        20.4915431494
        2.3554295000        38.4366526971         2.7686937904         1.3378393285         2.7992613789        -2.5332796411        19.6229667432
        2.3604402000        69.4112039152         2.8049855558         1.3174207137         2.8069170113       -33.0088241955        20.1441125869
        2.3654286000       -97.6321881462         2.1457469641         1.3506009628         2.8145726437        16.5139357054        20.6652584306
        2.3704380000        38.4366526971         2.7686937904         1.3378393285         2.7992613789        -2.5332796411        19.6229667432
        2.3754456000       -26.2353476750         2.2610053531         1.3352870017         2.8120207662        -6.3427227104        20.4915431494
        2.3804489000        14.1869415781         2.6777040472         1.3403916554         2.8018132564         1.2761634282        19.7966820244
        2.3854382000        47.8660785675         2.7798291639         1.3352870017         2.7992613789        -6.3427227104        19.6229667432
        2.3904480000       -54.5236252863         2.2129520935         1.3429439823         2.8120207662         5.0856064975        20.4915431494
        2.3954299000       -63.9530511568         2.1976673997         1.3454963091         2.8120207662         8.8950495668        20.4915431494
        2.4004463000         8.7960822001         2.6137407371         1.3378393285         2.8043651338        -2.5332796411        19.9703973057
        2.4054478000        12.8346486925         2.6616589006         1.3327346748         2.8069170113       -10.1521657797        20.1441125869
        2.4104395000        18.2255080705         2.7256222107         1.3352870017         2.8043651338        -6.3427227104        19.9703973057
        2.4154297000        57.2955044380         2.7908861279         1.3327346748         2.7992613789       -10.1521657797        19.6229667432
        2.4204473000       -26.2353476750         2.2610053531         1.3352870017         2.8120207662        -6.3427227104        20.4915431494
        2.4254413000        47.8660785675         2.7798291639         1.3352870017         2.7992613789        -6.3427227104        19.6229667432
        2.4304731000       -10.0627695408         2.3899777899         1.3429439823         2.8043651338         5.0856064975        19.9703973057
        2.4354309000       -15.4536289189         2.3260144797         1.3403916554         2.8069170113         1.2761634282        20.1441125869
        2.4404890000        57.2955044380         2.7908861279         1.3327346748         2.7992613789       -10.1521657797        19.6229667432
        2.4454536000        29.0072268266         2.7574752161         1.3403916554         2.7992613789         1.2761634282        19.6229667432
        2.4504475000       -49.1327659082         2.2218493577         1.3454963091         2.8094688888         8.8950495668        20.3178278682
        2.4554433000        18.2255080705         2.7256222107         1.3352870017         2.8043651338        -6.3427227104        19.9703973057
        2.4604394000        57.2955044380         2.7908861279         1.3327346748         2.7992613789       -10.1521657797        19.6229667432
        2.4654467000       -54.5236252863         2.2129520935         1.3429439823         2.8120207662         5.0856064975        20.4915431494
        2.4704760000        -6.0242030484         2.4378959533         1.3378393285         2.8069170113        -2.5332796411        20.1441125869
        2.4754398000       -54.5236252863         2.2129520935         1.3429439823         2.8120207662         5.0856064975        20.4915431494
        2.4804274000        18.2255080705         2.7256222107         1.3352870017         2.8043651338        -6.3427227104        19.9703973057
        2.4854279000       -63.9530511568         2.1976673997         1.3454963091         2.8120207662         8.8950495668        20.4915431494
        2.4904575000        -6.0242030484         2.4378959533         1.3378393285         2.8069170113        -2.5332796411        20.1441125869
        2.4954237000       -45.0941994159         2.2285927411         1.3403916554         2.8120207662         1.2761634282        20.4915431494
        2.5004341000        47.8660785675         2.7798291639         1.3352870017         2.7992613789        -6.3427227104        19.6229667432
        2.5054572000       -54.5236252863         2.2129520935         1.3429439823         2.8120207662         5.0856064975        20.4915431494
        2.5104317000         8.7960822001         2.6137407371         1.3378393285         2.8043651338        -2.5332796411        19.9703973057
        2.5154347000       -63.9530511568         2.1976673997         1.3454963091         2.8120207662         8.8950495668        20.4915431494
        2.5204277000        57.2955044380         2.7908861279         1.3327346748         2.7992613789       -10.1521657797        19.6229667432
        2.5254304000        -0.6333436704         2.5018592635         1.3403916554         2.8043651338         1.2761634282        19.9703973057
        2.5304433000       -10.0627695408         2.3899777899         1.3429439823         2.8043651338         5.0856064975        19.9703973057
        2.5354665000        62.6863638160         2.7971740644         1.3352870017         2.7967095015        -6.3427227104        19.4492514619
        2.5404719000        57.2955044380         2.7908861279         1.3327346748         2.7992613789       -10.1521657797        19.6229667432
        2.5454691000         8.7960822001         2.6137407371         1.3378393285         2.8043651338        -2.5332796411        19.9703973057
        2.5504685000       -54.5236252863         2.2129520935         1.3429439823         2.8120207662         5.0856064975        20.4915431494
        2.5554557000       -58.5621917787         2.2063630854         1.3480486360         2.8094688888        12.7044926361        20.3178278682
        2.5604643000        14.1869415781         2.6777040472         1.3403916554         2.8018132564         1.2761634282        19.7966820244
        2.5654600000        38.4366526971         2.7686937904         1.3378393285         2.7992613789        -2.5332796411        19.6229667432
        2.5704575000       -45.0941994159         2.2285927411         1.3403916554         2.8120207662         1.2761634282        20.4915431494
        2.5754728000        23.6163674486         2.7510222504         1.3378393285         2.8018132564        -2.5332796411        19.7966820244
        2.5804575000        42.4752191895         2.7734729101         1.3327346748         2.8018132564       -10.1521657797        19.7966820244
        2.5854725000      -109.7478876233         2.1279985473         1.3659149240         2.8069170113        39.3705941213        20.1441125869
        2.5904268000       -39.7033400378         2.2377005941         1.3429439823         2.8094688888         5.0856064975        20.3178278682
        2.5954486000         8.7960822001         2.6137407371         1.3378393285         2.8043651338        -2.5332796411        19.9703973057
        2.6004312000         8.7960822001         2.6137407371         1.3378393285         2.8043651338        -2.5332796411        19.9703973057
        2.6054332000        18.2255080705         2.7256222107         1.3352870017         2.8043651338        -6.3427227104        19.9703973057
        2.6104196000       -54.5236252863         2.2129520935         1.3429439823         2.8120207662         5.0856064975        20.4915431494
        2.6154579000         3.4052228220         2.5497774270         1.3352870017         2.8069170113        -6.3427227104        20.1441125869
        2.6204406000        -6.0242030484         2.4378959533         1.3378393285         2.8069170113        -2.5332796411        20.1441125869
        2.6254502000       -54.5236252863         2.2129520935         1.3429439823         2.8120207662         5.0856064975        20.4915431494
        2.6304341000        -6.0242030484         2.4378959533         1.3378393285         2.8069170113        -2.5332796411        20.1441125869
        2.6354504000        46.5137856819         2.7782371455         1.3276300211         2.8043651338       -17.7710519183        19.9703973057
        2.6404312000        -0.6333436704         2.5018592635         1.3403916554         2.8043651338         1.2761634282        19.9703973057
        2.6454378000       -49.1327659082         2.2218493577         1.3454963091         2.8094688888         8.8950495668        20.3178278682
        2.6504423000        18.2255080705         2.7256222107         1.3352870017         2.8043651338        -6.3427227104        19.9703973057
        2.6554391000        14.1869415781         2.6777040472         1.3403916554         2.8018132564         1.2761634282        19.7966820244
        2.6604189000        57.2955044380         2.7908861279         1.3327346748         2.7992613789       -10.1521657797        19.6229667432
        2.6654284000         8.7960822001         2.6137407371         1.3378393285         2.8043651338        -2.5332796411        19.9703973057
        2.6704419000        -0.6333436704         2.5018592635         1.3403916554         2.8043651338         1.2761634282        19.9703973057
        2.6754794000        47.8660785675         2.7798291639         1.3352870017         2.7992613789        -6.3427227104        19.6229667432
        2.6804716000       -72.0301841415         2.1848459501         1.3557056165         2.8069170113        24.1328218441        20.1441125869
        2.6854543000       -10.0627695408         2.3899777899         1.3429439823         2.8043651338         5.0856064975        19.9703973057
        2.6904316000       -15.4536289189         2.3260144797         1.3403916554         2.8069170113         1.2761634282        20.1441125869
        2.6954657000        -6.0242030484         2.4378959533         1.3378393285         2.8069170113        -2.5332796411        20.1441125869
        2.7004464000        18.2255080705         2.7256222107         1.3352870017         2.8043651338        -6.3427227104        19.9703973057
        2.7054544000        57.2955044380         2.7908861279         1.3327346748         2.7992613789       -10.1521657797        19.6229667432
        2.7104452000       -45.0941994159         2.2285927411         1.3403916554         2.8120207662         1.2761634282        20.4915431494
        2.7154273000       -45.0941994159         2.2285927411         1.3403916554         2.8120207662         1.2761634282        20.4915431494
        2.7204396000       -24.8830547893         2.2633900833         1.3429439823         2.8069170113         5.0856064975        20.1441125869
        2.7254174000       -10.0627695408         2.3899777899         1.3429439823         2.8043651338         5.0856064975        19.9703973057
        2.7304560000        81.5452155569         2.8189944184         1.3301823480         2.7967095015       -13.9616088490        19.4492514619
        2.7354345000        23.6163674486         2.7510222504         1.3378393285         2.8018132564        -2.5332796411        19.7966820244
        2.7404671000         8.7960822001         2.6137407371         1.3378393285         2.8043651338        -2.5332796411        19.9703973057
        2.7454269000        29.0072268266         2.7574752161         1.3403916554         2.7992613789         1.2761634282        19.6229667432
        2.7504375000         8.7960822001         2.6137407371         1.3378393285         2.8043651338        -2.5332796411        19.9703973057
        2.7554458000         8.7960822001         2.6137407371         1.3378393285         2.8043651338        -2.5332796411        19.9703973057
        2.7604335000       113.8720596607         2.8558445478         1.3174207137         2.7992613789       -33.0088241955        19.6229667432
        2.7654439000       -20.8444882969         2.2705619244         1.3378393285         2.8094688888        -2.5332796411        20.3178278682
        2.7704665000        29.0072268266         2.7574752161         1.3403916554         2.7992613789         1.2761634282        19.6229667432
        2.7754370000         8.7960822001         2.6137407371         1.3378393285         2.8043651338        -2.5332796411        19.9703973057
        2.7804477000       -49.1327659082         2.2218493577         1.3454963091         2.8094688888         8.8950495668        20.3178278682
        2.7854384000        57.2955044380         2.7908861279         1.3327346748         2.7992613789       -10.1521657797        19.6229667432
        2.7904490000       -49.1327659082         2.2218493577         1.3454963091         2.8094688888         8.8950495668        20.3178278682
        2.7954354000        57.2955044380         2.7908861279         1.3327346748         2.7992613789       -10.1521657797        19.6229667432
        2.8004404000         8.7960822001         2.6137407371         1.3378393285         2.8043651338        -2.5332796411        19.9703973057
        2.8054518000       -49.1327659082         2.2218493577         1.3454963091         2.8094688888         8.8950495668        20.3178278682
        2.8104297000        24.9686603342         2.7526437251         1.3454963091         2.7967095015         8.8950495668        19.4492514619
        2.8154393000       -14.1013360332         2.3420596264         1.3480486360         2.8018132564        12.7044926361        19.7966820244
        2.8204569000       -49.1327659082         2.2218493577         1.3454963091         2.8094688888         8.8950495668        20.3178278682
        2.8254403000         8.7960822001         2.6137407371         1.3378393285         2.8043651338        -2.5332796411        19.9703973057
        2.8304440000       -63.9530511568         2.1976673997         1.3454963091         2.8120207662         8.8950495668        20.4915431494
        2.8354269000        57.2955044380         2.7908861279         1.3327346748         2.7992613789       -10.1521657797        19.6229667432
        2.8404466000       -63.9530511568         2.1976673997         1.3454963091         2.8120207662         8.8950495668        20.4915431494
        2.8454453000        -0.6333436704         2.5018592635         1.3403916554         2.8043651338         1.2761634282        19.9703973057
        2.8504357000         8.7960822001         2.6137407371         1.3378393285         2.8043651338        -2.5332796411        19.9703973057
        2.8554384000        -0.6333436704         2.5018592635         1.3403916554         2.8043651338         1.2761634282        19.9703973057
        2.8604412000       -54.5236252863         2.2129520935         1.3429439823         2.8120207662         5.0856064975        20.4915431494
        2.8654379000        18.2255080705         2.7256222107         1.3352870017         2.8043651338        -6.3427227104        19.9703973057
        2.8704556000       -10.0627695408         2.3899777899         1.3429439823         2.8043651338         5.0856064975        19.9703973057
        2.8754344000        14.1869415781         2.6777040472         1.3403916554         2.8018132564         1.2761634282        19.7966820244
        2.8804482000        53.2569379456         2.7861597906         1.3378393285         2.7967095015        -2.5332796411        19.4492514619
        2.8854513000       -34.3124806597         2.2469329392         1.3454963091         2.8069170113         8.8950495668        20.1441125869
        2.8904327000        18.2255080705         2.7256222107         1.3352870017         2.8043651338        -6.3427227104        19.9703973057
        2.8954664000       -15.4536289189         2.3260144797         1.3403916554         2.8069170113         1.2761634282        20.1441125869
        2.9004306000       -63.9530511568         2.1976673997         1.3454963091         2.8120207662         8.8950495668        20.4915431494
        2.9054457000        47.8660785675         2.7798291639         1.3352870017         2.7992613789        -6.3427227104        19.6229667432
        2.9104216000       -30.2739141673         2.2539327302         1.3403916554         2.8094688888         1.2761634282        20.3178278682
        2.9154399000       -19.4921954112         2.2780963163         1.3454963091         2.8043651338         8.8950495668        19.9703973057
        2.9204433000       -34.3124806597         2.2469329392         1.3454963091         2.8069170113         8.8950495668        20.1441125869
        2.9254312000        73.4680825721         2.8096812374         1.3403916554         2.7916057465         1.2761634282        19.1018208995
        2.9304407000        23.6163674486         2.7510222504         1.3378393285         2.8018132564        -2.5332796411        19.7966820244
        2.9354512000        -6.0242030484         2.4378959533         1.3378393285         2.8069170113        -2.5332796411        20.1441125869
        2.9404371000       -39.7033400378         2.2377005941         1.3429439823         2.8094688888         5.0856064975        20.3178278682
        2.9454505000        57.2955044380         2.7908861279         1.3327346748         2.7992613789       -10.1521657797        19.6229667432
        2.9504253000        27.6549339410         2.7558592337         1.3327346748         2.8043651338       -10.1521657797        19.9703973057
        2.9554507000        23.6163674486         2.7510222504         1.3378393285         2.8018132564        -2.5332796411        19.7966820244
        2.9604190000        47.8660785675         2.7798291639         1.3352870017         2.7992613789        -6.3427227104        19.6229667432
        2.9654562000        72.1157896865         2.8081173778         1.3327346748         2.7967095015       -10.1521657797        19.4492514619
        2.9704409000         8.7960822001         2.6137407371         1.3378393285         2.8043651338        -2.5332796411        19.9703973057
        2.9754582000         8.7960822001         2.6137407371         1.3378393285         2.8043651338        -2.5332796411        19.9703973057
        2.9804371000        10.1483750857         2.6297858837         1.3454963091         2.7992613789         8.8950495668        19.6229667432
        2.9855551000        -4.6719101628         2.4539411000         1.3454963091         2.8018132564         8.8950495668        19.7966820244
        2.9904227000      -116.4910398871         2.1183139319         1.3557056165         2.8145726437        24.1328218441        20.6652584306
        2.9954406000        51.9046450599         2.7845741170         1.3301823480         2.8018132564       -13.9616088490        19.7966820244
        3.0004248000        -6.0242030484         2.4378959533         1.3378393285         2.8069170113        -2.5332796411        20.1441125869
        3.0054461000       -15.4536289189         2.3260144797         1.3403916554         2.8069170113         1.2761634282        20.1441125869
        3.0104537000        18.2255080705         2.7256222107         1.3352870017         2.8043651338        -6.3427227104        19.9703973057
        3.0154396000       -54.5236252863         2.2129520935         1.3429439823         2.8120207662         5.0856064975        20.4915431494
        3.0204398000        -6.0242030484         2.4378959533         1.3378393285         2.8069170113        -2.5332796411        20.1441125869
        3.0254341000        66.7249303084         2.8018694333         1.3301823480         2.7992613789       -13.9616088490        19.6229667432
        3.0304312000       -49.1327659082         2.2218493577         1.3454963091         2.8094688888         8.8950495668        20.3178278682
        3.0354749000       -53.1713324006         2.2151729190         1.3506009628         2.8069170113        16.5139357054        20.1441125869
        3.0404378000        18.2255080705         2.7256222107         1.3352870017         2.8043651338        -6.3427227104        19.9703973057
        3.0454569000       -15.4536289189         2.3260144797         1.3403916554         2.8069170113         1.2761634282        20.1441125869
        3.0504625000        -6.0242030484         2.4378959533         1.3378393285         2.8069170113        -2.5332796411        20.1441125869
        3.0554466000       -63.9530511568         2.1976673997         1.3454963091         2.8120207662         8.8950495668        20.4915431494
        3.0604271000         3.4052228220         2.5497774270         1.3352870017         2.8069170113        -6.3427227104        20.1441125869
        3.0654673000        33.0457933190         2.7622905593         1.3352870017         2.8018132564        -6.3427227104        19.7966820244
        3.0704424000       -63.9530511568         2.1976673997         1.3454963091         2.8120207662         8.8950495668        20.4915431494
        3.0754733000       -54.5236252863         2.2129520935         1.3429439823         2.8120207662         5.0856064975        20.4915431494
        3.0804308000       -24.8830547893         2.2633900833         1.3429439823         2.8069170113         5.0856064975        20.1441125869
        3.0854500000       -63.9530511568         2.1976673997         1.3454963091         2.8120207662         8.8950495668        20.4915431494
        3.0904538000       -11.4150624265         2.3739326432         1.3352870017         2.8094688888        -6.3427227104        20.3178278682
        3.0954392000         8.7960822001         2.6137407371         1.3378393285         2.8043651338        -2.5332796411        19.9703973057
        3.1004437000       -35.6647735454         2.2446051506         1.3378393285         2.8120207662        -2.5332796411        20.4915431494
        3.1054356000         3.4052228220         2.5497774270         1.3352870017         2.8069170113        -6.3427227104        20.1441125869
        3.1104699000        74.8020632932         2.8112225979         1.3199730405         2.8043651338       -29.1993811262        19.9703973057
        3.1154597000       -14.1013360332         2.3420596264         1.3480486360         2.8018132564        12.7044926361        19.7966820244
        3.1204322000        19.5778009562         2.7416673573         1.3429439823         2.7992613789         5.0856064975        19.6229667432
        3.1254447000       -11.4150624265         2.3739326432         1.3352870017         2.8094688888        -6.3427227104        20.3178278682
        3.1304472000       -63.9530511568         2.1976673997         1.3454963091         2.8120207662         8.8950495668        20.4915431494
        3.1354388000        57.2955044380         2.7908861279         1.3327346748         2.7992613789       -10.1521657797        19.6229667432
        3.1404300000       -35.6647735454         2.2446051506         1.3378393285         2.8120207662        -2.5332796411        20.4915431494
        3.1454286000       -10.0627695408         2.3899777899         1.3429439823         2.8043651338         5.0856064975        19.9703973057
        3.1504386000        18.2255080705         2.7256222107         1.3352870017         2.8043651338        -6.3427227104        19.9703973057
        3.1554468000       -49.1327659082         2.2218493577         1.3454963091         2.8094688888         8.8950495668        20.3178278682
        3.1604422000       -19.4921954112         2.2780963163         1.3454963091         2.8043651338         8.8950495668        19.9703973057
        3.1654266000       -20.8444882969         2.2705619244         1.3378393285         2.8094688888        -2.5332796411        20.3178278682
        3.1704575000        11.4823558068         2.6456137539         1.3250776943         2.8120207662       -21.5804949876        20.4915431494
        3.1754377000        72.1157896865         2.8081173778         1.3327346748         2.7967095015       -10.1521657797        19.4492514619
        3.1804557000       -92.2413287681         2.1537943024         1.3531532897         2.8120207662        20.3233787748        20.4915431494
        3.1854341000        23.6163674486         2.7510222504         1.3378393285         2.8018132564        -2.5332796411        19.7966820244
        3.1904475000        33.0457933190         2.7622905593         1.3352870017         2.8018132564        -6.3427227104        19.7966820244
        3.1954266000       -49.1327659082         2.2218493577         1.3454963091         2.8094688888         8.8950495668        20.3178278682
        3.2004452000        81.5452155569         2.8189944184         1.3301823480         2.7967095015       -13.9616088490        19.4492514619
        3.2054272000         4.7575157077         2.5658225736         1.3429439823         2.8018132564         5.0856064975        19.7966820244
        3.2104363000       -49.1327659082         2.2218493577         1.3454963091         2.8094688888         8.8950495668        20.3178278682
        3.2154455000        23.6163674486         2.7510222504         1.3378393285         2.8018132564        -2.5332796411        19.7966820244
        3.2204492000        14.1869415781         2.6777040472         1.3403916554         2.8018132564         1.2761634282        19.7966820244
        3.2254580000       -10.0627695408         2.3899777899         1.3429439823         2.8043651338         5.0856064975        19.9703973057
        3.2304614000       -39.7033400378         2.2377005941         1.3429439823         2.8094688888         5.0856064975        20.3178278682
        3.2354614000        72.1157896865         2.8081173778         1.3327346748         2.7967095015       -10.1521657797        19.4492514619
        3.2404472000        37.0843598114         2.7670901353         1.3301823480         2.8043651338       -13.9616088490        19.9703973057
        3.2454482000       -24.8830547893         2.2633900833         1.3429439823         2.8069170113         5.0856064975        20.1441125869
        3.2504420000       -39.7033400378         2.2377005941         1.3429439823         2.8094688888         5.0856064975        20.3178278682
        3.2554392000        96.3655008054         2.8359671608         1.3301823480         2.7941576240       -13.9616088490        19.2755361807
        3.2604771000        14.1869415781         2.6777040472         1.3403916554         2.8018132564         1.2761634282        19.7966820244
        3.2654740000        23.6163674486         2.7510222504         1.3378393285         2.8018132564        -2.5332796411        19.7966820244
        3.2705569000        53.2569379456         2.7861597906         1.3378393285         2.7967095015        -2.5332796411        19.4492514619
        3.2754297000        96.3655008054         2.8359671608         1.3301823480         2.7941576240       -13.9616088490        19.2755361807
        3.2804753000        29.0072268266         2.7574752161         1.3403916554         2.7992613789         1.2761634282        19.6229667432
        3.2854525000       -20.8444882969         2.2705619244         1.3378393285         2.8094688888        -2.5332796411        20.3178278682
        3.2904436000        86.9360749350         2.8251849046         1.3327346748         2.7941576240       -10.1521657797        19.2755361807
        3.2954493000        14.1869415781         2.6777040472         1.3403916554         2.8018132564         1.2761634282        19.7966820244
        3.3004324000       -23.5307619036         2.2657831715         1.3506009628         2.8018132564        16.5139357054        19.7966820244
        3.3054754000         4.7575157077         2.5658225736         1.3429439823         2.8018132564         5.0856064975        19.7966820244
        3.3104531000        33.0457933190         2.7622905593         1.3352870017         2.8018132564        -6.3427227104        19.7966820244
        3.3154646000       -63.9530511568         2.1976673997         1.3454963091         2.8120207662         8.8950495668        20.4915431494
        3.3204406000        -0.6333436704         2.5018592635         1.3403916554         2.8043651338         1.2761634282        19.9703973057
        3.3254281000       -20.8444882969         2.2705619244         1.3378393285         2.8094688888        -2.5332796411        20.3178278682
        3.3304408000        -0.6333436704         2.5018592635         1.3403916554         2.8043651338         1.2761634282        19.9703973057
        3.3354461000        38.4366526971         2.7686937904         1.3378393285         2.7992613789        -2.5332796411        19.6229667432
        3.3404486000        18.2255080705         2.7256222107         1.3352870017         2.8043651338        -6.3427227104        19.9703973057
        3.3454773000        57.2955044380         2.7908861279         1.3327346748         2.7992613789       -10.1521657797        19.6229667432
        3.3504239000        27.6549339410         2.7558592337         1.3327346748         2.8043651338       -10.1521657797        19.9703973057
        3.3554383000       -10.0627695408         2.3899777899         1.3429439823         2.8043651338         5.0856064975        19.9703973057
        3.3604303000       -90.8890358824         2.1558279863         1.3608102703         2.8069170113        31.7517079827        20.1441125869
        3.3654551000        41.1229263038         2.7718743230         1.3250776943         2.8069170113       -21.5804949876        20.1441125869
        3.3704205000        18.2255080705         2.7256222107         1.3352870017         2.8043651338        -6.3427227104        19.9703973057
        3.3754568000        57.2955044380         2.7908861279         1.3327346748         2.7992613789       -10.1521657797        19.6229667432
        3.3804388000        -6.0242030484         2.4378959533         1.3378393285         2.8069170113        -2.5332796411        20.1441125869
        3.3854482000       -72.0301841415         2.1848459501         1.3557056165         2.8069170113        24.1328218441        20.1441125869
        3.3904342000        -6.0242030484         2.4378959533         1.3378393285         2.8069170113        -2.5332796411        20.1441125869
        3.3954427000        12.8346486925         2.6616589006         1.3327346748         2.8069170113       -10.1521657797        20.1441125869
        3.4004447000       -78.7733364053         2.1743263077         1.3454963091         2.8145726437         8.8950495668        20.6652584306
        3.4054380000       -73.3824770272         2.1827230744         1.3480486360         2.8120207662        12.7044926361        20.4915431494
        3.4104191000       -69.3439105348         2.1890829586         1.3429439823         2.8145726437         5.0856064975        20.6652584306
        3.4154374000       -24.8830547893         2.2633900833         1.3429439823         2.8069170113         5.0856064975        20.1441125869
        3.4204410000        27.6549339410         2.7558592337         1.3327346748         2.8043651338       -10.1521657797        19.9703973057
        3.4254465000       -78.7733364053         2.1743263077         1.3454963091         2.8145726437         8.8950495668        20.6652584306
        3.4304355000       -30.2739141673         2.2539327302         1.3403916554         2.8094688888         1.2761634282        20.3178278682
        3.4354531000         7.4437893145         2.5976955904         1.3301823480         2.8094688888       -13.9616088490        20.3178278682
        3.4404250000       -30.2739141673         2.2539327302         1.3403916554         2.8094688888         1.2761634282        20.3178278682
        3.4454723000         3.4052228220         2.5497774270         1.3352870017         2.8069170113        -6.3427227104        20.1441125869
        3.4504417000       103.0903409046         2.8436233065         1.3123160600         2.8043651338       -40.6277103342        19.9703973057
        3.4554336000        19.5778009562         2.7416673573         1.3429439823         2.7992613789         5.0856064975        19.6229667432
        3.4604403000       -53.1713324006         2.2151729190         1.3506009628         2.8069170113        16.5139357054        20.1441125869
        3.4654260000        -1.9856365560         2.4858141168         1.3327346748         2.8094688888       -10.1521657797        20.3178278682
        3.4704364000        33.0457933190         2.7622905593         1.3352870017         2.8018132564        -6.3427227104        19.7966820244
        3.4754270000       -45.0941994159         2.2285927411         1.3403916554         2.8120207662         1.2761634282        20.4915431494
        3.4804569000        18.2255080705         2.7256222107         1.3352870017         2.8043651338        -6.3427227104        19.9703973057
        3.4854344000       -24.8830547893         2.2633900833         1.3429439823         2.8069170113         5.0856064975        20.1441125869
        3.4904669000         3.4052228220         2.5497774270         1.3352870017         2.8069170113        -6.3427227104        20.1441125869
        3.4954528000       -63.9530511568         2.1976673997         1.3454963091         2.8120207662         8.8950495668        20.4915431494
        3.5004857000       -73.3824770272         2.1827230744         1.3480486360         2.8120207662        12.7044926361        20.4915431494
        3.5054878000         3.4052228220         2.5497774270         1.3352870017         2.8069170113        -6.3427227104        20.1441125869
        3.5104743000        64.0203445371         2.7987264153         1.3148683868         2.8094688888       -36.8182672649        20.3178278682
        3.5154452000       -77.4210435196         2.1764228050         1.3531532897         2.8094688888        20.3233787748        20.3178278682
        3.5204592000        27.6549339410         2.7558592337         1.3327346748         2.8043651338       -10.1521657797        19.9703973057
        3.5254457000        -0.6333436704         2.5018592635         1.3403916554         2.8043651338         1.2761634282        19.9703973057
        3.5304555000       -58.5621917787         2.2063630854         1.3480486360         2.8094688888        12.7044926361        20.3178278682
        3.5354349000         8.7960822001         2.6137407371         1.3378393285         2.8043651338        -2.5332796411        19.9703973057
        3.5404436000        -6.0242030484         2.4378959533         1.3378393285         2.8069170113        -2.5332796411        20.1441125869
        3.5454364000       -38.3510471521         2.2400047057         1.3506009628         2.8043651338        16.5139357054        19.9703973057
        3.5504593000        51.9046450599         2.7845741170         1.3301823480         2.8018132564       -13.9616088490        19.7966820244
        3.5555064000        61.3340709304         2.7955989541         1.3276300211         2.8018132564       -17.7710519183        19.7966820244
        3.5604426000        62.6863638160         2.7971740644         1.3352870017         2.7967095015        -6.3427227104        19.4492514619
        3.5654411000        18.2255080705         2.7256222107         1.3352870017         2.8043651338        -6.3427227104        19.9703973057
        3.5704359000       111.1857860539         2.8528055029         1.3301823480         2.7916057465       -13.9616088490        19.1018208995
        3.5754404000       -34.3124806597         2.2469329392         1.3454963091         2.8069170113         8.8950495668        20.1441125869
        3.5804484000        38.4366526971         2.7686937904         1.3378393285         2.7992613789        -2.5332796411        19.6229667432
        3.5854332000        14.1869415781         2.6777040472         1.3403916554         2.8018132564         1.2761634282        19.7966820244
        3.5904707000       -34.3124806597         2.2469329392         1.3454963091         2.8069170113         8.8950495668        20.1441125869
        3.5954320000       -49.1327659082         2.2218493577         1.3454963091         2.8094688888         8.8950495668        20.3178278682
        3.6004596000        -0.6333436704         2.5018592635         1.3403916554         2.8043651338         1.2761634282        19.9703973057
        3.6054472000        38.4366526971         2.7686937904         1.3378393285         2.7992613789        -2.5332796411        19.6229667432
        3.6104784000       -34.3124806597         2.2469329392         1.3454963091         2.8069170113         8.8950495668        20.1441125869
        3.6154754000        -0.6333436704         2.5018592635         1.3403916554         2.8043651338         1.2761634282        19.9703973057
        3.6204818000        33.0457933190         2.7622905593         1.3352870017         2.8018132564        -6.3427227104        19.7966820244
        3.6254597000        72.1157896865         2.8081173778         1.3327346748         2.7967095015       -10.1521657797        19.4492514619
        3.6304649000        23.6163674486         2.7510222504         1.3378393285         2.8018132564        -2.5332796411        19.7966820244
        3.6354547000        18.2255080705         2.7256222107         1.3352870017         2.8043651338        -6.3427227104        19.9703973057
        3.6404920000        38.4366526971         2.7686937904         1.3378393285         2.7992613789        -2.5332796411        19.6229667432
        3.6454470000       -96.2798952605         2.1477567261         1.3582579434         2.8094688888        27.9422649134        20.3178278682
        3.6504350000       -42.3896136446         2.2331467625         1.3557056165         2.8018132564        24.1328218441        19.7966820244
        3.6554686000        46.5137856819         2.7782371455         1.3276300211         2.8043651338       -17.7710519183        19.9703973057
        3.6604259000       -59.9144846644         2.2041711680         1.3403916554         2.8145726437         1.2761634282        20.6652584306
        3.6654652000        29.0072268266         2.7574752161         1.3403916554         2.7992613789         1.2761634282        19.6229667432
        3.6704461000       -26.2353476750         2.2610053531         1.3352870017         2.8120207662        -6.3427227104        20.4915431494
        3.6754629000        12.8346486925         2.6616589006         1.3327346748         2.8069170113       -10.1521657797        20.1441125869
        3.6804374000       -19.4921954112         2.2780963163         1.3454963091         2.8043651338         8.8950495668        19.9703973057
        3.6854790000         8.7960822001         2.6137407371         1.3378393285         2.8043651338        -2.5332796411        19.9703973057
        3.6904333000        -6.0242030484         2.4378959533         1.3378393285         2.8069170113        -2.5332796411        20.1441125869
        3.6954728000        57.2955044380         2.7908861279         1.3327346748         2.7992613789       -10.1521657797        19.6229667432
        3.7004523000        42.4752191895         2.7734729101         1.3327346748         2.8018132564       -10.1521657797        19.7966820244
        3.7054662000       -15.4536289189         2.3260144797         1.3403916554         2.8069170113         1.2761634282        20.1441125869
        3.7104572000       -54.5236252863         2.2129520935         1.3429439823         2.8120207662         5.0856064975        20.4915431494
        3.7154655000         3.4052228220         2.5497774270         1.3352870017         2.8069170113        -6.3427227104        20.1441125869
        3.7204474000       -63.9530511568         2.1976673997         1.3454963091         2.8120207662         8.8950495668        20.4915431494
        3.7254660000       -20.8444882969         2.2705619244         1.3378393285         2.8094688888        -2.5332796411        20.3178278682
        3.7304524000        38.4366526971         2.7686937904         1.3378393285         2.7992613789        -2.5332796411        19.6229667432
        3.7354654000       -34.3124806597         2.2469329392         1.3454963091         2.8069170113         8.8950495668        20.1441125869
        3.7404580000         8.7960822001         2.6137407371         1.3378393285         2.8043651338        -2.5332796411        19.9703973057
        3.7454431000       -63.9530511568         2.1976673997         1.3454963091         2.8120207662         8.8950495668        20.4915431494
        3.7504288000       -15.4536289189         2.3260144797         1.3403916554         2.8069170113         1.2761634282        20.1441125869
        3.7554555000       -34.3124806597         2.2469329392         1.3454963091         2.8069170113         8.8950495668        20.1441125869
        3.7604470000        47.8660785675         2.7798291639         1.3352870017         2.7992613789        -6.3427227104        19.6229667432
        3.7654291000        51.9046450599         2.7845741170         1.3301823480         2.8018132564       -13.9616088490        19.7966820244
        3.7704401000       -63.9530511568         2.1976673997         1.3454963091         2.8120207662         8.8950495668        20.4915431494
        3.7754555000        38.4366526971         2.7686937904         1.3378393285         2.7992613789        -2.5332796411        19.6229667432
        3.7804351000        27.6549339410         2.7558592337         1.3327346748         2.8043651338       -10.1521657797        19.9703973057
        3.7854423000        -6.0242030484         2.4378959533         1.3378393285         2.8069170113        -2.5332796411        20.1441125869
        3.7904247000        -6.0242030484         2.4378959533         1.3378393285         2.8069170113        -2.5332796411        20.1441125869
        3.7954619000       -20.8444882969         2.2705619244         1.3378393285         2.8094688888        -2.5332796411        20.3178278682
        3.8004225000       -54.5236252863         2.2129520935         1.3429439823         2.8120207662         5.0856064975        20.4915431494
        3.8054327000         8.7960822001         2.6137407371         1.3378393285         2.8043651338        -2.5332796411        19.9703973057
        3.8104188000       -34.3124806597         2.2469329392         1.3454963091         2.8069170113         8.8950495668        20.1441125869
        3.8154552000      -111.1001805090         2.1260455530         1.3582579434         2.8120207662        27.9422649134        20.4915431494
        3.8204406000       101.7563601835         2.8421067072         1.3327346748         2.7916057465       -10.1521657797        19.1018208995
        3.8254244000        57.2955044380         2.7908861279         1.3327346748         2.7992613789       -10.1521657797        19.6229667432
        3.8304284000       -54.5236252863         2.2129520935         1.3429439823         2.8120207662         5.0856064975        20.4915431494
        3.8354532000       -15.4536289189         2.3260144797         1.3403916554         2.8069170113         1.2761634282        20.1441125869
        3.8404629000       -10.0627695408         2.3899777899         1.3429439823         2.8043651338         5.0856064975        19.9703973057
        3.8454826000       -54.5236252863         2.2129520935         1.3429439823         2.8120207662         5.0856064975        20.4915431494
        3.8504384000       -63.9530511568         2.1976673997         1.3454963091         2.8120207662         8.8950495668        20.4915431494
        3.8554399000       -11.4150624265         2.3739326432         1.3352870017         2.8094688888        -6.3427227104        20.3178278682
        3.8604338000       147.5511966500         2.8936633723         1.3123160600         2.7967095015       -40.6277103342        19.4492514619
        3.8654241000        42.4752191895         2.7734729101         1.3327346748         2.8018132564       -10.1521657797        19.7966820244
        3.8704372000        -4.6719101628         2.4539411000         1.3454963091         2.8018132564         8.8950495668        19.7966820244
        3.8754441000       111.1857860539         2.8528055029         1.3301823480         2.7916057465       -13.9616088490        19.1018208995
        3.8804470000        10.1483750857         2.6297858837         1.3454963091         2.7992613789         8.8950495668        19.6229667432
        3.8854370000        14.1869415781         2.6777040472         1.3403916554         2.8018132564         1.2761634282        19.7966820244
        3.8904466000        90.9746414274         2.8298098337         1.3276300211         2.7967095015       -17.7710519183        19.4492514619
        3.8954253000         4.7575157077         2.5658225736         1.3429439823         2.8018132564         5.0856064975        19.7966820244
        3.9004392000       -39.7033400378         2.2377005941         1.3429439823         2.8094688888         5.0856064975        20.3178278682
        3.9054424000       100.4040672978         2.8405682308         1.3250776943         2.7967095015       -21.5804949876        19.4492514619
        3.9104353000       -15.4536289189         2.3260144797         1.3403916554         2.8069170113         1.2761634282        20.1441125869
        3.9154359000        14.1869415781         2.6777040472         1.3403916554         2.8018132564         1.2761634282        19.7966820244
        3.9204335000        23.6163674486         2.7510222504         1.3378393285         2.8018132564        -2.5332796411        19.7966820244
        3.9254356000        -0.6333436704         2.5018592635         1.3403916554         2.8043651338         1.2761634282        19.9703973057
        3.9304516000        62.6863638160         2.7971740644         1.3352870017         2.7967095015        -6.3427227104        19.4492514619
        3.9354386000        62.6863638160         2.7971740644         1.3352870017         2.7967095015        -6.3427227104        19.4492514619
        3.9405058000       -19.4921954112         2.2780963163         1.3454963091         2.8043651338         8.8950495668        19.9703973057
        3.9454271000       -63.9530511568         2.1976673997         1.3454963091         2.8120207662         8.8950495668        20.4915431494
        3.9504329000        70.7634968008         2.8065521552         1.3250776943         2.8018132564       -21.5804949876        19.7966820244
        3.9554493000        50.5523521743         2.7829868728         1.3225253674         2.8069170113       -25.3899380569        20.1441125869
        3.9604591000       -41.0556329235         2.2354043162         1.3352870017         2.8145726437        -6.3427227104        20.6652584306
        3.9654388000        51.9046450599         2.7845741170         1.3301823480         2.8018132564       -13.9616088490        19.7966820244
        3.9704545000       -10.0627695408         2.3899777899         1.3429439823         2.8043651338         5.0856064975        19.9703973057
        3.9754307000        -0.6333436704         2.5018592635         1.3403916554         2.8043651338         1.2761634282        19.9703973057
        3.9804561000        27.6549339410         2.7558592337         1.3327346748         2.8043651338       -10.1521657797        19.9703973057
        3.9854322000        57.2955044380         2.7908861279         1.3327346748         2.7992613789       -10.1521657797        19.6229667432
        3.9904476000      -107.0616140166         2.1318944701         1.3531532897         2.8145726437        20.3233787748        20.6652584306
        3.9954449000         4.7575157077         2.5658225736         1.3429439823         2.8018132564         5.0856064975        19.7966820244
        4.0004415000        16.8732151849         2.7095770640         1.3276300211         2.8094688888       -17.7710519183        20.3178278682
        4.0054380000        57.2955044380         2.7908861279         1.3327346748         2.7992613789       -10.1521657797        19.6229667432
        4.0104281000       -45.0941994159         2.2285927411         1.3403916554         2.8120207662         1.2761634282        20.4915431494
        4.0154395000       -20.8444882969         2.2705619244         1.3378393285         2.8094688888        -2.5332796411        20.3178278682
        4.0204179000        42.4752191895         2.7734729101         1.3327346748         2.8018132564       -10.1521657797        19.7966820244
        4.0254618000        -6.0242030484         2.4378959533         1.3378393285         2.8069170113        -2.5332796411        20.1441125869
        4.0304418000         3.4052228220         2.5497774270         1.3352870017         2.8069170113        -6.3427227104        20.1441125869
        4.0355044000        66.7249303084         2.8018694333         1.3301823480         2.7992613789       -13.9616088490        19.6229667432
        4.0405132000       -63.9530511568         2.1976673997         1.3454963091         2.8120207662         8.8950495668        20.4915431494
        4.0454859000        -6.0242030484         2.4378959533         1.3378393285         2.8069170113        -2.5332796411        20.1441125869
        4.0504690000        42.4752191895         2.7734729101         1.3327346748         2.8018132564       -10.1521657797        19.7966820244
        4.0554898000       -63.9530511568         2.1976673997         1.3454963091         2.8120207662         8.8950495668        20.4915431494
        4.0604708000        -6.0242030484         2.4378959533         1.3378393285         2.8069170113        -2.5332796411        20.1441125869
        4.0654640000       -54.5236252863         2.2129520935         1.3429439823         2.8120207662         5.0856064975        20.4915431494
        4.0704431000       -35.6647735454         2.2446051506         1.3378393285         2.8120207662        -2.5332796411        20.4915431494
        4.0754345000        42.4752191895         2.7734729101         1.3327346748         2.8018132564       -10.1521657797        19.7966820244
        4.0804373000       -63.9530511568         2.1976673997         1.3454963091         2.8120207662         8.8950495668        20.4915431494
        4.0854785000       -50.4850587939         2.2196063936         1.3378393285         2.8145726437        -2.5332796411        20.6652584306
        4.0904594000       -15.4536289189         2.3260144797         1.3403916554         2.8069170113         1.2761634282        20.1441125869
        4.0954474000        42.4752191895         2.7734729101         1.3327346748         2.8018132564       -10.1521657797        19.7966820244
        4.1004289000       -20.8444882969         2.2705619244         1.3378393285         2.8094688888        -2.5332796411        20.3178278682
        4.1055052000       -45.0941994159         2.2285927411         1.3403916554         2.8120207662         1.2761634282        20.4915431494
        4.1104242000        57.2955044380         2.7908861279         1.3327346748         2.7992613789       -10.1521657797        19.6229667432
        4.1154391000       -84.1641957833         2.1660329266         1.3429439823         2.8171245211         5.0856064975        20.8389737119
        4.1204415000       -35.6647735454         2.2446051506         1.3378393285         2.8120207662        -2.5332796411        20.4915431494
        4.1254577000        37.0843598114         2.7670901353         1.3301823480         2.8043651338       -13.9616088490        19.9703973057
        4.1304312000       -78.7733364053         2.1743263077         1.3454963091         2.8145726437         8.8950495668        20.6652584306
        4.1354507000        -6.0242030484         2.4378959533         1.3378393285         2.8069170113        -2.5332796411        20.1441125869
        4.1404562000        -6.0242030484         2.4378959533         1.3378393285         2.8069170113        -2.5332796411        20.1441125869
        4.1454448000        12.8346486925         2.6616589006         1.3327346748         2.8069170113       -10.1521657797        20.1441125869
        4.1504446000         3.4052228220         2.5497774270         1.3352870017         2.8069170113        -6.3427227104        20.1441125869
        4.1554367000       -15.4536289189         2.3260144797         1.3403916554         2.8069170113         1.2761634282        20.1441125869
        4.1604468000       -72.0301841415         2.1848459501         1.3557056165         2.8069170113        24.1328218441        20.1441125869
        4.1654504000       -54.5236252863         2.2129520935         1.3429439823         2.8120207662         5.0856064975        20.4915431494
        4.1704402000       171.8009077690         2.9206433278         1.3097637331         2.7941576240       -44.4371534035        19.2755361807
        4.1754677000        81.5452155569         2.8189944184         1.3301823480         2.7967095015       -13.9616088490        19.4492514619
        4.1804575000       -73.3824770272         2.1827230744         1.3480486360         2.8120207662        12.7044926361        20.4915431494
        4.1855971000         3.4052228220         2.5497774270         1.3352870017         2.8069170113        -6.3427227104        20.1441125869
        4.1904240000        18.2255080705         2.7256222107         1.3352870017         2.8043651338        -6.3427227104        19.9703973057
        4.1954491000         4.7575157077         2.5658225736         1.3429439823         2.8018132564         5.0856064975        19.7966820244
        4.2004375000       -45.0941994159         2.2285927411         1.3403916554         2.8120207662         1.2761634282        20.4915431494
        4.2055085000         3.4052228220         2.5497774270         1.3352870017         2.8069170113        -6.3427227104        20.1441125869
        4.2104410000       -49.1327659082         2.2218493577         1.3454963091         2.8094688888         8.8950495668        20.3178278682
        4.2154249000        47.8660785675         2.7798291639         1.3352870017         2.7992613789        -6.3427227104        19.6229667432
        4.2204428000       -49.1327659082         2.2218493577         1.3454963091         2.8094688888         8.8950495668        20.3178278682
        4.2254439000        62.6863638160         2.7971740644         1.3352870017         2.7967095015        -6.3427227104        19.4492514619
        4.2304512000         3.4052228220         2.5497774270         1.3352870017         2.8069170113        -6.3427227104        20.1441125869
        4.2354329000       -45.0941994159         2.2285927411         1.3403916554         2.8120207662         1.2761634282        20.4915431494
        4.2404486000        66.7249303084         2.8018694333         1.3301823480         2.7992613789       -13.9616088490        19.6229667432
        4.2454298000        33.0457933190         2.7622905593         1.3352870017         2.8018132564        -6.3427227104        19.7966820244
        4.2504431000       -58.5621917787         2.2063630854         1.3480486360         2.8094688888        12.7044926361        20.3178278682
        4.2554258000       -54.5236252863         2.2129520935         1.3429439823         2.8120207662         5.0856064975        20.4915431494
        4.2604353000        57.2955044380         2.7908861279         1.3327346748         2.7992613789       -10.1521657797        19.6229667432
        4.2654471000       -35.6647735454         2.2446051506         1.3378393285         2.8120207662        -2.5332796411        20.4915431494
        4.2704601000        18.2255080705         2.7256222107         1.3352870017         2.8043651338        -6.3427227104        19.9703973057
        4.2754403000         8.7960822001         2.6137407371         1.3378393285         2.8043651338        -2.5332796411        19.9703973057
        4.2804219000        23.6163674486         2.7510222504         1.3378393285         2.8018132564        -2.5332796411        19.7966820244
        4.2854369000         8.7960822001         2.6137407371         1.3378393285         2.8043651338        -2.5332796411        19.9703973057
        4.2904651000        57.2955044380         2.7908861279         1.3327346748         2.7992613789       -10.1521657797        19.6229667432
        4.2954456000        57.2955044380         2.7908861279         1.3327346748         2.7992613789       -10.1521657797        19.6229667432
        4.3004343000       -63.9530511568         2.1976673997         1.3454963091         2.8120207662         8.8950495668        20.4915431494
        4.3054425000        57.2955044380         2.7908861279         1.3327346748         2.7992613789       -10.1521657797        19.6229667432
        4.3104595000       -73.3824770272         2.1827230744         1.3480486360         2.8120207662        12.7044926361        20.4915431494
        4.3154419000        72.1157896865         2.8081173778         1.3327346748         2.7967095015       -10.1521657797        19.4492514619
        4.3204443000       -63.9530511568         2.1976673997         1.3454963091         2.8120207662         8.8950495668        20.4915431494
        4.3254375000        57.2955044380         2.7908861279         1.3327346748         2.7992613789       -10.1521657797        19.6229667432
        4.3304474000       -39.7033400378         2.2377005941         1.3429439823         2.8094688888         5.0856064975        20.3178278682
        4.3354292000        -6.0242030484         2.4378959533         1.3378393285         2.8069170113        -2.5332796411        20.1441125869
        4.3404653000         8.7960822001         2.6137407371         1.3378393285         2.8043651338        -2.5332796411        19.9703973057
        4.3454491000        14.1869415781         2.6777040472         1.3403916554         2.8018132564         1.2761634282        19.7966820244
        4.3504807000       -35.6647735454         2.2446051506         1.3378393285         2.8120207662        -2.5332796411        20.4915431494
        4.3554438000        14.1869415781         2.6777040472         1.3403916554         2.8018132564         1.2761634282        19.7966820244
        4.3604370000        57.2955044380         2.7908861279         1.3327346748         2.7992613789       -10.1521657797        19.6229667432
        4.3654400000       -20.8444882969         2.2705619244         1.3378393285         2.8094688888        -2.5332796411        20.3178278682
        4.3704415000         8.7960822001         2.6137407371         1.3378393285         2.8043651338        -2.5332796411        19.9703973057
        4.3754322000        23.6163674486         2.7510222504         1.3378393285         2.8018132564        -2.5332796411        19.7966820244
        4.3804385000        66.7249303084         2.8018694333         1.3301823480         2.7992613789       -13.9616088490        19.6229667432
        4.3854469000       -10.0627695408         2.3899777899         1.3429439823         2.8043651338         5.0856064975        19.9703973057
        4.3904342000        57.2955044380         2.7908861279         1.3327346748         2.7992613789       -10.1521657797        19.6229667432
        4.3954477000        -4.6719101628         2.4539411000         1.3454963091         2.8018132564         8.8950495668        19.7966820244
        4.4004281000       -22.1784690180         2.2681846661         1.3582579434         2.7967095015        27.9422649134        19.4492514619
        4.4054370000       -32.9601877741         2.2492687509         1.3531532897         2.8018132564        20.3233787748        19.7966820244
        4.4104288000        72.1157896865         2.8081173778         1.3327346748         2.7967095015       -10.1521657797        19.4492514619
        4.4154573000        23.6163674486         2.7510222504         1.3378393285         2.8018132564        -2.5332796411        19.7966820244
        4.4204398000       -49.1327659082         2.2218493577         1.3454963091         2.8094688888         8.8950495668        20.3178278682
        4.4254372000       -49.1327659082         2.2218493577         1.3454963091         2.8094688888         8.8950495668        20.3178278682
        4.4304382000        72.1157896865         2.8081173778         1.3327346748         2.7967095015       -10.1521657797        19.4492514619
        4.4354440000        -6.0242030484         2.4378959533         1.3378393285         2.8069170113        -2.5332796411        20.1441125869
        4.4404271000       -39.7033400378         2.2377005941         1.3429439823         2.8094688888         5.0856064975        20.3178278682
        4.4454464000        57.2955044380         2.7908861279         1.3327346748         2.7992613789       -10.1521657797        19.6229667432
        4.4504225000        29.0072268266         2.7574752161         1.3403916554         2.7992613789         1.2761634282        19.6229667432
        4.4554660000        -0.6333436704         2.5018592635         1.3403916554         2.8043651338         1.2761634282        19.9703973057
        4.4604524000        57.2955044380         2.7908861279         1.3327346748         2.7992613789       -10.1521657797        19.6229667432
        4.4654352000        81.5452155569         2.8189944184         1.3301823480         2.7967095015       -13.9616088490        19.4492514619
        4.4704407000        19.5778009562         2.7416673573         1.3429439823         2.7992613789         5.0856064975        19.6229667432
        4.4754529000       -86.8504693900         2.1619380403         1.3557056165         2.8094688888        24.1328218441        20.3178278682
        4.4804351000      -120.5296063795         2.1125770917         1.3608102703         2.8120207662        31.7517079827        20.4915431494
        4.4854462000        46.5137856819         2.7782371455         1.3276300211         2.8043651338       -17.7710519183        19.9703973057
        4.4904357000       -24.8830547893         2.2633900833         1.3429439823         2.8069170113         5.0856064975        20.1441125869
        4.4954730000       -24.8830547893         2.2633900833         1.3429439823         2.8069170113         5.0856064975        20.1441125869
        4.5004481000        22.2640745630         2.7493989081         1.3301823480         2.8069170113       -13.9616088490        20.1441125869
        4.5054611000       -63.9530511568         2.1976673997         1.3454963091         2.8120207662         8.8950495668        20.4915431494
        4.5104388000       -69.3439105348         2.1890829586         1.3429439823         2.8145726437         5.0856064975        20.6652584306
        4.5154566000        61.3340709304         2.7955989541         1.3276300211         2.8018132564       -17.7710519183        19.7966820244
        4.5204388000        -0.6333436704         2.5018592635         1.3403916554         2.8043651338         1.2761634282        19.9703973057
        4.5254478000         8.7960822001         2.6137407371         1.3378393285         2.8043651338        -2.5332796411        19.9703973057
        4.5304265000        -6.0242030484         2.4378959533         1.3378393285         2.8069170113        -2.5332796411        20.1441125869
        4.5354510000        57.2955044380         2.7908861279         1.3327346748         2.7992613789       -10.1521657797        19.6229667432
        4.5404431000        18.2255080705         2.7256222107         1.3352870017         2.8043651338        -6.3427227104        19.9703973057
        4.5454419000       -15.4536289189         2.3260144797         1.3403916554         2.8069170113         1.2761634282        20.1441125869
        4.5504477000       -78.7733364053         2.1743263077         1.3454963091         2.8145726437         8.8950495668        20.6652584306
        4.5554220000       -26.2353476750         2.2610053531         1.3352870017         2.8120207662        -6.3427227104        20.4915431494
        4.5604376000       -15.4536289189         2.3260144797         1.3403916554         2.8069170113         1.2761634282        20.1441125869
        4.5654255000        -6.0242030484         2.4378959533         1.3378393285         2.8069170113        -2.5332796411        20.1441125869
        4.5704351000        66.7249303084         2.8018694333         1.3301823480         2.7992613789       -13.9616088490        19.6229667432
        4.5754818000       -73.3824770272         2.1827230744         1.3480486360         2.8120207662        12.7044926361        20.4915431494
        4.5804331000       -63.9530511568         2.1976673997         1.3454963091         2.8120207662         8.8950495668        20.4915431494
        4.5854422000        -6.0242030484         2.4378959533         1.3378393285         2.8069170113        -2.5332796411        20.1441125869
        4.5904305000       -15.4536289189         2.3260144797         1.3403916554         2.8069170113         1.2761634282        20.1441125869
        4.5954591000        -6.0242030484         2.4378959533         1.3378393285         2.8069170113        -2.5332796411        20.1441125869
        4.6007202000       -26.2353476750         2.2610053531         1.3352870017         2.8120207662        -6.3427227104        20.4915431494
        4.6054526000        50.5523521743         2.7829868728         1.3225253674         2.8069170113       -25.3899380569        20.1441125869
        4.6104445000       -16.8059218045         2.3099693331         1.3327346748         2.8120207662       -10.1521657797        20.4915431494
        4.6154519000        29.0072268266         2.7574752161         1.3403916554         2.7992613789         1.2761634282        19.6229667432
        4.6204408000        57.2955044380         2.7908861279         1.3327346748         2.7992613789       -10.1521657797        19.6229667432
        4.6254448000         3.4052228220         2.5497774270         1.3352870017         2.8069170113        -6.3427227104        20.1441125869
        4.6304451000       -15.4536289189         2.3260144797         1.3403916554         2.8069170113         1.2761634282        20.1441125869
        4.6354399000        57.2955044380         2.7908861279         1.3327346748         2.7992613789       -10.1521657797        19.6229667432
        4.6404498000         8.7960822001         2.6137407371         1.3378393285         2.8043651338        -2.5332796411        19.9703973057
        4.6454303000        38.4366526971         2.7686937904         1.3378393285         2.7992613789        -2.5332796411        19.6229667432
        4.6504374000         3.4052228220         2.5497774270         1.3352870017         2.8069170113        -6.3427227104        20.1441125869
        4.6554463000        47.8660785675         2.7798291639         1.3352870017         2.7992613789        -6.3427227104        19.6229667432
        4.6604378000       -15.4536289189         2.3260144797         1.3403916554         2.8069170113         1.2761634282        20.1441125869
        4.6654371000        -6.0242030484         2.4378959533         1.3378393285         2.8069170113        -2.5332796411        20.1441125869
        4.6704504000        -6.0242030484         2.4378959533         1.3378393285         2.8069170113        -2.5332796411        20.1441125869
        4.6754402000        42.4752191895         2.7734729101         1.3327346748         2.8018132564       -10.1521657797        19.7966820244
        4.6804502000       -19.4921954112         2.2780963163         1.3454963091         2.8043651338         8.8950495668        19.9703973057
        4.6854290000        -0.6333436704         2.5018592635         1.3403916554         2.8043651338         1.2761634282        19.9703973057
        4.6904669000        18.2255080705         2.7256222107         1.3352870017         2.8043651338        -6.3427227104        19.9703973057
        4.6954279000        66.7249303084         2.8018694333         1.3301823480         2.7992613789       -13.9616088490        19.6229667432
        4.7004354000         8.7960822001         2.6137407371         1.3378393285         2.8043651338        -2.5332796411        19.9703973057
        4.7054183000       -35.6647735454         2.2446051506         1.3378393285         2.8120207662        -2.5332796411        20.4915431494
        4.7104523000        57.2955044380         2.7908861279         1.3327346748         2.7992613789       -10.1521657797        19.6229667432
        4.7154353000        -6.0242030484         2.4378959533         1.3378393285         2.8069170113        -2.5332796411        20.1441125869
        4.7204549000       -78.7733364053         2.1743263077         1.3454963091         2.8145726437         8.8950495668        20.6652584306
        4.7254274000       -54.5236252863         2.2129520935         1.3429439823         2.8120207662         5.0856064975        20.4915431494
        4.7304498000         8.7960822001         2.6137407371         1.3378393285         2.8043651338        -2.5332796411        19.9703973057
        4.7354272000       -15.4536289189         2.3260144797         1.3403916554         2.8069170113         1.2761634282        20.1441125869
        4.7404419000        27.6549339410         2.7558592337         1.3327346748         2.8043651338       -10.1521657797        19.9703973057
        4.7454517000       -54.5236252863         2.2129520935         1.3429439823         2.8120207662         5.0856064975        20.4915431494
        4.7504531000         3.4052228220         2.5497774270         1.3352870017         2.8069170113        -6.3427227104        20.1441125869
        4.7554412000       -15.4536289189         2.3260144797         1.3403916554         2.8069170113         1.2761634282        20.1441125869
        4.7604269000       -20.8444882969         2.2705619244         1.3378393285         2.8094688888        -2.5332796411        20.3178278682
        4.7654389000        42.4752191895         2.7734729101         1.3327346748         2.8018132564       -10.1521657797        19.7966820244
        4.7704498000       -84.1641957833         2.1660329266         1.3429439823         2.8171245211         5.0856064975        20.8389737119
        4.7754296000       -63.9530511568         2.1976673997         1.3454963091         2.8120207662         8.8950495668        20.4915431494
        4.7804391000        -6.0242030484         2.4378959533         1.3378393285         2.8069170113        -2.5332796411        20.1441125869
        4.7854285000       -15.4536289189         2.3260144797         1.3403916554         2.8069170113         1.2761634282        20.1441125869
        4.7904368000        57.2955044380         2.7908861279         1.3327346748         2.7992613789       -10.1521657797        19.6229667432
        4.7954195000       -54.5236252863         2.2129520935         1.3429439823         2.8120207662         5.0856064975        20.4915431494
        4.8004269000        57.2955044380         2.7908861279         1.3327346748         2.7992613789       -10.1521657797        19.6229667432
        4.8054366000       -34.3124806597         2.2469329392         1.3454963091         2.8069170113         8.8950495668        20.1441125869
        4.8104723000       -15.4536289189         2.3260144797         1.3403916554         2.8069170113         1.2761634282        20.1441125869
        4.8154336000        23.6163674486         2.7510222504         1.3378393285         2.8018132564        -2.5332796411        19.7966820244
        4.8204230000        -0.6333436704         2.5018592635         1.3403916554         2.8043651338         1.2761634282        19.9703973057
        4.8254281000        57.2955044380         2.7908861279         1.3327346748         2.7992613789       -10.1521657797        19.6229667432
        4.8304609000       -54.5236252863         2.2129520935         1.3429439823         2.8120207662         5.0856064975        20.4915431494
        4.8354422000        -0.6333436704         2.5018592635         1.3403916554         2.8043651338         1.2761634282        19.9703973057
        4.8405321000        38.4366526971         2.7686937904         1.3378393285         2.7992613789        -2.5332796411        19.6229667432
        4.8454397000       -63.9530511568         2.1976673997         1.3454963091         2.8120207662         8.8950495668        20.4915431494
        4.8504256000        -6.0242030484         2.4378959533         1.3378393285         2.8069170113        -2.5332796411        20.1441125869
        4.8554368000         8.7960822001         2.6137407371         1.3378393285         2.8043651338        -2.5332796411        19.9703973057
        4.8604230000       -49.1327659082         2.2218493577         1.3454963091         2.8094688888         8.8950495668        20.3178278682
        4.8654512000       -72.0301841415         2.1848459501         1.3557056165         2.8069170113        24.1328218441        20.1441125869
        4.8704368000        53.2569379456         2.7861597906         1.3378393285         2.7967095015        -2.5332796411        19.4492514619
        4.8754522000        50.5523521743         2.7829868728         1.3225253674         2.8069170113       -25.3899380569        20.1441125869
        4.8804272000       -19.4921954112         2.2780963163         1.3454963091         2.8043651338         8.8950495668        19.9703973057
        4.8854441000         8.7960822001         2.6137407371         1.3378393285         2.8043651338        -2.5332796411        19.9703973057
        4.8904267000       -45.0941994159         2.2285927411         1.3403916554         2.8120207662         1.2761634282        20.4915431494
        4.8954393000       -19.4921954112         2.2780963163         1.3454963091         2.8043651338         8.8950495668        19.9703973057
        4.9004439000        66.7249303084         2.8018694333         1.3301823480         2.7992613789       -13.9616088490        19.6229667432
        4.9054530000       -39.7033400378         2.2377005941         1.3429439823         2.8094688888         5.0856064975        20.3178278682
        4.9104417000       -77.4210435196         2.1764228050         1.3531532897         2.8094688888        20.3233787748        20.3178278682
        4.9154596000       -11.4150624265         2.3739326432         1.3352870017         2.8094688888        -6.3427227104        20.3178278682
        4.9204336000       128.6923449092         2.8725467797         1.3174207137         2.7967095015       -33.0088241955        19.4492514619
        4.9254531000       -67.9916176491         2.1912260644         1.3506009628         2.8094688888        16.5139357054        20.3178278682
        4.9304320000        14.1869415781         2.6777040472         1.3403916554         2.8018132564         1.2761634282        19.7966820244
        4.9354898000       -49.1327659082         2.2218493577         1.3454963091         2.8094688888         8.8950495668        20.3178278682
        4.9404449000        -0.6333436704         2.5018592635         1.3403916554         2.8043651338         1.2761634282        19.9703973057
        4.9454412000        66.7249303084         2.8018694333         1.3301823480         2.7992613789       -13.9616088490        19.6229667432
        4.9504351000        86.9360749350         2.8251849046         1.3327346748         2.7941576240       -10.1521657797        19.2755361807
        4.9554666000       -14.1013360332         2.3420596264         1.3480486360         2.8018132564        12.7044926361        19.7966820244
        4.9604365000        66.7249303084         2.8018694333         1.3301823480         2.7992613789       -13.9616088490        19.6229667432
        4.9654514000        -0.6333436704         2.5018592635         1.3403916554         2.8043651338         1.2761634282        19.9703973057
        4.9704319000        42.4752191895         2.7734729101         1.3327346748         2.8018132564       -10.1521657797        19.7966820244
        4.9755838000       -15.4536289189         2.3260144797         1.3403916554         2.8069170113         1.2761634282        20.1441125869
        4.9804483000       -34.3124806597         2.2469329392         1.3454963091         2.8069170113         8.8950495668        20.1441125869
        4.9854707000        -4.6719101628         2.4539411000         1.3454963091         2.8018132564         8.8950495668        19.7966820244
        4.9904387000       -34.3124806597         2.2469329392         1.3454963091         2.8069170113         8.8950495668        20.1441125869
        4.9954333000       -58.5621917787         2.2063630854         1.3480486360         2.8094688888        12.7044926361        20.3178278682
        5.0004396000         4.7575157077         2.5658225736         1.3429439823         2.8018132564         5.0856064975        19.7966820244
