% Designation Loop  psi_cmd=-5.000deg  (absolute, NEUTRAL ref)
% Kp=57.6403  Kd=1.7943  K_pot=68.073520deg/V
% Vg_offset=1.337763V  K_gimbal=26.049690  samples=1001

Time[s]              OmegaCmd[deg/s]      Vc[V]                Vg[V]                Pot[V]               Omega[rad/s]         Psi[deg]            
        0.0004642000      -861.8624683733         1.2220024049         1.3378393285         2.6461487314         0.0019946197         9.9488585886
        0.0054451000      -898.7366122961         1.1555155782         1.3403916554         2.6538043638         0.0684819440        10.4700044323
        0.0104628000      -818.1532084460         1.2959595540         1.3327346748         2.6384930990        -0.1309800287         9.4277127449
        0.0154500000      -861.8624683733         1.2220024049         1.3378393285         2.6461487314         0.0019946197         9.9488585886
        0.0204223000      -865.0403616750         1.2164244082         1.3352870017         2.6487006088        -0.0644927045        10.1225738698
        0.0254102000      -848.1922363644         1.2456803974         1.3327346748         2.6461487314        -0.1309800287         9.9488585886
        0.0304090000      -834.5220043554         1.2688545493         1.3276300211         2.6461487314        -0.2639546772         9.9488585886
        0.0354466000      -415.3606935834         1.8089854320         1.1898043709         2.6333893441        -3.8542701854         9.0802821824
        0.0403766000       394.6628051405         3.1324067395         0.9396763389         2.5976630597       -10.3700279596         6.6482682450
        0.0454128000       432.7975247603         3.1715438703         0.9703042612         2.5670405302        -9.5721800689         4.5636848701
        0.0504631000       525.1338430147         3.2677704635         0.9881705492         2.5313142457        -9.1067687993         2.1316709326
        0.0553995000       631.1403932781         3.3851023878         1.0009321835         2.4955879613        -8.7743321782        -0.3003430048
        0.0603863000       770.8431941626         3.5627187690         1.0085891641         2.4547579220        -8.5748702055        -3.0797875047
        0.0654060000       775.7609925624         3.5696529950         1.0366647595         2.4343429023        -7.8435096390        -4.4695097546
        0.0704034000       854.9064082090         3.6895404129         1.0519787206         2.4037203728        -7.4445856937        -6.5540931295
        0.0754048000       899.8762438333         3.7656166116         1.0800543160         2.3730978433        -6.7132251272        -8.6386765044
        0.0803927000       733.4368127202         3.5116926683         1.1795950634         2.3475790687        -4.1202194823       -10.3758293169
        0.0854135000      -490.3508689747         1.7278921283         1.5879673605         2.3807534756         6.5177523939        -8.1175306607
        0.0903855000      -819.6970128863         1.2934325646         1.6772988005         2.4037203728         8.8448087419        -6.5540931295
        0.0954070000      -850.5172871005         1.2416891457         1.6364615707         2.4394466572         7.7810115542        -4.1220791921
        0.1003911000      -957.0031667650         1.0421459754         1.6313569170         2.4700691867         7.6480369058        -2.0374958172
        0.1055782000      -938.2377238497         1.0798181502         1.5981766679         2.4879323289         6.7837016908        -0.8214888485
        0.1104053000     -1011.0273528931         0.9271600385         1.5879673605         2.5134511035         6.5177523939         0.9156639639
        0.1154458000     -1130.7041351654         0.6345743883         1.5803103799         2.5491773879         6.3182904213         3.3476779013
        0.1204552000     -1131.9647108623         0.6311929787         1.5471301308         2.5721442851         5.4539552063         4.9111154325
        0.1254601000      -123.2435186077         2.1363590516         1.2153276394         2.5415217556        -3.1893969432         2.8265320576
        0.1304001000       911.8594788625         3.7869963007         0.8886298018         2.5006917162       -11.6997744442         0.0470875577
        0.1354130000      1055.2195024499         4.0858636014         0.8911821287         2.4624135543       -11.6332871199        -2.5586416609
        0.1404436000      1174.4169553210         4.4094125773         0.9064960898         2.4215835150       -11.2343631746        -5.3380861608
        0.1453939000      1283.1220694848         4.7808164828         0.9294670315         2.3782015982       -10.6359772565        -8.2912459419
        0.1504257000      1392.3065130498         5.0000000000         0.9447809927         2.3399234363       -10.2370533112       -10.8969751606
        0.1554151000      1504.6688499165         5.0000000000         0.9626472806         2.2990933970        -9.7716420416       -13.6764196605
        0.1604517000      1473.9730800905         5.0000000000         1.0264554521         2.2633671125        -8.1094589359       -16.1084335979
        0.1653977000       590.5032104156         3.3388615560         1.3301823480         2.2812302547        -0.1974673530       -14.8924266292
        0.1703916000      -391.3568472224         1.8345410150         1.6594325125         2.3067490293         8.3793974723       -13.1552738168
        0.1754096000      -665.5427336970         1.5191378998         1.7206883570         2.3348196814         9.9750932537       -11.2444057231
        0.1803743000      -696.3630079112         1.4778917750         1.6798511273         2.3705459658         8.9112960661        -8.8123917857
        0.1854258000      -809.2046741790         1.3104885936         1.6696418199         2.4062722502         8.6453467692        -6.3803778483
        0.1904128000      -918.3891177440         1.1184523271         1.6543278587         2.4445504121         8.2464228238        -3.7746486296
        0.1953930000     -1021.2177747057         0.9043380505         1.6441185513         2.4777248191         7.9804735269        -1.5163499735
        0.2004012000     -1083.5150650418         0.7565291066         1.6262522633         2.5057954711         7.5150622573         0.3945181202
        0.2054313000     -1040.5870514103         0.8599286418         1.5803103799         2.5262104908         6.3182904213         1.7842403702
        0.2104409000        13.2813889752         2.6439472716         1.2204322931         2.5032435937        -3.0564222947         0.2208028390
        0.2154228000       912.6407251583         3.7884071951         0.9294670315         2.4726210642       -10.6359772565        -1.8637805359
        0.2204166000       994.9640341066         3.9497880925         0.9473333195         2.4394466572       -10.1705659870        -4.1220791921
        0.2253973000      1086.8210229599         4.1641508973         0.9728565881         2.3986166179        -9.5056927447        -6.9015236920
        0.2303970000      1202.8405825293         4.4988353458         0.9856182224         2.3603384560        -9.1732561236        -9.5072529106
        0.2354085000      1230.9622928431         4.5924989950         1.0162461446         2.3322678039        -8.3754082328       -11.4181210043
        0.2403844000      1377.5002097321         5.0000000000         1.0213507983         2.2914377646        -8.2424335844       -14.1975655042
        0.2454032000      1191.5140894078         4.4625844508         1.1132345652         2.2761264998        -5.8488899122       -15.2398571917
        0.2504008000       280.7037557151         3.0144808156         1.4271707685         2.2939896420         2.3290509677       -14.0238502230
        0.2554131000      -723.8808844356         1.4395681738         1.7462116256         2.3322678039        10.6399664960       -11.4181210043
        0.2603893000      -979.7806573962         0.9948730193         1.7819442016         2.3730978433        11.5707890352        -8.6386765044
        0.2654108000     -1064.8025302449         0.8024607104         1.7538686061         2.4139278826        10.8394284687        -5.8592320045
        0.2703946000     -1177.1648671116         0.5055397239         1.7360023181         2.4547579220        10.3740171991        -3.0797875047
        0.2754242000     -1326.4013479011         0.0253503837         1.7206883570         2.5032435937         9.9750932537         0.2208028390
        0.2804072000     -1398.7116475432         0.0000000000         1.7028220690         2.5338661232         9.5096819841         2.3053862139
        0.2854077000     -1504.2388684054         0.0000000000         1.6824034542         2.5746961625         8.9777833903         5.0848307138
        0.2903999000      -757.4713188200         1.3906989839         1.4297230954         2.5568330203         2.3955382919         3.8688237451
        0.2953938000       343.7636041956         3.0801024632         1.0596357012         2.5287623683        -7.2451237210         1.9579556514
        0.3003841000       761.4869267642         3.5496759233         0.9447809927         2.5006917162       -10.2370533112         0.0470875577
        0.3053837000       758.6109503571         3.5457054085         0.9907228761         2.4700691867        -9.0402814751        -2.0374958172
        0.3104030000       932.4893312641         3.8249733021         0.9856182224         2.4292391474        -9.1732561236        -4.8169403171
        0.3154001000      1007.9775242079         3.9777945103         1.0060368372         2.3960647404        -8.6413575297        -7.0752389732
        0.3203903000      1107.1489584668         4.2172361314         1.0213507983         2.3603384560        -8.2424335844        -9.5072529106
        0.3254181000      1142.1057847849         4.3138217489         1.0494263938         2.3322678039        -7.5110730179       -11.4181210043
        0.3304078000      1065.0021911311         4.1095634153         1.1081299115         2.3118527843        -5.9818645607       -12.8078432543
        0.3353985000       178.8337575557         2.9045494858         1.4016475000         2.3373715588         1.6641777254       -11.0706904418
        0.3404732000      -758.3583813526         1.3893755814         1.7104790496         2.3654422109         9.7091439568        -9.1598223482
        0.3454142000      -998.3686878049         0.9549991677         1.7589732599         2.3935128629        10.9724031171        -7.2489542545
        0.3503905000     -1076.5554446492         0.7737696293         1.7283453376         2.4343429023        10.1745552264        -4.4695097546
        0.3554050000     -1158.8787535975         0.5574175989         1.7104790496         2.4675173092         9.7091439568        -2.2112110984
        0.3603962000     -1274.4189837658         0.2045459562         1.6900604347         2.5108992261         9.1772453630         0.7419486827
        0.3653974000     -1363.5774087186         0.0000000000         1.6747464736         2.5440736330         8.7783214176         3.0002473389
        0.3703901000     -1439.0656016624         0.0000000000         1.6543278587         2.5772480400         8.2464228238         5.2585459950
        0.3753874000      -729.6515254009         1.4313409813         1.4118568074         2.5619367752         1.9301270223         4.2162543076
        0.3804012000       331.5313603902         3.0674683948         1.0417694132         2.5440736330        -7.7105349906         3.0002473389
        0.3853913000       728.7493349453         3.5055007474         0.9345716852         2.5160029810       -10.5030026081         1.0893792452
        0.3903890000       793.2658597807         3.5947917645         0.9703042612         2.4751729416        -9.5721800689        -1.6900652547
        0.3953850000       892.4372940395         3.7525870843         0.9856182224         2.4394466572        -9.1732561236        -4.1220791921
        0.4004669000      1032.1400949241         4.0317789301         0.9932752029         2.3986166179        -8.9737941509        -6.9015236920
        0.4054296000      1141.3245384891         4.3115872667         1.0085891641         2.3603384560        -8.5748702055        -9.5072529106
        0.4104210000      1169.4462488028         4.3942960056         1.0392170863         2.3322678039        -7.7770223148       -11.4181210043
        0.4154019000      1102.3556644551         4.2045200551         1.0979206040         2.3093009068        -6.2478138576       -12.9815585355
        0.4204100000        69.9512308853         2.7790356890         1.4348277491         2.3424753138         2.5285129403       -10.7232598794
        0.4254289000      -792.5339613749         1.3370271282         1.7232406839         2.3654422109        10.0415805780        -9.1598223482
        0.4303948000     -1038.4207250294         0.8649634895         1.7589732599         2.4037203728        10.9724031171        -6.5540931295
        0.4354140000     -1197.6702151250         0.4456377226         1.7436592987         2.4547579220        10.5734791718        -3.0797875047
        0.4404127000     -1259.4881760599         0.2535948953         1.7181360302         2.4879323289         9.9086059295        -0.8214888485
        0.4453964000     -1321.3061369947         0.0435047946         1.6926127616         2.5211067359         9.2437326872         1.4368098077
        0.4504189000     -1410.4645619475         0.0000000000         1.6772988005         2.5542811429         8.8448087419         3.6951084638
        0.4553898000     -1529.6620148186         0.0000000000         1.6619848393         2.5951111822         8.4458847965         6.4745529637
        0.4604765000      -796.0853678410         1.3314302767         1.4067521537         2.5823517949         1.7971523738         5.6059765575
        0.4654058000       288.3014298641         3.0224620052         1.0392170863         2.5568330203        -7.7770223148         3.8688237451
        0.4704401000       705.5454230314         3.4754603197         0.9320193584         2.5236586133       -10.5694899323         1.6105250889
        0.4754192000       749.5565998534         3.5333209040         0.9754089149         2.4828285740        -9.4392054205        -1.1689194110
        0.4804129000       859.2203728195         3.6965674915         0.9830658955         2.4496541670        -9.2397434478        -3.4272180671
        0.4854064000       951.5566910740         3.8614514918         1.0009321835         2.4139278826        -8.7743321782        -5.8592320045
        0.4904065000      1067.5762506434         4.1158780530         1.0136938178         2.3756497207        -8.4418955571        -8.4649612232
        0.4953931000      1133.0514342811         4.2881415331         1.0341124326         2.3450271912        -7.9099969632       -10.5495445981
        0.5003911000      1079.1517525412         4.1446868374         1.0953682772         2.3169565392        -6.3143011818       -12.4604126918
        0.5054105000       148.7947296373         2.8708571877         1.4016475000         2.3450271912         1.6641777254       -10.5495445981
        0.5104072000      -798.4104185771         1.3277496030         1.7104790496         2.3756497207         9.7091439568        -8.4649612232
        0.5153958000      -980.0825742908         0.9942347782         1.7334499913         2.4062722502        10.3075298749        -6.3803778483
        0.5203850000     -1075.5967858469         0.7761297557         1.7130313764         2.4445504121         9.7756312810        -3.7746486296
        0.5254973000     -1201.6293547225         0.4338582682         1.7002697422         2.4853804515         9.4431946599        -0.9952041297
        0.5304016000     -1266.6252089590         0.2302814450         1.6721941467         2.5211067359         8.7118340934         1.4368098077
        0.5354027000     -1359.4408566146         0.0000000000         1.6619848393         2.5517292654         8.4458847965         3.5213931826
        0.5403953000     -1424.9160402523         0.0000000000         1.6415662245         2.5823517949         7.9139862027         5.6059765575
        0.5454126000      -817.0700452556         1.2977289294         1.4220661148         2.5772480400         2.1960763192         5.2585459950
        0.5504095000       366.1862698137         3.1031828247         1.0213507983         2.5491773879        -8.2424335844         3.3476779013
        0.5554020000       820.7837363051         3.6358336120         0.9039437630         2.5134511035       -11.3008504988         0.9156639639
        0.5604144000       864.7949131270         3.7057302627         0.9473333195         2.4726210642       -10.1705659870        -1.8637805359
        0.5653898000       970.8014633904         3.8996794908         0.9600949538         2.4368947797        -9.8381293658        -4.2957944734
        0.5704288000      1076.3286842526         4.1375982164         0.9805135686         2.3960647404        -9.3062307720        -7.0752389732
        0.5754037000      1185.9924572188         4.4452107430         0.9881705492         2.3628903334        -9.1067687993        -9.3335376294
        0.5803915000      1237.3180794464         4.6144108982         1.0213507983         2.3271640490        -8.2424335844       -11.7655515668
        0.5854162000      1065.0021911311         4.1095634153         1.1081299115         2.3118527843        -5.9818645607       -12.8078432543
        0.5906549000       -26.2197225784         2.2676640358         1.4782173056         2.3373715588         3.6587974522       -11.0706904418
        0.5957679000      -897.7592653425         1.1573286034         1.7513162793         2.3730978433        10.7729411445        -8.6386765044
        0.6004051000     -1010.6009316103         0.9281069929         1.7411069719         2.4088241277        10.5069918475        -6.2066625670
        0.6054968000     -1089.2670178558         0.7421379943         1.7181360302         2.4445504121         9.9086059295        -3.7746486296
        0.6104048000     -1232.1477120420         0.3406922014         1.7079267227         2.4879323289         9.6426566326        -0.8214888485
        0.6154256000     -1330.8398168997         0.0094296862         1.6849557810         2.5287623683         9.0442707146         1.9579556514
        0.6204342000     -1463.7075017798         0.0000000000         1.6747464736         2.5695924076         8.7783214176         4.7374001513
        0.6255677000     -1349.7297642031         0.0000000000         1.6134906290         2.5823517949         7.1826256362         5.6059765575
        0.6304405000      -309.5315558265         1.9217826879         1.2587171960         2.5593848978        -2.0591124313         4.0425390263
        0.6354486000       688.6972977208         3.4542484378         0.9345716852         2.5262104908       -10.5030026081         1.7842403702
        0.6404356000       795.1831773853         3.5975897332         0.9396763389         2.4955879613       -10.3700279596        -0.3003430048
        0.6453956000       900.7103982475         3.7670891251         0.9600949538         2.4547579220        -9.8381293658        -3.0797875047
        0.6504611000       986.2116004975         3.9313579976         0.9805135686         2.4190316375        -9.3062307720        -5.5118014421
        0.6554079000      1145.9404199943         4.3248409953         0.9881705492         2.3730978433        -9.1067687993        -8.6386765044
        0.6604022000      1228.2637289425         4.5832796617         1.0060368372         2.3399234363        -8.6413575297       -10.8969751606
        0.6654009000      1323.7779404986         4.9417010119         1.0264554521         2.3016452744        -8.1094589359       -13.5027043792
        0.6704454000       828.9510242762         3.6483942346         1.2000136783         2.3093009068        -3.5883208885       -12.9815585355
        0.6754141000      -299.6243627573         1.9324673664         1.5803103799         2.3373715588         6.3182904213       -11.0706904418
        0.6804060000      -911.9088267526         1.1308025296         1.7640779136         2.3679940883        11.1053777656        -8.9861070669
        0.6853995000      -986.4383608941         0.9807271700         1.7283453376         2.4113760052        10.1745552264        -6.0329472858
        0.6904182000     -1095.6228044591         0.7260852112         1.7130313764         2.4496541670         9.7756312810        -3.4272180671
        0.6953897000     -1201.1500253213         0.4352881067         1.6926127616         2.4904842064         9.2437326872        -0.6477735672
        0.7004185000     -1239.7640743423         0.3167784732         1.6696418199         2.5160029810         8.6453467692         1.0893792452
        0.7054090000     -1312.0743739844         0.0760675220         1.6517755319         2.5466255105         8.1799354996         3.1739626201
        0.7103991000     -1102.4050123452         0.7087793201         1.5547871113         2.5593848978         5.6534171790         4.0425390263
        0.7153897000        57.6473908102         2.7642290169         1.1515194680         2.5389698781        -4.8515800488         2.6528167764
        0.7203892000       921.8724881687         3.8052404552         0.8886298018         2.4981398388       -11.6997744442        -0.1266277235
        0.7254075000       945.3783169772         3.8494823975         0.9396763389         2.4573097994       -10.3700279596        -2.9060722234
        0.7304845000      1075.0681085556         4.1344460779         0.9473333195         2.4190316375       -10.1705659870        -5.5118014421
        0.7354068000      1170.5823201117         4.3977375329         0.9677519344         2.3807534756        -9.6386673931        -8.1175306607
        0.7404153000      1272.9316476722         4.7424728176         0.9856182224         2.3424753138        -9.1732561236       -10.7232598794
        0.7454129000      1291.0403486798         4.8111492201         1.0162461446         2.3169565392        -8.3754082328       -12.4604126918
        0.7503990000      1115.0672376617         4.2385162058         1.1081299115         2.2990933970        -5.9818645607       -13.6764196605
        0.7553995000        16.5308785466         2.6797999750         1.4884266131         2.3195084166         3.9247467491       -12.2866974105
        0.7603851000      -888.7049148387         1.1739912218         1.7666302404         2.3603384560        11.1718650898        -9.5072529106
        0.7654056000     -1113.6070010786         0.6797935465         1.7870488553         2.4037203728        11.7037636836        -6.5540931295
        0.7704059000     -1235.9823472513         0.3286857427         1.7691825673         2.4471022896        11.2383524140        -3.6009333484
        0.7754106000     -1344.6874614152         0.0000000000         1.7462116256         2.4904842064        10.6399664960        -0.6477735672
        0.7804136000     -1460.2276915835         0.0000000000         1.7257930107         2.5338661232        10.1080679022         2.3053862139
        0.7854614000     -1475.1584992894         0.0000000000         1.6977174153         2.5568330203         9.3767073357         3.8688237451
        0.7904031000     -1577.5078268499         0.0000000000         1.6798511273         2.5951111822         8.9112960661         6.4745529637
        0.7953961000      -847.5884025751         1.2467145697         1.4297230954         2.5797999174         2.3955382919         5.4322612763
        0.8004305000       278.2884205579         3.0119383922         1.0392170863         2.5593848978        -7.7770223148         4.0425390263
        0.8053850000       577.1162071500         3.3240098294         0.9575426269         2.5389698781        -9.9046166900         2.6528167764
        0.8104294000       624.7846066748         3.3777444898         0.9958275298         2.5006917162        -8.9073068266         0.0470875577
        0.8153984000       734.4483796409         3.5130345428         1.0034845104         2.4675173092        -8.7078448540        -2.2112110984
        0.8204185000       813.1144658864         3.6242003285         1.0264554521         2.4317910248        -8.1094589359        -4.6432250358
        0.8254731000       946.4614801676         3.8515703063         1.0290077789         2.3960647404        -8.0429716117        -7.0752389732
        0.8304108000      1045.6329144265         4.0630908266         1.0443217401         2.3603384560        -7.6440476663        -9.5072529106
        0.8354329000      1043.2362674207         4.0574664403         1.0826066429         2.3348196814        -6.6467378029       -11.2444057231
        0.8404019000       562.0795832072         3.3075233070         1.2510602154         2.3424753138        -2.2585744040       -10.7232598794
        0.8453994000      -488.6109638766         1.7298076186         1.6134906290         2.3628903334         7.1826256362        -9.3335376294
        0.8504095000      -817.4777783870         1.2970632355         1.6951650884         2.3909609855         9.3102200115        -7.4226695357
        0.8553859000      -899.3217579341         1.1544287516         1.6696418199         2.4292391474         8.6453467692        -4.8169403171
        0.8604030000      -958.4411549685         1.0392122178         1.6543278587         2.4547579220         8.2464228238        -3.0797875047
        0.8653984000     -1013.4239998989         0.9218258311         1.6262522633         2.4879323289         7.5150622573        -0.8214888485
        0.8703977000     -1096.2266382484         0.7245518265         1.6160429559         2.5160029810         7.2491129604         1.0893792452
        0.8754120000     -1222.7385365252         0.3698669177         1.6109383022         2.5517292654         7.1161383120         3.5213931826
        0.8804014000     -1119.2531376558         0.6649921725         1.5573394382         2.5619367752         5.7199045032         4.2162543076
        0.8853978000       -35.3456693519         2.2545014375         1.1974613514         2.5313142457        -3.6548082127         2.1316709326
        0.8904134000       963.3625135966         3.8847303611         0.8656588601         2.5032435937       -12.2981603622         0.2208028390
        0.8953928000      1133.1043423996         4.2882902231         0.8733158407         2.4547579220       -12.0986983895        -3.0797875047
        0.9007861000      1184.4299646271         4.4403295041         0.9064960898         2.4190316375       -11.2343631746        -5.5118014421
        0.9053991000      1364.1848027362         5.0000000000         0.9141530704         2.3679940883       -11.0349012019        -8.9861070669
        0.9104235000      1462.8769075939         5.0000000000         0.9371240121         2.3271640490       -10.4365152839       -11.7655515668
        0.9154117000      1582.0743604650         5.0000000000         0.9524379732         2.2863340097       -10.0375913385       -14.5449960667
        0.9204124000      1517.6823400178         5.0000000000         1.0213507983         2.2557114802        -8.2424335844       -16.6295794416
        0.9253974000       613.7071223295         3.3650365557         1.3327346748         2.2735746224        -0.1309800287       -15.4135724729
        0.9309545000      -303.9383273678         1.9278094336         1.6492232050         2.2914377646         8.1134481754       -14.1975655042
        0.9354390000      -607.6839123596         1.5923419834         1.7028220690         2.3322678039         9.5096819841       -11.4181210043
        0.9404430000      -675.8576598978         1.5055214426         1.6721941467         2.3705459658         8.7118340934        -8.8123917857
        0.9454272000      -718.1289316216         1.4477016537         1.6543278587         2.3935128629         8.2464228238        -7.2489542545
        0.9504224000      -844.1615004972         1.2525651820         1.6415662245         2.4343429023         7.9139862027        -4.4695097546
        0.9554481000      -835.8883962892         1.2665604818         1.6160429559         2.4496541670         7.2491129604        -3.4272180671
        0.9604068000      -955.5651785615         1.0450729879         1.6083859753         2.4853804515         7.0496509878        -0.9952041297
        0.9654131000     -1044.7236035143         0.8502666696         1.5930720142         2.5185548584         6.6507270424         1.2630945264
        0.9703990000      -550.3760166931         1.6603249077         1.4271707685         2.5057954711         2.3290509677         0.3945181202
        0.9753919000       649.7284236868         3.4069180207         1.0239031252         2.4751729416        -8.1759462602        -1.6900652547
        0.9803922000       927.0922034631         3.8148913743         0.9651996075         2.4445504121        -9.7051547174        -3.7746486296
        0.9853835000       937.8864590650         3.8351613891         1.0060368372         2.4139278826        -8.6413575297        -5.8592320045
        0.9904072000      1020.6890974145         4.0058670853         1.0162461446         2.3858572306        -8.3754082328        -7.7701000982
        0.9953959000      1092.9993970567         4.1800536194         1.0341124326         2.3552347011        -7.9099969632        -9.8546834731
        1.0004103000      1185.3357153111         4.4431571964         1.0519787206         2.3195084166        -7.4445856937       -12.2866974105
        1.0054065000      1298.1773815789         4.8388985187         1.0621880280         2.2837821322        -7.1786363968       -14.7187113479
        1.0104133000       970.0918133643         3.8982438824         1.1846997172         2.2837821322        -3.9872448339       -14.7187113479
        1.0154030000      -113.8156549396         2.1483540294         1.5445778039         2.3144046617         5.3874678821       -12.6341279730
        1.0204475000      -896.9780190467         1.1587758213         1.7921535090         2.3450271912        11.8367383321       -10.5495445981
        1.0254421000      -998.3686878049         0.9549991677         1.7589732599         2.3935128629        10.9724031171        -7.2489542545
        1.0304508000     -1174.9456326123         0.5119125429         1.7538686061         2.4419985347        10.8394284687        -3.9483639109
        1.0354292000     -1280.4728534745         0.1843550219         1.7334499913         2.4828285740        10.3075298749        -1.1689194110
        1.0403969000     -1389.6572970395         0.0000000000         1.7181360302         2.5211067359         9.9086059295         1.4368098077
        1.0453906000     -1441.4622486682         0.0000000000         1.6926127616         2.5517292654         9.2437326872         3.5213931826
        1.0503944000     -1327.0051816904         0.0231902697         1.6236999365         2.5695924076         7.4485749331         4.7374001513
        1.0553787000      -218.4558132691         2.0223314034         1.2434032349         2.5466255105        -2.4580363767         3.1739626201
        1.0604717000       715.5584323375         3.4883016845         0.9320193584         2.5211067359       -10.5694899323         1.4368098077
        1.0654112000       763.7061612635         3.5527520755         0.9626472806         2.4879323289        -9.7716420416        -0.8214888485
        1.0703932000       920.2570874586         3.8022733177         0.9677519344         2.4445504121        -9.6386673931        -3.7746486296
        1.0753839000      1008.9361830102         3.9798867059         0.9907228761         2.4062722502        -9.0402814751        -6.3803778483
        1.0804002000      1071.2334733463         4.1249068860         1.0085891641         2.3782015982        -8.5748702055        -8.2912459419
        1.0853959000      1187.2530329157         4.4491600505         1.0213507983         2.3399234363        -8.2424335844       -10.8969751606
        1.0903877000      1265.9191191612         4.7165333038         1.0443217401         2.3041971519        -7.6440476663       -13.3289890980
        1.0953876000       832.6082469790         3.6540773938         1.1949090246         2.3118527843        -3.7212955370       -12.8078432543
        1.1004142000      -302.8022560589         1.9290352514         1.5777580530         2.3399234363         6.2518030970       -10.8969751606
        1.1054038000      -945.6050773738         1.0651627720         1.7691825673         2.3730978433        11.2383524140        -8.6386765044
        1.1103889000     -1003.2864862047         0.9442505055         1.7308976644         2.4139278826        10.2410425506        -5.8592320045
        1.1153891000     -1082.4319018513         0.7592246902         1.7155837033         2.4445504121         9.8421186053        -3.7746486296
        1.1204082000     -1241.6813919469         0.3107162485         1.7002697422         2.4955879613         9.4431946599        -0.3003430048
        1.1254005000     -1395.0544248404         0.0000000000         1.6977174153         2.5364180006         9.3767073357         2.4791014951
        1.1304100000     -1419.9982418525         0.0000000000         1.6696418199         2.5619367752         8.6453467692         4.2162543076
        1.1354105000     -1170.2768429887         0.5252499942         1.5726533993         2.5644886527         6.1188284486         4.3899695888
        1.1403851000        -3.3893238289         2.4600137314         1.1668334292         2.5440736330        -4.4526561035         3.0002473389
        1.1453998000       878.1632282413         3.7280902658         0.8937344555         2.5057954711       -11.5667997957         0.3945181202
        1.1503999000       942.6797530767         3.8442998278         0.9294670315         2.4649654318       -10.6359772565        -2.3849263797
        1.1553939000      1034.5367419300         4.0372784260         0.9549903001         2.4241353924        -9.9711040143        -5.1643708796
        1.1604047000      1120.5172735811         4.2533635753         0.9677519344         2.3935128629        -9.6386673931        -7.2489542545
        1.1654107000      1243.3719491550         4.6355428476         0.9779612418         2.3552347011        -9.3727180962        -9.8546834731
        1.1704067000      1308.3678033915         4.8792017665         1.0060368372         2.3195084166        -8.6413575297       -12.2866974105
        1.1754605000      1251.7695577511         4.6652826472         1.0570833743         2.2990933970        -7.3116110452       -13.6764196605
        1.1804291000       317.2759827433         3.0526950159         1.3761242314         2.3195084166         0.9993044831       -12.2866974105
        1.1854001000      -725.1414601326         1.4377767631         1.7130313764         2.3552347011         9.7756312810        -9.8546834731
        1.1903947000     -1029.3663745256         0.8858211566         1.7742872210         2.3909609855        11.3713270625        -7.4226695357
        1.1953968000     -1087.0477833565         0.7477057331         1.7360023181         2.4317910248        10.3740171991        -4.6432250358
        1.2004098000     -1169.3710923048         0.5278265815         1.7181360302         2.4649654318         9.9086059295        -2.3849263797
        1.2053765000     -1231.1890532396         0.3436832421         1.6926127616         2.4981398388         9.2437326872        -0.1266277235
        1.2104229000     -1400.9308820426         0.0000000000         1.6849557810         2.5466255105         9.0442707146         3.1739626201
        1.2153951000     -1446.3800470680         0.0000000000         1.6645371662         2.5721442851         8.5123721207         4.9111154325
        1.2204157000      -730.1308548021         1.4306545376         1.4195137880         2.5568330203         2.1295889950         3.8688237451
        1.2254114000       412.5940936415         3.1507971234         1.0264554521         2.5338661232        -8.1094589359         2.3053862139
        1.2304420000       856.6992214256         3.6924540547         0.9167053972         2.4955879613       -10.9684138777        -0.3003430048
        1.2354545000       897.5325049459         3.7614916987         0.9575426269         2.4573097994        -9.9046166900        -2.9060722234
        1.2404364000      1017.2092872182         3.9981106441         0.9651996075         2.4215835150        -9.7051547174        -5.3380861608
        1.2454155000      1079.0272481531         4.1443733527         0.9907228761         2.3884091080        -9.0402814751        -7.5963848170
        1.2504310000      1262.4393089649         4.7037949918         0.9932752029         2.3399234363        -8.9737941509       -10.8969751606
        1.2553766000      1263.6998846619         4.7083993166         1.0264554521         2.3169565392        -8.1094589359       -12.4604126918
        1.2603983000      1091.3839963466         4.1758763575         1.1132345652         2.3016452744        -5.8488899122       -13.5027043792
        1.2653976000       -60.3953026008         2.2192986332         1.4909789399         2.3373715588         3.9912340733       -11.0706904418
        1.2703855000      -908.7309334509         1.1368124027         1.7666302404         2.3654422109        11.1718650898        -9.1598223482
        1.2754228000     -1041.5986183310         0.8575717025         1.7564209330         2.4062722502        10.9059157929        -6.3803778483
        1.2804132000     -1137.1128298871         0.6173153105         1.7360023181         2.4445504121        10.3740171991        -3.7746486296
        1.2853908000     -1249.4751667538         0.2858976920         1.7181360302         2.4853804515         9.9086059295        -0.9952041297
        1.2904204000     -1378.6856289310         0.0000000000         1.7028220690         2.5287623683         9.5096819841         1.9579556514
        1.2953747000     -1471.0219471854         0.0000000000         1.6849557810         2.5644886527         9.0442707146         4.3899695888
        1.3004248000     -1370.7144416177         0.0000000000         1.6288045902         2.5772480400         7.5815495816         5.2585459950
        1.3054042000      -316.8460012322         1.9139208341         1.2689265034         2.5542811429        -1.7931631344         3.6951084638
        1.3103940000       685.5194044192         3.4503007669         0.9320193584         2.5287623683       -10.5694899323         1.9579556514
        1.3153858000       825.2222053037         3.6426373400         0.9396763389         2.4879323289       -10.3700279596        -0.8214888485
        1.3204065000       940.7624354720         3.8406341979         0.9600949538         2.4445504121        -9.8381293658        -3.7746486296
        1.3253967000      1053.1247723387         4.0808497358         0.9779612418         2.4037203728        -9.3727180962        -6.5540931295
        1.3304191000      1119.0792853775         4.2494300945         0.9907228761         2.3782015982        -9.0402814751        -8.2912459419
        1.3353797000      1238.2767382487         4.6177402042         1.0060368372         2.3373715588        -8.6413575297       -11.0706904418
        1.3403846000      1269.5763418640         4.7300163774         1.0392170863         2.3067490293        -7.7770223148       -13.1552738168
        1.3454052000       785.2417643489         3.5831784333         1.2051183320         2.3169565392        -3.4553462401       -12.4604126918
        1.3504274000      -414.3833466297         1.8100280417         1.6007289948         2.3526828236         6.8501890151       -10.0283987544
        1.3554350000     -1026.6678106251         0.8919799133         1.7844965284         2.3833053531        11.6372763594        -7.9438153795
        1.3605207000     -1101.1973447666         0.7118742474         1.7487639524         2.4266872699        10.7064538202        -4.9906555983
        1.3654016000     -1196.7115563226         0.4484795060         1.7283453376         2.4649654318        10.1745552264        -2.3849263797
        1.3704235000     -1289.0478745771         0.1554530552         1.7104790496         2.5006917162         9.7091439568         0.0470875577
        1.3753932000     -1428.2713460605         0.0000000000         1.6951650884         2.5466255105         9.3102200115         3.1739626201
        1.3803858000     -1524.2648870177         0.0000000000         1.6824034542         2.5797999174         8.9777833903         5.4322612763
        1.3854060000     -1199.8365415059         0.4392009832         1.5649964188         2.5772480400         5.9193664759         5.2585459950
        1.3903927000       -32.9490223461         2.2579402252         1.1591764486         2.5568330203        -4.6521180761         3.8688237451
        1.3953889000       723.3522071444         3.4984239696         0.9141530704         2.5313142457       -11.0349012019         2.1316709326
        1.4003912000       767.3633839663         3.5578451319         0.9575426269         2.4904842064        -9.9046166900        -0.6477735672
        1.4053835000       907.0661848508         3.7783858045         0.9651996075         2.4496541670        -9.7051547174        -3.4272180671
        1.4103914000      1019.4285217175         4.0030509983         0.9830658955         2.4088241277        -9.2397434478        -6.2066625670
        1.4153885000      1128.6129652825         4.2757247411         0.9983798566         2.3705459658        -8.8408195024        -8.8123917857
        1.4203907000      1200.9232649247         4.4926404750         1.0162461446         2.3399234363        -8.3754082328       -10.8969751606
        1.4254078000      1259.0840031567         4.6915956925         1.0468740669         2.3041971519        -7.5775603421       -13.3289890980
        1.4304029000       685.8929175835         3.4507639025         1.2459555617         2.3144046617        -2.3915490524       -12.6341279730
        1.4354235000      -486.3917293773         1.7322478464         1.6313569170         2.3501309461         7.6480369058       -10.2021140356
        1.4404178000     -1029.8457039268         0.8847244551         1.7819442016         2.3858572306        11.5707890352        -7.7701000982
        1.4454592000     -1053.3515327353         0.8299096506         1.7308976644         2.4266872699        10.2410425506        -4.9906555983
        1.4504010000     -1173.0283150076         0.5174011908         1.7232406839         2.4624135543        10.0415805780        -2.5586416609
        1.4554536000     -1315.4296797926         0.0642816111         1.7053743959         2.5108992261         9.5761693084         0.7419486827
        1.4603901000     -1344.0307195075         0.0000000000         1.6824034542         2.5338661232         8.9777833903         2.3053862139
        1.4654357000     -1453.2151630725         0.0000000000         1.6670894930         2.5721442851         8.5788594450         4.9111154325
        1.4704145000     -1059.9563281149         0.8141378494         1.5165022085         2.5746961625         4.6561073156         5.0848307138
        1.4753985000       177.9809149902         2.9036019320         1.0953682772         2.5466255105        -6.3143011818         3.1739626201
        1.4804222000       878.1632282413         3.7280902658         0.8937344555         2.5057954711       -11.5667997957         0.3945181202
        1.4854141000       905.3262797527         3.7752797324         0.9396763389         2.4675173092       -10.3700279596        -2.2112110984
        1.4904079000      1045.0290806372         4.0616711914         0.9473333195         2.4266872699       -10.1705659870        -4.9906555983
        1.4953977000      1133.7081761888         4.2899883367         0.9703042612         2.3884091080        -9.5721800689        -7.5963848170
        1.5003918000      1226.0444944433         4.5757352185         0.9881705492         2.3526828236        -9.1067687993       -10.0283987544
        1.5054560000      1254.1662047569         4.6738621324         1.0187984715         2.3246121715        -8.3089209086       -11.9392668481
        1.5104072000      1122.8610124685         4.2597993805         1.0902636235         2.3093009068        -6.4472758303       -12.9815585355
        1.5154128000        55.8016694752         2.7619962171         1.4475893834         2.3373715588         2.8609495615       -11.0706904418
        1.5203954000      -921.9218360587         1.1116655435         1.7640779136         2.3705459658        11.1053777656        -8.8123917857
        1.5253913000     -1184.1773956226         0.4852615602         1.7947058358         2.4164797601        11.9032256563        -5.6855167233
        1.5304075000     -1184.9586419184         0.4829891376         1.7538686061         2.4445504121        10.8394284687        -3.7746486296
        1.5354167000     -1331.0172294062         0.0087912484         1.7411069719         2.4904842064        10.5069918475        -0.6477735672
        1.5403955000     -1439.7223435701         0.0000000000         1.7181360302         2.5338661232         9.9086059295         2.3053862139
        1.5453865000     -1572.5900284502         0.0000000000         1.7079267227         2.5746961625         9.6426566326         5.0848307138
        1.5504330000     -1644.4209986912         0.0000000000         1.6824034542         2.6104224470         8.9777833903         7.5168446512
        1.5555732000      -917.6794677179         1.1198110326         1.4297230954         2.5976630597         2.3955382919         6.6482682450
        1.5604211000       187.6920074017         2.9143615147         1.0468740669         2.5772480400        -7.5775603421         5.2585459950
        1.5654234000       597.6215551634         3.3468306541         0.9498856464         2.5389698781       -10.1040786627         2.6528167764
        1.5704207000       605.2379174637         3.3554157972         0.9881705492         2.5108992261        -9.1067687993         0.7419486827
        1.5754050000       677.5482171058         3.4404702560         1.0060368372         2.4802766965        -8.6413575297        -1.3426346922
        1.5804213000       810.4159019859         3.6201434295         1.0162461446         2.4394466572        -8.3754082328        -4.1220791921
        1.5853954000       916.4224522493         3.7952667520         1.0290077789         2.4037203728        -8.0429716117        -6.5540931295
        1.5903867000       955.0365012702         3.8682569076         1.0519787206         2.3782015982        -7.4445856937        -8.2912459419
        1.5954100000       996.8284435929         3.9537558252         1.0775019892         2.3501309461        -6.7797124514       -10.2021140356
        1.6003762000       604.0489380364         3.3540714921         1.2204322931         2.3526828236        -3.0564222947       -10.0283987544
        1.6053979000      -447.1209384486         1.7749495522         1.5905196873         2.3679940883         6.5842397182        -8.9861070669
        1.6109690000      -857.0504862103         1.2303954725         1.6875081079         2.4062722502         9.1107580388        -6.3803778483
        1.6155120000      -804.1094632727         1.3186720195         1.6415662245         2.4241353924         7.9139862027        -5.1643708796
        1.6204095000      -957.4824961662         1.0411688064         1.6390138976         2.4649654318         7.8474988785        -2.3849263797
        1.6254102000     -1029.7927958083         0.8848455493         1.6211476096         2.4955879613         7.3820876089        -0.3003430048
        1.6304030000     -1075.2419608338         0.7770024026         1.6007289948         2.5211067359         6.8501890151         1.4368098077
        1.6354203000     -1141.1964738727         0.6062288968         1.5879673605         2.5466255105         6.5177523939         3.1739626201
        1.6404113000     -1203.4937642087         0.4282869976         1.5701010725         2.5746961625         6.0523411244         5.0848307138
        1.6454375000      -223.0716947743         2.0170775504         1.2638218497         2.5338661232        -1.9261377828         2.3053862139
        1.6504585000       898.6685762547         3.7634888650         0.8860774750         2.5057954711       -11.7662617684         0.3945181202
        1.6554184000      1079.3820731661         4.1452669620         0.8784204944         2.4649654318       -11.9657237411        -2.3849263797
        1.6604608000      1204.9353126405         4.5056308770         0.8988391092         2.4190316375       -11.4338251473        -5.5118014421
        1.6654145000      1367.8420254390         5.0000000000         0.9090484167         2.3705459658       -11.1678758504        -8.8123917857
        1.6704102000      1507.0654969224         5.0000000000         0.9243623778         2.3246121715       -10.7689519050       -11.9392668481
        1.6753969000      1575.7185738617         5.0000000000         0.9473333195         2.2914377646       -10.1705659870       -14.1975655042
        1.6803884000      1494.4784281039         5.0000000000         1.0187984715         2.2633671125        -8.3089209086       -16.1084335979
        1.6854266000       674.7438369685         3.4370355703         1.3174207137         2.2684708674        -0.5299039741       -15.7610030354
        1.6904251000      -395.0140699252         1.8306527898         1.6645371662         2.3041971519         8.5123721207       -13.3289890980
        1.6954054000      -648.2152789853         1.5416077248         1.7104790496         2.3373715588         9.7091439568       -11.0706904418
        1.7003961000      -638.9835159749         1.5533811023         1.6696418199         2.3628903334         8.6453467692        -9.3335376294
        1.7054399000      -701.2808063110         1.4711501830         1.6517755319         2.3909609855         8.1799354996        -7.4226695357
        1.7104661000      -827.3133751866         1.2808765188         1.6390138976         2.4317910248         7.8474988785        -4.6432250358
        1.7154446000      -903.2808975316         1.1470484789         1.6262522633         2.4598616769         7.5150622573        -2.7323569422
        1.7204958000      -938.7170532509         1.0788699010         1.6058336485         2.4828285740         6.9831636635        -1.1689194110
        1.7254199000      -977.3311022719         1.0000399177         1.5828627068         2.5083473486         6.3847777455         0.5682334015
        1.7304116000      -339.4460793568         1.8897441362         1.3633625971         2.4955879613         0.6668678620        -0.3003430048
        1.7354548000       745.4200477494         3.5277202929         0.9881705492         2.4751729416        -9.1067687993        -1.6900652547
        1.7404184000       869.2333821257         3.7130929883         0.9830658955         2.4471022896        -9.2397434478        -3.6009333484
        1.7454266000       971.5827096862         3.9012622730         1.0009321835         2.4088241277        -8.7743321782        -6.2066625670
        1.7504308000      1118.1206265752         4.2468141639         1.0060368372         2.3679940883        -8.6413575297        -8.9861070669
        1.7554138000      1166.7476849023         4.3861528942         1.0290077789         2.3399234363        -8.0429716117       -10.8969751606
        1.7604124000      1239.0579845445         4.6204581074         1.0468740669         2.3093009068        -7.5775603421       -12.9815585355
        1.7654029000      1284.5071495699         4.7860881357         1.0672926818         2.2837821322        -7.0456617483       -14.7187113479
        1.7704840000       932.2590106391         3.8245409012         1.2025660052         2.2812302547        -3.5218335643       -14.8924266292
        1.7754094000      -236.3684136189         2.0020557896         1.5828627068         2.3195084166         6.3847777455       -12.2866974105
        1.7803987000      -958.0147336858         1.0400828992         1.8074674701         2.3501309461        12.2356622774       -10.2021140356
        1.7854138000      -988.3556784988         0.9766254028         1.7589732599         2.3909609855        10.9724031171        -7.4226695357
        1.7904288000     -1164.9326233062         0.5404016946         1.7538686061         2.4394466572        10.8394284687        -4.1220791921
        1.7954094000     -1226.7505842410         0.3574764286         1.7283453376         2.4726210642        10.1745552264        -1.8637805359
        1.8004767000     -1342.2908144093         0.0000000000         1.7079267227         2.5160029810         9.6426566326         1.0893792452
        1.8054172000     -1471.9806059877         0.0000000000         1.7002697422         2.5542811429         9.4431946599         3.6951084638
        1.8103879000     -1232.2722164301         0.3403034345         1.6032813216         2.5593848978         6.9166763393         4.0425390263
        1.8157126000       -92.2458318870         2.1763666735         1.2000136783         2.5440736330        -3.5883208885         3.0002473389
        1.8204021000       836.6732028134         3.6604374213         0.9167053972         2.5006917162       -10.9684138777         0.0470875577
        1.8254088000       861.1376904242         3.6997084167         0.9524379732         2.4700691867       -10.0375913385        -2.0374958172
        1.8304105000      1004.0183846104         3.9691965439         0.9626472806         2.4266872699        -9.7716420416        -4.9906555983
        1.8354091000      1028.9622016225         4.0245276920         0.9907228761         2.4011684953        -9.0402814751        -6.7278084108
        1.8404416000      1121.2985198769         4.2555054329         1.0085891641         2.3654422109        -8.5748702055        -9.1598223482
        1.8453996000      1216.8127314329         4.5447096095         1.0290077789         2.3271640490        -8.0429716117       -11.7655515668
        1.8503897000      1214.8954138282         4.5383378898         1.0596357012         2.3067490293        -7.2451237210       -13.1552738168
        1.8554181000       650.7586787588         3.4081406827         1.2740311571         2.3041971519        -1.6601884859       -13.3289890980
        1.8605022000      -548.3871028187         1.6626167148         1.6619848393         2.3450271912         8.4458847965       -10.5495445981
        1.8654143000     -1016.6548013190         0.9146027936         1.7844965284         2.3807534756        11.6372763594        -8.1175306607
        1.8704015000     -1067.5010941454         0.7959197376         1.7436592987         2.4215835150        10.5734791718        -5.3380861608
        1.8753962000     -1132.9762777831         0.6284747759         1.7232406839         2.4522060445        10.0415805780        -3.2535027859
        1.8803898000     -1231.6683826408         0.3421882497         1.7002697422         2.4930360838         9.4431946599        -0.4740582860
        1.8854294000     -1431.9285687633         0.0000000000         1.7002697422         2.5440736330         9.4431946599         3.0002473389
        1.8904435000     -1470.5426177842         0.0000000000         1.6772988005         2.5695924076         8.8448087419         4.7374001513
        1.8954278000     -1060.4356575160         0.8129868467         1.5241591891         2.5695924076         4.8555692883         4.7374001513
        1.9003914000        89.6037363332         2.8024102486         1.1208915457         2.5517292654        -5.6494279395         3.5213931826
        1.9054050000       803.4562815933         3.6097666754         0.9141530704         2.5108992261       -11.0349012019         0.7419486827
        1.9103994000       793.2658597807         3.5947917645         0.9703042612         2.4751729416        -9.5721800689        -1.6900652547
        1.9154000000       950.2961153770         3.8589976510         0.9677519344         2.4368947797        -9.6386673931        -4.2957944734
        1.9208570000      1028.9622016225         4.0245276920         0.9907228761         2.4011684953        -9.0402814751        -6.7278084108
        1.9254071000      1128.1336358813         4.2743904955         1.0060368372         2.3654422109        -8.6413575297        -9.1598223482
        1.9303811000      1179.9385875101         4.4263840431         1.0315601058         2.3348196814        -7.9764842875       -11.2444057231
        1.9354008000      1130.1754578741         4.2800830913         1.0800543160         2.3144046617        -6.7132251272       -12.6341279730
        1.9403894000       277.2239455188         3.0108170945         1.3761242314         2.3297159265         0.9993044831       -11.5918362856
        1.9454058000      -748.3453720465         1.4042137131         1.7104790496         2.3628903334         9.7091439568        -9.3335376294
        1.9503778000     -1072.5963050518         0.7834937791         1.7717348941         2.4037203728        11.3048397383        -6.5540931295
        1.9554076000     -1123.9219272793         0.6526550478         1.7385546450         2.4394466572        10.4405045233        -4.1220791921
        1.9604150000     -1293.6637560822         0.1397476129         1.7308976644         2.4879323289        10.2410425506        -0.8214888485
        1.9654358000     -1314.9503503915         0.0659687381         1.6977174153         2.5160029810         9.3767073357         1.0893792452
        1.9704254000     -1420.9569006548         0.0000000000         1.6849557810         2.5517292654         9.0442707146         3.5213931826
        1.9754041000     -1506.4581029048         0.0000000000         1.6645371662         2.5874555498         8.5123721207         5.9534071200
        1.9803992000      -827.5623839628         1.2804634936         1.4297230954         2.5746961625         2.3955382919         5.0848307138
        1.9854032000       332.0106897914         3.0679641617         1.0341124326         2.5491773879        -7.9099969632         3.3476779013
        1.9903888000       715.5584323375         3.4883016845         0.9320193584         2.5211067359       -10.5694899323         1.4368098077
        1.9954059000       823.7842171002         3.6404272721         0.9626472806         2.4726210642        -9.7716420416        -1.8637805359
        2.0004289000       902.9296327468         3.7710180574         0.9779612418         2.4419985347        -9.3727180962        -3.9483639109
        2.0053820000      1035.7973176269         4.0401817339         0.9881705492         2.4011684953        -9.1067687993        -6.7278084108
        2.0103817000      1097.6152785618         4.1920658054         1.0136938178         2.3679940883        -8.4418955571        -8.9861070669
        2.0154355000      1116.2033089705         4.2415975944         1.0366647595         2.3475790687        -7.8435096390       -10.3758293169
        2.0204067000      1102.8349938562         4.2057860853         1.0902636235         2.3144046617        -6.4472758303       -12.6341279730
        2.0262690000       182.4909802585         2.9086070800         1.3965428462         2.3399234363         1.5312030769       -10.8969751606
        2.0311267000      -792.0546319738         1.3377802067         1.7155837033         2.3705459658         9.8421186053        -8.8123917857
        2.0354072000     -1102.6353329701         0.7081884107         1.7717348941         2.4113760052        11.3048397383        -6.0329472858
        2.0403931000     -1120.2647045765         0.6623266780         1.7334499913         2.4419985347        10.3075298749        -3.9483639109
        2.0454144000     -1330.5379000051         0.0105158012         1.7334499913         2.4955879613        10.3075298749        -0.3003430048
        2.0504346000     -1436.0651208672         0.0000000000         1.7130313764         2.5364180006         9.7756312810         2.4791014951
        2.0554065000     -1542.0716711306         0.0000000000         1.7002697422         2.5721442851         9.4431946599         4.9111154325
        2.0604060000     -1634.4079893850         0.0000000000         1.6824034542         2.6078705695         8.9777833903         7.3431293699
        2.0654257000     -1201.0971172029         0.4354458688         1.5318161696         2.6002149371         5.0550312610         6.8219835262
        2.0704843000         9.9789912854         2.6075108153         1.1132345652         2.5772480400        -5.8488899122         5.2585459950
        2.0754148000       602.2374366685         3.3520262755         0.9294670315         2.5517292654       -10.6359772565         3.5213931826
        2.0804021000       612.5523628693         3.3637200463         0.9779612418         2.5160029810        -9.3727180962         1.0893792452
        2.0855221000       749.0772704522         3.5326701033         0.9830658955         2.4777248191        -9.2397434478        -1.5163499735
        2.0903938000       858.2617140172         3.6950011452         0.9983798566         2.4394466572        -8.8408195024        -4.1220791921
        2.0953955000       930.5720136594         3.8213796383         1.0162461446         2.4088241277        -8.3754082328        -6.2066625670
        2.1003854000      1012.8953226077         3.9885700365         1.0341124326         2.3756497207        -7.9099969632        -8.4649612232
        2.1054121000      1094.7393021548         4.1845682290         1.0596357012         2.3373715588        -7.2451237210       -11.0706904418
        2.1103918000       746.1483859268         3.5287038437         1.1898043709         2.3373715588        -3.8542701854       -11.0706904418
        2.1154438000      -366.0582051973         1.8614210549         1.5752057262         2.3577865785         6.1853157728        -9.6809681919
        2.1203793000      -851.6533584093         1.2397336108         1.7079267227         2.3909609855         9.6426566326        -7.4226695357
        2.1254058000      -879.2957393219         1.1910541657         1.6696418199         2.4241353924         8.6453467692        -5.1643708796
        2.1303949000     -1029.4908789137         0.8855363717         1.6696418199         2.4624135543         8.6453467692        -2.5586416609
        2.1353886000     -1054.4346959258         0.8273343680         1.6415662245         2.4879323289         7.9139862027        -0.8214888485
        2.1403892000     -1106.7189769557         0.6976762700         1.6236999365         2.5134511035         7.4485749331         0.9156639639
        2.1454120000     -1209.5476339174         0.4100895129         1.6134906290         2.5466255105         7.1826256362         3.1739626201
        2.1504033000     -1163.4417269842         0.5446067604         1.5701010725         2.5644886527         6.0523411244         4.3899695888
        2.1553996000       -92.7251612882         2.1757352177         1.2076706589         2.5389698781        -3.3888589158         2.6528167764
        2.1603861000       936.0220495788         3.8316298739         0.8758681675         2.5032435937       -12.0322110653         0.2208028390
        2.1654130000      1115.7768876878         4.2404401679         0.8835251481         2.4522060445       -11.8327490926        -3.2535027859
        2.1704017000      1238.1522338606         4.6173074544         0.9013914361         2.4088241277       -11.3673378230        -6.2066625670
        2.1768633000      1377.3757053439         5.0000000000         0.9167053972         2.3628903334       -10.9684138777        -9.3335376294
        2.1803957000      1499.7510515167         5.0000000000         0.9345716852         2.3195084166       -10.5030026081       -12.2866974105
        2.1853939000      1608.9354950817         5.0000000000         0.9498856464         2.2812302547       -10.1040786627       -14.8924266292
        2.1903790000      1588.7320639629         5.0000000000         1.0060368372         2.2480558478        -8.6413575297       -17.1507252853
        2.1954007000       813.6653915573         3.6250308813         1.2842404646         2.2557114802        -1.3942391890       -16.6295794416
        2.2003950000      -246.0795060303         1.9911839957         1.6313569170         2.2888858871         7.6480369058       -14.3712807855
        2.2054787000      -530.7577312123         1.6827584410         1.7002697422         2.3144046617         9.4431946599       -12.6341279730
        2.2104340000      -592.0963627460         1.6112332310         1.6670894930         2.3526828236         8.5788594450       -10.0283987544
        2.2154006000      -634.3676344698         1.5592180136         1.6492232050         2.3756497207         8.1134481754        -8.4649612232
        2.2204121000      -720.3481661209         1.4445714382         1.6364615707         2.4062722502         7.7810115542        -6.3803778483
        2.2253993000      -785.8233497586         1.3475203481         1.6160429559         2.4368947797         7.2491129604        -4.2957944734
        2.2303913000      -868.6259881080         1.2100969573         1.6058336485         2.4649654318         6.9831636635        -2.3849263797
        2.2353992000     -1001.9730023893         0.9471295928         1.6032813216         2.5006917162         6.9166763393         0.0470875577
        2.2404274000      -748.5943808227         1.4038473573         1.5011882474         2.5057954711         4.2571833702         0.3945181202
        2.2453896000       394.1305676209         3.1318609313         1.1081299115         2.4828285740        -5.9818645607        -1.1689194110
        2.2504052000       842.8515769101         3.6701925772         0.9779612418         2.4573097994        -9.3727180962        -2.9060722234
        2.2553772000       894.1771991377         3.7556181948         1.0111414909         2.4215835150        -8.5083828813        -5.3380861608
        2.2603980000       963.3096054782         3.8846248236         1.0264554521         2.3935128629        -8.1094589359        -7.2489542545
        2.2653876000      1052.4680304310         4.0792821657         1.0417694132         2.3603384560        -7.7105349906        -9.5072529106
        2.2704485000      1192.1708313155         4.4646638101         1.0494263938         2.3195084166        -7.5110730179       -12.2866974105
        2.2754588000      1268.1383536605         4.7247032580         1.0621880280         2.2914377646        -7.1786363968       -14.1975655042
        2.2804404000      1191.0347600067         4.4610685517         1.1208915457         2.2710227449        -5.6494279395       -15.5872877542
        2.2854144000       390.0656117866         3.1276921374         1.3863335388         2.2939896420         1.2652537800       -14.0238502230
        2.2903947000      -703.3755364222         1.4682647037         1.7385546450         2.3322678039        10.4405045233       -11.4181210043
        2.2954060000      -987.0951028018         0.9793235989         1.7921535090         2.3679940883        11.8367383321        -8.9861070669
        2.3005667000     -1082.1299849567         0.7599752340         1.7640779136         2.4113760052        11.1053777656        -6.0329472858
        2.3054176000     -1238.2015817507         0.3217062066         1.7513162793         2.4598616769        10.7729411445        -2.7323569422
        2.3103710000     -1336.8936866084         0.0000000000         1.7283453376         2.5006917162        10.1745552264         0.0470875577
        2.3154129000     -1456.0911394795         0.0000000000         1.7130313764         2.5415217556         9.7756312810         2.8265320576
        2.3203765000     -1504.7181978066         0.0000000000         1.6900604347         2.5695924076         9.1772453630         4.7374001513
        2.3254062000      -941.0607921383         1.0742228303         1.4833219594         2.5670405302         3.7917721006         4.5636848701
        2.3304108000       161.1327896796         2.8847760720         1.0979206040         2.5491773879        -6.2478138576         3.3476779013
        2.3354124000       684.0814162157         3.4485198492         0.9549903001         2.5134511035        -9.9711040143         0.9156639639
        2.3404101000       725.3940291371         3.5010946837         0.9881705492         2.4802766965        -9.1067687993        -1.3426346922
        2.3454079000       858.2617140172         3.6950011452         0.9983798566         2.4394466572        -8.8408195024        -4.1220791921
        2.3503975000       940.5850229655         3.8402957039         1.0162461446         2.4062722502        -8.3754082328        -6.3803778483
        2.3553930000      1033.4006706211         4.0346682041         1.0264554521         2.3756497207        -8.1094589359        -8.4649612232
        2.3604023000      1048.3314783270         4.0694565199         1.0545310475         2.3526828236        -7.3780983694       -10.0283987544
        2.3654098000      1049.1127246228         4.0713059250         1.0953682772         2.3246121715        -6.3143011818       -11.9392668481
        2.3703971000       540.6155763915         3.2843093602         1.2740311571         2.3322678039        -1.6601884859       -11.4181210043
        2.3753894000      -540.1139986107         1.6721066342         1.6364615707         2.3603384560         7.7810115542        -9.5072529106
        2.3803879000      -950.5228757736         1.0552834793         1.7411069719         2.3935128629        10.5069918475        -7.2489542545
        2.3855348000      -940.8117833621         1.0747173831         1.6926127616         2.4241353924         9.2437326872        -5.1643708796
        2.3904315000     -1006.7662964010         0.9365937577         1.6798511273         2.4496541670         8.9112960661        -3.4272180671
        2.3953930000     -1061.7491413314         0.8098283559         1.6517755319         2.4828285740         8.1799354996        -1.1689194110
        2.4004006000     -1251.9963181477         0.2778086033         1.6517755319         2.5313142457         8.1799354996         2.1316709326
        2.4054237000     -1277.4194645609         0.1945607286         1.6313569170         2.5517292654         7.6480369058         3.5213931826
        2.4104340000      -994.0018150760         0.9644732976         1.5292638428         2.5491773879         4.9885439367         3.3476779013
        2.4154031000       189.7338293945         2.9166155269         1.1208915457         2.5262104908        -5.6494279395         1.7842403702
        2.4204210000       996.1001054155         3.9522040544         0.8758681675         2.4879323289       -12.0322110653        -0.8214888485
        2.4253950000       999.1005862106         3.9586113340         0.9345716852         2.4471022896       -10.5030026081        -3.6009333484
        2.4304032000      1121.9552617845         4.2573085876         0.9447809927         2.4088241277       -10.2370533112        -6.2066625670
        2.4356064000      1200.6213480300         4.4916671606         0.9677519344         2.3730978433        -9.6386673931        -8.6386765044
        2.4406058000      1343.5020422162         5.0000000000         0.9779612418         2.3297159265        -9.3727180962       -11.5918362856
        2.4453920000      1476.3697270963         5.0000000000         0.9881705492         2.2888858871        -9.1067687993       -14.3712807855
        2.4504032000      1198.8285348135         4.4858997196         1.1030252578         2.2812302547        -6.1148392091       -14.8924266292
        2.4553850000       103.9493984012         2.8192634002         1.4782173056         2.3041971519         3.6587974522       -13.3289890980
        2.4604341000      -807.6421815874         1.3130049499         1.7513162793         2.3501309461        10.7729411445       -10.2021140356
        2.4654200000      -971.5075531882         1.0122427234         1.7564209330         2.3884091080        10.9059157929        -7.5963848170
        2.4704113000     -1006.4643795063         0.9372597585         1.7283453376         2.4164797601        10.1745552264        -5.6855167233
        2.4754022000     -1152.5229669942         0.5751143184         1.7155837033         2.4624135543         9.8421186053        -2.5586416609
        2.4804294000     -1254.8722945547         0.2685446669         1.6977174153         2.5006917162         9.3767073357         0.0470875577
        2.4854152000     -1323.5253714941         0.0356135821         1.6747464736         2.5338661232         8.7783214176         2.3053862139
        2.4904275000     -1463.2281723786         0.0000000000         1.6670894930         2.5746961625         8.5788594450         5.0848307138
        2.4954098000      -730.1308548021         1.4306545376         1.4195137880         2.5568330203         2.1295889950         3.8688237451
        2.5003943000       408.4575415375         3.1465537509         1.0392170863         2.5262104908        -7.7770223148         1.7842403702
        2.5053990000       879.4238039383         3.7302274283         0.9269147047         2.4828285740       -10.7024645808        -1.1689194110
        2.5103870000       907.0661848508         3.7783858045         0.9651996075         2.4496541670        -9.7051547174        -3.4272180671
        2.5154198000       976.1985911914         3.9106641225         0.9805135686         2.4215835150        -9.3062307720        -5.3380861608
        2.5205742000      1125.9144013820         4.2682300419         0.9881705492         2.3782015982        -9.1067687993        -8.2912459419
        2.5254233000      1251.9469702576         4.6659163412         1.0009321835         2.3373715588        -8.7743321782       -11.0706904418
        2.5304118000      1236.3594206440         4.6110879770         1.0366647595         2.3169565392        -7.8435096390       -12.4604126918
        2.5353849000      1155.5986042873         4.3529783781         1.1004729309         2.2939896420        -6.1813265334       -14.0238502230
        2.5404322000       123.1941707176         2.8416022022         1.4373800759         2.3271640490         2.5950002646       -11.7655515668
        2.5453961000      -844.0369961091         1.2527771507         1.7462116256         2.3628903334        10.6399664960        -9.3335376294
        2.5503899000     -1106.7718850741         0.6975396360         1.7844965284         2.4037203728        11.6372763594        -6.5540931295
        2.5554072000     -1138.0714886894         0.6147189424         1.7513162793         2.4343429023        10.7729411445        -4.4695097546
        2.5603822000     -1334.6744521090         0.0000000000         1.7462116256         2.4879323289        10.6399664960        -0.8214888485
        2.5653996000     -1399.6703063456         0.0000000000         1.7181360302         2.5236586133         9.9086059295         1.6105250889
        2.5703951000     -1549.3861165362         0.0000000000         1.7104790496         2.5670405302         9.7091439568         4.5636848701
        2.5753946000     -1634.8873187862         0.0000000000         1.6900604347         2.6027668146         9.1772453630         6.9956988075
        2.5803841000     -1034.3557691951         0.8743645617         1.4807696325         2.5925593047         3.7252847764         6.3008376825
        2.5854039000       147.9418870718         2.8698908234         1.0953682772         2.5542811429        -6.3143011818         3.6951084638
        2.5903887000       665.0140564058         3.4252122429         0.9396763389         2.5287623683       -10.3700279596         1.9579556514
        2.5956254000       735.8863678444         3.5149455592         0.9805135686         2.4828285740        -9.3062307720        -1.1689194110
        2.6004519000       815.5111128922         3.6278191687         0.9881705492         2.4573097994        -9.1067687993        -2.9060722234
        2.6054018000       904.6695378450         3.7741099922         1.0034845104         2.4241353924        -8.7078448540        -5.1643708796
        2.6103971000      1013.8539814100         3.9906830193         1.0187984715         2.3858572306        -8.3089209086        -7.7701000982
        2.6153879000      1062.4810397371         4.1034104999         1.0417694132         2.3577865785        -7.7105349906        -9.6809681919
        2.6203916000      1039.5790447179         4.0489362100         1.0877112966         2.3322678039        -6.5137631545       -11.4181210043
        2.6253993000       524.7261098832         3.2673369851         1.2612695229         2.3450271912        -1.9926251071       -10.5495445981
        2.6304287000      -468.1056158632         1.7522366829         1.6058336485         2.3628903334         6.9831636635        -9.3335376294
        2.6353933000      -942.7291009668         1.0709043352         1.7232406839         2.4037203728        10.0415805780        -6.5540931295
        2.6403919000      -963.5363658749         1.0287625437         1.6824034542         2.4368947797         8.9777833903        -4.2957944734
        2.6454050000     -1029.4908789137         0.8855363717         1.6696418199         2.4624135543         8.6453467692        -2.5586416609
        2.6504060000     -1125.0050904698         0.6497801058         1.6492232050         2.5006917162         8.1134481754         0.0470875577
        2.6553986000     -1160.4412461891         0.5530407991         1.6288045902         2.5236586133         7.5815495816         1.6105250889
        2.6603900000     -1276.9401351598         0.1961587773         1.6236999365         2.5568330203         7.4485749331         3.8688237451
        2.6653822000     -1108.7607989485         0.6923951706         1.5496824576         2.5644886527         5.5204425305         4.3899695888
        2.6704049000       175.5842679843         2.9009363822         1.1336531800         2.5211067359        -5.3169913184         1.4368098077
        2.6753974000       992.9222121138         3.9454597422         0.8733158407         2.4904842064       -12.0986983895        -0.6477735672
        2.6803963000      1036.9333889358         4.0428046373         0.9167053972         2.4496541670       -10.9684138777        -3.4272180671
        2.6853889000      1162.9659578114         4.3748159974         0.9294670315         2.4088241277       -10.6359772565        -6.2066625670
        2.6904365000      1288.9985266870         4.8032820944         0.9422286658         2.3679940883       -10.3035406354        -8.9861070669
        2.6954209000      1394.5257475492         5.0000000000         0.9626472806         2.3271640490        -9.7716420416       -11.7655515668
        2.7004356000      1443.1528058763         5.0000000000         0.9856182224         2.2990933970        -9.1732561236       -13.6764196605
        2.7054119000      1277.1927041643         4.7584118212         1.0775019892         2.2786783773        -6.7797124514       -15.0661419104
        2.7104062000       253.8426210984         2.9860544067         1.4297230954         2.2990933970         2.3955382919       -13.6764196605
        2.7154109000      -628.6685897742         1.5663799223         1.7181360302         2.3271640490         9.9086059295       -11.7655515668
        2.7203939000      -837.2018801046         1.2643506130         1.7436592987         2.3628903334        10.5734791718        -9.3335376294
        2.7253967000      -861.1870383143         1.2231843451         1.7002697422         2.3986166179         9.4431946599        -6.9015236920
        2.7304788000      -997.7119458972         0.9564282182         1.6951650884         2.4368947797         9.3102200115        -4.2957944734
        2.7354619000     -1167.4537747001         0.5332691248         1.6875081079         2.4853804515         9.1107580388        -0.9952041297
        2.7403929000     -1189.2196984105         0.4705478460         1.6619848393         2.5083473486         8.4458847965         0.5682334015
        2.7453945000     -1275.2002300616         0.2019502238         1.6492232050         2.5389698781         8.1134481754         2.6528167764
        2.7504138000      -936.6223231397         1.0830085167         1.5190545354         2.5415217556         4.7225946398         2.8265320576
        2.7553791000       263.4821172401         2.9962952684         1.1157868920         2.5108992261        -5.7824025880         0.7419486827
        2.7604007000       937.2826252757         3.8340162197         0.9090484167         2.4802766965       -11.1678758504        -1.3426346922
        2.7653881000      1021.8251687233         4.0084111707         0.9447809927         2.4343429023       -10.2370533112        -4.4695097546
        2.7704847000      1134.6668349912         4.2926885852         0.9549903001         2.3986166179        -9.9711040143        -6.9015236920
        2.7754258000      1247.0291718578         4.6484334577         0.9728565881         2.3577865785        -9.5056927447        -9.6809681919
        2.7804276000      1298.8341234866         4.8414716480         0.9983798566         2.3271640490        -8.8408195024       -11.7655515668
        2.7853978000      1418.9902351601         5.0000000000         0.9983798566         2.2965415195        -8.8408195024       -13.8501349417
        2.7904195000      1256.2080267497         4.6812038384         1.0928159503         2.2735746224        -6.3807885060       -15.4135724729
        2.7953888000       216.9684771755         2.9464178365         1.4322754222         2.3067490293         2.4620256161       -13.1552738168
        2.8003854000      -712.9092163272         1.4550254594         1.7308976644         2.3399234363        10.2410425506       -10.8969751606
        2.8054641000      -951.9608639771         1.0523799982         1.7640779136         2.3782015982        11.1053777656        -8.2912459419
        2.8104064000     -1000.1085929030         0.9512059452         1.7334499913         2.4113760052        10.3075298749        -6.0329472858
        2.8154495000     -1156.1801896970         0.5649522669         1.7206883570         2.4598616769         9.9750932537        -2.7323569422
        2.8204016000     -1282.2127585726         0.1785194447         1.7079267227         2.5006917162         9.6426566326         0.0470875577
        2.8254039000     -1371.3711835253         0.0000000000         1.6926127616         2.5338661232         9.2437326872         2.3053862139
        2.8303967000     -1446.8593764692         0.0000000000         1.6721941467         2.5670405302         8.7118340934         4.5636848701
        2.8354169000      -822.6445855630         1.2885909458         1.4577986908         2.5542811429         3.1268988584         3.6951084638
        2.8404172000       248.5513095342         2.9804128767         1.0877112966         2.5338661232        -6.5137631545         2.3053862139
        2.8454167000       761.4869267642         3.5496759233         0.9447809927         2.5006917162       -10.2370533112         0.0470875577
        2.8504014000       849.6866929146         3.6811111765         0.9754089149         2.4573097994        -9.4392054205        -2.9060722234
        2.8553909000       999.8818325064         3.9602859478         0.9754089149         2.4190316375        -9.4392054205        -5.5118014421
        2.8604053000      1011.1554175095         3.9847454986         1.0085891641         2.3935128629        -8.5748702055        -7.2489542545
        2.8654004000      1191.3895850197         4.4621905593         1.0085891641         2.3475790687        -8.5748702055       -10.3758293169
        2.8704248000      1138.4485620821         4.3033920605         1.0545310475         2.3297159265        -7.3780983694       -11.5918362856
        2.8753896000      1170.2274950986         4.3966618019         1.0800543160         2.3041971519        -6.7132251272       -13.3289890980
        2.8804108000       348.2736694640         3.0847521666         1.3608102703         2.3220602941         0.6003805378       -12.1129821293
        2.8854246000      -663.6254160923         1.5216487938         1.6900604347         2.3552347011         9.1772453630        -9.8546834731
        2.8903995000     -1022.5312585211         0.9013694543         1.7717348941         2.3909609855        11.3048397383        -7.4226695357
        2.8953959000     -1067.0217647442         0.7970835968         1.7360023181         2.4266872699        10.3740171991        -4.9906555983
        2.9004616000     -1240.4208162500         0.3147038889         1.7334499913         2.4726210642        10.3075298749        -1.8637805359
        2.9055408000     -1342.2908144093         0.0000000000         1.7079267227         2.5160029810         9.6426566326         1.0893792452
        2.9104348000     -1481.9936152939         0.0000000000         1.7002697422         2.5568330203         9.4431946599         3.8688237451
        2.9154228000     -1564.3169242422         0.0000000000         1.6824034542         2.5900074273         8.9777833903         6.1271224012
        2.9203867000      -998.4402840746         0.9548432859         1.4935312668         2.5746961625         4.0577213976         5.0848307138
        2.9253931000        59.5647084149         2.7665452038         1.1208915457         2.5593848978        -5.6494279395         4.0425390263
        2.9303978000       688.2179683197         3.4536519437         0.9422286658         2.5211067359       -10.3035406354         1.4368098077
        2.9353951000       725.8733585383         3.5017227997         0.9805135686         2.4853804515        -9.3062307720        -0.9952041297
        2.9403941000       872.4112754273         3.7184017307         0.9856182224         2.4445504121        -9.1732561236        -3.7746486296
        2.9454109000       971.5827096862         3.9012622730         1.0009321835         2.4088241277        -8.7743321782        -6.2066625670
        2.9504059000      1003.3616427027         3.9677769080         1.0264554521         2.3833053531        -8.1094589359        -7.9438153795
        2.9554077000      1075.6719423449         4.1359549890         1.0443217401         2.3526828236        -7.6440476663       -10.0283987544
        2.9603885000      1100.1364299558         4.1986745721         1.0800543160         2.3220602941        -6.7132251272       -12.1129821293
        2.9653919000       632.6499777513         3.3868573683         1.2434032349         2.3297159265        -2.4580363767       -11.5918362856
        2.9703842000      -428.0535786387         1.7954224739         1.6058336485         2.3526828236         6.9831636635       -10.0283987544
        2.9754001000      -971.0282237870         1.0132420693         1.7487639524         2.3935128629        10.7064538202        -7.2489542545
        2.9803960000     -1025.5317393162         0.8945648195         1.7130313764         2.4317910248         9.7756312810        -4.6432250358
        2.9853918000     -1138.3734055841         0.6139004599         1.7028220690         2.4675173092         9.5096819841        -2.2112110984
        2.9903899000     -1173.3302319022         0.5165379572         1.6747464736         2.4955879613         8.7783214176        -0.3003430048
        2.9954108000     -1282.5146754672         0.1775053396         1.6594325125         2.5338661232         8.3793974723         2.3053862139
        3.0003961000     -1402.1914577395         0.0000000000         1.6517755319         2.5695924076         8.1799354996         4.7374001513
        3.0053831000     -1234.0121215283         0.3348630911         1.5777580530         2.5772480400         6.2518030970         5.2585459950
        3.0104149000       -34.8663399507         2.2551881805         1.1898043709         2.5364180006        -3.8542701854         2.4791014951
        3.0154154000       776.1158175754         3.5701554410         0.9243623778         2.5108992261       -10.7689519050         0.7419486827
        3.0204035000       919.4758411628         3.8008416468         0.9269147047         2.4726210642       -10.7024645808        -1.8637805359
        3.0254180000      1055.5214193445         4.0865880168         0.9396763389         2.4292391474       -10.3700279596        -4.8169403171
        3.0303966000      1222.0853548458         4.5623590417         0.9447809927         2.3833053531       -10.2370533112        -7.9438153795
        3.0353989000      1264.3566265696         4.7108026827         0.9626472806         2.3603384560        -9.7716420416        -9.5072529106
        3.0404009000      1406.2786619534         5.0000000000         0.9881705492         2.3067490293        -9.1067687993       -13.1552738168
        3.0454124000      1387.5132190382         5.0000000000         1.0213507983         2.2888858871        -8.2424335844       -14.3712807855
        3.0504364000       810.6649107622         3.6205169914         1.2255369469         2.2965415195        -2.9234476462       -13.8501349417
        3.0553857000      -226.3554043127         2.0133525466         1.5828627068         2.3169565392         6.3847777455       -12.4604126918
        3.0603926000      -865.0216735236         1.2164572926         1.7615255867         2.3577865785        11.0388904414        -9.6809681919
        3.0654574000      -838.4624558016         1.2622254798         1.7104790496         2.3858572306         9.7091439568        -7.7701000982
        3.0703915000     -1018.6966233118         0.9100187645         1.7104790496         2.4317910248         9.7091439568        -4.6432250358
        3.0753877000     -1063.6664589361         0.8052061155         1.6824034542         2.4624135543         8.9777833903        -2.5586416609
        3.0804048000     -1156.0027771905         0.5654465375         1.6645371662         2.4981398388         8.5123721207        -0.1266277235
        3.0853999000     -1275.6795594628         0.2003561779         1.6568801856         2.5338661232         8.3129101481         2.3053862139
        3.0904009000     -1141.6758032739         0.6049230420         1.5956243410         2.5415217556         6.7172143666         2.8265320576
        3.0953865000       -13.5797456415         2.3475794053         1.2229846200         2.5083473486        -2.9899349705         0.5682334015
        3.1004743000       919.4758411628         3.8008416468         0.9269147047         2.4726210642       -10.7024645808        -1.8637805359
        3.1054353000      1117.5167927859         4.2451690772         0.9090484167         2.4343429023       -11.1678758504        -4.4695097546
        3.1105551000      1185.6905403241         4.4442663493         0.9396763389         2.3960647404       -10.3700279596        -7.0752389732
        3.1154176000      1342.2414665192         5.0000000000         0.9447809927         2.3526828236       -10.2370533112       -10.0283987544
        3.1204212000      1420.9075527647         5.0000000000         0.9677519344         2.3169565392        -9.6386673931       -12.4604126918
        3.1254071000      1543.7622283387         5.0000000000         0.9779612418         2.2786783773        -9.3727180962       -15.0661419104
        3.1303982000      1517.2030106166         5.0000000000         1.0290077789         2.2506077252        -8.0429716117       -16.9770100041
        3.1353929000       981.8447277686         3.9222822611         1.2102229857         2.2633671125        -3.3223715916       -16.1084335979
        3.1404160000       -82.0367219230         2.1899163578         1.5701010725         2.2888858871         6.0523411244       -14.3712807855
        3.1454011000      -605.9440072615         1.5944667620         1.7283453376         2.3144046617        10.1745552264       -12.6341279730
        3.1504542000      -626.7512721695         1.5687784551         1.6875081079         2.3475790687         9.1107580388       -10.3758293169
        3.1554105000      -739.5929384373         1.4170063808         1.6772988005         2.3833053531         8.8448087419        -7.9438153795
        3.1603861000      -838.7643726962         1.2617158719         1.6619848393         2.4190316375         8.4458847965        -5.5118014421
        3.1654211000      -911.0746723384         1.1323829959         1.6441185513         2.4496541670         7.9804735269        -3.4272180671
        3.1704017000     -1020.7384453046         0.9054198384         1.6364615707         2.4828285740         7.7810115542        -1.1689194110
        3.1753966000     -1066.1876103300         0.7991069179         1.6160429559         2.5083473486         7.2491129604         0.5682334015
        3.1803853000      -748.1150514216         1.4045524548         1.4935312668         2.5108992261         4.0577213976         0.7419486827
        3.1853849000       397.3084609225         3.1351198094         1.1106822383         2.4802766965        -5.9153772364        -1.3426346922
        3.1904021000       954.9119968821         3.8680126126         0.9473333195         2.4496541670       -10.1705659870        -3.4272180671
        3.1953971000       958.3918070784         3.8748630700         0.9983798566         2.4139278826        -8.8408195024        -5.8592320045
        3.2003904000      1115.4220626747         4.2394778394         0.9958275298         2.3756497207        -8.9073068266        -8.4649612232
        3.2053954000      1207.7583809291         4.5148347337         1.0136938178         2.3399234363        -8.4418955571       -10.8969751606
        3.2103859000      1286.9037965758         4.7952440208         1.0290077789         2.3093009068        -8.0429716117       -12.9815585355
        3.2154145000      1274.9734696650         4.7500936965         1.0596357012         2.2914377646        -7.2451237210       -14.1975655042
        3.2204030000      1085.8094560391         4.1615661897         1.1489671412         2.2786783773        -4.9180673730       -15.0661419104
        3.2254148000        49.7477997666         2.7546513027         1.4909789399         2.3093009068         3.9912340733       -12.9815585355
        3.2303918000      -879.6505643349         1.1904153347         1.7819442016         2.3475790687        11.5707890352       -10.3758293169
        3.2354106000     -1012.9975786162         0.9227764032         1.7793918747         2.3833053531        11.5043017109        -7.9438153795
        3.2403966000     -1121.7026927800         0.6585303858         1.7564209330         2.4266872699        10.9059157929        -4.9906555983
        3.2454879000     -1230.8871363450         0.3446243565         1.7411069719         2.4649654318        10.5069918475        -2.3849263797
        3.2504129000     -1420.6549837602         0.0000000000         1.7334499913         2.5185548584        10.3075298749         1.2630945264
        3.2554081000     -1445.5988007722         0.0000000000         1.7053743959         2.5440736330         9.5761693084         3.0002473389
        3.2604296000     -1615.3406295751         0.0000000000         1.6977174153         2.5925593047         9.3767073357         6.3008376825
        3.2653915000      -970.6204906556         1.0140915426         1.4756649788         2.5797999174         3.5923101280         5.4322612763
        3.2703963000       157.4755669768         2.8806621631         1.1030252578         2.5466255105        -6.1148392091         3.1739626201
        3.2755464000       684.0814162157         3.4485198492         0.9549903001         2.5134511035        -9.9711040143         0.9156639639
        3.2804263000       661.1794211964         3.4205913308         1.0009321835         2.4879323289        -8.7743321782        -0.8214888485
        3.2853980000       821.3875700944         3.6367561365         1.0009321835         2.4471022896        -8.7743321782        -3.6009333484
        3.2904034000       951.0773616728         3.8605177125         1.0085891641         2.4088241277        -8.5748702055        -6.2066625670
        3.2953861000       982.8562946893         3.9243775957         1.0341124326         2.3833053531        -7.9099969632        -7.9438153795
        3.3004063000      1082.5070583494         4.1531650030         1.0417694132         2.3526828236        -7.7105349906       -10.0283987544
        3.3053828000      1090.1234206496         4.1726261653         1.0800543160         2.3246121715        -6.7132251272       -11.9392668481
        3.3104877000       772.5301911423         3.5650912900         1.1949090246         2.3271640490        -3.7212955370       -11.7655515668
        3.3154351000      -301.8435972566         1.9300701023         1.5624440919         2.3501309461         5.8528791517       -10.2021140356
        3.3204811000      -930.4968571613         1.0950314461         1.7411069719         2.3884091080        10.5069918475        -7.5963848170
        3.3254023000      -900.7597461376         1.1517535740         1.6926127616         2.4139278826         9.2437326872        -5.8592320045
        3.3304007000     -1030.4495377161         0.8833417019         1.6849557810         2.4522060445         9.0442707146        -3.2535027859
        3.3354269000     -1072.2414800387         0.7843623312         1.6594325125         2.4802766965         8.3793974723        -1.3426346922
        3.3404138000     -1188.2610396082         0.4733538556         1.6466708782         2.5185548584         8.0469608512         1.2630945264
        3.3456243000     -1257.3934459487         0.2603916861         1.6313569170         2.5466255105         7.6480369058         3.1739626201
        3.3504007000     -1228.1356643261         0.3531817801         1.5905196873         2.5670405302         6.5842397182         4.5636848701
        3.3554099000      -198.4297946569         2.0453788678         1.2434032349         2.5415217556        -2.4580363767         2.8265320576
        3.3603902000       785.6494974804         3.5837648372         0.9320193584         2.5032435937       -10.5694899323         0.2208028390
        3.3653855000      1068.4104050577         4.1179314823         0.8937344555         2.4573097994       -11.5667997957        -2.9060722234
        3.3703730000      1150.2543846048         4.3373407456         0.9192577241         2.4190316375       -10.9019265534        -5.5118014421
        3.3753983000      1313.1610974032         4.8984401916         0.9294670315         2.3705459658       -10.6359772565        -8.8123917857
        3.3803830000      1422.3455409682         5.0000000000         0.9447809927         2.3322678039       -10.2370533112       -11.4181210043
        3.3854098000      1490.9986179076         5.0000000000         0.9677519344         2.2990933970        -9.6386673931       -13.6764196605
        3.3903983000      1514.9837761173         5.0000000000         1.0111414909         2.2633671125        -8.5083828813       -16.1084335979
        3.3953979000       945.4499132469         3.8496202701         1.2051183320         2.2761264998        -3.4553462401       -15.2398571917
        3.4003882000      -101.5834111341         2.1641399650         1.5624440919         2.2990933970         5.8528791517       -13.6764196605
        3.4053923000      -696.5404204177         1.4776493589         1.7360023181         2.3322678039        10.3740171991       -11.4181210043
        3.4103769000      -693.6644440107         1.4815718439         1.6900604347         2.3628903334         9.1772453630        -9.3335376294
        3.4153989000      -759.1396276484         1.3882086034         1.6696418199         2.3935128629         8.6453467692        -7.2489542545
        3.4203938000      -841.4629365967         1.2571502141         1.6517755319         2.4266872699         8.1799354996        -4.9906555983
        3.4255266000      -893.7472176266         1.1647416047         1.6339092439         2.4522060445         7.7145242300        -3.2535027859
        3.4303877000     -1013.4239998989         0.9218258311         1.6262522633         2.4879323289         7.5150622573        -0.8214888485
        3.4354218000     -1075.7212902350         0.7758234381         1.6083859753         2.5160029810         7.0496509878         1.0893792452
        3.4404309000      -649.2455340573         1.5402854463         1.4603510177         2.5083473486         3.1933861826         0.5682334015
        3.4453886000       448.3321662555         3.1875373333         1.0953682772         2.4777248191        -6.3143011818        -1.5163499735
        3.4503850000       921.2157462609         3.8040330502         0.9524379732         2.4547579220       -10.0375913385        -3.0797875047
        3.4553880000       938.8451178674         3.8369822517         0.9907228761         2.4241353924        -9.0402814751        -5.1643708796
        3.4604356000      1139.1053039898         4.3052592513         0.9907228761         2.3730978433        -9.0402814751        -8.6386765044
        3.4654228000      1228.2637289425         4.5832796617         1.0060368372         2.3399234363        -8.6413575297       -10.8969751606
        3.4703973000      1266.8777779635         4.7200581174         1.0290077789         2.3144046617        -8.0429716117       -12.6341279730
        3.4753898000      1349.6804163130         5.0000000000         1.0392170863         2.2863340097        -7.7770223148       -14.5449960667
        3.4804073000      1258.4272612491         4.6892174180         1.1106822383         2.2608152351        -5.9153772364       -16.2821488791
        3.4853952000       328.0702383452         3.0638867769         1.4169614611         2.2888858871         2.0631016708       -14.3712807855
        3.4903944000      -635.9830351798         1.5571790128         1.7283453376         2.3220602941        10.1745552264       -12.1129821293
        3.4953889000      -926.0583881627         1.1036698206         1.7768395479         2.3628903334        11.4378143867        -9.3335376294
        3.5003977000     -1047.9544049343         0.8426762619         1.7513162793         2.4113760052        10.7729411445        -6.0329472858
        3.5054111000     -1157.1388484993         0.5622791359         1.7360023181         2.4496541670        10.3740171991        -3.4272180671
        3.5103879000     -1293.1844266811         0.1413833497         1.7232406839         2.4930360838        10.0415805780        -0.4740582860
        3.5154162000     -1439.2430141689         0.0000000000         1.7104790496         2.5389698781         9.7091439568         2.6528167764
        3.5204065000     -1528.4014391217         0.0000000000         1.6951650884         2.5721442851         9.3102200115         4.9111154325
        3.5254381000      -959.3469056524         1.0373608525         1.5088452279         2.5542811429         4.4566453429         3.6951084638
        3.5304364000       118.2047760481         2.8358398285         1.1438624875         2.5287623683        -5.0510420215         1.9579556514
        3.5354113000       700.4502121251         3.4689941961         0.9600949538         2.5057954711        -9.8381293658         0.3945181202
        3.5404065000       755.4330570555         3.5413388329         0.9881705492         2.4726210642        -9.1067687993        -1.8637805359
        3.5453814000       824.5654633960         3.6416272929         1.0034845104         2.4445504121        -8.7078448540        -3.7746486296
        3.5504057000      1017.9905335140         3.9998472991         1.0060368372         2.3935128629        -8.6413575297        -7.2489542545
        3.5553933000      1046.5915732288         4.0653482390         1.0290077789         2.3705459658        -8.0429716117        -8.8123917857
        3.5604979000      1095.2186315560         4.1858147785         1.0519787206         2.3424753138        -7.4445856937       -10.7232598794
        3.5654148000      1113.3273325635         4.2338108219         1.0826066429         2.3169565392        -6.6467378029       -12.4604126918
        3.5704406000       856.2914882941         3.6917905811         1.1898043709         2.3093009068        -3.8542701854       -12.9815585355
        3.5753920000      -274.9824626398         1.9592602040         1.5598917651         2.3450271912         5.7863918274       -10.5495445981
        3.5803904000      -914.6073906531         1.1256751218         1.7538686061         2.3756497207        10.8394284687        -8.4649612232
        3.5854101000      -945.4276648673         1.0655177218         1.7130313764         2.4113760052         9.7756312810        -6.0329472858
        3.5904017000     -1031.4081965184         0.8811436943         1.7002697422         2.4419985347         9.4431946599        -3.9483639109
        3.5953962000     -1153.7835426912         0.5716180451         1.6824034542         2.4853804515         8.9777833903        -0.9952041297
        3.6003855000     -1324.0047008952         0.0339059305         1.6824034542         2.5287623683         8.9777833903         1.9579556514
        3.6053845000     -1389.4798845329         0.0000000000         1.6619848393         2.5593848978         8.4458847965         4.0425390263
        3.6104012000     -1224.9577710245         0.3630222897         1.5930720142         2.5644886527         6.6507270424         4.3899695888
        3.6153941000      -225.2909292736         2.0145589493         1.2459555617         2.5466255105        -2.3915490524         3.1739626201
        3.6203908000       680.4241935128         3.4440054169         0.9600949538         2.5108992261        -9.8381293658         0.7419486827
        3.6253857000       939.9811891762         3.8391444972         0.9192577241         2.4726210642       -10.9019265534        -1.8637805359
        3.6303745000      1075.5474379568         4.1356437152         0.9396763389         2.4241353924       -10.3700279596        -5.1643708796
        3.6356559000      1161.0486402067         4.3691013909         0.9600949538         2.3884091080        -9.8381293658        -7.5963848170
        3.6404150000      1267.0551904701         4.7207111677         0.9728565881         2.3526828236        -9.5056927447       -10.0283987544
        3.6454104000      1345.7212767155         5.0000000000         0.9958275298         2.3169565392        -8.9073068266       -12.4604126918
        3.6504054000      1393.8690056415         5.0000000000         1.0264554521         2.2837821322        -8.1094589359       -14.7187113479
        3.6553979000       834.3481520772         3.6567940414         1.2204322931         2.2939896420        -3.0564222947       -14.0238502230
        3.6603976000      -175.3316989798         2.0725249422         1.5675487456         2.3144046617         5.9858538001       -12.6341279730
        3.6656733000      -797.6291722813         1.3289878179         1.7513162793         2.3475790687        10.7729411445       -10.3758293169
        3.6703823000      -845.2975718060         1.2506291042         1.7130313764         2.3858572306         9.7756312810        -7.7701000982
        3.6754108000     -1015.5187300101         0.9171469162         1.7130313764         2.4292391474         9.7756312810        -4.8169403171
        3.6803988000     -1094.1848162556         0.7297310607         1.6900604347         2.4649654318         9.1772453630        -2.3849263797
        3.6853902000     -1142.8118745827         0.6018241701         1.6670894930         2.4930360838         8.5788594450        -0.4740582860
        3.6903830000     -1205.1091649188         0.4234472722         1.6492232050         2.5211067359         8.1134481754         1.4368098077
        3.6953852000     -1256.9141165475         0.2619440614         1.6236999365         2.5517292654         7.4485749331         3.5213931826
        3.7003999000      -347.0624416571         1.8816265407         1.3250776943         2.5236586133        -0.3304420014         1.6105250889
        3.7053921000       590.1296972512         3.3384448177         1.0162461446         2.4955879613        -8.3754082328        -0.3003430048
        3.7104106000      1104.8052195793         4.2110029463         0.8988391092         2.4445504121       -11.4338251473        -3.7746486296
        3.7153858000      1132.4476004918         4.2864456869         0.9371240121         2.4113760052       -10.4365152839        -6.0329472858
        3.7204003000      1261.6580626691         4.7009472365         0.9524379732         2.3679940883       -10.0375913385        -8.9861070669
        3.7253948000      1387.6906315447         5.0000000000         0.9651996075         2.3271640490        -9.7051547174       -11.7655515668
        3.7304202000      1449.9879218808         5.0000000000         0.9830658955         2.2990933970        -9.2397434478       -13.6764196605
        3.7353981000      1467.6172934871         5.0000000000         1.0213507983         2.2684708674        -8.2424335844       -15.7610030354
        3.7404598000      1315.8067531853         4.9091365496         1.1004729309         2.2531596027        -6.1813265334       -16.8032947229
        3.7453984000       373.9987327718         3.1112068750         1.4297230954         2.2684708674         2.3955382919       -15.7610030354
        3.7504142000      -534.4149539151         1.6786047108         1.7053743959         2.3118527843         9.5761693084       -12.8078432543
        3.7553902000      -726.1001189349         1.4364122485         1.7283453376         2.3450271912        10.1745552264       -10.5495445981
        3.7604001000      -720.5255786274         1.4443207737         1.6926127616         2.3679940883         9.2437326872        -8.9861070669
        3.7660808000      -870.2413888181         1.2072345418         1.6849557810         2.4113760052         9.0442707146        -6.0329472858
        3.7704192000      -969.4128230770         1.0166043551         1.6696418199         2.4471022896         8.6453467692        -3.6009333484
        3.7754526000     -1041.7231227191         0.8572813481         1.6517755319         2.4777248191         8.1799354996        -1.5163499735
        3.7804126000     -1097.1852970507         0.7221144312         1.6313569170         2.5057954711         7.6480369058         0.3945181202
        3.7854270000     -1081.5977474371         0.7612974759         1.5956243410         2.5262104908         6.7172143666         1.7842403702
        3.7903964000      -154.4186178349         2.0976870077         1.2867927914         2.5006917162        -1.3277518648         0.0470875577
        3.7953882000       758.6109503571         3.5457054085         0.9907228761         2.4700691867        -9.0402814751        -2.0374958172
        3.8004150000      1001.7991501111         3.9644068774         0.9447809927         2.4394466572       -10.2370533112        -4.1220791921
        3.8054057000      1063.6171110460         4.1061792023         0.9703042612         2.4062722502        -9.5721800689        -6.3803778483
        3.8104235000      1159.1313226020         4.3634089789         0.9907228761         2.3679940883        -9.0402814751        -8.9861070669
        3.8153947000      1265.1378728654         4.7136657676         1.0034845104         2.3322678039        -8.7078448540       -11.4181210043
        3.8204087000      1327.4351632014         4.9568124508         1.0213507983         2.3041971519        -8.2424335844       -13.3289890980
        3.8253998000      1331.3943027989         4.9732934511         1.0647403549         2.2735746224        -7.1121490725       -15.4135724729
        3.8304110000      1020.1568598949         4.0046772105         1.1846997172         2.2710227449        -3.9872448339       -15.5872877542
        3.8353877000       -67.4078311118         2.2096768308         1.5496824576         2.2990933970         5.5204425305       -13.6764196605
        3.8406476000      -795.4099377820         1.3324970639         1.7691825673         2.3348196814        11.2383524140       -11.2444057231
        3.8453945000      -812.5599799872         1.3050643996         1.7232406839         2.3705459658        10.0415805780        -8.8123917857
        3.8504060000      -975.9460221868         1.0029525548         1.7206883570         2.4139278826         9.9750932537        -5.8592320045
        3.8554171000     -1101.9785910624         0.7098727865         1.7079267227         2.4547579220         9.6426566326        -3.0797875047
        3.8603936000     -1184.3019000107         0.4848995913         1.6900604347         2.4879323289         9.1772453630        -0.8214888485
        3.8653869000     -1290.3084502741         0.1511742629         1.6772988005         2.5236586133         8.8448087419         1.6105250889
        3.8704279000     -1277.8987939621         0.1929615759         1.6390138976         2.5466255105         7.8474988785         3.1739626201
        3.8754006000      -384.4159149811         1.8419173188         1.3352870017         2.5262104908        -0.0644927045         1.7842403702
        3.8803876000       535.4487692155         3.2787719651         1.0366647595         2.4955879613        -7.8435096390        -0.3003430048
        3.8853968000       938.5432009727         3.8364084283         0.9422286658         2.4573097994       -10.3035406354        -2.9060722234
        3.8904040000      1034.0574125288         4.0361763941         0.9626472806         2.4190316375        -9.7716420416        -5.5118014421
        3.8954279000      1180.1160000166         4.4269324968         0.9754089149         2.3730978433        -9.4392054205        -8.6386765044
        3.9004000000      1232.4002810465         4.5974321319         0.9932752029         2.3475790687        -8.9737941509       -10.3758293169
        3.9054145000      1321.0793765981         4.9306197354         1.0162461446         2.3093009068        -8.3754082328       -12.9815585355
        3.9104072000      1420.2508108570         5.0000000000         1.0315601058         2.2735746224        -7.9764842875       -15.4135724729
        3.9156119000      1105.8354746514         4.2137392511         1.1489671412         2.2735746224        -4.9180673730       -15.4135724729
        3.9203962000        82.9647209866         2.7945513419         1.4935312668         2.2990933970         4.0577213976       -13.6764196605
        3.9255151000      -753.9199123540         1.3959799367         1.7462116256         2.3399234363        10.6399664960       -10.8969751606
        3.9304117000      -978.8219985938         0.9968975482         1.7666302404         2.3833053531        11.1718650898        -7.9438153795
        3.9353839000     -1013.2994955108         0.9221034411         1.7308976644         2.4164797601        10.2410425506        -5.6855167233
        3.9404773000     -1179.8634310120         0.4977616339         1.7257930107         2.4624135543        10.1080679022        -2.5586416609
        3.9454391000     -1299.0608838832         0.1212521581         1.7104790496         2.5032435937         9.7091439568         0.2208028390
        3.9504148000     -1307.1565755846         0.0932410116         1.6798511273         2.5262104908         8.9112960661         1.7842403702
        3.9553803000     -1403.1501165419         0.0000000000         1.6670894930         2.5593848978         8.5788594450         4.0425390263
        3.9604103000      -952.0324602468         1.0522352615         1.4986359205         2.5593848978         4.1906960460         4.0425390263
        3.9653948000       111.3696600436         2.8279127842         1.1464148143         2.5287623683        -4.9845546973         1.9579556514
        3.9703885000       744.1594720524         3.5260205844         0.9549903001         2.4981398388        -9.9711040143        -0.1266277235
        3.9754129000       887.0401662386         3.7432475757         0.9651996075         2.4547579220        -9.7051547174        -3.0797875047
        3.9804042000       983.0337071958         3.9247455188         0.9779612418         2.4215835150        -9.3727180962        -5.3380861608
        3.9853769000      1038.4958815274         4.0464219015         0.9983798566         2.3935128629        -8.8408195024        -7.2489542545
        3.9903858000      1171.3635664075         4.4001087841         1.0085891641         2.3526828236        -8.5748702055       -10.0283987544
        3.9954215000      1230.0036340407         4.5892181309         1.0315601058         2.3220602941        -7.9764842875       -12.1129821293
        4.0004284000      1180.7198338059         4.4288006678         1.0723973355         2.3067490293        -6.9126870998       -13.1552738168
        4.0054179000       644.8822215567         3.4011862323         1.2612695229         2.3144046617        -1.9926251071       -12.6341279730
        4.0103993000      -404.3703373236         1.8206980405         1.6007289948         2.3501309461         6.8501890151       -10.2021140356
        4.0153862000     -1026.1884812239         0.8930711011         1.7768395479         2.3884091080        11.4378143867        -7.5963848170
        4.0204153000     -1046.9957461320         0.8449325662         1.7360023181         2.4215835150        10.3740171991        -5.3380861608
        4.0254022000     -1159.8374123998         0.5547334700         1.7257930107         2.4573097994        10.1080679022        -2.9060722234
        4.0304248000     -1231.6683826408         0.3421882497         1.7002697422         2.4930360838         9.4431946599        -0.4740582860
        4.0353852000     -1374.5490768270         0.0000000000         1.6900604347         2.5364180006         9.1772453630         2.4791014951
        4.0404128000     -1430.0112511586         0.0000000000         1.6696418199         2.5644886527         8.6453467692         4.3899695888
        4.0454008000     -1306.0205042758         0.0971912947         1.6083859753         2.5746961625         7.0496509878         5.0848307138
        4.0504747000      -313.1887785294         1.9178491252         1.2638218497         2.5568330203        -1.9261377828         3.8688237451
        4.0553947000       520.9972909107         3.2633774339         1.0009321835         2.5236586133        -8.7743321782         1.6105250889
        4.0604034000       774.1984999708         3.5674438741         0.9549903001         2.4904842064        -9.9711040143        -0.6477735672
        4.0654381000       792.3072009783         3.5933961361         0.9856182224         2.4649654318        -9.1732561236        -2.3849263797
        4.0704093000       925.1748858584         3.8113350690         0.9958275298         2.4241353924        -8.9073068266        -5.1643708796
        4.0758895000      1000.6630788022         3.9619631849         1.0162461446         2.3909609855        -8.3754082328        -7.4226695357
        4.0803860000      1103.4917357639         4.2075227141         1.0264554521         2.3577865785        -8.1094589359        -9.6809681919
        4.0854820000      1121.6004367715         4.2563340785         1.0570833743         2.3322678039        -7.3116110452       -11.4181210043
        4.0904251000      1183.4183977064         4.4371775798         1.0826066429         2.2990933970        -6.6467378029       -13.6764196605
        4.0954351000       362.4232308741         3.0993151605         1.3480486360         2.3271640490         0.2679439166       -11.7655515668
        4.1004393000      -524.2245321025         1.6901480058         1.6492232050         2.3475790687         8.1134481754       -10.3758293169
        4.1054768000      -957.8373211792         1.0404449711         1.7513162793         2.3884091080        10.7729411445        -7.5963848170
        4.1104039000     -1052.8722033341         0.8310478808         1.7232406839         2.4317910248        10.0415805780        -4.6432250358
        4.1155093000     -1162.0566468991         0.5485048531         1.7079267227         2.4700691867         9.6426566326        -2.0374958172
        4.1204127000     -1271.2410904641         0.2150745589         1.6926127616         2.5083473486         9.2437326872         0.5682334015
        4.1253847000     -1374.0697474259         0.0000000000         1.6824034542         2.5415217556         8.9777833903         2.8265320576
        4.1304039000     -1449.5579403697         0.0000000000         1.6619848393         2.5746961625         8.4458847965         5.0848307138
        4.1353962000     -1193.0014255014         0.4594392068         1.5624440919         2.5772480400         5.8528791517         5.2585459950
        4.1403980000      -156.4604398277         2.0952041413         1.2127753126         2.5517292654        -3.2558842674         3.5213931826
        4.1453854000       626.7019242794         3.3799588735         0.9651996075         2.5211067359        -9.7051547174         1.4368098077
        4.1504421000       807.8947505920         3.6163701660         0.9498856464         2.4853804515       -10.1040786627        -0.9952041297
        4.1554255000       903.4089621480         3.7718688392         0.9703042612         2.4471022896        -9.5721800689        -3.6009333484
        4.1604189000       995.7452804024         3.9514488960         0.9881705492         2.4113760052        -9.1067687993        -6.0329472858
        4.1653927000      1159.1313226020         4.3634089789         0.9907228761         2.3679940883        -9.0402814751        -8.9861070669
        4.1707780000      1234.6195155458         4.6050733597         1.0111414909         2.3348196814        -8.5083828813       -11.2444057231
        4.1754006000      1252.7282165534         4.6687095199         1.0417694132         2.3093009068        -7.7105349906       -12.9815585355
        4.1804006000      1060.8656390271         4.0994846150         1.1208915457         2.3041971519        -5.6494279395       -13.3289890980
        4.1853950000        48.4872240696         2.7531177488         1.4577986908         2.3322678039         3.1268988584       -11.4181210043
        4.1906007000      -839.9004440051         1.2597961253         1.7334499913         2.3705459658        10.3075298749        -8.8123917857
        4.1954092000     -1095.8002169656         0.7256348367         1.7691825673         2.4113760052        11.2383524140        -6.0329472858
        4.2004277000     -1127.0998205810         0.6442066221         1.7360023181         2.4419985347        10.3740171991        -3.9483639109
        4.2053960000     -1209.4231295293         0.4104654189         1.7181360302         2.4751729416         9.9086059295        -1.6900652547
        4.2103893000     -1321.7854663959         0.0418024698         1.7002697422         2.5160029810         9.4431946599         1.0893792452
        4.2153822000     -1437.8050259654         0.0000000000         1.6875081079         2.5542811429         9.1107580388         3.6951084638
        4.2204040000     -1546.9894695304         0.0000000000         1.6721941467         2.5925593047         8.7118340934         6.3008376825
        4.2253975000     -1127.3488293572         0.6435428836         1.5267115159         2.5849036724         4.9220566125         5.7796918388
        4.2304162000      -141.3522196153         2.1137173556         1.1846997172         2.5670405302        -3.9872448339         4.5636848701
        4.2353862000       583.4719937533         3.3310396510         0.9626472806         2.5338661232        -9.7716420416         2.3053862139
        4.2404004000       767.3633839663         3.5578451319         0.9575426269         2.4904842064        -9.9046166900        -0.6477735672
        4.2453982000       873.3699342297         3.7200093225         0.9703042612         2.4547579220        -9.5721800689        -3.0797875047
        4.2503961000       979.3764844930         3.9171872710         0.9830658955         2.4190316375        -9.2397434478        -5.5118014421
        4.2553864000      1054.8646774368         4.0850128061         1.0034845104         2.3858572306        -8.7078448540        -7.7701000982
        4.2605985000      1120.3398610745         4.2528776573         1.0239031252         2.3552347011        -8.1759462602        -9.8546834731
        4.2654214000      1155.2966873927         4.3520904128         1.0519787206         2.3271640490        -7.4445856937       -11.7655515668
        4.2703961000      1034.9631632127         4.0382597143         1.1081299115         2.3195084166        -5.9818645607       -12.2866974105
        4.2759912000       134.6451682272         2.8547515450         1.4144091342         2.3399234363         1.9966143465       -10.8969751606
        4.2804150000      -761.0569452531         1.3853388897         1.7002697422         2.3730978433         9.4431946599        -8.6386765044
        4.2854037000     -1098.9781102673         0.7175464247         1.7666302404         2.4139278826        11.1718650898        -5.8592320045
        4.2903987000     -1160.3167418010         0.5533899378         1.7334499913         2.4522060445        10.3075298749        -3.2535027859
        4.2954182000     -1249.4751667538         0.2858976920         1.7181360302         2.4853804515         9.9086059295        -0.9952041297
        4.3003881000     -1388.6986382371         0.0000000000         1.7028220690         2.5313142457         9.5096819841         2.1316709326
        4.3053969000     -1444.1608125687         0.0000000000         1.6824034542         2.5593848978         8.9777833903         4.0425390263
        4.3103751000     -1533.3192375215         0.0000000000         1.6670894930         2.5925593047         8.5788594450         6.3008376825
        4.3154160000     -1252.6001519370         0.2758667875         1.5547871113         2.5976630597         5.6534171790         6.6482682450
        4.3203886000      -246.5775235828         1.9906285827         1.2127753126         2.5746961625        -3.2558842674         5.0848307138
        4.3254267000       542.9406271276         3.2868072726         0.9703042612         2.5389698781        -9.5721800689         2.6528167764
        4.3304038000       710.4632214312         3.4817446979         0.9600949538         2.5032435937        -9.8381293658         0.2208028390
        4.3354739000       819.6476649962         3.6341005704         0.9754089149         2.4649654318        -9.4392054205        -2.3849263797
        4.3403889000       875.1098393278         3.7229342989         0.9958275298         2.4368947797        -8.9073068266        -4.2957944734
        4.3454005000      1048.5088908335         4.0698762426         0.9983798566         2.3909609855        -8.8408195024        -7.4226695357
        4.3503981000      1113.9840744712         4.2355849507         1.0187984715         2.3603384560        -8.3089209086        -9.5072529106
        4.3554039000      1108.4095341637         4.2206009609         1.0545310475         2.3373715588        -7.3780983694       -11.0706904418
        4.3604318000      1051.8112885233         4.0777166825         1.1055775846         2.3169565392        -6.0483518849       -12.4604126918
        4.3654317000       226.6795695870         2.9569319360         1.3837812120         2.3373715588         1.1987664558       -11.0706904418
        4.3704177000      -685.8706692039         1.4921248121         1.6721941467         2.3730978433         8.7118340934        -8.6386765044
        4.3757666000      -990.5749129981         0.9718620325         1.7411069719         2.4037203728        10.5069918475        -6.5540931295
        4.3805234000     -1061.9265538379         0.8094012375         1.7079267227         2.4445504121         9.6426566326        -3.7746486296
        4.3853905000     -1154.2628720923         0.5702868358         1.6900604347         2.4802766965         9.1772453630        -1.3426346922
        4.3903857000     -1270.2824316618         0.2182411909         1.6772988005         2.5185548584         8.8448087419         1.2630945264
        4.3953953000     -1322.5667126917         0.0390254316         1.6594325125         2.5440736330         8.3793974723         3.0002473389
        4.4003921000     -1455.4343975718         0.0000000000         1.6492232050         2.5849036724         8.1134481754         5.7796918388
        4.4053855000     -1131.4853814612         0.6324795198         1.5394731502         2.5772480400         5.2544932336         5.2585459950
        4.4104108000       -58.0702518647         2.2225107580         1.1872520440         2.5440736330        -3.9207575096         3.0002473389
        4.4153960000       684.0814162157         3.4485198492         0.9549903001         2.5134511035        -9.9711040143         0.9156639639
        4.4203938000       878.9444745371         3.7294141892         0.9345716852         2.4777248191       -10.5030026081        -1.5163499735
        4.4253906000       988.1289181021         3.9353678119         0.9498856464         2.4394466572       -10.1040786627        -4.1220791921
        4.4304468000      1087.3003523610         4.1653775162         0.9651996075         2.4037203728        -9.7051547174        -6.5540931295
        4.4354049000      1230.1810465472         4.5898248226         0.9754089149         2.3603384560        -9.4392054205        -9.5072529106
        4.4403978000      1345.7212767155         5.0000000000         0.9958275298         2.3169565392        -8.9073068266       -12.4604126918
        4.4453969000      1421.2094696594         5.0000000000         1.0162461446         2.2837821322        -8.3754082328       -14.7187113479
        4.4503784000       873.1396136047         3.7196228335         1.1872520440         2.3067490293        -3.9207575096       -13.1552738168
        4.4554009000       -58.1760681015         2.2223643300         1.5088452279         2.3246121715         4.4566453429       -11.9392668481
        4.4604039000      -776.1651654655         1.3624363037         1.7283453376         2.3577865785        10.1745552264        -9.6809681919
        4.4653943000      -875.3365997244         1.1981578761         1.7130313764         2.3935128629         9.7756312810        -7.2489542545
        4.4704526000      -974.5080339833         1.0059696343         1.6977174153         2.4292391474         9.3767073357        -4.8169403171
        4.4754088000     -1033.1481016165         0.8771459093         1.6747464736         2.4598616769         8.7783214176        -2.7323569422
        4.4805042000     -1149.1676611860         0.5843877430         1.6619848393         2.4981398388         8.4458847965        -0.1266277235
        4.4853763000     -1272.0223367599         0.2124907078         1.6517755319         2.5364180006         8.1799354996         2.4791014951
        4.4904184000     -1327.4845110915         0.0214742443         1.6313569170         2.5644886527         7.6480369058         4.3899695888
        4.4954883000      -622.6863163352         1.5738457114         1.4093044805         2.5364180006         1.8636396981         2.4791014951
        4.5004032000       273.9744559474         3.0073910194         1.1081299115         2.5134511035        -5.9818645607         0.9156639639
        4.5054033000       909.4628318567         3.7826811987         0.9269147047         2.4751729416       -10.7024645808        -1.6900652547
        4.5103961000      1008.1549367144         3.9781813950         0.9498856464         2.4343429023       -10.1040786627        -4.4695097546
        4.5154200000      1141.0226215945         4.3107246894         0.9600949538         2.3935128629        -9.8381293658        -7.2489542545
        4.5204039000      1172.8015546110         4.4044832176         0.9856182224         2.3679940883        -9.1732561236        -8.9861070669
        4.5253941000      1265.1378728654         4.7136657676         1.0034845104         2.3322678039        -8.7078448540       -11.4181210043
        4.5304231000      1317.4221538953         4.9156949151         1.0213507983         2.3067490293        -8.2424335844       -13.1552738168
        4.5353888000      1270.3575881598         4.7329093166         1.0800543160         2.2786783773        -6.7132251272       -15.0661419104
        4.5404086000       360.9852426706         3.0978366620         1.3710195777         2.3118527843         0.8663298347       -12.8078432543
        4.5453977000      -524.7038615036         1.6896071519         1.6568801856         2.3424753138         8.3129101481       -10.7232598794
        4.5504226000      -918.2646133559         1.1186908164         1.7589732599         2.3730978433        10.9724031171        -8.6386765044
        4.5553873000     -1020.1346115153         0.9067814456         1.7334499913         2.4164797601        10.3075298749        -5.6855167233
        4.5604625000     -1146.1671803909         0.5926403577         1.7206883570         2.4573097994         9.9750932537        -2.9060722234
        4.5654109000     -1171.1109974029         0.5228739497         1.6926127616         2.4828285740         9.2437326872        -1.1689194110
        4.5706928000     -1273.4603249635         0.2077271557         1.6747464736         2.5211067359         8.7783214176         1.4368098077
        4.5754233000     -1352.6057406101         0.0000000000         1.6594325125         2.5517292654         8.3793974723         3.5213931826
        4.5807910000     -1137.0599217687         0.6174584922         1.5752057262         2.5542811429         6.1853157728         3.6951084638
        4.5854108000      -175.2258827430         2.0726508053         1.2459555617         2.5338661232        -2.3915490524         2.3053862139
        4.5904001000       658.9601866971         3.4179268365         0.9830658955         2.5006917162        -9.2397434478         0.0470875577
        4.5953964000       976.3760036979         3.9110272064         0.9243623778         2.4598616769       -10.7689519050        -2.7323569422
        4.6004192000      1007.6756073132         3.9771364349         0.9575426269         2.4292391474        -9.9046166900        -4.8169403171
        4.6053869000      1157.3914175039         4.3582624357         0.9651996075         2.3858572306        -9.7051547174        -7.7701000982
        4.6104027000      1222.8666011416         4.5649901095         0.9856182224         2.3552347011        -9.1732561236        -9.8546834731
        4.6153992000      1301.5326873871         4.8520796790         1.0085891641         2.3195084166        -8.5748702055       -12.2866974105
        4.6203974000      1323.2986110975         4.9397284404         1.0341124326         2.2965415195        -7.9099969632       -13.8501349417
        4.6253884000       920.0267668337         3.8018510204         1.1846997172         2.2965415195        -3.9872448339       -13.8501349417
        4.6303947000       -65.0111841059         2.2129541401         1.5113975548         2.3246121715         4.5231326671       -11.9392668481
        4.6353996000      -809.8614160867         1.3094291147         1.7334499913         2.3628903334        10.3075298749        -9.3335376294
        4.6403967000      -885.3496090305         1.1801051780         1.7130313764         2.3960647404         9.7756312810        -7.0752389732
        4.6453875000      -967.6729179788         1.0202160784         1.6951650884         2.4292391474         9.3102200115        -4.8169403171
        4.6504103000     -1016.2999763059         0.9153978836         1.6721941467         2.4573097994         8.7118340934        -2.9060722234
        4.6554025000     -1172.3715730999         0.5192775712         1.6594325125         2.5057954711         8.3793974723         0.3945181202
        4.6604165000     -1235.1481928371         0.3313032941         1.6492232050         2.5287623683         8.1134481754         1.9579556514
        4.6653952000     -1240.0659912369         0.3158249951         1.6211476096         2.5491773879         7.3820876089         3.3476779013
        4.6703846000      -544.8014763856         1.6667381600         1.3914381925         2.5287623683         1.3982284285         1.9579556514
        4.6754092000       378.7204305138         3.1160534122         1.0877112966         2.5006917162        -6.5137631545         0.0470875577
        4.6803954000       963.1851010901         3.8843765141         0.9218100509         2.4649654318       -10.8354392292        -2.3849263797
        4.6854082000      1045.0290806372         4.0616711914         0.9473333195         2.4266872699       -10.1705659870        -4.9906555983
        4.6903912000      1157.8707469051         4.3596784517         0.9575426269         2.3909609855        -9.9046166900        -7.4226695357
        4.6954085000      1226.5238238444         4.5773618883         0.9805135686         2.3577865785        -9.3062307720        -9.6809681919
        4.7004025000      1396.2656526473         5.0000000000         0.9881705492         2.3093009068        -9.1067687993       -12.9815585355
        4.7054022000      1458.5629429834         5.0000000000         1.0060368372         2.2812302547        -8.6413575297       -14.8924266292
        4.7104241000      1330.4356439966         4.9692910867         1.0800543160         2.2633671125        -6.7132251272       -16.1084335979
        4.7156317000       430.5969784123         3.1692817521         1.3786765582         2.2888858871         1.0657918074       -14.3712807855
        4.7204077000      -428.2309911452         1.7952325721         1.6619848393         2.3144046617         8.4458847965       -12.6341279730
        4.7253933000      -820.8330841952         1.2915691044         1.7487639524         2.3552347011        10.7064538202        -9.8546834731
        4.7304152000      -845.2975718060         1.2506291042         1.7130313764         2.3858572306         9.7756312810        -7.7701000982
        4.7353866000      -998.6706046995         0.9543417034         1.7104790496         2.4266872699         9.7091439568        -4.9906555983
        4.7403986000     -1056.8313429316         0.8216205541         1.6798511273         2.4624135543         8.9112960661        -2.5586416609
        4.7454002000     -1193.3562505145         0.4583936887         1.6747464736         2.5006917162         8.7783214176         0.0470875577
        4.7503975000     -1292.5276847733         0.1436226973         1.6594325125         2.5364180006         8.3793974723         2.4791014951
        4.7553932000     -1199.0552952101         0.4415246805         1.6058336485         2.5491773879         6.9831636635         3.3476779013
        4.7604031000      -180.3210936493         2.0666063617         1.2740311571         2.5160029810        -1.6601884859         1.0893792452
        4.7654098000       653.8649757908         3.4118360157         1.0111414909         2.4828285740        -8.5083828813        -1.1689194110
        4.7703934000      1050.1242915435         4.0737049125         0.9192577241         2.4445504121       -10.9019265534        -3.7746486296
        4.7754593000      1067.7536631500         4.1163144962         0.9575426269         2.4139278826        -9.9046166900        -5.8592320045
        4.7804118000      1214.2915800390         4.5363362853         0.9626472806         2.3730978433        -9.7716420416        -8.6386765044
        4.7857370000      1266.0965316677         4.7171851108         0.9881705492         2.3424753138        -9.1067687993       -10.7232598794
        4.7904051000      1388.9512072417         5.0000000000         0.9983798566         2.3041971519        -8.8408195024       -13.3289890980
        4.7953974000      1443.9340521721         5.0000000000         1.0264554521         2.2710227449        -8.1094589359       -15.5872877542
        4.8003918000      1207.4035559161         4.5136750426         1.1259961995         2.2633671125        -5.5164532911       -16.1084335979
        4.8054017000       164.9861130402         2.8890998758         1.4629033445         2.2990933970         3.2598735068       -13.6764196605
        4.8103996000      -614.9983577652         1.5833638244         1.7130313764         2.3271640490         9.7756312810       -11.7655515668
        4.8153902000      -854.0500054152         1.2355967293         1.7462116256         2.3654422109        10.6399664960        -9.1598223482
        4.8204123000      -885.3496090305         1.1801051780         1.7130313764         2.3960647404         9.7756312810        -7.0752389732
        4.8253841000     -1021.8745166134         0.9028545264         1.7079267227         2.4343429023         9.6426566326        -4.4695097546
        4.8304060000     -1127.4017374756         0.6434018230         1.6875081079         2.4751729416         9.1107580388        -1.6900652547
        4.8353955000     -1253.4343063512         0.2731814899         1.6747464736         2.5160029810         8.7783214176         1.0893792452
        4.8403988000     -1329.4018286962         0.0145985832         1.6619848393         2.5440736330         8.4458847965         3.0002473389
        4.8454447000     -1018.6437151934         0.9101377346         1.5496824576         2.5415217556         5.5204425305         2.8265320576
        4.8504007000        57.4699783037         2.7640145304         1.2076706589         2.5006917162        -3.3888589158         0.0470875577
        4.8553717000       782.7735210734         3.5796369768         0.9779612418         2.4726210642        -9.3727180962        -1.8637805359
        4.8603909000       892.9166234407         3.7534211382         0.9779612418         2.4445504121        -9.3727180962        -3.7746486296
        4.8653858000       978.4178256907         3.9152151250         0.9983798566         2.4088241277        -8.8408195024        -6.2066625670
        4.8704041000      1050.7281253328         4.0751392851         1.0162461446         2.3782015982        -8.3754082328        -8.2912459419
        4.8754019000      1204.1011582263         4.5029213500         1.0187984715         2.3373715588        -8.3089209086       -11.0706904418
        4.8803877000      1283.2465738730         4.7812897593         1.0341124326         2.3067490293        -7.9099969632       -13.1552738168
        4.8854094000      1297.6980521777         4.8370225960         1.0698450086         2.2786783773        -6.9791744241       -15.0661419104
        4.8907634000       884.4131986078         3.7387358265         1.2204322931         2.2812302547        -3.0564222947       -14.8924266292
        4.8954930000      -167.5379241730         2.0818339116         1.5496824576         2.3246121715         5.5204425305       -11.9392668481
        4.9004812000      -875.0346828298         1.1986977619         1.7615255867         2.3603384560        11.0388904414        -9.5072529106
        4.9053903000      -926.8396344585         1.1021537652         1.7360023181         2.3909609855        10.3740171991        -7.4226695357
        4.9103896000     -1002.3278274023         0.9463524290         1.7155837033         2.4241353924         9.8421186053        -5.1643708796
        4.9154066000     -1138.3734055841         0.6139004599         1.7028220690         2.4675173092         9.5096819841        -2.2112110984
        4.9204027000     -1213.8615985279         0.3970216316         1.6824034542         2.5006917162         8.9777833903         0.0470875577
        4.9254210000     -1387.2606500336         0.0000000000         1.6798511273         2.5466255105         8.9112960661         3.1739626201
        4.9303908000     -1412.2044670456         0.0000000000         1.6517755319         2.5721442851         8.1799354996         4.9111154325
        4.9353887000      -526.9946922726         1.6870194491         1.3735719045         2.5364180006         0.9328171589         2.4791014951
        4.9404026000       331.3539478837         3.0672848831         1.0979206040         2.5057954711        -6.2478138576         0.3945181202
        4.9453967000       912.6407251583         3.7884071951         0.9294670315         2.4726210642       -10.6359772565        -1.8637805359
        4.9503922000       973.9793566921         3.9061331322         0.9626472806         2.4343429023        -9.7716420416        -4.4695097546
        4.9553910000      1103.6691482705         4.2079922462         0.9703042612         2.3960647404        -9.5721800689        -7.0752389732
        4.9604044000      1236.5368331505         4.6117024466         0.9805135686         2.3552347011        -9.3062307720        -9.8546834731
        4.9653987000      1322.0380354005         4.9345496399         1.0009321835         2.3195084166        -8.7743321782       -12.2866974105
        4.9704163000      1367.4872004259         5.0000000000         1.0213507983         2.2939896420        -8.2424335844       -14.0238502230
        4.9753848000      1310.4096253843         4.8873747289         1.0800543160         2.2684708674        -6.7132251272       -15.7610030354
        4.9804041000       414.7075119040         3.1529655207         1.3659149240         2.3016452744         0.7333551862       -13.5027043792
        4.9853984000      -450.4762442568         1.7713320089         1.6441185513         2.3322678039         7.9804735269       -11.4181210043
        4.9908203000      -881.3904694331         1.1872775697         1.7564209330         2.3654422109        10.9059157929        -9.1598223482
        4.9954536000      -952.7421102729         1.0507997581         1.7232406839         2.4062722502        10.0415805780        -6.3803778483
        5.0004442000     -1061.9265538379         0.8094012375         1.7079267227         2.4445504121         9.6426566326        -3.7746486296
