% Designation Loop  psi_cmd=+20.000deg  (absolute, NEUTRAL ref)
% Kp=29.5203  Kd=1.0288  K_pot=68.073520deg/V
% Vg_offset=1.339077V  K_gimbal=26.049690  samples=1001

Time[s]              OmegaCmd[deg/s]      Vc[V]                Vg[V]                Pot[V]               Omega[deg/s]         Psi[deg]            
        0.0005418000       578.0418604527         3.4043080428         1.3506009628         2.5083473486        17.1996354579        -0.1805753185
        0.0054857000       593.7182106774         3.4261550046         1.3403916554         2.5083473486         1.9618631807        -0.1805753185
        0.0104784000       516.8374694553         3.3222409862         1.3837812120         2.5134511035        66.7223953589         0.1668552439
        0.0154840000       432.1185531209         3.2160509083         1.4322754222         2.5185548584       139.1018136757         0.5142858064
        0.0204691000       388.3834933236         3.1639770175         1.4373800759         2.5364180006       146.7206998144         1.7302927751
        0.0254865000       389.5925321510         3.1653955264         1.4399324028         2.5338661232       150.5301428837         1.5565774939
        0.0304829000       340.4373748961         3.1085465464         1.4552463639         2.5466255105       173.3868012995         2.4251539001
        0.0354800000       319.9248693619         3.0852552245         1.4552463639         2.5568330203       173.3868012995         3.1200150251
        0.0404777000       255.3853329564         3.0131067717         1.4705603251         2.5772480400       196.2434597154         4.5097372750
        0.0454829000       228.2436911372         2.9830710910         1.4782173056         2.5849036724       207.6717889233         5.0308831188
        0.0504769000       206.8141178495         2.9593932759         1.4654556714         2.6053186920       188.6245735767         6.4206053687
        0.0554800000       201.6859914659         2.9537261003         1.4654556714         2.6078705695       188.6245735767         6.5943206499
        0.0604828000       152.8228052851         2.8995429699         1.4705603251         2.6282855892       196.2434597154         7.9840428999
        0.0662009000       113.0068330440         2.8548661090         1.4731126519         2.6461487314       200.0529027847         9.2000498686
        0.0704775000        92.4943275097         2.8315474366         1.4731126519         2.6563562412       200.0529027847         9.8949109936
        0.0754859000       101.8335125235         2.8421944497         1.4603510177         2.6614599961       181.0056874381        10.2423415560
        0.0804757000        80.1119681618         2.8173452236         1.4577986908         2.6742193834       177.1962443688        11.1109179623
        0.0854902000        13.1543541015         2.6654522505         1.4680079982         2.6997381580       192.4340166461        12.8480707747
        0.0904786000        -8.5671902601         2.4077230499         1.4654556714         2.7124975453       188.6245735767        13.7166471809
        0.0954863000       -10.6932968409         2.3824964941         1.4501417102         2.7252569326       165.7679151609        14.5852235871
        0.1004765000        32.4166662770         2.7615414726         1.4220661148         2.7252569326       123.8640413985        14.5852235871
        0.1054855000        58.9332114168         2.7927988662         1.3914381925         2.7354644424        78.1507245668        15.2800847121
        0.1104820000        44.7578710935         2.7761675245         1.3939905194         2.7405681974        81.9601676361        15.6275152746
        0.1154728000       -25.2017627696         2.2628272998         1.4195137880         2.7558794621       120.0545983292        16.6698069620
        0.1204805000       -10.7344513723         2.3820081898         1.4067521537         2.7584313396       101.0073829827        16.8435222433
        0.1254782000        16.9911325949         2.7109761708         1.3786765582         2.7660869720        59.1035092203        17.3646680870
        0.1304842000        75.4854748635         2.8120117479         1.3506009628         2.7584313396        17.1996354579        16.8435222433
        0.1354792000        71.5663873073         2.8074816326         1.3531532897         2.7584313396        21.0090785272        16.8435222433
        0.1404735000         5.2338699264         2.5714745839         1.3863335388         2.7660869720        70.5318384282        17.3646680870
        0.1454729000        14.5730549402         2.6822853369         1.3735719045         2.7711907269        51.4846230817        17.7120986495
        0.1504847000        38.0875802772         2.7682799973         1.3582579434         2.7711907269        28.6279646658        17.7120986495
        0.1554772000        12.1549772854         2.6535945030         1.3684672508         2.7762944818        43.8657369431        18.0595292120
        0.1604849000        10.9459384580         2.6392490861         1.3659149240         2.7788463592        40.0562938738        18.2332444932
        0.1654728000        16.0740648416         2.7000950320         1.3659149240         2.7762944818        40.0562938738        18.0595292120
        0.1704736000        30.5413762388         2.7593063247         1.3531532897         2.7788463592        21.0090785272        18.2332444932
        0.1754769000        30.5413762388         2.7593063247         1.3531532897         2.7788463592        21.0090785272        18.2332444932
        0.1804831000        26.6222886827         2.7546240004         1.3557056165         2.7788463592        24.8185215965        18.2332444932
        0.1854712000        -1.7283919639         2.4888663604         1.3608102703         2.7890538691        32.4374077352        18.9281056182
        0.1904825000        13.9479582608         2.6748684763         1.3506009628         2.7890538691        17.1996354579        18.9281056182
        0.1954775000        -2.6454597173         2.4779852216         1.3480486360         2.7992613789        13.3901923886        19.6229667432
        0.2004739000        -6.5645472735         2.4314846926         1.3506009628         2.7992613789        17.1996354579        19.6229667432
        0.2054764000        38.6715224252         2.7689721426         1.3378393285         2.7865019916        -1.8475798886        18.7543903370
        0.2104811000        46.5096975375         2.7782323302         1.3327346748         2.7865019916        -9.4664660272        18.7543903370
        0.2154724000         7.6107930498         2.5996771134         1.3480486360         2.7941576240        13.3901923886        19.2755361807
        0.2207364000        23.2871432745         2.7506272101         1.3378393285         2.7941576240        -1.8475798886        19.2755361807
        0.2254899000        37.4624835978         2.7675387173         1.3352870017         2.7890538691        -5.6570229579        18.9281056182
        0.2305733000        19.3680557183         2.7391787004         1.3403916554         2.7941576240         1.9618631807        19.2755361807
        0.2354994000         6.4017542224         2.5853316965         1.3454963091         2.7967095015         9.5807493193        19.4492514619
        0.2404987000        14.2399293348         2.6783327544         1.3403916554         2.7967095015         1.9618631807        19.4492514619
        0.2454972000         5.1927153950         2.5709862795         1.3429439823         2.7992613789         5.7713062500        19.6229667432
        0.2505153000        27.2062308307         2.7553226335         1.3352870017         2.7941576240        -5.6570229579        19.2755361807
        0.2555022000        19.3680557183         2.7391787004         1.3403916554         2.7941576240         1.9618631807        19.2755361807
        0.2604806000        -1.4364208899         2.4923306385         1.3506009628         2.7967095015        17.1996354579        19.4492514619
        0.2654734000        22.0781044471         2.7491755158         1.3352870017         2.7967095015        -5.6570229579        19.4492514619
        0.2706359000        41.3815711540         2.7721802048         1.3327346748         2.7890538691        -9.4664660272        18.9281056182
        0.2754832000        -7.7735861009         2.4171392756         1.3480486360         2.8018132564        13.3901923886        19.7966820244
        0.2804928000         6.4017542224         2.5853316965         1.3454963091         2.7967095015         9.5807493193        19.4492514619
        0.2854736000        11.8218516800         2.6496419205         1.3352870017         2.8018132564        -5.6570229579        19.7966820244
        0.2904875000        25.9971920033         2.7538757503         1.3327346748         2.7967095015        -9.4664660272        19.4492514619
        0.2954658000        41.3815711540         2.7721802048         1.3327346748         2.7890538691        -9.4664660272        18.9281056182
        0.3004919000        10.3208417786         2.6318322255         1.3429439823         2.7967095015         5.7713062500        19.4492514619
        0.3054735000         1.2736278389         2.5244857505         1.3454963091         2.7992613789         9.5807493193        19.6229667432
        0.3104780000         0.0645890115         2.5101403336         1.3429439823         2.8018132564         5.7713062500        19.7966820244
        0.3154750000        18.1590168909         2.7248332834         1.3378393285         2.7967095015        -1.8475798886        19.4492514619
        0.3204757000        -3.8544985447         2.4636398046         1.3454963091         2.8018132564         9.5807493193        19.7966820244
        0.3254807000        -7.7735861009         2.4171392756         1.3480486360         2.8018132564        13.3901923886        19.7966820244
        0.3304689000        -1.4364208899         2.4923306385         1.3506009628         2.7967095015        17.1996354579        19.4492514619
        0.3354737000        22.0781044471         2.7491755158         1.3352870017         2.7967095015        -5.6570229579        19.4492514619
        0.3404779000         0.0645890115         2.5101403336         1.3429439823         2.8018132564         5.7713062500        19.7966820244
        0.3454771000       -16.8208000406         2.3097928007         1.3506009628         2.8043651338        17.1996354579        19.9703973057
        0.3504735000        16.9499780636         2.7104878665         1.3352870017         2.7992613789        -5.6570229579        19.6229667432
        0.3554783000        18.1590168909         2.7248332834         1.3378393285         2.7967095015        -1.8475798886        19.4492514619
        0.3604682000        14.2399293348         2.6783327544         1.3403916554         2.7967095015         1.9618631807        19.4492514619
        0.3654742000         1.2736278389         2.5244857505         1.3454963091         2.7992613789         9.5807493193        19.6229667432
        0.3704764000       -14.1107513118         2.3419479128         1.3454963091         2.8069170113         9.5807493193        20.1441125869
        0.3754762000       -14.1107513118         2.3419479128         1.3454963091         2.8069170113         9.5807493193        20.1441125869
        0.3804747000         9.1118029512         2.6174868085         1.3403916554         2.7992613789         1.9618631807        19.6229667432
        0.3854719000        -3.8544985447         2.4636398046         1.3454963091         2.8018132564         9.5807493193        19.7966820244
        0.3904674000        13.0308905074         2.6639873375         1.3378393285         2.7992613789        -1.8475798886        19.6229667432
        0.3954824000         9.1118029512         2.6174868085         1.3403916554         2.7992613789         1.9618631807        19.6229667432
        0.4004729000        -8.9826249283         2.4027938587         1.3454963091         2.8043651338         9.5807493193        19.9703973057
        0.4054779000        18.1590168909         2.7248332834         1.3378393285         2.7967095015        -1.8475798886        19.4492514619
        0.4104743000         9.1118029512         2.6174868085         1.3403916554         2.7992613789         1.9618631807        19.6229667432
        0.4154750000        41.3815711540         2.7721802048         1.3327346748         2.7890538691        -9.4664660272        18.9281056182
        0.4204686000        31.1253183869         2.7600026903         1.3327346748         2.7941576240        -9.4664660272        19.2755361807
        0.4254788000         9.1118029512         2.6174868085         1.3403916554         2.7992613789         1.9618631807        19.6229667432
        0.4304758000       -16.8208000406         2.3097928007         1.3506009628         2.8043651338        17.1996354579        19.9703973057
        0.4354807000        20.8690656197         2.7477223155         1.3327346748         2.7992613789        -9.4664660272        19.6229667432
        0.4404718000        31.1253183869         2.7600026903         1.3327346748         2.7941576240        -9.4664660272        19.2755361807
        0.4455091000        13.0308905074         2.6639873375         1.3378393285         2.7992613789        -1.8475798886        19.6229667432
        0.4504744000       -38.8343154762         2.2391803838         1.3582579434         2.8094688888        28.6279646658        20.3178278682
        0.4554768000        -2.3534886433         2.4814494997         1.3378393285         2.8069170113        -1.8475798886        20.1441125869
        0.4604702000        14.2399293348         2.6783327544         1.3403916554         2.7967095015         1.9618631807        19.4492514619
        0.4654830000        31.1253183869         2.7600026903         1.3327346748         2.7941576240        -9.4664660272        19.2755361807
        0.4704686000        40.1725323266         2.7707498269         1.3301823480         2.7916057465       -13.2759090965        19.1018208995
        0.4754657000         3.9836765676         2.5566408626         1.3403916554         2.8018132564         1.9618631807        19.7966820244
        0.4804687000       -45.4634517612         2.2279733697         1.3659149240         2.8069170113        40.0562938738        20.1441125869
        0.4854713000        14.5319004088         2.6817970326         1.3301823480         2.8043651338       -13.2759090965        19.9703973057
        0.4904821000       -15.6117612132         2.3241382177         1.3531532897         2.8018132564        21.0090785272        19.7966820244
        0.4954670000        31.1253183869         2.7600026903         1.3327346748         2.7941576240        -9.4664660272        19.2755361807
        0.5004751000        11.8218516800         2.6496419205         1.3352870017         2.8018132564        -5.6570229579        19.7966820244
        0.5054652000         5.1927153950         2.5709862795         1.3429439823         2.7992613789         5.7713062500        19.6229667432
        0.5104780000       -19.2388776954         2.2811019668         1.3454963091         2.8094688888         9.5807493193        20.3178278682
        0.5154704000        16.9499780636         2.7104878665         1.3352870017         2.7992613789        -5.6570229579        19.6229667432
        0.5204729000        27.2062308307         2.7553226335         1.3352870017         2.7941576240        -5.6570229579        19.2755361807
        0.5254714000        19.6600267923         2.7426429785         1.3301823480         2.8018132564       -13.2759090965        19.7966820244
        0.5304749000        -8.9826249283         2.4027938587         1.3454963091         2.8043651338         9.5807493193        19.9703973057
        0.5354648000        -7.7735861009         2.4171392756         1.3480486360         2.8018132564        13.3901923886        19.7966820244
        0.5404724000         2.4826666662         2.5388311675         1.3480486360         2.7967095015        13.3901923886        19.4492514619
        0.5454655000        31.1253183869         2.7600026903         1.3327346748         2.7941576240        -9.4664660272        19.2755361807
        0.5504924000       -11.6926736570         2.3706387466         1.3506009628         2.8018132564        17.1996354579        19.7966820244
        0.5554661000         9.1118029512         2.6174868085         1.3403916554         2.7992613789         1.9618631807        19.6229667432
        0.5604796000         2.7746377403         2.5422954456         1.3378393285         2.8043651338        -1.8475798886        19.9703973057
        0.5654731000       -11.4007025830         2.3741030248         1.3403916554         2.8094688888         1.9618631807        20.3178278682
        0.5704709000        25.9971920033         2.7538757503         1.3327346748         2.7967095015        -9.4664660272        19.4492514619
        0.5754677000        22.0781044471         2.7491755158         1.3352870017         2.7967095015        -5.6570229579        19.4492514619
        0.5804776000        -3.8544985447         2.4636398046         1.3454963091         2.8018132564         9.5807493193        19.7966820244
        0.5854672000        -8.9826249283         2.4027938587         1.3454963091         2.8043651338         9.5807493193        19.9703973057
        0.5904611000       -16.5288289666         2.3132570789         1.3403916554         2.8120207662         1.9618631807        20.4915431494
        0.5954693000        11.8218516800         2.6496419205         1.3352870017         2.8018132564        -5.6570229579        19.7966820244
        0.6004795000        -9.2745960023         2.3993295805         1.3557056165         2.7967095015        24.8185215965        19.4492514619
        0.6054677000        11.8218516800         2.6496419205         1.3352870017         2.8018132564        -5.6570229579        19.7966820244
        0.6104957000        16.9499780636         2.7104878665         1.3352870017         2.7992613789        -5.6570229579        19.6229667432
        0.6154739000        14.5319004088         2.6817970326         1.3301823480         2.8043651338       -13.2759090965        19.9703973057
        0.6204818000        20.8690656197         2.7477223155         1.3327346748         2.7992613789        -9.4664660272        19.6229667432
        0.6254662000         2.4826666662         2.5388311675         1.3480486360         2.7967095015        13.3901923886        19.4492514619
        0.6304628000        22.0781044471         2.7491755158         1.3352870017         2.7967095015        -5.6570229579        19.4492514619
        0.6354661000        18.4509879649         2.7282975616         1.3276300211         2.8043651338       -17.0853521658        19.9703973057
        0.6404629000        16.9499780636         2.7104878665         1.3352870017         2.7992613789        -5.6570229579        19.6229667432
        0.6454748000        16.9499780636         2.7104878665         1.3352870017         2.7992613789        -5.6570229579        19.6229667432
        0.6504628000       -14.1107513118         2.3419479128         1.3454963091         2.8069170113         9.5807493193        20.1441125869
        0.6554737000        -6.2725761995         2.4349489707         1.3403916554         2.8069170113         1.9618631807        20.1441125869
        0.6604679000        16.9499780636         2.7104878665         1.3352870017         2.7992613789        -5.6570229579        19.6229667432
        0.6654730000        20.8690656197         2.7477223155         1.3327346748         2.7992613789        -9.4664660272        19.6229667432
        0.6704625000         2.7746377403         2.5422954456         1.3378393285         2.8043651338        -1.8475798886        19.9703973057
        0.6754669000       -18.0298388680         2.2954473838         1.3480486360         2.8069170113        13.3901923886        20.1441125869
        0.6804623000         1.5655989129         2.5279500287         1.3352870017         2.8069170113        -5.6570229579        20.1441125869
        0.6854742000        -2.3534886433         2.4814494997         1.3378393285         2.8069170113        -1.8475798886        20.1441125869
        0.6904676000        16.9499780636         2.7104878665         1.3352870017         2.7992613789        -5.6570229579        19.6229667432
        0.6954720000        24.7881531759         2.7524273944         1.3301823480         2.7992613789       -13.2759090965        19.6229667432
        0.7004620000         2.7746377403         2.5422954456         1.3378393285         2.8043651338        -1.8475798886        19.9703973057
        0.7054718000        -7.7735861009         2.4171392756         1.3480486360         2.8018132564        13.3901923886        19.7966820244
        0.7104617000        24.7881531759         2.7524273944         1.3301823480         2.7992613789       -13.2759090965        19.6229667432
        0.7154747000       -16.5288289666         2.3132570789         1.3403916554         2.8120207662         1.9618631807        20.4915431494
        0.7204671000       -15.3197901392         2.3276024958         1.3429439823         2.8094688888         5.7713062500        20.3178278682
        0.7254717000       -16.5288289666         2.3132570789         1.3403916554         2.8120207662         1.9618631807        20.4915431494
        0.7304632000        16.0329103102         2.6996067277         1.3225253674         2.8094688888       -24.7042383044        20.3178278682
        0.7354714000        -9.8996926817         2.3919127199         1.3327346748         2.8145726437        -9.4664660272        20.6652584306
        0.7404616000         5.4846864690         2.5744505577         1.3327346748         2.8069170113        -9.4664660272        20.1441125869
        0.7454990000       -24.3670040790         2.2643023248         1.3454963091         2.8120207662         9.5807493193        20.4915431494
        0.7505050000        -7.4816150269         2.4206035538         1.3378393285         2.8094688888        -1.8475798886        20.3178278682
        0.7554582000        -2.3534886433         2.4814494997         1.3378393285         2.8069170113        -1.8475798886        20.1441125869
        0.7604728000       -29.4951304625         2.2552908835         1.3454963091         2.8145726437         9.5807493193        20.6652584306
        0.7654670000        -2.3534886433         2.4814494997         1.3378393285         2.8069170113        -1.8475798886        20.1441125869
        0.7704630000        15.7409392362         2.6961424495         1.3327346748         2.8018132564        -9.4664660272        19.7966820244
        0.7754568000        -7.4816150269         2.4206035538         1.3378393285         2.8094688888        -1.8475798886        20.3178278682
        0.7804695000        -2.3534886433         2.4814494997         1.3378393285         2.8069170113        -1.8475798886        20.1441125869
        0.7854778000       -20.4479165228         2.2712702399         1.3429439823         2.8120207662         5.7713062500        20.4915431494
        0.7904784000       -24.3670040790         2.2643023248         1.3454963091         2.8120207662         9.5807493193        20.4915431494
        0.7954654000         2.7746377403         2.5422954456         1.3378393285         2.8043651338        -1.8475798886        19.9703973057
        0.8004732000        15.7409392362         2.6961424495         1.3327346748         2.8018132564        -9.4664660272        19.7966820244
        0.8054819000        19.6600267923         2.7426429785         1.3301823480         2.8018132564       -13.2759090965        19.7966820244
        0.8104697000        -6.2725761995         2.4349489707         1.3403916554         2.8069170113         1.9618631807        20.1441125869
        0.8154779000        -2.3534886433         2.4814494997         1.3378393285         2.8069170113        -1.8475798886        20.1441125869
        0.8204767000        -3.5625274707         2.4671040828         1.3352870017         2.8094688888        -5.6570229579        20.3178278682
        0.8254620000       -24.3670040790         2.2643023248         1.3454963091         2.8120207662         9.5807493193        20.4915431494
        0.8304753000        15.7409392362         2.6961424495         1.3327346748         2.8018132564        -9.4664660272        19.7966820244
        0.8354605000        -1.1444498159         2.4957949167         1.3403916554         2.8043651338         1.9618631807        19.9703973057
        0.8404707000        -2.3534886433         2.4814494997         1.3378393285         2.8069170113        -1.8475798886        20.1441125869
        0.8454667000        19.6600267923         2.7426429785         1.3301823480         2.8018132564       -13.2759090965        19.7966820244
        0.8504676000       -24.3670040790         2.2643023248         1.3454963091         2.8120207662         9.5807493193        20.4915431494
        0.8554598000       -25.5760429063         2.2621669773         1.3429439823         2.8145726437         5.7713062500        20.6652584306
        0.8604719000         5.4846864690         2.5744505577         1.3327346748         2.8069170113        -9.4664660272        20.1441125869
        0.8654647000        -6.2725761995         2.4349489707         1.3403916554         2.8069170113         1.9618631807        20.1441125869
        0.8704638000         1.5655989129         2.5279500287         1.3352870017         2.8069170113        -5.6570229579        20.1441125869
        0.8754593000       -24.3670040790         2.2643023248         1.3454963091         2.8120207662         9.5807493193        20.4915431494
        0.8804720000        20.8690656197         2.7477223155         1.3327346748         2.7992613789        -9.4664660272        19.6229667432
        0.8854623000        16.9499780636         2.7104878665         1.3352870017         2.7992613789        -5.6570229579        19.6229667432
        0.8904635000       -28.2860916351         2.2574047641         1.3480486360         2.8120207662        13.3901923886        20.4915431494
        0.8954619000        -3.5625274707         2.4671040828         1.3352870017         2.8094688888        -5.6570229579        20.3178278682
        0.9004632000       -14.1107513118         2.3419479128         1.3454963091         2.8069170113         9.5807493193        20.1441125869
        0.9054613000        20.8690656197         2.7477223155         1.3327346748         2.7992613789        -9.4664660272        19.6229667432
        0.9104716000        20.8690656197         2.7477223155         1.3327346748         2.7992613789        -9.4664660272        19.6229667432
        0.9154595000         0.3565600855         2.5136046117         1.3327346748         2.8094688888        -9.4664660272        20.3178278682
        0.9204693000        -2.3534886433         2.4814494997         1.3378393285         2.8069170113        -1.8475798886        20.1441125869
        0.9254607000       -17.7378677940         2.2989116619         1.3378393285         2.8145726437        -1.8475798886        20.6652584306
        0.9304692000        -2.3534886433         2.4814494997         1.3378393285         2.8069170113        -1.8475798886        20.1441125869
        0.9354651000        -2.3534886433         2.4814494997         1.3378393285         2.8069170113        -1.8475798886        20.1441125869
        0.9404614000        15.7409392362         2.6961424495         1.3327346748         2.8018132564        -9.4664660272        19.7966820244
        0.9454662000         0.3565600855         2.5136046117         1.3327346748         2.8094688888        -9.4664660272        20.3178278682
        0.9504702000        -2.3534886433         2.4814494997         1.3378393285         2.8069170113        -1.8475798886        20.1441125869
        0.9554596000       -15.3197901392         2.3276024958         1.3429439823         2.8094688888         5.7713062500        20.3178278682
        0.9604626000         2.7746377403         2.5422954456         1.3378393285         2.8043651338        -1.8475798886        19.9703973057
        0.9654749000         7.9027641238         2.6031413916         1.3378393285         2.8018132564        -1.8475798886        19.7966820244
        0.9704702000        -2.3534886433         2.4814494997         1.3378393285         2.8069170113        -1.8475798886        20.1441125869
        0.9754726000        15.7409392362         2.6961424495         1.3327346748         2.8018132564        -9.4664660272        19.7966820244
        0.9804659000        -6.2725761995         2.4349489707         1.3403916554         2.8069170113         1.9618631807        20.1441125869
        0.9854692000        -6.2725761995         2.4349489707         1.3403916554         2.8069170113         1.9618631807        20.1441125869
        0.9904574000         7.9027641238         2.6031413916         1.3378393285         2.8018132564        -1.8475798886        19.7966820244
        0.9954626000        -6.2725761995         2.4349489707         1.3403916554         2.8069170113         1.9618631807        20.1441125869
        1.0004567000       -20.4479165228         2.2712702399         1.3429439823         2.8120207662         5.7713062500        20.4915431494
        1.0054672000       -25.5760429063         2.2621669773         1.3429439823         2.8145726437         5.7713062500        20.6652584306
        1.0104618000        -7.4816150269         2.4206035538         1.3378393285         2.8094688888        -1.8475798886        20.3178278682
        1.0154667000       -25.5760429063         2.2621669773         1.3429439823         2.8145726437         5.7713062500        20.6652584306
        1.0204560000       -24.3670040790         2.2643023248         1.3454963091         2.8120207662         9.5807493193        20.4915431494
        1.0254613000       -24.3670040790         2.2643023248         1.3454963091         2.8120207662         9.5807493193        20.4915431494
        1.0304615000       -10.1916637556         2.3884484417         1.3429439823         2.8069170113         5.7713062500        20.1441125869
        1.0354606000        -6.2725761995         2.4349489707         1.3403916554         2.8069170113         1.9618631807        20.1441125869
        1.0404613000        25.0801242499         2.7527772937         1.3199730405         2.8069170113       -28.5136813738        20.1441125869
        1.0454665000         9.4037740252         2.6209510867         1.3301823480         2.8069170113       -13.2759090965        20.1441125869
        1.0504555000        -5.0635373721         2.4492943877         1.3429439823         2.8043651338         5.7713062500        19.9703973057
        1.0554647000        -2.3534886433         2.4814494997         1.3378393285         2.8069170113        -1.8475798886        20.1441125869
        1.0604608000        33.8353671156         2.7632301450         1.3276300211         2.7967095015       -17.0853521658        19.4492514619
        1.0654597000        -5.0635373721         2.4492943877         1.3429439823         2.8043651338         5.7713062500        19.9703973057
        1.0704616000        24.7881531759         2.7524273944         1.3301823480         2.7992613789       -13.2759090965        19.6229667432
        1.0754613000        16.9499780636         2.7104878665         1.3352870017         2.7992613789        -5.6570229579        19.6229667432
        1.0804579000        -1.1444498159         2.4957949167         1.3403916554         2.8043651338         1.9618631807        19.9703973057
        1.0854607000         6.6937252964         2.5887959746         1.3352870017         2.8043651338        -5.6570229579        19.9703973057
        1.0904622000        20.8690656197         2.7477223155         1.3327346748         2.7992613789        -9.4664660272        19.6229667432
        1.0956522000        10.6128128526         2.6352965036         1.3327346748         2.8043651338        -9.4664660272        19.9703973057
        1.1004579000        -2.3534886433         2.4814494997         1.3378393285         2.8069170113        -1.8475798886        20.1441125869
        1.1054581000        25.9971920033         2.7538757503         1.3327346748         2.7967095015        -9.4664660272        19.4492514619
        1.1104580000         1.5655989129         2.5279500287         1.3352870017         2.8069170113        -5.6570229579        20.1441125869
        1.1154596000        -1.1444498159         2.4957949167         1.3403916554         2.8043651338         1.9618631807        19.9703973057
        1.1204617000       -15.3197901392         2.3276024958         1.3429439823         2.8094688888         5.7713062500        20.3178278682
        1.1254606000       -20.4479165228         2.2712702399         1.3429439823         2.8120207662         5.7713062500        20.4915431494
        1.1304624000       -32.2051791913         2.2505763830         1.3506009628         2.8120207662        17.1996354579        20.4915431494
        1.1354639000        -2.3534886433         2.4814494997         1.3378393285         2.8069170113        -1.8475798886        20.1441125869
        1.1404622000        -2.3534886433         2.4814494997         1.3378393285         2.8069170113        -1.8475798886        20.1441125869
        1.1454699000         6.6937252964         2.5887959746         1.3352870017         2.8043651338        -5.6570229579        19.9703973057
        1.1504576000       -20.4479165228         2.2712702399         1.3429439823         2.8120207662         5.7713062500        20.4915431494
        1.1554900000        -2.3534886433         2.4814494997         1.3378393285         2.8069170113        -1.8475798886        20.1441125869
        1.1604568000       -24.3670040790         2.2643023248         1.3454963091         2.8120207662         9.5807493193        20.4915431494
        1.1654603000         1.5655989129         2.5279500287         1.3352870017         2.8069170113        -5.6570229579        20.1441125869
        1.1704609000       -19.2388776954         2.2811019668         1.3454963091         2.8094688888         9.5807493193        20.3178278682
        1.1754587000       -24.3670040790         2.2643023248         1.3454963091         2.8120207662         9.5807493193        20.4915431494
        1.1804596000       -24.3670040790         2.2643023248         1.3454963091         2.8120207662         9.5807493193        20.4915431494
        1.1854594000        -6.2725761995         2.4349489707         1.3403916554         2.8069170113         1.9618631807        20.1441125869
        1.1904552000       -24.3670040790         2.2643023248         1.3454963091         2.8120207662         9.5807493193        20.4915431494
        1.1954592000       -16.5288289666         2.3132570789         1.3403916554         2.8120207662         1.9618631807        20.4915431494
        1.2004653000        19.9519978663         2.7461072567         1.3199730405         2.8094688888       -28.5136813738        20.3178278682
        1.2054527000        11.8218516800         2.6496419205         1.3352870017         2.8018132564        -5.6570229579        19.7966820244
        1.2104639000         9.1118029512         2.6174868085         1.3403916554         2.7992613789         1.9618631807        19.6229667432
        1.2154595000        11.8218516800         2.6496419205         1.3352870017         2.8018132564        -5.6570229579        19.7966820244
        1.2204630000        25.9971920033         2.7538757503         1.3327346748         2.7967095015        -9.4664660272        19.4492514619
        1.2254525000         7.9027641238         2.6031413916         1.3378393285         2.8018132564        -1.8475798886        19.7966820244
        1.2304576000       -11.4007025830         2.3741030248         1.3403916554         2.8094688888         1.9618631807        20.3178278682
        1.2354583000       -19.5308487694         2.2776376887         1.3557056165         2.8018132564        24.8185215965        19.7966820244
        1.2404686000        19.3680557183         2.7391787004         1.3403916554         2.7941576240         1.9618631807        19.2755361807
        1.2454551000        11.8218516800         2.6496419205         1.3352870017         2.8018132564        -5.6570229579        19.7966820244
        1.2504678000        22.0781044471         2.7491755158         1.3352870017         2.7967095015        -5.6570229579        19.4492514619
        1.2554603000        29.9162795595         2.7585605105         1.3301823480         2.7967095015       -13.2759090965        19.4492514619
        1.2604626000        25.9971920033         2.7538757503         1.3327346748         2.7967095015        -9.4664660272        19.4492514619
        1.2654589000        13.0308905074         2.6639873375         1.3378393285         2.7992613789        -1.8475798886        19.6229667432
        1.2704617000        11.8218516800         2.6496419205         1.3352870017         2.8018132564        -5.6570229579        19.7966820244
        1.2754598000        -7.4816150269         2.4206035538         1.3378393285         2.8094688888        -1.8475798886        20.3178278682
        1.2804558000       -19.2388776954         2.2811019668         1.3454963091         2.8094688888         9.5807493193        20.3178278682
        1.2854531000       -19.2388776954         2.2811019668         1.3454963091         2.8094688888         9.5807493193        20.3178278682
        1.2904932000         2.7746377403         2.5422954456         1.3378393285         2.8043651338        -1.8475798886        19.9703973057
        1.2954603000        16.9499780636         2.7104878665         1.3352870017         2.7992613789        -5.6570229579        19.6229667432
        1.3004627000        -3.8544985447         2.4636398046         1.3454963091         2.8018132564         9.5807493193        19.7966820244
        1.3054596000        18.1590168909         2.7248332834         1.3378393285         2.7967095015        -1.8475798886        19.4492514619
        1.3104888000        31.1253183869         2.7600026903         1.3327346748         2.7941576240        -9.4664660272        19.2755361807
        1.3154622000         3.9836765676         2.5566408626         1.3403916554         2.8018132564         1.9618631807        19.7966820244
        1.3204830000        -1.1444498159         2.4957949167         1.3403916554         2.8043651338         1.9618631807        19.9703973057
        1.3254754000         3.9836765676         2.5566408626         1.3403916554         2.8018132564         1.9618631807        19.7966820244
        1.3304925000       -19.2388776954         2.2811019668         1.3454963091         2.8094688888         9.5807493193        20.3178278682
        1.3355136000         2.7746377403         2.5422954456         1.3378393285         2.8043651338        -1.8475798886        19.9703973057
        1.3404793000       -50.5915781448         2.2194300341         1.3659149240         2.8094688888        40.0562938738        20.3178278682
        1.3454754000        41.6735422280         2.7725254254         1.3225253674         2.7967095015       -24.7042383044        19.4492514619
        1.3504691000       -28.5780627091         2.2568936809         1.3582579434         2.8043651338        28.6279646658        19.9703973057
        1.3555951000       -19.2388776954         2.2811019668         1.3454963091         2.8094688888         9.5807493193        20.3178278682
        1.3604827000        13.0308905074         2.6639873375         1.3378393285         2.7992613789        -1.8475798886        19.6229667432
        1.3654573000        -1.1444498159         2.4957949167         1.3403916554         2.8043651338         1.9618631807        19.9703973057
        1.3704716000         5.4846864690         2.5744505577         1.3327346748         2.8069170113        -9.4664660272        20.1441125869
        1.3754526000        25.9971920033         2.7538757503         1.3327346748         2.7967095015        -9.4664660272        19.4492514619
        1.3804845000         3.9836765676         2.5566408626         1.3403916554         2.8018132564         1.9618631807        19.7966820244
        1.3854532000        -7.4816150269         2.4206035538         1.3378393285         2.8094688888        -1.8475798886        20.3178278682
        1.3904503000         7.9027641238         2.6031413916         1.3378393285         2.8018132564        -1.8475798886        19.7966820244
        1.3954693000        11.8218516800         2.6496419205         1.3352870017         2.8018132564        -5.6570229579        19.7966820244
        1.4004558000        25.9971920033         2.7538757503         1.3327346748         2.7967095015        -9.4664660272        19.4492514619
        1.4054873000        18.1590168909         2.7248332834         1.3378393285         2.7967095015        -1.8475798886        19.4492514619
        1.4104715000        25.9971920033         2.7538757503         1.3327346748         2.7967095015        -9.4664660272        19.4492514619
        1.4154744000        32.3343572142         2.7614434408         1.3352870017         2.7916057465        -5.6570229579        19.1018208995
        1.4204802000       -28.5780627091         2.2568936809         1.3582579434         2.8043651338        28.6279646658        19.9703973057
        1.4255495000        -8.9826249283         2.4027938587         1.3454963091         2.8043651338         9.5807493193        19.9703973057
        1.4304707000        -4.7715662981         2.4527586658         1.3327346748         2.8120207662        -9.4664660272        20.4915431494
        1.4354788000       -28.2860916351         2.2574047641         1.3480486360         2.8120207662        13.3901923886        20.4915431494
        1.4404760000       -24.3670040790         2.2643023248         1.3454963091         2.8120207662         9.5807493193        20.4915431494
        1.4454745000        -4.7715662981         2.4527586658         1.3327346748         2.8120207662        -9.4664660272        20.4915431494
        1.4504802000       -24.3670040790         2.2643023248         1.3454963091         2.8120207662         9.5807493193        20.4915431494
        1.4555611000       -12.6097414104         2.3597576079         1.3378393285         2.8120207662        -1.8475798886        20.4915431494
        1.4604713000         2.7746377403         2.5422954456         1.3378393285         2.8043651338        -1.8475798886        19.9703973057
        1.4654782000         5.4846864690         2.5744505577         1.3327346748         2.8069170113        -9.4664660272        20.1441125869
        1.4704751000        11.8218516800         2.6496419205         1.3352870017         2.8018132564        -5.6570229579        19.7966820244
        1.4754759000         2.7746377403         2.5422954456         1.3378393285         2.8043651338        -1.8475798886        19.9703973057
        1.4804834000        16.9499780636         2.7104878665         1.3352870017         2.7992613789        -5.6570229579        19.6229667432
        1.4854558000       -14.1107513118         2.3419479128         1.3454963091         2.8069170113         9.5807493193        20.1441125869
        1.4904492000       -24.3670040790         2.2643023248         1.3454963091         2.8120207662         9.5807493193        20.4915431494
        1.4954587000        -6.2725761995         2.4349489707         1.3403916554         2.8069170113         1.9618631807        20.1441125869
        1.5004533000       -24.3670040790         2.2643023248         1.3454963091         2.8120207662         9.5807493193        20.4915431494
        1.5054576000         2.7746377403         2.5422954456         1.3378393285         2.8043651338        -1.8475798886        19.9703973057
        1.5104496000         2.7746377403         2.5422954456         1.3378393285         2.8043651338        -1.8475798886        19.9703973057
        1.5154603000        -6.2725761995         2.4349489707         1.3403916554         2.8069170113         1.9618631807        20.1441125869
        1.5204494000        -2.3534886433         2.4814494997         1.3378393285         2.8069170113        -1.8475798886        20.1441125869
        1.5254536000        20.8690656197         2.7477223155         1.3327346748         2.7992613789        -9.4664660272        19.6229667432
        1.5304499000        -1.1444498159         2.4957949167         1.3403916554         2.8043651338         1.9618631807        19.9703973057
        1.5354569000        -6.2725761995         2.4349489707         1.3403916554         2.8069170113         1.9618631807        20.1441125869
        1.5404472000       -20.4479165228         2.2712702399         1.3429439823         2.8120207662         5.7713062500        20.4915431494
        1.5454538000        -7.4816150269         2.4206035538         1.3378393285         2.8094688888        -1.8475798886        20.3178278682
        1.5504489000         2.7746377403         2.5422954456         1.3378393285         2.8043651338        -1.8475798886        19.9703973057
        1.5554609000        -2.3534886433         2.4814494997         1.3378393285         2.8069170113        -1.8475798886        20.1441125869
        1.5604486000         2.7746377403         2.5422954456         1.3378393285         2.8043651338        -1.8475798886        19.9703973057
        1.5654457000       -24.3670040790         2.2643023248         1.3454963091         2.8120207662         9.5807493193        20.4915431494
        1.5704795000       -24.3670040790         2.2643023248         1.3454963091         2.8120207662         9.5807493193        20.4915431494
        1.5755206000        -5.0635373721         2.4492943877         1.3429439823         2.8043651338         5.7713062500        19.9703973057
        1.5804700000        -7.4816150269         2.4206035538         1.3378393285         2.8094688888        -1.8475798886        20.3178278682
        1.5854893000         2.7746377403         2.5422954456         1.3378393285         2.8043651338        -1.8475798886        19.9703973057
        1.5904561000       -28.2860916351         2.2574047641         1.3480486360         2.8120207662        13.3901923886        20.4915431494
        1.5954551000        -7.4816150269         2.4206035538         1.3378393285         2.8094688888        -1.8475798886        20.3178278682
        1.6004555000        -8.6906538543         2.4062581368         1.3352870017         2.8120207662        -5.6570229579        20.4915431494
        1.6054646000        -7.4816150269         2.4206035538         1.3378393285         2.8094688888        -1.8475798886        20.3178278682
        1.6104536000        10.6128128526         2.6352965036         1.3327346748         2.8043651338        -9.4664660272        19.9703973057
        1.6154692000       -20.4479165228         2.2712702399         1.3429439823         2.8120207662         5.7713062500        20.4915431494
        1.6204572000         2.7746377403         2.5422954456         1.3378393285         2.8043651338        -1.8475798886        19.9703973057
        1.6254520000       -15.3197901392         2.3276024958         1.3429439823         2.8094688888         5.7713062500        20.3178278682
        1.6304504000        16.9499780636         2.7104878665         1.3352870017         2.7992613789        -5.6570229579        19.6229667432
        1.6354516000        13.0308905074         2.6639873375         1.3378393285         2.7992613789        -1.8475798886        19.6229667432
        1.6404480000        -2.3534886433         2.4814494997         1.3378393285         2.8069170113        -1.8475798886        20.1441125869
        1.6454454000        -6.2725761995         2.4349489707         1.3403916554         2.8069170113         1.9618631807        20.1441125869
        1.6504611000        25.9971920033         2.7538757503         1.3327346748         2.7967095015        -9.4664660272        19.4492514619
        1.6554502000         2.7746377403         2.5422954456         1.3378393285         2.8043651338        -1.8475798886        19.9703973057
        1.6604538000       -24.3670040790         2.2643023248         1.3454963091         2.8120207662         9.5807493193        20.4915431494
        1.6654511000       -20.4479165228         2.2712702399         1.3429439823         2.8120207662         5.7713062500        20.4915431494
        1.6704490000        -6.2725761995         2.4349489707         1.3403916554         2.8069170113         1.9618631807        20.1441125869
        1.6754446000         2.7746377403         2.5422954456         1.3378393285         2.8043651338        -1.8475798886        19.9703973057
        1.6804670000        24.7881531759         2.7524273944         1.3301823480         2.7992613789       -13.2759090965        19.6229667432
        1.6854499000       -20.4479165228         2.2712702399         1.3429439823         2.8120207662         5.7713062500        20.4915431494
        1.6904507000        -2.3534886433         2.4814494997         1.3378393285         2.8069170113        -1.8475798886        20.1441125869
        1.6954506000       -10.1916637556         2.3884484417         1.3429439823         2.8069170113         5.7713062500        20.1441125869
        1.7004625000        20.8690656197         2.7477223155         1.3327346748         2.7992613789        -9.4664660272        19.6229667432
        1.7054441000        20.8690656197         2.7477223155         1.3327346748         2.7992613789        -9.4664660272        19.6229667432
        1.7104608000        20.8690656197         2.7477223155         1.3327346748         2.7992613789        -9.4664660272        19.6229667432
        1.7154511000        24.7881531759         2.7524273944         1.3301823480         2.7992613789       -13.2759090965        19.6229667432
        1.7204880000         6.6937252964         2.5887959746         1.3352870017         2.8043651338        -5.6570229579        19.9703973057
        1.7254997000         7.9027641238         2.6031413916         1.3378393285         2.8018132564        -1.8475798886        19.7966820244
        1.7304644000        -2.3534886433         2.4814494997         1.3378393285         2.8069170113        -1.8475798886        20.1441125869
        1.7354456000       -15.3197901392         2.3276024958         1.3429439823         2.8094688888         5.7713062500        20.3178278682
        1.7404576000       -23.1579652516         2.2664443681         1.3480486360         2.8094688888        13.3901923886        20.3178278682
        1.7454474000        15.7409392362         2.6961424495         1.3327346748         2.8018132564        -9.4664660272        19.7966820244
        1.7504904000         2.7746377403         2.5422954456         1.3378393285         2.8043651338        -1.8475798886        19.9703973057
        1.7554646000         1.5655989129         2.5279500287         1.3352870017         2.8069170113        -5.6570229579        20.1441125869
        1.7604605000        -2.3534886433         2.4814494997         1.3378393285         2.8069170113        -1.8475798886        20.1441125869
        1.7654520000        -2.3534886433         2.4814494997         1.3378393285         2.8069170113        -1.8475798886        20.1441125869
        1.7705737000        20.8690656197         2.7477223155         1.3327346748         2.7992613789        -9.4664660272        19.6229667432
        1.7754450000       -14.1107513118         2.3419479128         1.3454963091         2.8069170113         9.5807493193        20.1441125869
        1.7804555000       -14.1107513118         2.3419479128         1.3454963091         2.8069170113         9.5807493193        20.1441125869
        1.7854454000        -2.3534886433         2.4814494997         1.3378393285         2.8069170113        -1.8475798886        20.1441125869
        1.7904922000         1.5655989129         2.5279500287         1.3352870017         2.8069170113        -5.6570229579        20.1441125869
        1.7954466000         2.7746377403         2.5422954456         1.3378393285         2.8043651338        -1.8475798886        19.9703973057
        1.8004422000        -2.3534886433         2.4814494997         1.3378393285         2.8069170113        -1.8475798886        20.1441125869
        1.8054506000        -6.2725761995         2.4349489707         1.3403916554         2.8069170113         1.9618631807        20.1441125869
        1.8104474000         2.7746377403         2.5422954456         1.3378393285         2.8043651338        -1.8475798886        19.9703973057
        1.8154522000       -24.3670040790         2.2643023248         1.3454963091         2.8120207662         9.5807493193        20.4915431494
        1.8204475000        -8.9826249283         2.4027938587         1.3454963091         2.8043651338         9.5807493193        19.9703973057
        1.8254448000        -2.3534886433         2.4814494997         1.3378393285         2.8069170113        -1.8475798886        20.1441125869
        1.8304524000        25.9971920033         2.7538757503         1.3327346748         2.7967095015        -9.4664660272        19.4492514619
        1.8354519000       -24.3670040790         2.2643023248         1.3454963091         2.8120207662         9.5807493193        20.4915431494
        1.8404492000         5.1927153950         2.5709862795         1.3429439823         2.7992613789         5.7713062500        19.6229667432
        1.8454463000         2.7746377403         2.5422954456         1.3378393285         2.8043651338        -1.8475798886        19.9703973057
        1.8504487000         6.6937252964         2.5887959746         1.3352870017         2.8043651338        -5.6570229579        19.9703973057
        1.8554511000        18.1590168909         2.7248332834         1.3378393285         2.7967095015        -1.8475798886        19.4492514619
        1.8604431000        20.8690656197         2.7477223155         1.3327346748         2.7992613789        -9.4664660272        19.6229667432
        1.8654532000        -2.3534886433         2.4814494997         1.3378393285         2.8069170113        -1.8475798886        20.1441125869
        1.8704485000       -24.3670040790         2.2643023248         1.3454963091         2.8120207662         9.5807493193        20.4915431494
        1.8754547000        16.9499780636         2.7104878665         1.3352870017         2.7992613789        -5.6570229579        19.6229667432
        1.8804431000        16.9499780636         2.7104878665         1.3352870017         2.7992613789        -5.6570229579        19.6229667432
        1.8854453000       -19.2388776954         2.2811019668         1.3454963091         2.8094688888         9.5807493193        20.3178278682
        1.8904406000       -15.3197901392         2.3276024958         1.3429439823         2.8094688888         5.7713062500        20.3178278682
        1.8956698000        -2.3534886433         2.4814494997         1.3378393285         2.8069170113        -1.8475798886        20.1441125869
        1.9004676000       -19.2388776954         2.2811019668         1.3454963091         2.8094688888         9.5807493193        20.3178278682
        1.9054668000        24.7881531759         2.7524273944         1.3301823480         2.7992613789       -13.2759090965        19.6229667432
        1.9104486000         5.4846864690         2.5744505577         1.3327346748         2.8069170113        -9.4664660272        20.1441125869
        1.9154461000       -15.3197901392         2.3276024958         1.3429439823         2.8094688888         5.7713062500        20.3178278682
        1.9204554000        -2.3534886433         2.4814494997         1.3378393285         2.8069170113        -1.8475798886        20.1441125869
        1.9254646000         2.7746377403         2.5422954456         1.3378393285         2.8043651338        -1.8475798886        19.9703973057
        1.9304769000       -24.3670040790         2.2643023248         1.3454963091         2.8120207662         9.5807493193        20.4915431494
        1.9354616000       -24.3670040790         2.2643023248         1.3454963091         2.8120207662         9.5807493193        20.4915431494
        1.9404697000       -18.0298388680         2.2954473838         1.3480486360         2.8069170113        13.3901923886        20.1441125869
        1.9454743000        16.9499780636         2.7104878665         1.3352870017         2.7992613789        -5.6570229579        19.6229667432
        1.9504636000       -24.3670040790         2.2643023248         1.3454963091         2.8120207662         9.5807493193        20.4915431494
        1.9554406000        25.9971920033         2.7538757503         1.3327346748         2.7967095015        -9.4664660272        19.4492514619
        1.9604450000        25.9971920033         2.7538757503         1.3327346748         2.7967095015        -9.4664660272        19.4492514619
        1.9654413000        20.8690656197         2.7477223155         1.3327346748         2.7992613789        -9.4664660272        19.6229667432
        1.9704435000         5.4846864690         2.5744505577         1.3327346748         2.8069170113        -9.4664660272        20.1441125869
        1.9754451000         2.7746377403         2.5422954456         1.3378393285         2.8043651338        -1.8475798886        19.9703973057
        1.9804522000        -2.3534886433         2.4814494997         1.3378393285         2.8069170113        -1.8475798886        20.1441125869
        1.9854467000        -2.3534886433         2.4814494997         1.3378393285         2.8069170113        -1.8475798886        20.1441125869
        1.9904436000        -2.3534886433         2.4814494997         1.3378393285         2.8069170113        -1.8475798886        20.1441125869
        1.9954405000         2.7746377403         2.5422954456         1.3378393285         2.8043651338        -1.8475798886        19.9703973057
        2.0004489000        -2.3534886433         2.4814494997         1.3378393285         2.8069170113        -1.8475798886        20.1441125869
        2.0054401000        24.7881531759         2.7524273944         1.3301823480         2.7992613789       -13.2759090965        19.6229667432
        2.0104497000       -10.1916637556         2.3884484417         1.3429439823         2.8069170113         5.7713062500        20.1441125869
        2.0154407000         2.7746377403         2.5422954456         1.3378393285         2.8043651338        -1.8475798886        19.9703973057
        2.0204565000       -20.4479165228         2.2712702399         1.3429439823         2.8120207662         5.7713062500        20.4915431494
        2.0254417000       -20.4479165228         2.2712702399         1.3429439823         2.8120207662         5.7713062500        20.4915431494
        2.0304455000       -28.2860916351         2.2574047641         1.3480486360         2.8120207662        13.3901923886        20.4915431494
        2.0354459000        -2.3534886433         2.4814494997         1.3378393285         2.8069170113        -1.8475798886        20.1441125869
        2.0404468000       -24.3670040790         2.2643023248         1.3454963091         2.8120207662         9.5807493193        20.4915431494
        2.0454412000       -14.1107513118         2.3419479128         1.3454963091         2.8069170113         9.5807493193        20.1441125869
        2.0504764000         3.9836765676         2.5566408626         1.3403916554         2.8018132564         1.9618631807        19.7966820244
        2.0554470000        20.8690656197         2.7477223155         1.3327346748         2.7992613789        -9.4664660272        19.6229667432
        2.0604541000         2.7746377403         2.5422954456         1.3378393285         2.8043651338        -1.8475798886        19.9703973057
        2.0654450000        29.9162795595         2.7585605105         1.3301823480         2.7967095015       -13.2759090965        19.4492514619
        2.0704654000        -2.3534886433         2.4814494997         1.3378393285         2.8069170113        -1.8475798886        20.1441125869
        2.0754454000         3.9836765676         2.5566408626         1.3403916554         2.8018132564         1.9618631807        19.7966820244
        2.0804373000         2.7746377403         2.5422954456         1.3378393285         2.8043651338        -1.8475798886        19.9703973057
        2.0854544000        -6.2725761995         2.4349489707         1.3403916554         2.8069170113         1.9618631807        20.1441125869
        2.0904434000       -19.2388776954         2.2811019668         1.3454963091         2.8094688888         9.5807493193        20.3178278682
        2.0954466000         2.7746377403         2.5422954456         1.3378393285         2.8043651338        -1.8475798886        19.9703973057
        2.1004422000       -20.4479165228         2.2712702399         1.3429439823         2.8120207662         5.7713062500        20.4915431494
        2.1054489000       -15.3197901392         2.3276024958         1.3429439823         2.8094688888         5.7713062500        20.3178278682
        2.1104422000         2.7746377403         2.5422954456         1.3378393285         2.8043651338        -1.8475798886        19.9703973057
        2.1156990000        -6.2725761995         2.4349489707         1.3403916554         2.8069170113         1.9618631807        20.1441125869
        2.1204435000       -24.3670040790         2.2643023248         1.3454963091         2.8120207662         9.5807493193        20.4915431494
        2.1254674000         2.7746377403         2.5422954456         1.3378393285         2.8043651338        -1.8475798886        19.9703973057
        2.1304380000       -20.4479165228         2.2712702399         1.3429439823         2.8120207662         5.7713062500        20.4915431494
        2.1354504000       -19.2388776954         2.2811019668         1.3454963091         2.8094688888         9.5807493193        20.3178278682
        2.1404437000        10.6128128526         2.6352965036         1.3327346748         2.8043651338        -9.4664660272        19.9703973057
        2.1454416000         1.5655989129         2.5279500287         1.3352870017         2.8069170113        -5.6570229579        20.1441125869
        2.1504426000        20.8690656197         2.7477223155         1.3327346748         2.7992613789        -9.4664660272        19.6229667432
        2.1554837000       -24.3670040790         2.2643023248         1.3454963091         2.8120207662         9.5807493193        20.4915431494
        2.1604360000         7.9027641238         2.6031413916         1.3378393285         2.8018132564        -1.8475798886        19.7966820244
        2.1654513000        25.9971920033         2.7538757503         1.3327346748         2.7967095015        -9.4664660272        19.4492514619
        2.1704376000        11.8218516800         2.6496419205         1.3352870017         2.8018132564        -5.6570229579        19.7966820244
        2.1754546000         2.7746377403         2.5422954456         1.3378393285         2.8043651338        -1.8475798886        19.9703973057
        2.1804384000        -3.8544985447         2.4636398046         1.3454963091         2.8018132564         9.5807493193        19.7966820244
        2.1854399000         2.7746377403         2.5422954456         1.3378393285         2.8043651338        -1.8475798886        19.9703973057
        2.1904524000         7.9027641238         2.6031413916         1.3378393285         2.8018132564        -1.8475798886        19.7966820244
        2.1954305000       -24.3670040790         2.2643023248         1.3454963091         2.8120207662         9.5807493193        20.4915431494
        2.2004381000       -19.2388776954         2.2811019668         1.3454963091         2.8094688888         9.5807493193        20.3178278682
        2.2054414000       -24.3670040790         2.2643023248         1.3454963091         2.8120207662         9.5807493193        20.4915431494
        2.2104370000        24.7881531759         2.7524273944         1.3301823480         2.7992613789       -13.2759090965        19.6229667432
        2.2159521000        10.6128128526         2.6352965036         1.3327346748         2.8043651338        -9.4664660272        19.9703973057
        2.2204368000         2.7746377403         2.5422954456         1.3378393285         2.8043651338        -1.8475798886        19.9703973057
        2.2254365000        14.5319004088         2.6817970326         1.3301823480         2.8043651338       -13.2759090965        19.9703973057
        2.2304359000       -20.4479165228         2.2712702399         1.3429439823         2.8120207662         5.7713062500        20.4915431494
        2.2354468000       -27.0770528077         2.2595252287         1.3506009628         2.8094688888        17.1996354579        20.3178278682
        2.2404400000       -19.2388776954         2.2811019668         1.3454963091         2.8094688888         9.5807493193        20.3178278682
        2.2454529000       -12.6097414104         2.3597576079         1.3378393285         2.8120207662        -1.8475798886        20.4915431494
        2.2504567000        40.4645034006         2.7710953727         1.3199730405         2.7992613789       -28.5136813738        19.6229667432
        2.2554555000        13.0308905074         2.6639873375         1.3378393285         2.7992613789        -1.8475798886        19.6229667432
        2.2604434000        -5.0635373721         2.4492943877         1.3429439823         2.8043651338         5.7713062500        19.9703973057
        2.2654351000       -15.3197901392         2.3276024958         1.3429439823         2.8094688888         5.7713062500        20.3178278682
        2.2704375000        14.2399293348         2.6783327544         1.3403916554         2.7967095015         1.9618631807        19.4492514619
        2.2754392000       -15.3197901392         2.3276024958         1.3429439823         2.8094688888         5.7713062500        20.3178278682
        2.2804547000         7.9027641238         2.6031413916         1.3378393285         2.8018132564        -1.8475798886        19.7966820244
        2.2854339000        -7.7735861009         2.4171392756         1.3480486360         2.8018132564        13.3901923886        19.7966820244
        2.2904418000        -3.8544985447         2.4636398046         1.3454963091         2.8018132564         9.5807493193        19.7966820244
        2.2954402000         7.9027641238         2.6031413916         1.3378393285         2.8018132564        -1.8475798886        19.7966820244
        2.3004405000       -19.2388776954         2.2811019668         1.3454963091         2.8094688888         9.5807493193        20.3178278682
        2.3054440000         7.9027641238         2.6031413916         1.3378393285         2.8018132564        -1.8475798886        19.7966820244
        2.3104463000         3.9836765676         2.5566408626         1.3403916554         2.8018132564         1.9618631807        19.7966820244
        2.3154520000        11.8218516800         2.6496419205         1.3352870017         2.8018132564        -5.6570229579        19.7966820244
        2.3204423000       -15.3197901392         2.3276024958         1.3429439823         2.8094688888         5.7713062500        20.3178278682
        2.3254400000         7.9027641238         2.6031413916         1.3378393285         2.8018132564        -1.8475798886        19.7966820244
        2.3304828000        -7.4816150269         2.4206035538         1.3378393285         2.8094688888        -1.8475798886        20.3178278682
        2.3354334000        -3.8544985447         2.4636398046         1.3454963091         2.8018132564         9.5807493193        19.7966820244
        2.3404465000        -5.0635373721         2.4492943877         1.3429439823         2.8043651338         5.7713062500        19.9703973057
        2.3454406000        14.5319004088         2.6817970326         1.3301823480         2.8043651338       -13.2759090965        19.9703973057
        2.3504380000         2.7746377403         2.5422954456         1.3378393285         2.8043651338        -1.8475798886        19.9703973057
        2.3554412000        15.7409392362         2.6961424495         1.3327346748         2.8018132564        -9.4664660272        19.7966820244
        2.3604355000         6.6937252964         2.5887959746         1.3352870017         2.8043651338        -5.6570229579        19.9703973057
        2.3654448000       -19.2388776954         2.2811019668         1.3454963091         2.8094688888         9.5807493193        20.3178278682
        2.3704538000        22.0781044471         2.7491755158         1.3352870017         2.7967095015        -5.6570229579        19.4492514619
        2.3754394000         7.9027641238         2.6031413916         1.3378393285         2.8018132564        -1.8475798886        19.7966820244
        2.3804424000         3.9836765676         2.5566408626         1.3403916554         2.8018132564         1.9618631807        19.7966820244
        2.3854408000         7.9027641238         2.6031413916         1.3378393285         2.8018132564        -1.8475798886        19.7966820244
        2.3904429000        29.9162795595         2.7585605105         1.3301823480         2.7967095015       -13.2759090965        19.4492514619
        2.3954525000         7.9027641238         2.6031413916         1.3378393285         2.8018132564        -1.8475798886        19.7966820244
        2.4004407000         7.9027641238         2.6031413916         1.3378393285         2.8018132564        -1.8475798886        19.7966820244
        2.4054390000        -7.4816150269         2.4206035538         1.3378393285         2.8094688888        -1.8475798886        20.3178278682
        2.4104352000         2.7746377403         2.5422954456         1.3378393285         2.8043651338        -1.8475798886        19.9703973057
        2.4154373000       -19.2388776954         2.2811019668         1.3454963091         2.8094688888         9.5807493193        20.3178278682
        2.4204364000         8.1947351978         2.6066056697         1.3276300211         2.8094688888       -17.0853521658        20.3178278682
        2.4254381000        -5.0635373721         2.4492943877         1.3429439823         2.8043651338         5.7713062500        19.9703973057
        2.4304370000       -19.2388776954         2.2811019668         1.3454963091         2.8094688888         9.5807493193        20.3178278682
        2.4354338000       -19.2388776954         2.2811019668         1.3454963091         2.8094688888         9.5807493193        20.3178278682
        2.4404601000        -1.1444498159         2.4957949167         1.3403916554         2.8043651338         1.9618631807        19.9703973057
        2.4454325000         2.7746377403         2.5422954456         1.3378393285         2.8043651338        -1.8475798886        19.9703973057
        2.4504383000        25.9971920033         2.7538757503         1.3327346748         2.7967095015        -9.4664660272        19.4492514619
        2.4554446000         3.9836765676         2.5566408626         1.3403916554         2.8018132564         1.9618631807        19.7966820244
        2.4604486000         7.9027641238         2.6031413916         1.3378393285         2.8018132564        -1.8475798886        19.7966820244
        2.4654838000         7.9027641238         2.6031413916         1.3378393285         2.8018132564        -1.8475798886        19.7966820244
        2.4704739000        18.1590168909         2.7248332834         1.3378393285         2.7967095015        -1.8475798886        19.4492514619
        2.4754549000        19.6600267923         2.7426429785         1.3301823480         2.8018132564       -13.2759090965        19.7966820244
        2.4804321000         3.9836765676         2.5566408626         1.3403916554         2.8018132564         1.9618631807        19.7966820244
        2.4854491000         3.9836765676         2.5566408626         1.3403916554         2.8018132564         1.9618631807        19.7966820244
        2.4904323000         7.9027641238         2.6031413916         1.3378393285         2.8018132564        -1.8475798886        19.7966820244
        2.4954479000        20.8690656197         2.7477223155         1.3327346748         2.7992613789        -9.4664660272        19.6229667432
        2.5004370000        25.9971920033         2.7538757503         1.3327346748         2.7967095015        -9.4664660272        19.4492514619
        2.5055118000         7.9027641238         2.6031413916         1.3378393285         2.8018132564        -1.8475798886        19.7966820244
        2.5104412000        -5.0635373721         2.4492943877         1.3429439823         2.8043651338         5.7713062500        19.9703973057
        2.5154558000        25.9971920033         2.7538757503         1.3327346748         2.7967095015        -9.4664660272        19.4492514619
        2.5204355000        25.9971920033         2.7538757503         1.3327346748         2.7967095015        -9.4664660272        19.4492514619
        2.5254706000         2.7746377403         2.5422954456         1.3378393285         2.8043651338        -1.8475798886        19.9703973057
        2.5304298000        -5.0635373721         2.4492943877         1.3429439823         2.8043651338         5.7713062500        19.9703973057
        2.5354506000       -19.2388776954         2.2811019668         1.3454963091         2.8094688888         9.5807493193        20.3178278682
        2.5404351000         1.5655989129         2.5279500287         1.3352870017         2.8069170113        -5.6570229579        20.1441125869
        2.5454637000       -23.1579652516         2.2664443681         1.3480486360         2.8094688888        13.3901923886        20.3178278682
        2.5504402000       -29.4951304625         2.2552908835         1.3454963091         2.8145726437         9.5807493193        20.6652584306
        2.5554634000       -20.4479165228         2.2712702399         1.3429439823         2.8120207662         5.7713062500        20.4915431494
        2.5604389000         7.9027641238         2.6031413916         1.3378393285         2.8018132564        -1.8475798886        19.7966820244
        2.5654791000        24.7881531759         2.7524273944         1.3301823480         2.7992613789       -13.2759090965        19.6229667432
        2.5704614000         7.9027641238         2.6031413916         1.3378393285         2.8018132564        -1.8475798886        19.7966820244
        2.5754432000       -20.4479165228         2.2712702399         1.3429439823         2.8120207662         5.7713062500        20.4915431494
        2.5804358000       -12.9017124844         2.3562933297         1.3480486360         2.8043651338        13.3901923886        19.9703973057
        2.5854447000         3.9836765676         2.5566408626         1.3403916554         2.8018132564         1.9618631807        19.7966820244
        2.5904342000       -15.3197901392         2.3276024958         1.3429439823         2.8094688888         5.7713062500        20.3178278682
        2.5954443000       -24.3670040790         2.2643023248         1.3454963091         2.8120207662         9.5807493193        20.4915431494
        2.6004465000        -2.3534886433         2.4814494997         1.3378393285         2.8069170113        -1.8475798886        20.1441125869
        2.6054606000         7.9027641238         2.6031413916         1.3378393285         2.8018132564        -1.8475798886        19.7966820244
        2.6104409000        -1.1444498159         2.4957949167         1.3403916554         2.8043651338         1.9618631807        19.9703973057
        2.6154508000        15.7409392362         2.6961424495         1.3327346748         2.8018132564        -9.4664660272        19.7966820244
        2.6204351000        -1.1444498159         2.4957949167         1.3403916554         2.8043651338         1.9618631807        19.9703973057
        2.6254305000       -56.0116756023         2.2105167762         1.3761242314         2.8043651338        55.2940661510        19.9703973057
        2.6304690000       -19.2388776954         2.2811019668         1.3454963091         2.8094688888         9.5807493193        20.3178278682
        2.6354570000        22.0781044471         2.7491755158         1.3352870017         2.7967095015        -5.6570229579        19.4492514619
        2.6404601000        14.2399293348         2.6783327544         1.3403916554         2.7967095015         1.9618631807        19.4492514619
        2.6454681000         3.9836765676         2.5566408626         1.3403916554         2.8018132564         1.9618631807        19.7966820244
        2.6504440000         6.6937252964         2.5887959746         1.3352870017         2.8043651338        -5.6570229579        19.9703973057
        2.6554834000         7.9027641238         2.6031413916         1.3378393285         2.8018132564        -1.8475798886        19.7966820244
        2.6604788000         7.9027641238         2.6031413916         1.3378393285         2.8018132564        -1.8475798886        19.7966820244
        2.6654938000         2.7746377403         2.5422954456         1.3378393285         2.8043651338        -1.8475798886        19.9703973057
        2.6704776000        11.8218516800         2.6496419205         1.3352870017         2.8018132564        -5.6570229579        19.7966820244
        2.6754724000        -1.1444498159         2.4957949167         1.3403916554         2.8043651338         1.9618631807        19.9703973057
        2.6804809000         2.7746377403         2.5422954456         1.3378393285         2.8043651338        -1.8475798886        19.9703973057
        2.6855510000         2.7746377403         2.5422954456         1.3378393285         2.8043651338        -1.8475798886        19.9703973057
        2.6904586000         7.9027641238         2.6031413916         1.3378393285         2.8018132564        -1.8475798886        19.7966820244
        2.6954687000       -19.5308487694         2.2776376887         1.3557056165         2.8018132564        24.8185215965        19.7966820244
        2.7004625000        11.8218516800         2.6496419205         1.3352870017         2.8018132564        -5.6570229579        19.7966820244
        2.7054488000       -10.1916637556         2.3884484417         1.3429439823         2.8069170113         5.7713062500        20.1441125869
        2.7104349000       -14.1107513118         2.3419479128         1.3454963091         2.8069170113         9.5807493193        20.1441125869
        2.7154435000       -15.3197901392         2.3276024958         1.3429439823         2.8094688888         5.7713062500        20.3178278682
        2.7204305000       -19.2388776954         2.2811019668         1.3454963091         2.8094688888         9.5807493193        20.3178278682
        2.7254320000        -3.8544985447         2.4636398046         1.3454963091         2.8018132564         9.5807493193        19.7966820244
        2.7304549000        25.9971920033         2.7538757503         1.3327346748         2.7967095015        -9.4664660272        19.4492514619
        2.7354327000         2.7746377403         2.5422954456         1.3378393285         2.8043651338        -1.8475798886        19.9703973057
        2.7404387000        11.8218516800         2.6496419205         1.3352870017         2.8018132564        -5.6570229579        19.7966820244
        2.7454335000       -19.2388776954         2.2811019668         1.3454963091         2.8094688888         9.5807493193        20.3178278682
        2.7504594000         7.9027641238         2.6031413916         1.3378393285         2.8018132564        -1.8475798886        19.7966820244
        2.7554446000       -19.2388776954         2.2811019668         1.3454963091         2.8094688888         9.5807493193        20.3178278682
        2.7604510000        -8.9826249283         2.4027938587         1.3454963091         2.8043651338         9.5807493193        19.9703973057
        2.7654396000         2.7746377403         2.5422954456         1.3378393285         2.8043651338        -1.8475798886        19.9703973057
        2.7704508000         2.7746377403         2.5422954456         1.3378393285         2.8043651338        -1.8475798886        19.9703973057
        2.7754333000       -19.2388776954         2.2811019668         1.3454963091         2.8094688888         9.5807493193        20.3178278682
        2.7804445000         3.9836765676         2.5566408626         1.3403916554         2.8018132564         1.9618631807        19.7966820244
        2.7854263000       -15.3197901392         2.3276024958         1.3429439823         2.8094688888         5.7713062500        20.3178278682
        2.7904626000        -1.1444498159         2.4957949167         1.3403916554         2.8043651338         1.9618631807        19.9703973057
        2.7954449000        -2.3534886433         2.4814494997         1.3378393285         2.8069170113        -1.8475798886        20.1441125869
        2.8004397000         7.9027641238         2.6031413916         1.3378393285         2.8018132564        -1.8475798886        19.7966820244
        2.8054435000         7.9027641238         2.6031413916         1.3378393285         2.8018132564        -1.8475798886        19.7966820244
        2.8104509000         2.7746377403         2.5422954456         1.3378393285         2.8043651338        -1.8475798886        19.9703973057
        2.8154369000       -20.4479165228         2.2712702399         1.3429439823         2.8120207662         5.7713062500        20.4915431494
        2.8204610000       -15.3197901392         2.3276024958         1.3429439823         2.8094688888         5.7713062500        20.3178278682
        2.8254266000        -7.4816150269         2.4206035538         1.3378393285         2.8094688888        -1.8475798886        20.3178278682
        2.8304399000       -15.3197901392         2.3276024958         1.3429439823         2.8094688888         5.7713062500        20.3178278682
        2.8354571000         2.7746377403         2.5422954456         1.3378393285         2.8043651338        -1.8475798886        19.9703973057
        2.8404351000        29.9162795595         2.7585605105         1.3301823480         2.7967095015       -13.2759090965        19.4492514619
        2.8454495000        25.9971920033         2.7538757503         1.3327346748         2.7967095015        -9.4664660272        19.4492514619
        2.8504249000        11.8218516800         2.6496419205         1.3352870017         2.8018132564        -5.6570229579        19.7966820244
        2.8554389000         1.5655989129         2.5279500287         1.3352870017         2.8069170113        -5.6570229579        20.1441125869
        2.8604393000       -19.2388776954         2.2811019668         1.3454963091         2.8094688888         9.5807493193        20.3178278682
        2.8654386000       -15.3197901392         2.3276024958         1.3429439823         2.8094688888         5.7713062500        20.3178278682
        2.8704235000        10.6128128526         2.6352965036         1.3327346748         2.8043651338        -9.4664660272        19.9703973057
        2.8754334000         7.9027641238         2.6031413916         1.3378393285         2.8018132564        -1.8475798886        19.7966820244
        2.8804393000       -19.2388776954         2.2811019668         1.3454963091         2.8094688888         9.5807493193        20.3178278682
        2.8854420000        14.5319004088         2.6817970326         1.3301823480         2.8043651338       -13.2759090965        19.9703973057
        2.8904337000       -19.2388776954         2.2811019668         1.3454963091         2.8094688888         9.5807493193        20.3178278682
        2.8954458000       -20.4479165228         2.2712702399         1.3429439823         2.8120207662         5.7713062500        20.4915431494
        2.9004250000        -7.4816150269         2.4206035538         1.3378393285         2.8094688888        -1.8475798886        20.3178278682
        2.9054324000        11.8218516800         2.6496419205         1.3352870017         2.8018132564        -5.6570229579        19.7966820244
        2.9104457000         2.7746377403         2.5422954456         1.3378393285         2.8043651338        -1.8475798886        19.9703973057
        2.9154360000       -19.2388776954         2.2811019668         1.3454963091         2.8094688888         9.5807493193        20.3178278682
        2.9204402000         7.9027641238         2.6031413916         1.3378393285         2.8018132564        -1.8475798886        19.7966820244
        2.9254514000        15.7409392362         2.6961424495         1.3327346748         2.8018132564        -9.4664660272        19.7966820244
        2.9304883000        -5.0635373721         2.4492943877         1.3429439823         2.8043651338         5.7713062500        19.9703973057
        2.9355279000         7.9027641238         2.6031413916         1.3378393285         2.8018132564        -1.8475798886        19.7966820244
        2.9404453000        16.9499780636         2.7104878665         1.3352870017         2.7992613789        -5.6570229579        19.6229667432
        2.9454609000       -19.2388776954         2.2811019668         1.3454963091         2.8094688888         9.5807493193        20.3178278682
        2.9504239000         7.9027641238         2.6031413916         1.3378393285         2.8018132564        -1.8475798886        19.7966820244
        2.9554385000       -15.3197901392         2.3276024958         1.3429439823         2.8094688888         5.7713062500        20.3178278682
        2.9604448000        11.8218516800         2.6496419205         1.3352870017         2.8018132564        -5.6570229579        19.7966820244
        2.9654515000        20.8690656197         2.7477223155         1.3327346748         2.7992613789        -9.4664660272        19.6229667432
        2.9704339000        25.9971920033         2.7538757503         1.3327346748         2.7967095015        -9.4664660272        19.4492514619
        2.9754420000         7.9027641238         2.6031413916         1.3378393285         2.8018132564        -1.8475798886        19.7966820244
        2.9804337000       -19.2388776954         2.2811019668         1.3454963091         2.8094688888         9.5807493193        20.3178278682
        2.9854467000        -5.0635373721         2.4492943877         1.3429439823         2.8043651338         5.7713062500        19.9703973057
        2.9904214000       -19.2388776954         2.2811019668         1.3454963091         2.8094688888         9.5807493193        20.3178278682
        2.9954277000       -20.4479165228         2.2712702399         1.3429439823         2.8120207662         5.7713062500        20.4915431494
        3.0004401000        -2.3534886433         2.4814494997         1.3378393285         2.8069170113        -1.8475798886        20.1441125869
        3.0054790000        18.1590168909         2.7248332834         1.3378393285         2.7967095015        -1.8475798886        19.4492514619
        3.0104386000        -3.5625274707         2.4671040828         1.3352870017         2.8094688888        -5.6570229579        20.3178278682
        3.0154464000         7.9027641238         2.6031413916         1.3378393285         2.8018132564        -1.8475798886        19.7966820244
        3.0204364000        -2.3534886433         2.4814494997         1.3378393285         2.8069170113        -1.8475798886        20.1441125869
        3.0254380000         2.7746377403         2.5422954456         1.3378393285         2.8043651338        -1.8475798886        19.9703973057
        3.0304757000         7.9027641238         2.6031413916         1.3378393285         2.8018132564        -1.8475798886        19.7966820244
        3.0354415000        16.9499780636         2.7104878665         1.3352870017         2.7992613789        -5.6570229579        19.6229667432
        3.0404466000        24.7881531759         2.7524273944         1.3301823480         2.7992613789       -13.2759090965        19.6229667432
        3.0454346000         7.9027641238         2.6031413916         1.3378393285         2.8018132564        -1.8475798886        19.7966820244
        3.0505162000         3.9836765676         2.5566408626         1.3403916554         2.8018132564         1.9618631807        19.7966820244
        3.0554459000        25.9971920033         2.7538757503         1.3327346748         2.7967095015        -9.4664660272        19.4492514619
        3.0604654000        15.7409392362         2.6961424495         1.3327346748         2.8018132564        -9.4664660272        19.7966820244
        3.0654217000       -15.3197901392         2.3276024958         1.3429439823         2.8094688888         5.7713062500        20.3178278682
        3.0704321000        -5.0635373721         2.4492943877         1.3429439823         2.8043651338         5.7713062500        19.9703973057
        3.0754417000         3.9836765676         2.5566408626         1.3403916554         2.8018132564         1.9618631807        19.7966820244
        3.0804534000        23.5791143485         2.7509775555         1.3276300211         2.8018132564       -17.0853521658        19.7966820244
        3.0854378000       -19.2388776954         2.2811019668         1.3454963091         2.8094688888         9.5807493193        20.3178278682
        3.0904506000       -24.3670040790         2.2643023248         1.3454963091         2.8120207662         9.5807493193        20.4915431494
        3.0954277000       -19.2388776954         2.2811019668         1.3454963091         2.8094688888         9.5807493193        20.3178278682
        3.1004407000        -1.1444498159         2.4957949167         1.3403916554         2.8043651338         1.9618631807        19.9703973057
        3.1054207000        25.9971920033         2.7538757503         1.3327346748         2.7967095015        -9.4664660272        19.4492514619
        3.1104377000         7.9027641238         2.6031413916         1.3378393285         2.8018132564        -1.8475798886        19.7966820244
        3.1154446000        -3.8544985447         2.4636398046         1.3454963091         2.8018132564         9.5807493193        19.7966820244
        3.1204581000        29.9162795595         2.7585605105         1.3301823480         2.7967095015       -13.2759090965        19.4492514619
        3.1254439000         6.6937252964         2.5887959746         1.3352870017         2.8043651338        -5.6570229579        19.9703973057
        3.1304758000        -7.4816150269         2.4206035538         1.3378393285         2.8094688888        -1.8475798886        20.3178278682
        3.1354385000        18.1590168909         2.7248332834         1.3378393285         2.7967095015        -1.8475798886        19.4492514619
        3.1404506000       -12.6097414104         2.3597576079         1.3378393285         2.8120207662        -1.8475798886        20.4915431494
        3.1454271000        -2.3534886433         2.4814494997         1.3378393285         2.8069170113        -1.8475798886        20.1441125869
        3.1504799000        25.9971920033         2.7538757503         1.3327346748         2.7967095015        -9.4664660272        19.4492514619
        3.1554474000        -7.4816150269         2.4206035538         1.3378393285         2.8094688888        -1.8475798886        20.3178278682
        3.1604458000        15.7409392362         2.6961424495         1.3327346748         2.8018132564        -9.4664660272        19.7966820244
        3.1654409000        -1.1444498159         2.4957949167         1.3403916554         2.8043651338         1.9618631807        19.9703973057
        3.1704413000       -15.3197901392         2.3276024958         1.3429439823         2.8094688888         5.7713062500        20.3178278682
        3.1754304000        -1.1444498159         2.4957949167         1.3403916554         2.8043651338         1.9618631807        19.9703973057
        3.1804459000         7.9027641238         2.6031413916         1.3378393285         2.8018132564        -1.8475798886        19.7966820244
        3.1855559000         6.6937252964         2.5887959746         1.3352870017         2.8043651338        -5.6570229579        19.9703973057
        3.1904479000        -5.0635373721         2.4492943877         1.3429439823         2.8043651338         5.7713062500        19.9703973057
        3.1954709000         7.9027641238         2.6031413916         1.3378393285         2.8018132564        -1.8475798886        19.7966820244
        3.2004557000       -34.9152279201         2.2458944034         1.3557056165         2.8094688888        24.8185215965        20.3178278682
        3.2054469000       -19.2388776954         2.2811019668         1.3454963091         2.8094688888         9.5807493193        20.3178278682
        3.2105620000        15.7409392362         2.6961424495         1.3327346748         2.8018132564        -9.4664660272        19.7966820244
        3.2154449000        -7.4816150269         2.4206035538         1.3378393285         2.8094688888        -1.8475798886        20.3178278682
        3.2204442000        16.9499780636         2.7104878665         1.3352870017         2.7992613789        -5.6570229579        19.6229667432
        3.2254524000       -15.3197901392         2.3276024958         1.3429439823         2.8094688888         5.7713062500        20.3178278682
        3.2304381000       -19.2388776954         2.2811019668         1.3454963091         2.8094688888         9.5807493193        20.3178278682
        3.2354535000         2.7746377403         2.5422954456         1.3378393285         2.8043651338        -1.8475798886        19.9703973057
        3.2404333000         7.9027641238         2.6031413916         1.3378393285         2.8018132564        -1.8475798886        19.7966820244
        3.2454356000        25.9971920033         2.7538757503         1.3327346748         2.7967095015        -9.4664660272        19.4492514619
        3.2504397000         7.9027641238         2.6031413916         1.3378393285         2.8018132564        -1.8475798886        19.7966820244
        3.2554448000        -8.9826249283         2.4027938587         1.3454963091         2.8043651338         9.5807493193        19.9703973057
        3.2604229000       -19.2388776954         2.2811019668         1.3454963091         2.8094688888         9.5807493193        20.3178278682
        3.2654368000         7.9027641238         2.6031413916         1.3378393285         2.8018132564        -1.8475798886        19.7966820244
        3.2704429000         3.9836765676         2.5566408626         1.3403916554         2.8018132564         1.9618631807        19.7966820244
        3.2754497000         7.9027641238         2.6031413916         1.3378393285         2.8018132564        -1.8475798886        19.7966820244
        3.2804340000        16.9499780636         2.7104878665         1.3352870017         2.7992613789        -5.6570229579        19.6229667432
        3.2854408000        -7.4816150269         2.4206035538         1.3378393285         2.8094688888        -1.8475798886        20.3178278682
        3.2904264000       -15.3197901392         2.3276024958         1.3429439823         2.8094688888         5.7713062500        20.3178278682
        3.2954476000        10.6128128526         2.6352965036         1.3327346748         2.8043651338        -9.4664660272        19.9703973057
        3.3004208000         3.9836765676         2.5566408626         1.3403916554         2.8018132564         1.9618631807        19.7966820244
        3.3054787000        25.9971920033         2.7538757503         1.3327346748         2.7967095015        -9.4664660272        19.4492514619
        3.3104534000        20.8690656197         2.7477223155         1.3327346748         2.7992613789        -9.4664660272        19.6229667432
        3.3154327000        20.8690656197         2.7477223155         1.3327346748         2.7992613789        -9.4664660272        19.6229667432
        3.3204332000        -8.6906538543         2.4062581368         1.3352870017         2.8120207662        -5.6570229579        20.4915431494
        3.3254469000       -15.3197901392         2.3276024958         1.3429439823         2.8094688888         5.7713062500        20.3178278682
        3.3304277000       -19.2388776954         2.2811019668         1.3454963091         2.8094688888         9.5807493193        20.3178278682
        3.3356204000        -5.0635373721         2.4492943877         1.3429439823         2.8043651338         5.7713062500        19.9703973057
        3.3404276000         7.9027641238         2.6031413916         1.3378393285         2.8018132564        -1.8475798886        19.7966820244
        3.3454455000        -8.9826249283         2.4027938587         1.3454963091         2.8043651338         9.5807493193        19.9703973057
        3.3504475000         7.9027641238         2.6031413916         1.3378393285         2.8018132564        -1.8475798886        19.7966820244
        3.3554650000        -3.8544985447         2.4636398046         1.3454963091         2.8018132564         9.5807493193        19.7966820244
        3.3604449000         6.6937252964         2.5887959746         1.3352870017         2.8043651338        -5.6570229579        19.9703973057
        3.3654791000       -19.2388776954         2.2811019668         1.3454963091         2.8094688888         9.5807493193        20.3178278682
        3.3704324000         7.9027641238         2.6031413916         1.3378393285         2.8018132564        -1.8475798886        19.7966820244
        3.3754662000        -8.9826249283         2.4027938587         1.3454963091         2.8043651338         9.5807493193        19.9703973057
        3.3804496000         2.7746377403         2.5422954456         1.3378393285         2.8043651338        -1.8475798886        19.9703973057
        3.3854582000         7.9027641238         2.6031413916         1.3378393285         2.8018132564        -1.8475798886        19.7966820244
        3.3904464000       -19.2388776954         2.2811019668         1.3454963091         2.8094688888         9.5807493193        20.3178278682
        3.3954320000       -14.1107513118         2.3419479128         1.3454963091         2.8069170113         9.5807493193        20.1441125869
        3.4004946000        -1.1444498159         2.4957949167         1.3403916554         2.8043651338         1.9618631807        19.9703973057
        3.4055394000       -10.1916637556         2.3884484417         1.3429439823         2.8069170113         5.7713062500        20.1441125869
        3.4104652000       -19.2388776954         2.2811019668         1.3454963091         2.8094688888         9.5807493193        20.3178278682
        3.4154545000         2.7746377403         2.5422954456         1.3378393285         2.8043651338        -1.8475798886        19.9703973057
        3.4204828000        -8.6906538543         2.4062581368         1.3352870017         2.8120207662        -5.6570229579        20.4915431494
        3.4254498000       -19.2388776954         2.2811019668         1.3454963091         2.8094688888         9.5807493193        20.3178278682
        3.4304659000        15.7409392362         2.6961424495         1.3327346748         2.8018132564        -9.4664660272        19.7966820244
        3.4354378000       -15.3197901392         2.3276024958         1.3429439823         2.8094688888         5.7713062500        20.3178278682
        3.4404460000        18.1590168909         2.7248332834         1.3378393285         2.7967095015        -1.8475798886        19.4492514619
        3.4454261000        25.9971920033         2.7538757503         1.3327346748         2.7967095015        -9.4664660272        19.4492514619
        3.4504627000        14.2399293348         2.6783327544         1.3403916554         2.7967095015         1.9618631807        19.4492514619
        3.4554467000        25.9971920033         2.7538757503         1.3327346748         2.7967095015        -9.4664660272        19.4492514619
        3.4604364000         2.7746377403         2.5422954456         1.3378393285         2.8043651338        -1.8475798886        19.9703973057
        3.4654195000         7.9027641238         2.6031413916         1.3378393285         2.8018132564        -1.8475798886        19.7966820244
        3.4704528000         2.7746377403         2.5422954456         1.3378393285         2.8043651338        -1.8475798886        19.9703973057
        3.4754347000         2.7746377403         2.5422954456         1.3378393285         2.8043651338        -1.8475798886        19.9703973057
        3.4804446000        25.9971920033         2.7538757503         1.3327346748         2.7967095015        -9.4664660272        19.4492514619
        3.4854354000        29.9162795595         2.7585605105         1.3301823480         2.7967095015       -13.2759090965        19.4492514619
        3.4904373000       -27.3690238817         2.2590125523         1.3608102703         2.8018132564        32.4374077352        19.7966820244
        3.4954263000        -8.9826249283         2.4027938587         1.3454963091         2.8043651338         9.5807493193        19.9703973057
        3.5004334000        11.8218516800         2.6496419205         1.3352870017         2.8018132564        -5.6570229579        19.7966820244
        3.5054463000         7.9027641238         2.6031413916         1.3378393285         2.8018132564        -1.8475798886        19.7966820244
        3.5104593000       -24.3670040790         2.2643023248         1.3454963091         2.8120207662         9.5807493193        20.4915431494
        3.5154352000       -15.3197901392         2.3276024958         1.3429439823         2.8094688888         5.7713062500        20.3178278682
        3.5204602000         0.0645890115         2.5101403336         1.3429439823         2.8018132564         5.7713062500        19.7966820244
        3.5254355000        11.8218516800         2.6496419205         1.3352870017         2.8018132564        -5.6570229579        19.7966820244
        3.5304509000        24.7881531759         2.7524273944         1.3301823480         2.7992613789       -13.2759090965        19.6229667432
        3.5354514000         7.9027641238         2.6031413916         1.3378393285         2.8018132564        -1.8475798886        19.7966820244
        3.5404417000        16.9499780636         2.7104878665         1.3352870017         2.7992613789        -5.6570229579        19.6229667432
        3.5454302000         7.9027641238         2.6031413916         1.3378393285         2.8018132564        -1.8475798886        19.7966820244
        3.5504613000       -43.9624418598         2.2304946684         1.3582579434         2.8120207662        28.6279646658        20.4915431494
        3.5554434000         7.9027641238         2.6031413916         1.3378393285         2.8018132564        -1.8475798886        19.7966820244
        3.5604620000        -2.3534886433         2.4814494997         1.3378393285         2.8069170113        -1.8475798886        20.1441125869
        3.5654409000        24.7881531759         2.7524273944         1.3301823480         2.7992613789       -13.2759090965        19.6229667432
        3.5704823000        24.7881531759         2.7524273944         1.3301823480         2.7992613789       -13.2759090965        19.6229667432
        3.5754533000        -3.8544985447         2.4636398046         1.3454963091         2.8018132564         9.5807493193        19.7966820244
        3.5804599000       -16.8208000406         2.3097928007         1.3506009628         2.8043651338        17.1996354579        19.9703973057
        3.5855117000        -3.8544985447         2.4636398046         1.3454963091         2.8018132564         9.5807493193        19.7966820244
        3.5905311000         0.0645890115         2.5101403336         1.3429439823         2.8018132564         5.7713062500        19.7966820244
        3.5954682000         5.1927153950         2.5709862795         1.3429439823         2.7992613789         5.7713062500        19.6229667432
        3.6004485000         1.5655989129         2.5279500287         1.3352870017         2.8069170113        -5.6570229579        20.1441125869
        3.6054433000         6.6937252964         2.5887959746         1.3352870017         2.8043651338        -5.6570229579        19.9703973057
        3.6104246000       -24.3670040790         2.2643023248         1.3454963091         2.8120207662         9.5807493193        20.4915431494
        3.6154614000        11.8218516800         2.6496419205         1.3352870017         2.8018132564        -5.6570229579        19.7966820244
        3.6204223000       -19.2388776954         2.2811019668         1.3454963091         2.8094688888         9.5807493193        20.3178278682
        3.6254647000        11.8218516800         2.6496419205         1.3352870017         2.8018132564        -5.6570229579        19.7966820244
        3.6304407000       -10.1916637556         2.3884484417         1.3429439823         2.8069170113         5.7713062500        20.1441125869
        3.6354323000        -1.1444498159         2.4957949167         1.3403916554         2.8043651338         1.9618631807        19.9703973057
        3.6404317000        -1.1444498159         2.4957949167         1.3403916554         2.8043651338         1.9618631807        19.9703973057
        3.6454681000       -19.2388776954         2.2811019668         1.3454963091         2.8094688888         9.5807493193        20.3178278682
        3.6504313000        20.8690656197         2.7477223155         1.3327346748         2.7992613789        -9.4664660272        19.6229667432
        3.6554366000        11.8218516800         2.6496419205         1.3352870017         2.8018132564        -5.6570229579        19.7966820244
        3.6604474000       -14.1107513118         2.3419479128         1.3454963091         2.8069170113         9.5807493193        20.1441125869
        3.6654357000        14.5319004088         2.6817970326         1.3301823480         2.8043651338       -13.2759090965        19.9703973057
        3.6704418000         2.7746377403         2.5422954456         1.3378393285         2.8043651338        -1.8475798886        19.9703973057
        3.6754480000       -24.3670040790         2.2643023248         1.3454963091         2.8120207662         9.5807493193        20.4915431494
        3.6804335000        -1.1444498159         2.4957949167         1.3403916554         2.8043651338         1.9618631807        19.9703973057
        3.6854456000       -15.3197901392         2.3276024958         1.3429439823         2.8094688888         5.7713062500        20.3178278682
        3.6904252000       -19.2388776954         2.2811019668         1.3454963091         2.8094688888         9.5807493193        20.3178278682
        3.6954465000        -8.9826249283         2.4027938587         1.3454963091         2.8043651338         9.5807493193        19.9703973057
        3.7004217000         3.9836765676         2.5566408626         1.3403916554         2.8018132564         1.9618631807        19.7966820244
        3.7054505000        16.9499780636         2.7104878665         1.3352870017         2.7992613789        -5.6570229579        19.6229667432
        3.7104671000        11.8218516800         2.6496419205         1.3352870017         2.8018132564        -5.6570229579        19.7966820244
        3.7154870000       -20.4479165228         2.2712702399         1.3429439823         2.8120207662         5.7713062500        20.4915431494
        3.7204558000         2.7746377403         2.5422954456         1.3378393285         2.8043651338        -1.8475798886        19.9703973057
        3.7254461000       -19.2388776954         2.2811019668         1.3454963091         2.8094688888         9.5807493193        20.3178278682
        3.7304320000        -5.0635373721         2.4492943877         1.3429439823         2.8043651338         5.7713062500        19.9703973057
        3.7354465000        25.9971920033         2.7538757503         1.3327346748         2.7967095015        -9.4664660272        19.4492514619
        3.7404293000        15.7409392362         2.6961424495         1.3327346748         2.8018132564        -9.4664660272        19.7966820244
        3.7454404000         6.6937252964         2.5887959746         1.3352870017         2.8043651338        -5.6570229579        19.9703973057
        3.7504834000       -24.3670040790         2.2643023248         1.3454963091         2.8120207662         9.5807493193        20.4915431494
        3.7554761000         6.6937252964         2.5887959746         1.3352870017         2.8043651338        -5.6570229579        19.9703973057
        3.7604480000       -20.4479165228         2.2712702399         1.3429439823         2.8120207662         5.7713062500        20.4915431494
        3.7654298000         1.5655989129         2.5279500287         1.3352870017         2.8069170113        -5.6570229579        20.1441125869
        3.7704621000         2.7746377403         2.5422954456         1.3378393285         2.8043651338        -1.8475798886        19.9703973057
        3.7754398000        10.6128128526         2.6352965036         1.3327346748         2.8043651338        -9.4664660272        19.9703973057
        3.7804493000        -1.1444498159         2.4957949167         1.3403916554         2.8043651338         1.9618631807        19.9703973057
        3.7854337000        20.8690656197         2.7477223155         1.3327346748         2.7992613789        -9.4664660272        19.6229667432
        3.7904478000         9.1118029512         2.6174868085         1.3403916554         2.7992613789         1.9618631807        19.6229667432
        3.7954288000       -10.1916637556         2.3884484417         1.3429439823         2.8069170113         5.7713062500        20.1441125869
        3.8004382000        -2.3534886433         2.4814494997         1.3378393285         2.8069170113        -1.8475798886        20.1441125869
        3.8054228000       -12.6097414104         2.3597576079         1.3378393285         2.8120207662        -1.8475798886        20.4915431494
        3.8104616000        20.8690656197         2.7477223155         1.3327346748         2.7992613789        -9.4664660272        19.6229667432
        3.8154462000        18.1590168909         2.7248332834         1.3378393285         2.7967095015        -1.8475798886        19.4492514619
        3.8204462000        20.8690656197         2.7477223155         1.3327346748         2.7992613789        -9.4664660272        19.6229667432
        3.8254353000         2.7746377403         2.5422954456         1.3378393285         2.8043651338        -1.8475798886        19.9703973057
        3.8304485000        -3.5625274707         2.4671040828         1.3352870017         2.8094688888        -5.6570229579        20.3178278682
        3.8354346000         3.9836765676         2.5566408626         1.3403916554         2.8018132564         1.9618631807        19.7966820244
        3.8404411000        25.9971920033         2.7538757503         1.3327346748         2.7967095015        -9.4664660272        19.4492514619
        3.8454355000        15.7409392362         2.6961424495         1.3327346748         2.8018132564        -9.4664660272        19.7966820244
        3.8504373000       -24.3670040790         2.2643023248         1.3454963091         2.8120207662         9.5807493193        20.4915431494
        3.8554290000       -24.3670040790         2.2643023248         1.3454963091         2.8120207662         9.5807493193        20.4915431494
        3.8604320000         6.6937252964         2.5887959746         1.3352870017         2.8043651338        -5.6570229579        19.9703973057
        3.8654449000        25.9971920033         2.7538757503         1.3327346748         2.7967095015        -9.4664660272        19.4492514619
        3.8704261000        -1.1444498159         2.4957949167         1.3403916554         2.8043651338         1.9618631807        19.9703973057
        3.8754344000        28.7072407321         2.7571168912         1.3276300211         2.7992613789       -17.0853521658        19.6229667432
        3.8804520000         3.9836765676         2.5566408626         1.3403916554         2.8018132564         1.9618631807        19.7966820244
        3.8854570000        20.8690656197         2.7477223155         1.3327346748         2.7992613789        -9.4664660272        19.6229667432
        3.8904614000         2.7746377403         2.5422954456         1.3378393285         2.8043651338        -1.8475798886        19.9703973057
        3.8954244000       -36.1242667475         2.2438160132         1.3531532897         2.8120207662        21.0090785272        20.4915431494
        3.9004316000       -11.4007025830         2.3741030248         1.3403916554         2.8094688888         1.9618631807        20.3178278682
        3.9054482000       -19.2388776954         2.2811019668         1.3454963091         2.8094688888         9.5807493193        20.3178278682
        3.9104320000       -10.1916637556         2.3884484417         1.3429439823         2.8069170113         5.7713062500        20.1441125869
        3.9154415000        -2.3534886433         2.4814494997         1.3378393285         2.8069170113        -1.8475798886        20.1441125869
        3.9204262000        20.8690656197         2.7477223155         1.3327346748         2.7992613789        -9.4664660272        19.6229667432
        3.9254356000        24.7881531759         2.7524273944         1.3301823480         2.7992613789       -13.2759090965        19.6229667432
        3.9304365000        20.8690656197         2.7477223155         1.3327346748         2.7992613789        -9.4664660272        19.6229667432
        3.9354529000        11.8218516800         2.6496419205         1.3352870017         2.8018132564        -5.6570229579        19.7966820244
        3.9404095000        -7.4816150269         2.4206035538         1.3378393285         2.8094688888        -1.8475798886        20.3178278682
        3.9454639000        20.8690656197         2.7477223155         1.3327346748         2.7992613789        -9.4664660272        19.6229667432
        3.9504307000        -6.2725761995         2.4349489707         1.3403916554         2.8069170113         1.9618631807        20.1441125869
        3.9554393000         0.0645890115         2.5101403336         1.3429439823         2.8018132564         5.7713062500        19.7966820244
        3.9604469000        15.7409392362         2.6961424495         1.3327346748         2.8018132564        -9.4664660272        19.7966820244
        3.9654568000        18.1590168909         2.7248332834         1.3378393285         2.7967095015        -1.8475798886        19.4492514619
        3.9704432000         1.5655989129         2.5279500287         1.3352870017         2.8069170113        -5.6570229579        20.1441125869
        3.9754601000       -10.1916637556         2.3884484417         1.3429439823         2.8069170113         5.7713062500        20.1441125869
        3.9804432000       -16.5288289666         2.3132570789         1.3403916554         2.8120207662         1.9618631807        20.4915431494
        3.9854455000       -14.1107513118         2.3419479128         1.3454963091         2.8069170113         9.5807493193        20.1441125869
        3.9904360000       -24.3670040790         2.2643023248         1.3454963091         2.8120207662         9.5807493193        20.4915431494
        3.9954456000       -16.5288289666         2.3132570789         1.3403916554         2.8120207662         1.9618631807        20.4915431494
        4.0004319000        -6.2725761995         2.4349489707         1.3403916554         2.8069170113         1.9618631807        20.1441125869
        4.0054339000        -2.3534886433         2.4814494997         1.3378393285         2.8069170113        -1.8475798886        20.1441125869
        4.0104211000        15.7409392362         2.6961424495         1.3327346748         2.8018132564        -9.4664660272        19.7966820244
        4.0154527000         6.6937252964         2.5887959746         1.3352870017         2.8043651338        -5.6570229579        19.9703973057
        4.0204375000         1.5655989129         2.5279500287         1.3352870017         2.8069170113        -5.6570229579        20.1441125869
        4.0254332000        20.8690656197         2.7477223155         1.3327346748         2.7992613789        -9.4664660272        19.6229667432
        4.0304316000        15.7409392362         2.6961424495         1.3327346748         2.8018132564        -9.4664660272        19.7966820244
        4.0354531000        -1.1444498159         2.4957949167         1.3403916554         2.8043651338         1.9618631807        19.9703973057
        4.0404296000        20.8690656197         2.7477223155         1.3327346748         2.7992613789        -9.4664660272        19.6229667432
        4.0454444000        15.7409392362         2.6961424495         1.3327346748         2.8018132564        -9.4664660272        19.7966820244
        4.0504436000        11.8218516800         2.6496419205         1.3352870017         2.8018132564        -5.6570229579        19.7966820244
        4.0554593000        -6.2725761995         2.4349489707         1.3403916554         2.8069170113         1.9618631807        20.1441125869
        4.0604420000        15.7409392362         2.6961424495         1.3327346748         2.8018132564        -9.4664660272        19.7966820244
        4.0654605000         3.9836765676         2.5566408626         1.3403916554         2.8018132564         1.9618631807        19.7966820244
        4.0704367000        15.7409392362         2.6961424495         1.3327346748         2.8018132564        -9.4664660272        19.7966820244
        4.0754606000        -2.3534886433         2.4814494997         1.3378393285         2.8069170113        -1.8475798886        20.1441125869
        4.0804605000        20.8690656197         2.7477223155         1.3327346748         2.7992613789        -9.4664660272        19.6229667432
        4.0854786000        11.8218516800         2.6496419205         1.3352870017         2.8018132564        -5.6570229579        19.7966820244
        4.0904557000       -15.3197901392         2.3276024958         1.3429439823         2.8094688888         5.7713062500        20.3178278682
        4.0954403000        28.7072407321         2.7571168912         1.3276300211         2.7992613789       -17.0853521658        19.6229667432
        4.1004481000        19.6600267923         2.7426429785         1.3301823480         2.8018132564       -13.2759090965        19.7966820244
        4.1054337000        -7.4816150269         2.4206035538         1.3378393285         2.8094688888        -1.8475798886        20.3178278682
        4.1104593000       -21.9489264242         2.2685931417         1.3506009628         2.8069170113        17.1996354579        20.1441125869
        4.1154664000         4.2756476417         2.5601051407         1.3301823480         2.8094688888       -13.2759090965        20.3178278682
        4.1204587000        -7.4816150269         2.4206035538         1.3378393285         2.8094688888        -1.8475798886        20.3178278682
        4.1254607000       -11.4007025830         2.3741030248         1.3403916554         2.8094688888         1.9618631807        20.3178278682
        4.1304701000        -3.5625274707         2.4671040828         1.3352870017         2.8094688888        -5.6570229579        20.3178278682
        4.1354767000        15.7409392362         2.6961424495         1.3327346748         2.8018132564        -9.4664660272        19.7966820244
        4.1404560000        15.7409392362         2.6961424495         1.3327346748         2.8018132564        -9.4664660272        19.7966820244
        4.1457769000        -3.5625274707         2.4671040828         1.3352870017         2.8094688888        -5.6570229579        20.3178278682
        4.1504704000        -2.3534886433         2.4814494997         1.3378393285         2.8069170113        -1.8475798886        20.1441125869
        4.1554468000       -25.5760429063         2.2621669773         1.3429439823         2.8145726437         5.7713062500        20.6652584306
        4.1605475000       -25.5760429063         2.2621669773         1.3429439823         2.8145726437         5.7713062500        20.6652584306
        4.1654618000       -19.2388776954         2.2811019668         1.3454963091         2.8094688888         9.5807493193        20.3178278682
        4.1704821000        15.7409392362         2.6961424495         1.3327346748         2.8018132564        -9.4664660272        19.7966820244
        4.1754668000        -2.3534886433         2.4814494997         1.3378393285         2.8069170113        -1.8475798886        20.1441125869
        4.1804720000       -20.4479165228         2.2712702399         1.3429439823         2.8120207662         5.7713062500        20.4915431494
        4.1855503000        19.6600267923         2.7426429785         1.3301823480         2.8018132564       -13.2759090965        19.7966820244
        4.1905542000        -7.4816150269         2.4206035538         1.3378393285         2.8094688888        -1.8475798886        20.3178278682
        4.1954777000       -17.7378677940         2.2989116619         1.3378393285         2.8145726437        -1.8475798886        20.6652584306
        4.2004796000       -11.4007025830         2.3741030248         1.3403916554         2.8094688888         1.9618631807        20.3178278682
        4.2054577000        -2.3534886433         2.4814494997         1.3378393285         2.8069170113        -1.8475798886        20.1441125869
        4.2104625000        10.6128128526         2.6352965036         1.3327346748         2.8043651338        -9.4664660272        19.9703973057
        4.2154445000        19.6600267923         2.7426429785         1.3301823480         2.8018132564       -13.2759090965        19.7966820244
        4.2204367000        10.6128128526         2.6352965036         1.3327346748         2.8043651338        -9.4664660272        19.9703973057
        4.2254337000        15.7409392362         2.6961424495         1.3327346748         2.8018132564        -9.4664660272        19.7966820244
        4.2304476000        -2.3534886433         2.4814494997         1.3378393285         2.8069170113        -1.8475798886        20.1441125869
        4.2354496000       -15.3197901392         2.3276024958         1.3429439823         2.8094688888         5.7713062500        20.3178278682
        4.2404372000       -13.8187802378         2.3454121909         1.3352870017         2.8145726437        -5.6570229579        20.6652584306
        4.2454236000       -25.5760429063         2.2621669773         1.3429439823         2.8145726437         5.7713062500        20.6652584306
        4.2504483000       -15.3197901392         2.3276024958         1.3429439823         2.8094688888         5.7713062500        20.3178278682
        4.2554701000         7.9027641238         2.6031413916         1.3378393285         2.8018132564        -1.8475798886        19.7966820244
        4.2604598000        19.6600267923         2.7426429785         1.3301823480         2.8018132564       -13.2759090965        19.7966820244
        4.2654399000        15.7409392362         2.6961424495         1.3327346748         2.8018132564        -9.4664660272        19.7966820244
        4.2704252000        11.8218516800         2.6496419205         1.3352870017         2.8018132564        -5.6570229579        19.7966820244
        4.2754339000       -29.4951304625         2.2552908835         1.3454963091         2.8145726437         9.5807493193        20.6652584306
        4.2804782000        -6.2725761995         2.4349489707         1.3403916554         2.8069170113         1.9618631807        20.1441125869
        4.2854495000        15.7409392362         2.6961424495         1.3327346748         2.8018132564        -9.4664660272        19.7966820244
        4.2904448000        15.7409392362         2.6961424495         1.3327346748         2.8018132564        -9.4664660272        19.7966820244
        4.2954494000       -25.5760429063         2.2621669773         1.3429439823         2.8145726437         5.7713062500        20.6652584306
        4.3004494000        -7.4816150269         2.4206035538         1.3378393285         2.8094688888        -1.8475798886        20.3178278682
        4.3054385000        19.6600267923         2.7426429785         1.3301823480         2.8018132564       -13.2759090965        19.7966820244
        4.3104298000        -7.4816150269         2.4206035538         1.3378393285         2.8094688888        -1.8475798886        20.3178278682
        4.3154570000        19.6600267923         2.7426429785         1.3301823480         2.8018132564       -13.2759090965        19.7966820244
        4.3204459000       -25.5760429063         2.2621669773         1.3429439823         2.8145726437         5.7713062500        20.6652584306
        4.3254273000       -15.3197901392         2.3276024958         1.3429439823         2.8094688888         5.7713062500        20.3178278682
        4.3304402000         6.6937252964         2.5887959746         1.3352870017         2.8043651338        -5.6570229579        19.9703973057
        4.3354450000        -2.3534886433         2.4814494997         1.3378393285         2.8069170113        -1.8475798886        20.1441125869
        4.3404295000       -20.4479165228         2.2712702399         1.3429439823         2.8120207662         5.7713062500        20.4915431494
        4.3454500000        -7.4816150269         2.4206035538         1.3378393285         2.8094688888        -1.8475798886        20.3178278682
        4.3504239000        15.7409392362         2.6961424495         1.3327346748         2.8018132564        -9.4664660272        19.7966820244
        4.3554444000       -20.4479165228         2.2712702399         1.3429439823         2.8120207662         5.7713062500        20.4915431494
        4.3604187000       -29.4951304625         2.2552908835         1.3454963091         2.8145726437         9.5807493193        20.6652584306
        4.3654321000        10.6128128526         2.6352965036         1.3327346748         2.8043651338        -9.4664660272        19.9703973057
        4.3704396000       -11.4007025830         2.3741030248         1.3403916554         2.8094688888         1.9618631807        20.3178278682
        4.3754570000       -17.7378677940         2.2989116619         1.3378393285         2.8145726437        -1.8475798886        20.6652584306
        4.3804286000       -21.6569553502         2.2691130623         1.3403916554         2.8145726437         1.9618631807        20.6652584306
        4.3854451000       -33.4142180187         2.2484836081         1.3480486360         2.8145726437        13.3901923886        20.6652584306
        4.3904286000        -2.3534886433         2.4814494997         1.3378393285         2.8069170113        -1.8475798886        20.1441125869
        4.3954415000        -2.3534886433         2.4814494997         1.3378393285         2.8069170113        -1.8475798886        20.1441125869
        4.4004519000        -7.4816150269         2.4206035538         1.3378393285         2.8094688888        -1.8475798886        20.3178278682
        4.4054373000        15.7409392362         2.6961424495         1.3327346748         2.8018132564        -9.4664660272        19.7966820244
        4.4104459000         0.3565600855         2.5136046117         1.3327346748         2.8094688888        -9.4664660272        20.3178278682
        4.4154582000        -2.3534886433         2.4814494997         1.3378393285         2.8069170113        -1.8475798886        20.1441125869
        4.4204352000        10.6128128526         2.6352965036         1.3327346748         2.8043651338        -9.4664660272        19.9703973057
        4.4254313000       -14.1107513118         2.3419479128         1.3454963091         2.8069170113         9.5807493193        20.1441125869
        4.4304291000        -6.2725761995         2.4349489707         1.3403916554         2.8069170113         1.9618631807        20.1441125869
        4.4354558000        11.8218516800         2.6496419205         1.3352870017         2.8018132564        -5.6570229579        19.7966820244
        4.4404490000       -10.1916637556         2.3884484417         1.3429439823         2.8069170113         5.7713062500        20.1441125869
        4.4454430000        -9.8996926817         2.3919127199         1.3327346748         2.8145726437        -9.4664660272        20.6652584306
        4.4504183000         0.3565600855         2.5136046117         1.3327346748         2.8094688888        -9.4664660272        20.3178278682
        4.4554385000       -12.6097414104         2.3597576079         1.3378393285         2.8120207662        -1.8475798886        20.4915431494
        4.4604398000       -14.1107513118         2.3419479128         1.3454963091         2.8069170113         9.5807493193        20.1441125869
        4.4654543000        -7.4816150269         2.4206035538         1.3378393285         2.8094688888        -1.8475798886        20.3178278682
        4.4704342000        -7.4816150269         2.4206035538         1.3378393285         2.8094688888        -1.8475798886        20.3178278682
        4.4754551000         1.5655989129         2.5279500287         1.3352870017         2.8069170113        -5.6570229579        20.1441125869
        4.4804345000        -7.4816150269         2.4206035538         1.3378393285         2.8094688888        -1.8475798886        20.3178278682
        4.4854510000       -19.5308487694         2.2776376887         1.3557056165         2.8018132564        24.8185215965        19.7966820244
        4.4904213000        -7.4816150269         2.4206035538         1.3378393285         2.8094688888        -1.8475798886        20.3178278682
        4.4954513000        11.8218516800         2.6496419205         1.3352870017         2.8018132564        -5.6570229579        19.7966820244
        4.5004458000       -11.4007025830         2.3741030248         1.3403916554         2.8094688888         1.9618631807        20.3178278682
        4.5054209000       -24.3670040790         2.2643023248         1.3454963091         2.8120207662         9.5807493193        20.4915431494
        4.5104405000       -25.5760429063         2.2621669773         1.3429439823         2.8145726437         5.7713062500        20.6652584306
        4.5154271000       -26.7850817337         2.2600382910         1.3403916554         2.8171245211         1.9618631807        20.8389737119
        4.5204353000       -12.6097414104         2.3597576079         1.3378393285         2.8120207662        -1.8475798886        20.4915431494
        4.5254422000       -12.6097414104         2.3597576079         1.3378393285         2.8120207662        -1.8475798886        20.4915431494
        4.5304484000        20.8690656197         2.7477223155         1.3327346748         2.7992613789        -9.4664660272        19.6229667432
        4.5354313000        -2.3534886433         2.4814494997         1.3378393285         2.8069170113        -1.8475798886        20.1441125869
        4.5404448000         1.5655989129         2.5279500287         1.3352870017         2.8069170113        -5.6570229579        20.1441125869
        4.5454319000       -20.4479165228         2.2712702399         1.3429439823         2.8120207662         5.7713062500        20.4915431494
        4.5504364000       -19.2388776954         2.2811019668         1.3454963091         2.8094688888         9.5807493193        20.3178278682
        4.5554416000        -5.0635373721         2.4492943877         1.3429439823         2.8043651338         5.7713062500        19.9703973057
        4.5604568000         6.6937252964         2.5887959746         1.3352870017         2.8043651338        -5.6570229579        19.9703973057
        4.5654414000        -8.6906538543         2.4062581368         1.3352870017         2.8120207662        -5.6570229579        20.4915431494
        4.5704525000       -28.2860916351         2.2574047641         1.3480486360         2.8120207662        13.3901923886        20.4915431494
        4.5754376000         5.4846864690         2.5744505577         1.3327346748         2.8069170113        -9.4664660272        20.1441125869
        4.5804584000        18.4509879649         2.7282975616         1.3276300211         2.8043651338       -17.0853521658        19.9703973057
        4.5854358000       -23.1579652516         2.2664443681         1.3480486360         2.8094688888        13.3901923886        20.3178278682
        4.5904412000       -24.3670040790         2.2643023248         1.3454963091         2.8120207662         9.5807493193        20.4915431494
        4.5954258000        35.0444059430         2.7646677287         1.3301823480         2.7941576240       -13.2759090965        19.2755361807
        4.6004613000        -7.4816150269         2.4206035538         1.3378393285         2.8094688888        -1.8475798886        20.3178278682
        4.6054205000         9.1118029512         2.6174868085         1.3403916554         2.7992613789         1.9618631807        19.6229667432
        4.6104299000        29.9162795595         2.7585605105         1.3301823480         2.7967095015       -13.2759090965        19.4492514619
        4.6154368000         1.5655989129         2.5279500287         1.3352870017         2.8069170113        -5.6570229579        20.1441125869
        4.6204493000       -19.2388776954         2.2811019668         1.3454963091         2.8094688888         9.5807493193        20.3178278682
        4.6254368000        18.4509879649         2.7282975616         1.3276300211         2.8043651338       -17.0853521658        19.9703973057
        4.6304476000        -5.0635373721         2.4492943877         1.3429439823         2.8043651338         5.7713062500        19.9703973057
        4.6354320000       -12.6097414104         2.3597576079         1.3378393285         2.8120207662        -1.8475798886        20.4915431494
        4.6404378000        -2.3534886433         2.4814494997         1.3378393285         2.8069170113        -1.8475798886        20.1441125869
        4.6454213000         1.5655989129         2.5279500287         1.3352870017         2.8069170113        -5.6570229579        20.1441125869
        4.6504552000         2.7746377403         2.5422954456         1.3378393285         2.8043651338        -1.8475798886        19.9703973057
        4.6554361000       -24.3670040790         2.2643023248         1.3454963091         2.8120207662         9.5807493193        20.4915431494
        4.6604499000         6.6937252964         2.5887959746         1.3352870017         2.8043651338        -5.6570229579        19.9703973057
        4.6654319000         2.7746377403         2.5422954456         1.3378393285         2.8043651338        -1.8475798886        19.9703973057
        4.6704452000        24.7881531759         2.7524273944         1.3301823480         2.7992613789       -13.2759090965        19.6229667432
        4.6754363000       -10.1916637556         2.3884484417         1.3429439823         2.8069170113         5.7713062500        20.1441125869
        4.6804912000        24.7881531759         2.7524273944         1.3301823480         2.7992613789       -13.2759090965        19.6229667432
        4.6854708000        40.4645034006         2.7710953727         1.3199730405         2.7992613789       -28.5136813738        19.6229667432
        4.6904619000         7.9027641238         2.6031413916         1.3378393285         2.8018132564        -1.8475798886        19.7966820244
        4.6955535000       -12.6097414104         2.3597576079         1.3378393285         2.8120207662        -1.8475798886        20.4915431494
        4.7006879000        13.0308905074         2.6639873375         1.3378393285         2.7992613789        -1.8475798886        19.6229667432
        4.7054589000         5.4846864690         2.5744505577         1.3327346748         2.8069170113        -9.4664660272        20.1441125869
        4.7104587000         2.7746377403         2.5422954456         1.3378393285         2.8043651338        -1.8475798886        19.9703973057
        4.7154629000        16.9499780636         2.7104878665         1.3352870017         2.7992613789        -5.6570229579        19.6229667432
        4.7204695000         2.7746377403         2.5422954456         1.3378393285         2.8043651338        -1.8475798886        19.9703973057
        4.7254474000        -3.8544985447         2.4636398046         1.3454963091         2.8018132564         9.5807493193        19.7966820244
        4.7304686000         1.2736278389         2.5244857505         1.3454963091         2.7992613789         9.5807493193        19.6229667432
        4.7354485000       -10.1916637556         2.3884484417         1.3429439823         2.8069170113         5.7713062500        20.1441125869
        4.7404339000        25.9971920033         2.7538757503         1.3327346748         2.7967095015        -9.4664660272        19.4492514619
        4.7454623000        -1.1444498159         2.4957949167         1.3403916554         2.8043651338         1.9618631807        19.9703973057
        4.7505308000        24.7881531759         2.7524273944         1.3301823480         2.7992613789       -13.2759090965        19.6229667432
        4.7554336000        13.0308905074         2.6639873375         1.3378393285         2.7992613789        -1.8475798886        19.6229667432
        4.7604800000        24.7881531759         2.7524273944         1.3301823480         2.7992613789       -13.2759090965        19.6229667432
        4.7655005000       -20.4479165228         2.2712702399         1.3429439823         2.8120207662         5.7713062500        20.4915431494
        4.7705125000       -24.3670040790         2.2643023248         1.3454963091         2.8120207662         9.5807493193        20.4915431494
        4.7754812000        24.7881531759         2.7524273944         1.3301823480         2.7992613789       -13.2759090965        19.6229667432
        4.7804336000        10.6128128526         2.6352965036         1.3327346748         2.8043651338        -9.4664660272        19.9703973057
        4.7854843000        15.7409392362         2.6961424495         1.3327346748         2.8018132564        -9.4664660272        19.7966820244
        4.7904662000         1.2736278389         2.5244857505         1.3454963091         2.7992613789         9.5807493193        19.6229667432
        4.7955112000         2.7746377403         2.5422954456         1.3378393285         2.8043651338        -1.8475798886        19.9703973057
        4.8004779000        -6.2725761995         2.4349489707         1.3403916554         2.8069170113         1.9618631807        20.1441125869
        4.8054660000        19.6600267923         2.7426429785         1.3301823480         2.8018132564       -13.2759090965        19.7966820244
        4.8104500000         6.6937252964         2.5887959746         1.3352870017         2.8043651338        -5.6570229579        19.9703973057
        4.8154741000        20.8690656197         2.7477223155         1.3327346748         2.7992613789        -9.4664660272        19.6229667432
        4.8204331000       -20.4479165228         2.2712702399         1.3429439823         2.8120207662         5.7713062500        20.4915431494
        4.8254479000       -24.3670040790         2.2643023248         1.3454963091         2.8120207662         9.5807493193        20.4915431494
        4.8304273000       -19.2388776954         2.2811019668         1.3454963091         2.8094688888         9.5807493193        20.3178278682
        4.8354429000        16.9499780636         2.7104878665         1.3352870017         2.7992613789        -5.6570229579        19.6229667432
        4.8404233000        -2.3534886433         2.4814494997         1.3378393285         2.8069170113        -1.8475798886        20.1441125869
        4.8454617000        20.8690656197         2.7477223155         1.3327346748         2.7992613789        -9.4664660272        19.6229667432
        4.8504223000       -24.3670040790         2.2643023248         1.3454963091         2.8120207662         9.5807493193        20.4915431494
        4.8554573000        20.8690656197         2.7477223155         1.3327346748         2.7992613789        -9.4664660272        19.6229667432
        4.8604434000        20.8690656197         2.7477223155         1.3327346748         2.7992613789        -9.4664660272        19.6229667432
        4.8654461000         2.7746377403         2.5422954456         1.3378393285         2.8043651338        -1.8475798886        19.9703973057
        4.8704420000         2.7746377403         2.5422954456         1.3378393285         2.8043651338        -1.8475798886        19.9703973057
        4.8754474000       -24.3670040790         2.2643023248         1.3454963091         2.8120207662         9.5807493193        20.4915431494
        4.8804487000       -24.3670040790         2.2643023248         1.3454963091         2.8120207662         9.5807493193        20.4915431494
        4.8854649000        -5.0635373721         2.4492943877         1.3429439823         2.8043651338         5.7713062500        19.9703973057
        4.8904419000       -16.5288289666         2.3132570789         1.3403916554         2.8120207662         1.9618631807        20.4915431494
        4.8954580000         1.5655989129         2.5279500287         1.3352870017         2.8069170113        -5.6570229579        20.1441125869
        4.9004471000        -2.3534886433         2.4814494997         1.3378393285         2.8069170113        -1.8475798886        20.1441125869
        4.9054598000         2.7746377403         2.5422954456         1.3378393285         2.8043651338        -1.8475798886        19.9703973057
        4.9104388000        29.9162795595         2.7585605105         1.3301823480         2.7967095015       -13.2759090965        19.4492514619
        4.9154406000         2.7746377403         2.5422954456         1.3378393285         2.8043651338        -1.8475798886        19.9703973057
        4.9204579000       -20.4479165228         2.2712702399         1.3429439823         2.8120207662         5.7713062500        20.4915431494
        4.9254352000       -19.2388776954         2.2811019668         1.3454963091         2.8094688888         9.5807493193        20.3178278682
        4.9304343000       -20.4479165228         2.2712702399         1.3429439823         2.8120207662         5.7713062500        20.4915431494
        4.9354360000       -10.1916637556         2.3884484417         1.3429439823         2.8069170113         5.7713062500        20.1441125869
        4.9404488000         9.1118029512         2.6174868085         1.3403916554         2.7992613789         1.9618631807        19.6229667432
        4.9454296000        19.6600267923         2.7426429785         1.3301823480         2.8018132564       -13.2759090965        19.7966820244
        4.9504636000       -24.3670040790         2.2643023248         1.3454963091         2.8120207662         9.5807493193        20.4915431494
        4.9554454000       -19.2388776954         2.2811019668         1.3454963091         2.8094688888         9.5807493193        20.3178278682
        4.9604325000        11.8218516800         2.6496419205         1.3352870017         2.8018132564        -5.6570229579        19.7966820244
        4.9654245000        24.7881531759         2.7524273944         1.3301823480         2.7992613789       -13.2759090965        19.6229667432
        4.9704497000       -20.4479165228         2.2712702399         1.3429439823         2.8120207662         5.7713062500        20.4915431494
        4.9754343000       -20.4479165228         2.2712702399         1.3429439823         2.8120207662         5.7713062500        20.4915431494
        4.9804512000        -1.1444498159         2.4957949167         1.3403916554         2.8043651338         1.9618631807        19.9703973057
        4.9854341000       -16.8208000406         2.3097928007         1.3506009628         2.8043651338        17.1996354579        19.9703973057
        4.9904373000        16.9499780636         2.7104878665         1.3352870017         2.7992613789        -5.6570229579        19.6229667432
        4.9954316000        20.8690656197         2.7477223155         1.3327346748         2.7992613789        -9.4664660272        19.6229667432
        5.0004436000       -20.4479165228         2.2712702399         1.3429439823         2.8120207662         5.7713062500        20.4915431494
