% Designation Loop  psi_cmd=-20.000deg  (absolute, NEUTRAL ref)
% Kp=85.3137  Kd=2.4753  K_pot=68.073520deg/V
% Vg_offset=1.339537V  K_gimbal=26.049690  samples=1001

Time[s]              OmegaCmd[deg/s]      Vc[V]                Vg[V]                Pot[V]               Omega[deg/s]         Psi[deg]            
        0.0005006000     -5074.4037098489         0.0000000000         1.3327346748         3.0952791642       -10.1521657797        39.7739393674
        0.0055000000     -5186.2228395731         0.0000000000         1.3429439823         3.1080385515         5.0856064975        40.6425157736
        0.0107683000     -5059.5834246004         0.0000000000         1.3327346748         3.0927272867       -10.1521657797        39.6002240861
        0.0154686000     -4139.5199436244         0.0000000000         1.1157868920         3.0723122670      -333.9548266708        38.2105018362
        0.0204702000     -3382.4429760527         0.0000000000         0.9549903001         3.0442416150      -573.9497400372        36.2996337425
        0.0254811000     -3150.7092714549         0.0000000000         0.9524379732         3.0059634531      -577.7591831065        33.6939045239
        0.0304583000     -2579.5162355209         0.0000000000         0.8580018795         2.9676852912      -718.7085766708        31.0881753052
        0.0354756000     -2297.9308157995         0.0000000000         0.8580018795         2.9191996195      -718.7085766708        27.7875849616
        0.0404591000     -1775.2188899388         0.0000000000         0.7967460350         2.8681620703      -810.1352103342        24.3132793367
        0.0454622000     -1240.3729524363         0.2028932321         0.7482518247         2.8069170113      -882.5146286510        20.1441125869
        0.0504272000      -806.5644259021         1.1605313159         0.7150715756         2.7533275847      -932.0373885520        16.4960916808
        0.0554625000      -329.6290243435         1.8551471093         0.7023099413         2.6793231383      -951.0846038986        11.4583485248
        0.0604323000       -84.4090152182         2.1656587012         0.7201762293         2.6257337117      -924.4185024134         7.8103276186
        0.0654320000       164.8678725641         2.9129458348         0.7610134590         2.5568330203      -863.4674133045         3.1200150251
        0.0704403000       427.5944405446         3.2105872336         0.7661181127         2.5083473486      -855.8485271659        -0.1805753185
        0.0754496000       648.5647385510         3.5054958831         0.7865367276         2.4573097994      -825.3729826114        -3.6548809434
        0.0804359000       610.9019715628         3.4505168140         0.8809728212         2.4037203728      -684.4235890471        -7.3029018495
        0.0854318000      -402.0668509029         1.7710490631         1.1872520440         2.3833053531      -227.2904207302        -8.6926240995
        0.0904300000      -711.8856117420         1.3330798289         1.2791358108         2.3782015982       -90.1504702352        -9.0400546619
        0.0954421000      -566.3873450283         1.5603113093         1.2638218497         2.3628903334      -113.0071286510       -10.0823463494
        0.1004304000      -659.3293108471         1.4203518257         1.2970020988         2.3577865785       -63.4843687500       -10.4297769119
        0.1054383000       206.8438885129         2.9594261721         1.0826066429         2.3450271912      -383.4775865718       -11.2983533181
        0.1104451000       356.3990338836         3.1268331000         1.0902636235         2.3144046617      -372.0492573639       -13.3829366930
        0.1154392000       322.7382090587         3.0884369616         1.1234438726         2.2990933970      -322.5264974629       -14.4252283805
        0.1204560000       276.9616847567         3.0370786360         1.1719380829         2.2761264998      -250.1470791461       -15.9886659117
        0.1254509000      -590.5454953245         1.5256163666         1.4067521537         2.2761264998       100.3216832302       -15.9886659117
        0.1304309000      -426.2066890345         1.7422684721         1.3582579434         2.2786783773        27.9422649134       -15.8149506304
        0.1354624000      -345.3804226928         1.8370331468         1.3403916554         2.2761264998         1.2761634282       -15.9886659117
        0.1404516000      -283.4130080921         1.9083447927         1.3276300211         2.2735746224       -17.7710519183       -16.1623811929
        0.1454633000       -55.7544943157         2.2109370437         1.2740311571         2.2684708674       -97.7693563738       -16.5098117554
        0.1504407000       414.3828184856         3.1947373731         1.1668334292         2.2557114802      -257.7659652847       -17.3783881616
        0.1554375000       237.9283127184         2.9937782243         1.2306416006         2.2455039703      -162.5298885520       -18.0732492866
        0.1604400000       236.5943319973         2.9923028974         1.2510602154         2.2327445830      -132.0543439975       -18.9418256928
        0.1654291000        89.7620845625         2.8284223398         1.2867927914         2.2352964605       -78.7221410272       -18.7681104116
        0.1704359000      -201.1978245357         2.0062297783         1.3735719045         2.2301927056        50.7989233292       -19.1155409741
        0.1754336000      -279.3378172706         1.9130651843         1.3786765582         2.2404002154        58.4178094678       -18.4206798491
        0.1805154000      -147.3258550843         2.0756290630         1.3429439823         2.2404002154         5.0856064975       -18.4206798491
        0.1854276000       -42.2498776238         2.2333828899         1.3225253674         2.2352964605       -25.3899380569       -18.7681104116
        0.1904526000      -127.1147104578         2.1033213092         1.3454963091         2.2352964605         8.8950495668       -18.7681104116
        0.1954371000       -35.5067253600         2.2448767966         1.3327346748         2.2276408281       -10.1521657797       -19.2892562553
        0.2004426000        34.5378222255         2.7640655559         1.3097637331         2.2301927056       -44.4371534035       -19.1155409741
        0.2054261000       233.9080583905         2.9893325273         1.2638218497         2.2250889506      -113.0071286510       -19.4629715365
        0.2104463000        50.7104003596         2.7831724622         1.3174207137         2.2225370732       -33.0088241955       -19.6366868178
        0.2154480000       -47.6224248372         2.2243633417         1.3480486360         2.2199851957        12.7044926361       -19.8104020990
        0.2204365000        -0.4752954850         2.5037345276         1.3352870017         2.2199851957        -6.3427227104       -19.8104020990
        0.2254432000        -4.5138619774         2.4558163641         1.3403916554         2.2174333183         1.2761634282       -19.9841173803
        0.2304593000       -73.2244288418         2.1829708380         1.3429439823         2.2276408281         5.0856064975       -19.2892562553
        0.2354342000         8.9541303854         2.6156160012         1.3327346748         2.2199851957       -10.1521657797       -19.8104020990
        0.2404329000        -0.4752954850         2.5037345276         1.3352870017         2.2199851957        -6.3427227104       -19.8104020990
        0.2454265000       -19.3341472259         2.2799715804         1.3403916554         2.2199851957         1.2761634282       -19.8104020990
        0.2504475000       -63.7950029714         2.1979207411         1.3403916554         2.2276408281         1.2761634282       -19.2892562553
        0.2554495000        23.7744156339         2.7512118551         1.3327346748         2.2174333183       -10.1521657797       -19.9841173803
        0.2604356000       -97.4741399608         2.1459815485         1.3454963091         2.2301927056         8.8950495668       -19.1155409741
        0.2654424000        33.2038415044         2.7624786834         1.3301823480         2.2174333183       -13.9616088490       -19.9841173803
        0.2704683000       -48.9747177229         2.2221119914         1.3403916554         2.2250889506         1.2761634282       -19.4629715365
        0.2754457000       -39.5452918524         2.2379694802         1.3378393285         2.2250889506        -2.5332796411       -19.4629715365
        0.2804801000       -38.1929989668         2.2402745104         1.3454963091         2.2199851957         8.8950495668       -19.8104020990
        0.2854613000        18.3835562559         2.7274974748         1.3301823480         2.2199851957       -13.9616088490       -19.8104020990
        0.2904473000       -38.1929989668         2.2402745104         1.3454963091         2.2199851957         8.8950495668       -19.8104020990
        0.2954334000        43.9855602605         2.7752563586         1.3352870017         2.2123295633        -6.3427227104       -20.3315479428
        0.3004442000        38.5947008824         2.7688811045         1.3327346748         2.2148814408       -10.1521657797       -20.1578326615
        0.3054509000        -9.9047213554         2.3918530540         1.3378393285         2.2199851957        -2.5332796411       -19.8104020990
        0.3104343000        10.3064232711         2.6316611478         1.3403916554         2.2148814408         1.2761634282       -20.1578326615
        0.3154386000        -4.5138619774         2.4558163641         1.3403916554         2.2174333183         1.2761634282       -19.9841173803
        0.3204353000        -9.9047213554         2.3918530540         1.3378393285         2.2199851957        -2.5332796411       -19.8104020990
        0.3254342000        -4.5138619774         2.4558163641         1.3403916554         2.2174333183         1.2761634282       -19.9841173803
        0.3304452000       -73.2244288418         2.1829708380         1.3429439823         2.2276408281         5.0856064975       -19.2892562553
        0.3354311000        -0.4752954850         2.5037345276         1.3352870017         2.2199851957        -6.3427227104       -19.8104020990
        0.3404591000       -19.3341472259         2.2799715804         1.3403916554         2.2199851957         1.2761634282       -19.8104020990
        0.3454462000        -9.9047213554         2.3918530540         1.3378393285         2.2199851957        -2.5332796411       -19.8104020990
        0.3504809000       -58.4041435933         2.2066197319         1.3429439823         2.2250889506         5.0856064975       -19.4629715365
        0.3554412000        38.5947008824         2.7688811045         1.3327346748         2.2148814408       -10.1521657797       -20.1578326615
        0.3604308000        46.6718338672         2.7784232951         1.3225253674         2.2199851957       -25.3899380569       -19.8104020990
        0.3654394000      -113.6284059304         2.1224088952         1.3659149240         2.2199851957        39.3705941213       -19.8104020990
        0.3704186000        43.9855602605         2.7752563586         1.3352870017         2.2123295633        -6.3427227104       -20.3315479428
        0.3754627000        -0.4752954850         2.5037345276         1.3352870017         2.2199851957        -6.3427227104       -19.8104020990
        0.3804417000         8.9541303854         2.6156160012         1.3327346748         2.2199851957       -10.1521657797       -19.8104020990
        0.3854499000       -48.9747177229         2.2221119914         1.3403916554         2.2250889506         1.2761634282       -19.4629715365
        0.3904410000        38.5947008824         2.7688811045         1.3327346748         2.2148814408       -10.1521657797       -20.1578326615
        0.3954619000        38.5947008824         2.7688811045         1.3327346748         2.2148814408       -10.1521657797       -20.1578326615
        0.4004290000       -19.3341472259         2.2799715804         1.3403916554         2.2199851957         1.2761634282       -19.8104020990
        0.4054451000        -9.9047213554         2.3918530540         1.3378393285         2.2199851957        -2.5332796411       -19.8104020990
        0.4104453000       -82.6538547123         2.1683461966         1.3454963091         2.2276408281         8.8950495668       -19.2892562553
        0.4154598000       -28.7635730963         2.2565691519         1.3429439823         2.2199851957         5.0856064975       -19.8104020990
        0.4204417000        14.3449897635         2.6795793113         1.3352870017         2.2174333183        -6.3427227104       -19.9841173803
        0.4254331000        62.8444120014         2.7973580587         1.3301823480         2.2123295633       -13.9616088490       -20.3315479428
        0.4304393000        34.5561343900         2.7640873277         1.3378393285         2.2123295633        -2.5332796411       -20.3315479428
        0.4354764000       -23.3727137183         2.2660634096         1.3454963091         2.2174333183         8.8950495668       -19.9841173803
        0.4404269000        38.5947008824         2.7688811045         1.3327346748         2.2148814408       -10.1521657797       -20.1578326615
        0.4454427000         4.9155638931         2.5676978377         1.3378393285         2.2174333183        -2.5332796411       -19.9841173803
        0.4504312000       -67.8335694638         2.1914769854         1.3454963091         2.2250889506         8.8950495668       -19.4629715365
        0.4554373000       -19.3341472259         2.2799715804         1.3403916554         2.2199851957         1.2761634282       -19.8104020990
        0.4604188000        38.5947008824         2.7688811045         1.3327346748         2.2148814408       -10.1521657797       -20.1578326615
        0.4654601000       -48.9747177229         2.2221119914         1.3403916554         2.2250889506         1.2761634282       -19.4629715365
        0.4704352000        48.0241267529         2.7800151243         1.3301823480         2.2148814408       -13.9616088490       -20.1578326615
        0.4754278000       -38.1929989668         2.2402745104         1.3454963091         2.2199851957         8.8950495668       -19.8104020990
        0.4804319000       -82.6538547123         2.1683461966         1.3454963091         2.2276408281         8.8950495668       -19.2892562553
        0.4854199000        38.5947008824         2.7688811045         1.3327346748         2.2148814408       -10.1521657797       -20.1578326615
        0.4904435000        53.4149861309         2.7863450131         1.3327346748         2.2123295633       -10.1521657797       -20.3315479428
        0.4954370000       -48.9747177229         2.2221119914         1.3403916554         2.2250889506         1.2761634282       -19.4629715365
        0.5004445000        62.8444120014         2.7973580587         1.3301823480         2.2123295633       -13.9616088490       -20.3315479428
        0.5054307000       -38.1929989668         2.2402745104         1.3454963091         2.2199851957         8.8950495668       -19.8104020990
        0.5104441000       -19.3341472259         2.2799715804         1.3403916554         2.2199851957         1.2761634282       -19.8104020990
        0.5154436000        38.5947008824         2.7688811045         1.3327346748         2.2148814408       -10.1521657797       -20.1578326615
        0.5204399000       -67.8335694638         2.1914769854         1.3454963091         2.2250889506         8.8950495668       -19.4629715365
        0.5254484000        38.5947008824         2.7688811045         1.3327346748         2.2148814408       -10.1521657797       -20.1578326615
        0.5304586000        38.5947008824         2.7688811045         1.3327346748         2.2148814408       -10.1521657797       -20.1578326615
        0.5354378000        -4.5138619774         2.4558163641         1.3403916554         2.2174333183         1.2761634282       -19.9841173803
        0.5404500000        -9.9047213554         2.3918530540         1.3378393285         2.2199851957        -2.5332796411       -19.8104020990
        0.5454357000        -4.5138619774         2.4558163641         1.3403916554         2.2174333183         1.2761634282       -19.9841173803
        0.5504464000       -28.7635730963         2.2565691519         1.3429439823         2.2199851957         5.0856064975       -19.8104020990
        0.5554271000        -9.9047213554         2.3918530540         1.3378393285         2.2199851957        -2.5332796411       -19.8104020990
        0.5604659000         4.9155638931         2.5676978377         1.3378393285         2.2174333183        -2.5332796411       -19.9841173803
        0.5654415000       -19.3341472259         2.2799715804         1.3403916554         2.2199851957         1.2761634282       -19.8104020990
        0.5704864000        -9.9047213554         2.3918530540         1.3378393285         2.2199851957        -2.5332796411       -19.8104020990
        0.5754445000        -0.4752954850         2.5037345276         1.3352870017         2.2199851957        -6.3427227104       -19.8104020990
        0.5804573000       -67.8335694638         2.1914769854         1.3454963091         2.2250889506         8.8950495668       -19.4629715365
        0.5854785000        -0.4752954850         2.5037345276         1.3352870017         2.2199851957        -6.3427227104       -19.8104020990
        0.5908025000        -0.4752954850         2.5037345276         1.3352870017         2.2199851957        -6.3427227104       -19.8104020990
        0.5954472000         8.9541303854         2.6156160012         1.3327346748         2.2199851957       -10.1521657797       -19.8104020990
        0.6004945000       -19.3341472259         2.2799715804         1.3403916554         2.2199851957         1.2761634282       -19.8104020990
        0.6054944000       -39.5452918524         2.2379694802         1.3378393285         2.2250889506        -2.5332796411       -19.4629715365
        0.6104614000        -9.9047213554         2.3918530540         1.3378393285         2.2199851957        -2.5332796411       -19.8104020990
        0.6154471000        52.0626932453         2.7847595221         1.3250776943         2.2174333183       -21.5804949876       -19.9841173803
        0.6204582000       -19.3341472259         2.2799715804         1.3403916554         2.2199851957         1.2761634282       -19.8104020990
        0.6254467000         4.9155638931         2.5676978377         1.3378393285         2.2174333183        -2.5332796411       -19.9841173803
        0.6304346000        -9.9047213554         2.3918530540         1.3378393285         2.2199851957        -2.5332796411       -19.8104020990
        0.6354131000        -4.5138619774         2.4558163641         1.3403916554         2.2174333183         1.2761634282       -19.9841173803
        0.6404453000        -9.9047213554         2.3918530540         1.3378393285         2.2199851957        -2.5332796411       -19.8104020990
        0.6454494000        -9.9047213554         2.3918530540         1.3378393285         2.2199851957        -2.5332796411       -19.8104020990
        0.6504331000       -58.4041435933         2.2066197319         1.3429439823         2.2250889506         5.0856064975       -19.4629715365
        0.6554261000       -51.6609913296         2.2176620125         1.3531532897         2.2174333183        20.3233787748       -19.9841173803
        0.6604527000       -34.1544324744         2.2472055205         1.3403916554         2.2225370732         1.2761634282       -19.6366868178
        0.6654433000        -4.5138619774         2.4558163641         1.3403916554         2.2174333183         1.2761634282       -19.9841173803
        0.6704323000        38.5947008824         2.7688811045         1.3327346748         2.2148814408       -10.1521657797       -20.1578326615
        0.6754432000       -53.0132842153         2.2154329561         1.3454963091         2.2225370732         8.8950495668       -19.6366868178
        0.6804614000        68.2352713794         2.8036221360         1.3327346748         2.2097776859       -10.1521657797       -20.5052632240
        0.6854308000        -9.9047213554         2.3918530540         1.3378393285         2.2199851957        -2.5332796411       -19.8104020990
        0.6904628000        -9.9047213554         2.3918530540         1.3378393285         2.2199851957        -2.5332796411       -19.8104020990
        0.6954303000        38.5947008824         2.7688811045         1.3327346748         2.2148814408       -10.1521657797       -20.1578326615
        0.7004514000       -53.0132842153         2.2154329561         1.3454963091         2.2225370732         8.8950495668       -19.6366868178
        0.7054509000        38.5947008824         2.7688811045         1.3327346748         2.2148814408       -10.1521657797       -20.1578326615
        0.7104479000       -96.1218470751         2.1479920020         1.3531532897         2.2250889506        20.3233787748       -19.4629715365
        0.7154466000       -19.3341472259         2.2799715804         1.3403916554         2.2199851957         1.2761634282       -19.8104020990
        0.7204742000        -4.5138619774         2.4558163641         1.3403916554         2.2174333183         1.2761634282       -19.9841173803
        0.7254404000        18.3835562559         2.7274974748         1.3301823480         2.2199851957       -13.9616088490       -19.8104020990
        0.7304186000       -19.3341472259         2.2799715804         1.3403916554         2.2199851957         1.2761634282       -19.8104020990
        0.7354551000        -4.5138619774         2.4558163641         1.3403916554         2.2174333183         1.2761634282       -19.9841173803
        0.7404331000        58.8058455090         2.7926501899         1.3352870017         2.2097776859        -6.3427227104       -20.5052632240
        0.7454311000       -67.8335694638         2.1914769854         1.3454963091         2.2250889506         8.8950495668       -19.4629715365
        0.7504299000       -67.8335694638         2.1914769854         1.3454963091         2.2250889506         8.8950495668       -19.4629715365
        0.7554399000         4.9155638931         2.5676978377         1.3378393285         2.2174333183        -2.5332796411       -19.9841173803
        0.7604282000       105.9529748612         2.8468743884         1.3225253674         2.2097776859       -25.3899380569       -20.5052632240
        0.7654439000       -13.9432878478         2.3439348905         1.3429439823         2.2174333183         5.0856064975       -19.9841173803
        0.7704449000       -98.8081206819         2.1440040983         1.3659149240         2.2174333183        39.3705941213       -19.9841173803
        0.7754357000        43.9855602605         2.7752563586         1.3352870017         2.2123295633        -6.3427227104       -20.3315479428
        0.7804168000        58.8058455090         2.7926501899         1.3352870017         2.2097776859        -6.3427227104       -20.5052632240
        0.7854518000        25.1267085196         2.7528331124         1.3403916554         2.2123295633         1.2761634282       -20.3315479428
        0.7904287000        29.1652750120         2.7576639644         1.3352870017         2.2148814408        -6.3427227104       -20.1578326615
        0.7956486000        29.1652750120         2.7576639644         1.3352870017         2.2148814408        -6.3427227104       -20.1578326615
        0.8004516000        10.3064232711         2.6316611478         1.3403916554         2.2148814408         1.2761634282       -20.1578326615
        0.8054439000         4.9155638931         2.5676978377         1.3378393285         2.2174333183        -2.5332796411       -19.9841173803
        0.8104349000         4.9155638931         2.5676978377         1.3378393285         2.2174333183        -2.5332796411       -19.9841173803
        0.8154573000        -4.5138619774         2.4558163641         1.3403916554         2.2174333183         1.2761634282       -19.9841173803
        0.8204423000        14.3449897635         2.6795793113         1.3352870017         2.2174333183        -6.3427227104       -19.9841173803
        0.8254576000       -67.8335694638         2.1914769854         1.3454963091         2.2250889506         8.8950495668       -19.4629715365
        0.8304440000        58.8058455090         2.7926501899         1.3352870017         2.2097776859        -6.3427227104       -20.5052632240
        0.8354780000        42.6332673748         2.7736596345         1.3276300211         2.2174333183       -17.7710519183       -19.9841173803
        0.8404640000       -47.6224248372         2.2243633417         1.3480486360         2.2199851957        12.7044926361       -19.8104020990
        0.8454483000       -75.9107024486         2.1787720741         1.3557056165         2.2199851957        24.1328218441       -19.8104020990
        0.8504528000        23.7744156339         2.7512118551         1.3327346748         2.2174333183       -10.1521657797       -19.9841173803
        0.8554535000       -58.4041435933         2.2066197319         1.3429439823         2.2250889506         5.0856064975       -19.4629715365
        0.8604407000        58.8058455090         2.7926501899         1.3352870017         2.2097776859        -6.3427227104       -20.5052632240
        0.8654410000        -9.9047213554         2.3918530540         1.3378393285         2.2199851957        -2.5332796411       -19.8104020990
        0.8704467000       -40.8792725735         2.2357033446         1.3582579434         2.2123295633        27.9422649134       -20.3315479428
        0.8754237000         4.9155638931         2.5676978377         1.3378393285         2.2174333183        -2.5332796411       -19.9841173803
        0.8804428000        49.3764196385         2.7816053426         1.3378393285         2.2097776859        -2.5332796411       -20.5052632240
        0.8854440000       -53.0132842153         2.2154329561         1.3454963091         2.2225370732         8.8950495668       -19.6366868178
        0.8905844000       -58.4041435933         2.2066197319         1.3429439823         2.2250889506         5.0856064975       -19.4629715365
        0.8954327000         4.9155638931         2.5676978377         1.3378393285         2.2174333183        -2.5332796411       -19.9841173803
        0.9004592000         4.9155638931         2.5676978377         1.3378393285         2.2174333183        -2.5332796411       -19.9841173803
        0.9054275000       -67.8335694638         2.1914769854         1.3454963091         2.2250889506         8.8950495668       -19.4629715365
        0.9104458000        81.7032637423         2.8191761923         1.3250776943         2.2123295633       -21.5804949876       -20.3315479428
        0.9154271000        -9.9047213554         2.3918530540         1.3378393285         2.2199851957        -2.5332796411       -19.8104020990
        0.9204417000        -0.4752954850         2.5037345276         1.3352870017         2.2199851957        -6.3427227104       -19.8104020990
        0.9254270000       -43.5838583448         2.2311320810         1.3429439823         2.2225370732         5.0856064975       -19.6366868178
        0.9304388000        53.4149861309         2.7863450131         1.3327346748         2.2123295633       -10.1521657797       -20.3315479428
        0.9354362000       -58.4041435933         2.2066197319         1.3429439823         2.2250889506         5.0856064975       -19.4629715365
        0.9404537000        53.4149861309         2.7863450131         1.3327346748         2.2123295633       -10.1521657797       -20.3315479428
        0.9454316000         4.9155638931         2.5676978377         1.3378393285         2.2174333183        -2.5332796411       -19.9841173803
        0.9504427000        -9.9047213554         2.3918530540         1.3378393285         2.2199851957        -2.5332796411       -19.8104020990
        0.9554275000        38.5947008824         2.7688811045         1.3327346748         2.2148814408       -10.1521657797       -20.1578326615
        0.9604493000       -53.0132842153         2.2154329561         1.3454963091         2.2225370732         8.8950495668       -19.6366868178
        0.9654273000        -0.4752954850         2.5037345276         1.3352870017         2.2199851957        -6.3427227104       -19.8104020990
        0.9704381000        -9.9047213554         2.3918530540         1.3378393285         2.2199851957        -2.5332796411       -19.8104020990
        0.9754515000        -9.9047213554         2.3918530540         1.3378393285         2.2199851957        -2.5332796411       -19.8104020990
        0.9804279000        -9.9047213554         2.3918530540         1.3378393285         2.2199851957        -2.5332796411       -19.8104020990
        0.9854632000        -9.9047213554         2.3918530540         1.3378393285         2.2199851957        -2.5332796411       -19.8104020990
        0.9904332000        -9.9047213554         2.3918530540         1.3378393285         2.2199851957        -2.5332796411       -19.8104020990
        0.9954368000        -4.5138619774         2.4558163641         1.3403916554         2.2174333183         1.2761634282       -19.9841173803
        1.0004436000        -9.9047213554         2.3918530540         1.3378393285         2.2199851957        -2.5332796411       -19.8104020990
        1.0054496000         4.9155638931         2.5676978377         1.3378393285         2.2174333183        -2.5332796411       -19.9841173803
        1.0104668000        -9.9047213554         2.3918530540         1.3378393285         2.2199851957        -2.5332796411       -19.8104020990
        1.0154259000       -67.8335694638         2.1914769854         1.3454963091         2.2250889506         8.8950495668       -19.4629715365
        1.0204342000        53.4149861309         2.7863450131         1.3327346748         2.2123295633       -10.1521657797       -20.3315479428
        1.0254433000       -58.4041435933         2.2066197319         1.3429439823         2.2250889506         5.0856064975       -19.4629715365
        1.0304609000        53.4149861309         2.7863450131         1.3327346748         2.2123295633       -10.1521657797       -20.3315479428
        1.0354606000       -67.8335694638         2.1914769854         1.3454963091         2.2250889506         8.8950495668       -19.4629715365
        1.0404511000        -9.9047213554         2.3918530540         1.3378393285         2.2199851957        -2.5332796411       -19.8104020990
        1.0454315000        53.4149861309         2.7863450131         1.3327346748         2.2123295633       -10.1521657797       -20.3315479428
        1.0504899000       -36.8407060811         2.2425874271         1.3531532897         2.2148814408        20.3233787748       -20.1578326615
        1.0554478000        48.0241267529         2.7800151243         1.3301823480         2.2148814408       -13.9616088490       -20.1578326615
        1.0604380000        -4.5138619774         2.4558163641         1.3403916554         2.2174333183         1.2761634282       -19.9841173803
        1.0654418000        -4.5138619774         2.4558163641         1.3403916554         2.2174333183         1.2761634282       -19.9841173803
        1.0704441000        53.4149861309         2.7863450131         1.3327346748         2.2123295633       -10.1521657797       -20.3315479428
        1.0754383000       -67.8335694638         2.1914769854         1.3454963091         2.2250889506         8.8950495668       -19.4629715365
        1.0804271000        -9.9047213554         2.3918530540         1.3378393285         2.2199851957        -2.5332796411       -19.8104020990
        1.0854380000        19.7358491415         2.7435426214         1.3378393285         2.2148814408        -2.5332796411       -20.1578326615
        1.0904394000         4.9155638931         2.5676978377         1.3378393285         2.2174333183        -2.5332796411       -19.9841173803
        1.0954337000       -39.5452918524         2.2379694802         1.3378393285         2.2250889506        -2.5332796411       -19.4629715365
        1.1004348000        38.5947008824         2.7688811045         1.3327346748         2.2148814408       -10.1521657797       -20.1578326615
        1.1054507000       -67.8335694638         2.1914769854         1.3454963091         2.2250889506         8.8950495668       -19.4629715365
        1.1104310000        52.0626932453         2.7847595221         1.3250776943         2.2174333183       -21.5804949876       -19.9841173803
        1.1154484000       -48.9747177229         2.2221119914         1.3403916554         2.2250889506         1.2761634282       -19.4629715365
        1.1204278000        19.7358491415         2.7435426214         1.3378393285         2.2148814408        -2.5332796411       -20.1578326615
        1.1254477000       -58.4041435933         2.2066197319         1.3429439823         2.2250889506         5.0856064975       -19.4629715365
        1.1304174000        53.4149861309         2.7863450131         1.3327346748         2.2123295633       -10.1521657797       -20.3315479428
        1.1354390000       -28.7635730963         2.2565691519         1.3429439823         2.2199851957         5.0856064975       -19.8104020990
        1.1404408000       -19.3341472259         2.2799715804         1.3403916554         2.2199851957         1.2761634282       -19.8104020990
        1.1454523000        -9.9047213554         2.3918530540         1.3378393285         2.2199851957        -2.5332796411       -19.8104020990
        1.1504175000       -43.5838583448         2.2311320810         1.3429439823         2.2225370732         5.0856064975       -19.6366868178
        1.1554430000       -19.3341472259         2.2799715804         1.3403916554         2.2199851957         1.2761634282       -19.8104020990
        1.1604480000        14.3449897635         2.6795793113         1.3352870017         2.2174333183        -6.3427227104       -19.9841173803
        1.1654436000       -39.5452918524         2.2379694802         1.3378393285         2.2250889506        -2.5332796411       -19.4629715365
        1.1704307000       -34.1544324744         2.2472055205         1.3403916554         2.2225370732         1.2761634282       -19.6366868178
        1.1754599000        61.4921191157         2.7957831196         1.3225253674         2.2174333183       -25.3899380569       -19.9841173803
        1.1804392000        18.3835562559         2.7274974748         1.3301823480         2.2199851957       -13.9616088490       -19.8104020990
        1.1854551000        53.4149861309         2.7863450131         1.3327346748         2.2123295633       -10.1521657797       -20.3315479428
        1.1904380000       -53.0132842153         2.2154329561         1.3454963091         2.2225370732         8.8950495668       -19.6366868178
        1.1954507000       -67.8335694638         2.1914769854         1.3454963091         2.2250889506         8.8950495668       -19.4629715365
        1.2004364000        25.1267085196         2.7528331124         1.3403916554         2.2123295633         1.2761634282       -20.3315479428
        1.2054447000        -9.9047213554         2.3918530540         1.3378393285         2.2199851957        -2.5332796411       -19.8104020990
        1.2104509000         4.9155638931         2.5676978377         1.3378393285         2.2174333183        -2.5332796411       -19.9841173803
        1.2154402000       -19.3341472259         2.2799715804         1.3403916554         2.2199851957         1.2761634282       -19.8104020990
        1.2204413000       -23.3727137183         2.2660634096         1.3454963091         2.2174333183         8.8950495668       -19.9841173803
        1.2254261000       -43.5838583448         2.2311320810         1.3429439823         2.2225370732         5.0856064975       -19.6366868178
        1.2304371000        53.4149861309         2.7863450131         1.3327346748         2.2123295633       -10.1521657797       -20.3315479428
        1.2354249000        -0.4752954850         2.5037345276         1.3352870017         2.2199851957        -6.3427227104       -19.8104020990
        1.2404544000        43.9855602605         2.7752563586         1.3352870017         2.2123295633        -6.3427227104       -20.3315479428
        1.2454377000        19.7358491415         2.7435426214         1.3378393285         2.2148814408        -2.5332796411       -20.1578326615
        1.2504636000        14.3449897635         2.6795793113         1.3352870017         2.2174333183        -6.3427227104       -19.9841173803
        1.2554320000        53.4149861309         2.7863450131         1.3327346748         2.2123295633       -10.1521657797       -20.3315479428
        1.2604511000       -39.5452918524         2.2379694802         1.3378393285         2.2250889506        -2.5332796411       -19.4629715365
        1.2654335000        -8.5524284698         2.4078982006         1.3454963091         2.2148814408         8.8950495668       -20.1578326615
        1.2704470000       -38.1929989668         2.2402745104         1.3454963091         2.2199851957         8.8950495668       -19.8104020990
        1.2754512000        -0.4752954850         2.5037345276         1.3352870017         2.2199851957        -6.3427227104       -19.8104020990
        1.2804549000       -19.3341472259         2.2799715804         1.3403916554         2.2199851957         1.2761634282       -19.8104020990
        1.2854274000        38.5947008824         2.7688811045         1.3327346748         2.2148814408       -10.1521657797       -20.1578326615
        1.2904612000        38.5947008824         2.7688811045         1.3327346748         2.2148814408       -10.1521657797       -20.1578326615
        1.2954387000       -24.7250066039         2.2636693414         1.3378393285         2.2225370732        -2.5332796411       -19.6366868178
        1.3004237000         4.9155638931         2.5676978377         1.3378393285         2.2174333183        -2.5332796411       -19.9841173803
        1.3054394000       -58.4041435933         2.2066197319         1.3429439823         2.2250889506         5.0856064975       -19.4629715365
        1.3104406000         4.9155638931         2.5676978377         1.3378393285         2.2174333183        -2.5332796411       -19.9841173803
        1.3154330000        29.1652750120         2.7576639644         1.3352870017         2.2148814408        -6.3427227104       -20.1578326615
        1.3204481000       -67.8335694638         2.1914769854         1.3454963091         2.2250889506         8.8950495668       -19.4629715365
        1.3254505000       -46.2701319516         2.2266222500         1.3557056165         2.2148814408        24.1328218441       -20.1578326615
        1.3304307000        10.3064232711         2.6316611478         1.3403916554         2.2148814408         1.2761634282       -20.1578326615
        1.3354412000        25.1267085196         2.7528331124         1.3403916554         2.2123295633         1.2761634282       -20.3315479428
        1.3405604000        68.2352713794         2.8036221360         1.3327346748         2.2097776859       -10.1521657797       -20.5052632240
        1.3454314000        58.8058455090         2.7926501899         1.3352870017         2.2097776859        -6.3427227104       -20.5052632240
        1.3504544000       -23.3727137183         2.2660634096         1.3454963091         2.2174333183         8.8950495668       -19.9841173803
        1.3554233000        53.4149861309         2.7863450131         1.3327346748         2.2123295633       -10.1521657797       -20.3315479428
        1.3604742000        -9.9047213554         2.3918530540         1.3378393285         2.2199851957        -2.5332796411       -19.8104020990
        1.3654447000        68.2352713794         2.8036221360         1.3327346748         2.2097776859       -10.1521657797       -20.5052632240
        1.3704682000       -28.7635730963         2.2565691519         1.3429439823         2.2199851957         5.0856064975       -19.8104020990
        1.3754523000       -23.3727137183         2.2660634096         1.3454963091         2.2174333183         8.8950495668       -19.9841173803
        1.3804875000        -4.5138619774         2.4558163641         1.3403916554         2.2174333183         1.2761634282       -19.9841173803
        1.3854438000        -9.9047213554         2.3918530540         1.3378393285         2.2199851957        -2.5332796411       -19.8104020990
        1.3904824000        15.6972826492         2.6956244579         1.3429439823         2.2123295633         5.0856064975       -20.3315479428
        1.3954391000        -4.5138619774         2.4558163641         1.3403916554         2.2174333183         1.2761634282       -19.9841173803
        1.4004493000        53.4149861309         2.7863450131         1.3327346748         2.2123295633       -10.1521657797       -20.3315479428
        1.4054306000       -53.0132842153         2.2154329561         1.3454963091         2.2225370732         8.8950495668       -19.6366868178
        1.4104454000        -4.5138619774         2.4558163641         1.3403916554         2.2174333183         1.2761634282       -19.9841173803
        1.4154415000        -4.5138619774         2.4558163641         1.3403916554         2.2174333183         1.2761634282       -19.9841173803
        1.4204432000        29.1652750120         2.7576639644         1.3352870017         2.2148814408        -6.3427227104       -20.1578326615
        1.4254425000         4.9155638931         2.5676978377         1.3378393285         2.2174333183        -2.5332796411       -19.9841173803
        1.4304379000       -67.8335694638         2.1914769854         1.3454963091         2.2250889506         8.8950495668       -19.4629715365
        1.4354403000        68.2352713794         2.8036221360         1.3327346748         2.2097776859       -10.1521657797       -20.5052632240
        1.4404181000       -38.1929989668         2.2402745104         1.3454963091         2.2199851957         8.8950495668       -19.8104020990
        1.4454640000       -38.1929989668         2.2402745104         1.3454963091         2.2199851957         8.8950495668       -19.8104020990
        1.4504406000        53.4149861309         2.7863450131         1.3327346748         2.2123295633       -10.1521657797       -20.3315479428
        1.4554464000       -53.0132842153         2.2154329561         1.3454963091         2.2225370732         8.8950495668       -19.6366868178
        1.4604330000       -13.9432878478         2.3439348905         1.3429439823         2.2174333183         5.0856064975       -19.9841173803
        1.4654468000        -4.5138619774         2.4558163641         1.3403916554         2.2174333183         1.2761634282       -19.9841173803
        1.4704297000       -34.1544324744         2.2472055205         1.3403916554         2.2225370732         1.2761634282       -19.6366868178
        1.4754433000        53.4149861309         2.7863450131         1.3327346748         2.2123295633       -10.1521657797       -20.3315479428
        1.4804183000         4.9155638931         2.5676978377         1.3378393285         2.2174333183        -2.5332796411       -19.9841173803
        1.4854526000        34.5561343900         2.7640873277         1.3378393285         2.2123295633        -2.5332796411       -20.3315479428
        1.4904434000        23.7744156339         2.7512118551         1.3327346748         2.2174333183       -10.1521657797       -19.9841173803
        1.4954613000       -23.3727137183         2.2660634096         1.3454963091         2.2174333183         8.8950495668       -19.9841173803
        1.5004435000        53.4149861309         2.7863450131         1.3327346748         2.2123295633       -10.1521657797       -20.3315479428
        1.5054630000        -4.5138619774         2.4558163641         1.3403916554         2.2174333183         1.2761634282       -19.9841173803
        1.5104301000        43.9855602605         2.7752563586         1.3352870017         2.2123295633        -6.3427227104       -20.3315479428
        1.5154731000        62.8444120014         2.7973580587         1.3301823480         2.2123295633       -13.9616088490       -20.3315479428
        1.5204513000       -53.0132842153         2.2154329561         1.3454963091         2.2225370732         8.8950495668       -19.6366868178
        1.5254374000         4.9155638931         2.5676978377         1.3378393285         2.2174333183        -2.5332796411       -19.9841173803
        1.5304500000         4.9155638931         2.5676978377         1.3378393285         2.2174333183        -2.5332796411       -19.9841173803
        1.5354544000       -53.0132842153         2.2154329561         1.3454963091         2.2225370732         8.8950495668       -19.6366868178
        1.5404349000        77.6646972499         2.8145258850         1.3301823480         2.2097776859       -13.9616088490       -20.5052632240
        1.5454723000        23.7744156339         2.7512118551         1.3327346748         2.2174333183       -10.1521657797       -19.9841173803
        1.5504493000        -9.9047213554         2.3918530540         1.3378393285         2.2199851957        -2.5332796411       -19.8104020990
        1.5554461000       -13.9432878478         2.3439348905         1.3429439823         2.2174333183         5.0856064975       -19.9841173803
        1.5604211000       -19.3341472259         2.2799715804         1.3403916554         2.2199851957         1.2761634282       -19.8104020990
        1.5654414000        19.7358491415         2.7435426214         1.3378393285         2.2148814408        -2.5332796411       -20.1578326615
        1.5704271000        53.4149861309         2.7863450131         1.3327346748         2.2123295633       -10.1521657797       -20.3315479428
        1.5754554000        19.7358491415         2.7435426214         1.3378393285         2.2148814408        -2.5332796411       -20.1578326615
        1.5804709000       -13.9432878478         2.3439348905         1.3429439823         2.2174333183         5.0856064975       -19.9841173803
        1.5854624000         4.9155638931         2.5676978377         1.3378393285         2.2174333183        -2.5332796411       -19.9841173803
        1.5904349000       -67.8335694638         2.1914769854         1.3454963091         2.2250889506         8.8950495668       -19.4629715365
        1.5954150000        -4.5138619774         2.4558163641         1.3403916554         2.2174333183         1.2761634282       -19.9841173803
        1.6004533000       -53.0132842153         2.2154329561         1.3454963091         2.2225370732         8.8950495668       -19.6366868178
        1.6054318000        -4.5138619774         2.4558163641         1.3403916554         2.2174333183         1.2761634282       -19.9841173803
        1.6104480000         4.9155638931         2.5676978377         1.3378393285         2.2174333183        -2.5332796411       -19.9841173803
        1.6154302000        68.2352713794         2.8036221360         1.3327346748         2.2097776859       -10.1521657797       -20.5052632240
        1.6204433000       -70.5198430705         2.1872248922         1.3582579434         2.2174333183        27.9422649134       -19.9841173803
        1.6254280000        23.7744156339         2.7512118551         1.3327346748         2.2174333183       -10.1521657797       -19.9841173803
        1.6304427000        92.4849824984         2.8315367560         1.3301823480         2.2072258084       -13.9616088490       -20.6789785052
        1.6354409000        34.5561343900         2.7640873277         1.3378393285         2.2123295633        -2.5332796411       -20.3315479428
        1.6404634000       -38.1929989668         2.2402745104         1.3454963091         2.2199851957         8.8950495668       -19.8104020990
        1.6454403000       -19.3341472259         2.2799715804         1.3403916554         2.2199851957         1.2761634282       -19.8104020990
        1.6504507000         4.9155638931         2.5676978377         1.3378393285         2.2174333183        -2.5332796411       -19.9841173803
        1.6554290000       -19.3341472259         2.2799715804         1.3403916554         2.2199851957         1.2761634282       -19.8104020990
        1.6604414000        -9.9047213554         2.3918530540         1.3378393285         2.2199851957        -2.5332796411       -19.8104020990
        1.6654475000        -4.5138619774         2.4558163641         1.3403916554         2.2174333183         1.2761634282       -19.9841173803
        1.6704692000       -19.3341472259         2.2799715804         1.3403916554         2.2199851957         1.2761634282       -19.8104020990
        1.6754248000       -43.5838583448         2.2311320810         1.3429439823         2.2225370732         5.0856064975       -19.6366868178
        1.6804433000        62.8444120014         2.7973580587         1.3301823480         2.2123295633       -13.9616088490       -20.3315479428
        1.6854407000       -53.0132842153         2.2154329561         1.3454963091         2.2225370732         8.8950495668       -19.6366868178
        1.6904512000       107.3052677469         2.8484085787         1.3301823480         2.2046739310       -13.9616088490       -20.8526937865
        1.6954402000       -34.1544324744         2.2472055205         1.3403916554         2.2225370732         1.2761634282       -19.6366868178
        1.7004434000         4.9155638931         2.5676978377         1.3378393285         2.2174333183        -2.5332796411       -19.9841173803
        1.7054282000        77.6646972499         2.8145258850         1.3301823480         2.2097776859       -13.9616088490       -20.5052632240
        1.7104545000        18.3835562559         2.7274974748         1.3301823480         2.2199851957       -13.9616088490       -19.8104020990
        1.7154523000        -4.5138619774         2.4558163641         1.3403916554         2.2174333183         1.2761634282       -19.9841173803
        1.7204393000        58.8058455090         2.7926501899         1.3352870017         2.2097776859        -6.3427227104       -20.5052632240
        1.7254471000        68.2352713794         2.8036221360         1.3327346748         2.2097776859       -10.1521657797       -20.5052632240
        1.7304604000         4.9155638931         2.5676978377         1.3378393285         2.2174333183        -2.5332796411       -19.9841173803
        1.7354377000         4.9155638931         2.5676978377         1.3378393285         2.2174333183        -2.5332796411       -19.9841173803
        1.7404542000        53.4149861309         2.7863450131         1.3327346748         2.2123295633       -10.1521657797       -20.3315479428
        1.7454639000       -57.0518507077         2.2088196745         1.3506009628         2.2199851957        16.5139357054       -19.8104020990
        1.7504401000       -82.6538547123         2.1683461966         1.3454963091         2.2276408281         8.8950495668       -19.2892562553
        1.7554323000        66.8829784938         2.8020529257         1.3250776943         2.2148814408       -21.5804949876       -20.1578326615
        1.7604448000       -28.7635730963         2.2565691519         1.3429439823         2.2199851957         5.0856064975       -19.8104020990
        1.7654303000       -20.6864401115         2.2708441260         1.3327346748         2.2250889506       -10.1521657797       -19.4629715365
        1.7704812000        72.2738378718         2.8083002227         1.3276300211         2.2123295633       -17.7710519183       -20.3315479428
        1.7754378000       -67.8335694638         2.1914769854         1.3454963091         2.2250889506         8.8950495668       -19.4629715365
        1.7804282000        -9.9047213554         2.3918530540         1.3378393285         2.2199851957        -2.5332796411       -19.8104020990
        1.7854359000       -30.1158659820         2.2542081377         1.3352870017         2.2250889506        -6.3427227104       -19.4629715365
        1.7904253000        25.1267085196         2.7528331124         1.3403916554         2.2123295633         1.2761634282       -20.3315479428
        1.7954289000       -38.1929989668         2.2402745104         1.3454963091         2.2199851957         8.8950495668       -19.8104020990
        1.8004863000       -38.1929989668         2.2402745104         1.3454963091         2.2199851957         8.8950495668       -19.8104020990
        1.8054522000        53.4149861309         2.7863450131         1.3327346748         2.2123295633       -10.1521657797       -20.3315479428
        1.8104315000        -9.9047213554         2.3918530540         1.3378393285         2.2199851957        -2.5332796411       -19.8104020990
        1.8154400000        27.8129821263         2.7560481943         1.3276300211         2.2199851957       -17.7710519183       -19.8104020990
        1.8204579000       -28.7635730963         2.2565691519         1.3429439823         2.2199851957         5.0856064975       -19.8104020990
        1.8254404000      -112.2944252093         2.1243253598         1.3454963091         2.2327445830         8.8950495668       -18.9418256928
        1.8304592000        -9.9047213554         2.3918530540         1.3378393285         2.2199851957        -2.5332796411       -19.8104020990
        1.8354363000        -0.4752954850         2.5037345276         1.3352870017         2.2199851957        -6.3427227104       -19.8104020990
        1.8404387000        -9.9047213554         2.3918530540         1.3378393285         2.2199851957        -2.5332796411       -19.8104020990
        1.8454515000        -0.4752954850         2.5037345276         1.3352870017         2.2199851957        -6.3427227104       -19.8104020990
        1.8504327000        38.5947008824         2.7688811045         1.3327346748         2.2148814408       -10.1521657797       -20.1578326615
        1.8554513000       -28.7635730963         2.2565691519         1.3429439823         2.2199851957         5.0856064975       -19.8104020990
        1.8604340000        38.5947008824         2.7688811045         1.3327346748         2.2148814408       -10.1521657797       -20.1578326615
        1.8654488000        29.1652750120         2.7576639644         1.3352870017         2.2148814408        -6.3427227104       -20.1578326615
        1.8704218000       -97.4741399608         2.1459815485         1.3454963091         2.2301927056         8.8950495668       -19.1155409741
        1.8755620000        -9.9047213554         2.3918530540         1.3378393285         2.2199851957        -2.5332796411       -19.8104020990
        1.8804376000        19.7358491415         2.7435426214         1.3378393285         2.2148814408        -2.5332796411       -20.1578326615
        1.8854527000       -28.7635730963         2.2565691519         1.3429439823         2.2199851957         5.0856064975       -19.8104020990
        1.8904364000         8.9541303854         2.6156160012         1.3327346748         2.2199851957       -10.1521657797       -19.8104020990
        1.8956748000        10.3064232711         2.6316611478         1.3403916554         2.2148814408         1.2761634282       -20.1578326615
        1.9004319000       -67.8335694638         2.1914769854         1.3454963091         2.2250889506         8.8950495668       -19.4629715365
        1.9054196000        19.7358491415         2.7435426214         1.3378393285         2.2148814408        -2.5332796411       -20.1578326615
        1.9104296000       -19.3341472259         2.2799715804         1.3403916554         2.2199851957         1.2761634282       -19.8104020990
        1.9154776000       -82.6538547123         2.1683461966         1.3454963091         2.2276408281         8.8950495668       -19.2892562553
        1.9204607000        48.0241267529         2.7800151243         1.3301823480         2.2148814408       -13.9616088490       -20.1578326615
        1.9254338000        38.5947008824         2.7688811045         1.3327346748         2.2148814408       -10.1521657797       -20.1578326615
        1.9304449000        10.3064232711         2.6316611478         1.3403916554         2.2148814408         1.2761634282       -20.1578326615
        1.9354485000       -58.4041435933         2.2066197319         1.3429439823         2.2250889506         5.0856064975       -19.4629715365
        1.9404382000        38.5947008824         2.7688811045         1.3327346748         2.2148814408       -10.1521657797       -20.1578326615
        1.9454495000       -67.8335694638         2.1914769854         1.3454963091         2.2250889506         8.8950495668       -19.4629715365
        1.9504300000        -0.4752954850         2.5037345276         1.3352870017         2.2199851957        -6.3427227104       -19.8104020990
        1.9554426000        -9.9047213554         2.3918530540         1.3378393285         2.2199851957        -2.5332796411       -19.8104020990
        1.9604258000      -133.8395505569         2.0939907455         1.3633625971         2.2250889506        35.5611510520       -19.4629715365
        1.9654346000        19.7358491415         2.7435426214         1.3378393285         2.2148814408        -2.5332796411       -20.1578326615
        1.9704439000       -73.2244288418         2.1829708380         1.3429439823         2.2276408281         5.0856064975       -19.2892562553
        1.9754356000       -67.8335694638         2.1914769854         1.3454963091         2.2250889506         8.8950495668       -19.4629715365
        1.9804354000        23.7744156339         2.7512118551         1.3327346748         2.2174333183       -10.1521657797       -19.9841173803
        1.9854286000       -30.1158659820         2.2542081377         1.3352870017         2.2250889506        -6.3427227104       -19.4629715365
        1.9904322000        10.3064232711         2.6316611478         1.3403916554         2.2148814408         1.2761634282       -20.1578326615
        1.9954469000       -58.4041435933         2.2066197319         1.3429439823         2.2250889506         5.0856064975       -19.4629715365
        2.0004487000        49.3764196385         2.7816053426         1.3378393285         2.2097776859        -2.5332796411       -20.5052632240
        2.0054428000         4.9155638931         2.5676978377         1.3378393285         2.2174333183        -2.5332796411       -19.9841173803
        2.0104450000         4.9155638931         2.5676978377         1.3378393285         2.2174333183        -2.5332796411       -19.9841173803
        2.0154298000        -9.9047213554         2.3918530540         1.3378393285         2.2199851957        -2.5332796411       -19.8104020990
        2.0204426000         4.9155638931         2.5676978377         1.3378393285         2.2174333183        -2.5332796411       -19.9841173803
        2.0254186000         4.9155638931         2.5676978377         1.3378393285         2.2174333183        -2.5332796411       -19.9841173803
        2.0304723000         4.9155638931         2.5676978377         1.3378393285         2.2174333183        -2.5332796411       -19.9841173803
        2.0354593000       -43.5838583448         2.2311320810         1.3429439823         2.2225370732         5.0856064975       -19.6366868178
        2.0404793000        19.7358491415         2.7435426214         1.3378393285         2.2148814408        -2.5332796411       -20.1578326615
        2.0454690000        48.0241267529         2.7800151243         1.3301823480         2.2148814408       -13.9616088490       -20.1578326615
        2.0504520000       -23.3727137183         2.2660634096         1.3454963091         2.2174333183         8.8950495668       -19.9841173803
        2.0554671000         4.9155638931         2.5676978377         1.3378393285         2.2174333183        -2.5332796411       -19.9841173803
        2.0604414000       -67.8335694638         2.1914769854         1.3454963091         2.2250889506         8.8950495668       -19.4629715365
        2.0654313000       -58.4041435933         2.2066197319         1.3429439823         2.2250889506         5.0856064975       -19.4629715365
        2.0704665000        -9.9047213554         2.3918530540         1.3378393285         2.2199851957        -2.5332796411       -19.8104020990
        2.0754833000       115.3824007317         2.8575515864         1.3199730405         2.2097776859       -29.1993811262       -20.5052632240
        2.0804567000       -19.3341472259         2.2799715804         1.3403916554         2.2199851957         1.2761634282       -19.8104020990
        2.0854570000        49.3764196385         2.7816053426         1.3378393285         2.2097776859        -2.5332796411       -20.5052632240
        2.0904564000       -28.7635730963         2.2565691519         1.3429439823         2.2199851957         5.0856064975       -19.8104020990
        2.0954497000        14.3449897635         2.6795793113         1.3352870017         2.2174333183        -6.3427227104       -19.9841173803
        2.1004525000         4.9155638931         2.5676978377         1.3378393285         2.2174333183        -2.5332796411       -19.9841173803
        2.1054296000        14.3449897635         2.6795793113         1.3352870017         2.2174333183        -6.3427227104       -19.9841173803
        2.1104577000         8.9541303854         2.6156160012         1.3327346748         2.2199851957       -10.1521657797       -19.8104020990
        2.1154480000        -4.5138619774         2.4558163641         1.3403916554         2.2174333183         1.2761634282       -19.9841173803
        2.1204806000       -43.5838583448         2.2311320810         1.3429439823         2.2225370732         5.0856064975       -19.6366868178
        2.1254641000        46.6718338672         2.7784232951         1.3225253674         2.2199851957       -25.3899380569       -19.8104020990
        2.1304373000        19.7358491415         2.7435426214         1.3378393285         2.2148814408        -2.5332796411       -20.1578326615
        2.1354586000         4.9155638931         2.5676978377         1.3378393285         2.2174333183        -2.5332796411       -19.9841173803
        2.1404484000       -24.7250066039         2.2636693414         1.3378393285         2.2225370732        -2.5332796411       -19.6366868178
        2.1454288000        53.4149861309         2.7863450131         1.3327346748         2.2123295633       -10.1521657797       -20.3315479428
        2.1504384000        19.7358491415         2.7435426214         1.3378393285         2.2148814408        -2.5332796411       -20.1578326615
        2.1554268000        53.4149861309         2.7863450131         1.3327346748         2.2123295633       -10.1521657797       -20.3315479428
        2.1604429000         4.9155638931         2.5676978377         1.3378393285         2.2174333183        -2.5332796411       -19.9841173803
        2.1654164000         4.9155638931         2.5676978377         1.3378393285         2.2174333183        -2.5332796411       -19.9841173803
        2.1704286000       -43.5838583448         2.2311320810         1.3429439823         2.2225370732         5.0856064975       -19.6366868178
        2.1754388000        77.6646972499         2.8145258850         1.3301823480         2.2097776859       -13.9616088490       -20.5052632240
        2.1804498000       -53.0132842153         2.2154329561         1.3454963091         2.2225370732         8.8950495668       -19.6366868178
        2.1854273000       -43.5838583448         2.2311320810         1.3429439823         2.2225370732         5.0856064975       -19.6366868178
        2.1904532000        23.7744156339         2.7512118551         1.3327346748         2.2174333183       -10.1521657797       -19.9841173803
        2.1954343000       -24.7250066039         2.2636693414         1.3378393285         2.2225370732        -2.5332796411       -19.6366868178
        2.2004448000        77.6646972499         2.8145258850         1.3301823480         2.2097776859       -13.9616088490       -20.5052632240
        2.2054274000       -61.0904172001         2.2022709141         1.3557056165         2.2174333183        24.1328218441       -19.9841173803
        2.2104474000        -4.5138619774         2.4558163641         1.3403916554         2.2174333183         1.2761634282       -19.9841173803
        2.2154400000       -96.1218470751         2.1479920020         1.3531532897         2.2250889506        20.3233787748       -19.4629715365
        2.2204534000        68.2352713794         2.8036221360         1.3327346748         2.2097776859       -10.1521657797       -20.5052632240
        2.2254353000         4.9155638931         2.5676978377         1.3378393285         2.2174333183        -2.5332796411       -19.9841173803
        2.2304706000        53.4149861309         2.7863450131         1.3327346748         2.2123295633       -10.1521657797       -20.3315479428
        2.2354504000        23.7744156339         2.7512118551         1.3327346748         2.2174333183       -10.1521657797       -19.9841173803
        2.2404439000       -67.8335694638         2.1914769854         1.3454963091         2.2250889506         8.8950495668       -19.4629715365
        2.2454291000        -0.4752954850         2.5037345276         1.3352870017         2.2199851957        -6.3427227104       -19.8104020990
        2.2504527000       -19.3341472259         2.2799715804         1.3403916554         2.2199851957         1.2761634282       -19.8104020990
        2.2554399000        14.3449897635         2.6795793113         1.3352870017         2.2174333183        -6.3427227104       -19.9841173803
        2.2604606000        68.2352713794         2.8036221360         1.3327346748         2.2097776859       -10.1521657797       -20.5052632240
        2.2654394000       -58.4041435933         2.2066197319         1.3429439823         2.2250889506         5.0856064975       -19.4629715365
        2.2704510000       -13.9432878478         2.3439348905         1.3429439823         2.2174333183         5.0856064975       -19.9841173803
        2.2754334000        10.3064232711         2.6316611478         1.3403916554         2.2148814408         1.2761634282       -20.1578326615
        2.2804639000       -32.8021395887         2.2495422729         1.3480486360         2.2174333183        12.7044926361       -19.9841173803
        2.2854336000         4.9155638931         2.5676978377         1.3378393285         2.2174333183        -2.5332796411       -19.9841173803
        2.2904643000       -53.0132842153         2.2154329561         1.3454963091         2.2225370732         8.8950495668       -19.6366868178
        2.2955554000        68.2352713794         2.8036221360         1.3327346748         2.2097776859       -10.1521657797       -20.5052632240
        2.3004709000         4.9155638931         2.5676978377         1.3378393285         2.2174333183        -2.5332796411       -19.9841173803
        2.3054435000       -53.0132842153         2.2154329561         1.3454963091         2.2225370732         8.8950495668       -19.6366868178
        2.3104716000        19.7358491415         2.7435426214         1.3378393285         2.2148814408        -2.5332796411       -20.1578326615
        2.3154391000       -62.4427100857         2.2000923021         1.3480486360         2.2225370732        12.7044926361       -19.6366868178
        2.3204494000        21.0881420272         2.7479857459         1.3454963091         2.2097776859         8.8950495668       -20.5052632240
        2.3254585000       -47.6224248372         2.2243633417         1.3480486360         2.2199851957        12.7044926361       -19.8104020990
        2.3304347000        -4.5138619774         2.4558163641         1.3403916554         2.2174333183         1.2761634282       -19.9841173803
        2.3354499000        19.7358491415         2.7435426214         1.3378393285         2.2148814408        -2.5332796411       -20.1578326615
        2.3404336000       -24.7250066039         2.2636693414         1.3378393285         2.2225370732        -2.5332796411       -19.6366868178
        2.3454579000        77.6646972499         2.8145258850         1.3301823480         2.2097776859       -13.9616088490       -20.5052632240
        2.3504302000       -43.5838583448         2.2311320810         1.3429439823         2.2225370732         5.0856064975       -19.6366868178
        2.3554372000        53.4149861309         2.7863450131         1.3327346748         2.2123295633       -10.1521657797       -20.3315479428
        2.3604472000         4.9155638931         2.5676978377         1.3378393285         2.2174333183        -2.5332796411       -19.9841173803
        2.3654642000         4.9155638931         2.5676978377         1.3378393285         2.2174333183        -2.5332796411       -19.9841173803
        2.3704419000      -109.5898394380         2.1282271607         1.3608102703         2.2225370732        31.7517079827       -19.6366868178
        2.3754491000       -23.3727137183         2.2660634096         1.3454963091         2.2174333183         8.8950495668       -19.9841173803
        2.3804401000         4.9155638931         2.5676978377         1.3378393285         2.2174333183        -2.5332796411       -19.9841173803
        2.3855443000        23.7744156339         2.7512118551         1.3327346748         2.2174333183       -10.1521657797       -19.9841173803
        2.3904344000        14.3449897635         2.6795793113         1.3352870017         2.2174333183        -6.3427227104       -19.9841173803
        2.3954411000         8.9541303854         2.6156160012         1.3327346748         2.2199851957       -10.1521657797       -19.8104020990
        2.4004318000         4.9155638931         2.5676978377         1.3378393285         2.2174333183        -2.5332796411       -19.9841173803
        2.4054622000        -9.9047213554         2.3918530540         1.3378393285         2.2199851957        -2.5332796411       -19.8104020990
        2.4104414000         4.9155638931         2.5676978377         1.3378393285         2.2174333183        -2.5332796411       -19.9841173803
        2.4154303000         4.9155638931         2.5676978377         1.3378393285         2.2174333183        -2.5332796411       -19.9841173803
        2.4204271000        -9.9047213554         2.3918530540         1.3378393285         2.2199851957        -2.5332796411       -19.8104020990
        2.4255477000       -53.0132842153         2.2154329561         1.3454963091         2.2225370732         8.8950495668       -19.6366868178
        2.4304301000        -8.5524284698         2.4078982006         1.3454963091         2.2148814408         8.8950495668       -20.1578326615
        2.4354483000       -53.0132842153         2.2154329561         1.3454963091         2.2225370732         8.8950495668       -19.6366868178
        2.4404363000        53.4149861309         2.7863450131         1.3327346748         2.2123295633       -10.1521657797       -20.3315479428
        2.4455180000        62.8444120014         2.7973580587         1.3301823480         2.2123295633       -13.9616088490       -20.3315479428
        2.4504475000        -9.9047213554         2.3918530540         1.3378393285         2.2199851957        -2.5332796411       -19.8104020990
        2.4554743000       -43.5838583448         2.2311320810         1.3429439823         2.2225370732         5.0856064975       -19.6366868178
        2.4604426000         4.9155638931         2.5676978377         1.3378393285         2.2174333183        -2.5332796411       -19.9841173803
        2.4654649000       -24.7250066039         2.2636693414         1.3378393285         2.2225370732        -2.5332796411       -19.6366868178
        2.4704373000        62.8444120014         2.7973580587         1.3301823480         2.2123295633       -13.9616088490       -20.3315479428
        2.4754469000        58.8058455090         2.7926501899         1.3352870017         2.2097776859        -6.3427227104       -20.5052632240
        2.4804318000        19.7358491415         2.7435426214         1.3378393285         2.2148814408        -2.5332796411       -20.1578326615
        2.4854385000        62.8444120014         2.7973580587         1.3301823480         2.2123295633       -13.9616088490       -20.3315479428
        2.4904509000         4.9155638931         2.5676978377         1.3378393285         2.2174333183        -2.5332796411       -19.9841173803
        2.4954285000         4.9155638931         2.5676978377         1.3378393285         2.2174333183        -2.5332796411       -19.9841173803
        2.5005428000        53.4149861309         2.7863450131         1.3327346748         2.2123295633       -10.1521657797       -20.3315479428
        2.5054285000        68.2352713794         2.8036221360         1.3327346748         2.2097776859       -10.1521657797       -20.5052632240
        2.5105413000         4.9155638931         2.5676978377         1.3378393285         2.2174333183        -2.5332796411       -19.9841173803
        2.5154479000        29.1652750120         2.7576639644         1.3352870017         2.2148814408        -6.3427227104       -20.1578326615
        2.5204312000       -62.4427100857         2.2000923021         1.3480486360         2.2225370732        12.7044926361       -19.6366868178
        2.5254390000       -85.3401283190         2.1642373126         1.3582579434         2.2199851957        27.9422649134       -19.8104020990
        2.5304278000        12.9926968778         2.6635341647         1.3276300211         2.2225370732       -17.7710519183       -19.6366868178
        2.5354284000       -73.2244288418         2.1829708380         1.3429439823         2.2276408281         5.0856064975       -19.2892562553
        2.5404489000        10.3064232711         2.6316611478         1.3403916554         2.2148814408         1.2761634282       -20.1578326615
        2.5454274000         8.9541303854         2.6156160012         1.3327346748         2.2199851957       -10.1521657797       -19.8104020990
        2.5504341000       -67.8335694638         2.1914769854         1.3454963091         2.2250889506         8.8950495668       -19.4629715365
        2.5554262000       -92.0832805827         2.1540316737         1.3480486360         2.2276408281        12.7044926361       -19.2892562553
        2.5604428000        29.1652750120         2.7576639644         1.3352870017         2.2148814408        -6.3427227104       -20.1578326615
        2.5654379000       -82.6538547123         2.1683461966         1.3454963091         2.2276408281         8.8950495668       -19.2892562553
        2.5704531000       -19.3341472259         2.2799715804         1.3403916554         2.2199851957         1.2761634282       -19.8104020990
        2.5754372000        53.4149861309         2.7863450131         1.3327346748         2.2123295633       -10.1521657797       -20.3315479428
        2.5804561000        -0.4752954850         2.5037345276         1.3352870017         2.2199851957        -6.3427227104       -19.8104020990
        2.5854314000        -9.9047213554         2.3918530540         1.3378393285         2.2199851957        -2.5332796411       -19.8104020990
        2.5904407000        38.5947008824         2.7688811045         1.3327346748         2.2148814408       -10.1521657797       -20.1578326615
        2.5954324000       -39.5452918524         2.2379694802         1.3378393285         2.2250889506        -2.5332796411       -19.4629715365
        2.6004595000        -0.4752954850         2.5037345276         1.3352870017         2.2199851957        -6.3427227104       -19.8104020990
        2.6054287000       -63.7950029714         2.1979207411         1.3403916554         2.2276408281         1.2761634282       -19.2892562553
        2.6104563000       -73.2244288418         2.1829708380         1.3429439823         2.2276408281         5.0856064975       -19.2892562553
        2.6154390000        29.1652750120         2.7576639644         1.3352870017         2.2148814408        -6.3427227104       -20.1578326615
        2.6204526000       -97.4741399608         2.1459815485         1.3454963091         2.2301927056         8.8950495668       -19.1155409741
        2.6254361000        -0.4752954850         2.5037345276         1.3352870017         2.2199851957        -6.3427227104       -19.8104020990
        2.6305494000        33.2038415044         2.7624786834         1.3301823480         2.2174333183       -13.9616088490       -19.9841173803
        2.6354341000       -38.1929989668         2.2402745104         1.3454963091         2.2199851957         8.8950495668       -19.8104020990
        2.6404479000       -30.1158659820         2.2542081377         1.3352870017         2.2250889506        -6.3427227104       -19.4629715365
        2.6454274000        62.8444120014         2.7973580587         1.3301823480         2.2123295633       -13.9616088490       -20.3315479428
        2.6504317000        14.3449897635         2.6795793113         1.3352870017         2.2174333183        -6.3427227104       -19.9841173803
        2.6554382000       -23.3727137183         2.2660634096         1.3454963091         2.2174333183         8.8950495668       -19.9841173803
        2.6604567000       -43.5838583448         2.2311320810         1.3429439823         2.2225370732         5.0856064975       -19.6366868178
        2.6654328000       -57.0518507077         2.2088196745         1.3506009628         2.2199851957        16.5139357054       -19.8104020990
        2.6704479000       -19.3341472259         2.2799715804         1.3403916554         2.2199851957         1.2761634282       -19.8104020990
        2.6754329000        22.4221227483         2.7495887318         1.3250776943         2.2225370732       -21.5804949876       -19.6366868178
        2.6804245000       -13.9432878478         2.3439348905         1.3429439823         2.2174333183         5.0856064975       -19.9841173803
        2.6854323000       -13.9432878478         2.3439348905         1.3429439823         2.2174333183         5.0856064975       -19.9841173803
        2.6904417000        72.2738378718         2.8083002227         1.3276300211         2.2123295633       -17.7710519183       -20.3315479428
        2.6954412000        14.3449897635         2.6795793113         1.3352870017         2.2174333183        -6.3427227104       -19.9841173803
        2.7004382000       -43.5838583448         2.2311320810         1.3429439823         2.2225370732         5.0856064975       -19.6366868178
        2.7054440000        14.3449897635         2.6795793113         1.3352870017         2.2174333183        -6.3427227104       -19.9841173803
        2.7104520000      -108.2375465523         2.1301863100         1.3684672508         2.2174333183        43.1800371906       -19.9841173803
        2.7155373000        -4.5138619774         2.4558163641         1.3403916554         2.2174333183         1.2761634282       -19.9841173803
        2.7204520000       -67.8335694638         2.1914769854         1.3454963091         2.2250889506         8.8950495668       -19.4629715365
        2.7254318000        77.6646972499         2.8145258850         1.3301823480         2.2097776859       -13.9616088490       -20.5052632240
        2.7304385000        72.2738378718         2.8083002227         1.3276300211         2.2123295633       -17.7710519183       -20.3315479428
        2.7354490000       -47.6224248372         2.2243633417         1.3480486360         2.2199851957        12.7044926361       -19.8104020990
        2.7404289000       -19.3341472259         2.2799715804         1.3403916554         2.2199851957         1.2761634282       -19.8104020990
        2.7454513000        14.3449897635         2.6795793113         1.3352870017         2.2174333183        -6.3427227104       -19.9841173803
        2.7504228000       -77.2629953342         2.1766682582         1.3480486360         2.2250889506        12.7044926361       -19.4629715365
        2.7555367000         4.9155638931         2.5676978377         1.3378393285         2.2174333183        -2.5332796411       -19.9841173803
        2.7604168000       -43.5838583448         2.2311320810         1.3429439823         2.2225370732         5.0856064975       -19.6366868178
        2.7654307000        53.4149861309         2.7863450131         1.3327346748         2.2123295633       -10.1521657797       -20.3315479428
        2.7704388000       -48.9747177229         2.2221119914         1.3403916554         2.2250889506         1.2761634282       -19.4629715365
        2.7754545000        -4.5138619774         2.4558163641         1.3403916554         2.2174333183         1.2761634282       -19.9841173803
        2.7804347000       -43.5838583448         2.2311320810         1.3429439823         2.2225370732         5.0856064975       -19.6366868178
        2.7854496000        92.4849824984         2.8315367560         1.3301823480         2.2072258084       -13.9616088490       -20.6789785052
        2.7904278000        19.7358491415         2.7435426214         1.3378393285         2.2148814408        -2.5332796411       -20.1578326615
        2.7954459000        -4.5138619774         2.4558163641         1.3403916554         2.2174333183         1.2761634282       -19.9841173803
        2.8004232000        68.2352713794         2.8036221360         1.3327346748         2.2097776859       -10.1521657797       -20.5052632240
        2.8054559000        49.3764196385         2.7816053426         1.3378393285         2.2097776859        -2.5332796411       -20.5052632240
        2.8104444000        -4.5138619774         2.4558163641         1.3403916554         2.2174333183         1.2761634282       -19.9841173803
        2.8154503000        -9.9047213554         2.3918530540         1.3378393285         2.2199851957        -2.5332796411       -19.8104020990
        2.8204433000        -4.5138619774         2.4558163641         1.3403916554         2.2174333183         1.2761634282       -19.9841173803
        2.8254495000        19.7358491415         2.7435426214         1.3378393285         2.2148814408        -2.5332796411       -20.1578326615
        2.8304293000         4.9155638931         2.5676978377         1.3378393285         2.2174333183        -2.5332796411       -19.9841173803
        2.8354544000       -34.1544324744         2.2472055205         1.3403916554         2.2225370732         1.2761634282       -19.6366868178
        2.8404499000        77.6646972499         2.8145258850         1.3301823480         2.2097776859       -13.9616088490       -20.5052632240
        2.8454368000        68.2352713794         2.8036221360         1.3327346748         2.2097776859       -10.1521657797       -20.5052632240
        2.8504320000       134.2412524725         2.8787746052         1.3148683868         2.2097776859       -36.8182672649       -20.5052632240
        2.8554374000         0.8769974007         2.5197796742         1.3429439823         2.2148814408         5.0856064975       -20.1578326615
        2.8604386000      -152.6984022978         2.0684374618         1.3684672508         2.2250889506        43.1800371906       -19.4629715365
        2.8654267000       -92.0832805827         2.1540316737         1.3480486360         2.2276408281        12.7044926361       -19.2892562553
        2.8704332000        18.3835562559         2.7274974748         1.3301823480         2.2199851957       -13.9616088490       -19.8104020990
        2.8754820000       -19.3341472259         2.2799715804         1.3403916554         2.2199851957         1.2761634282       -19.8104020990
        2.8805421000       -19.3341472259         2.2799715804         1.3403916554         2.2199851957         1.2761634282       -19.8104020990
        2.8854385000        57.4535526233         2.7910708146         1.3276300211         2.2148814408       -17.7710519183       -20.1578326615
        2.8904510000         4.9155638931         2.5676978377         1.3378393285         2.2174333183        -2.5332796411       -19.9841173803
        2.8955536000       -97.4741399608         2.1459815485         1.3454963091         2.2301927056         8.8950495668       -19.1155409741
        2.9004547000       -73.2244288418         2.1829708380         1.3429439823         2.2276408281         5.0856064975       -19.2892562553
        2.9054523000        38.5947008824         2.7688811045         1.3327346748         2.2148814408       -10.1521657797       -20.1578326615
        2.9104381000        19.7358491415         2.7435426214         1.3378393285         2.2148814408        -2.5332796411       -20.1578326615
        2.9154478000        -9.9047213554         2.3918530540         1.3378393285         2.2199851957        -2.5332796411       -19.8104020990
        2.9204288000        18.3835562559         2.7274974748         1.3301823480         2.2199851957       -13.9616088490       -19.8104020990
        2.9254497000       -39.5452918524         2.2379694802         1.3378393285         2.2250889506        -2.5332796411       -19.4629715365
        2.9304301000       -67.8335694638         2.1914769854         1.3454963091         2.2250889506         8.8950495668       -19.4629715365
        2.9354706000       -19.3341472259         2.2799715804         1.3403916554         2.2199851957         1.2761634282       -19.8104020990
        2.9404440000       -28.7635730963         2.2565691519         1.3429439823         2.2199851957         5.0856064975       -19.8104020990
        2.9460605000        -9.9047213554         2.3918530540         1.3378393285         2.2199851957        -2.5332796411       -19.8104020990
        2.9504426000        -0.4752954850         2.5037345276         1.3352870017         2.2199851957        -6.3427227104       -19.8104020990
        2.9554266000       -19.3341472259         2.2799715804         1.3403916554         2.2199851957         1.2761634282       -19.8104020990
        2.9605402000        18.3835562559         2.7274974748         1.3301823480         2.2199851957       -13.9616088490       -19.8104020990
        2.9654397000        14.3449897635         2.6795793113         1.3352870017         2.2174333183        -6.3427227104       -19.9841173803
        2.9704340000       -57.0518507077         2.2088196745         1.3506009628         2.2199851957        16.5139357054       -19.8104020990
        2.9754383000       -53.0132842153         2.2154329561         1.3454963091         2.2225370732         8.8950495668       -19.6366868178
        2.9804237000        57.4535526233         2.7910708146         1.3276300211         2.2148814408       -17.7710519183       -20.1578326615
        2.9854357000        33.2038415044         2.7624786834         1.3301823480         2.2174333183       -13.9616088490       -19.9841173803
        2.9904342000       -86.6924212047         2.1621782797         1.3506009628         2.2250889506        16.5139357054       -19.4629715365
        2.9954246000         4.9155638931         2.5676978377         1.3378393285         2.2174333183        -2.5332796411       -19.9841173803
        3.0004352000        -9.9047213554         2.3918530540         1.3378393285         2.2199851957        -2.5332796411       -19.8104020990
        3.0054189000       -92.0832805827         2.1540316737         1.3480486360         2.2276408281        12.7044926361       -19.2892562553
        3.0107575000        -9.9047213554         2.3918530540         1.3378393285         2.2199851957        -2.5332796411       -19.8104020990
        3.0155645000        61.4921191157         2.7957831196         1.3225253674         2.2174333183       -25.3899380569       -19.9841173803
        3.0205442000        29.1652750120         2.7576639644         1.3352870017         2.2148814408        -6.3427227104       -20.1578326615
        3.0254340000       -24.7250066039         2.2636693414         1.3378393285         2.2225370732        -2.5332796411       -19.6366868178
        3.0305467000        19.7358491415         2.7435426214         1.3378393285         2.2148814408        -2.5332796411       -20.1578326615
        3.0355202000         4.9155638931         2.5676978377         1.3378393285         2.2174333183        -2.5332796411       -19.9841173803
        3.0405429000       -67.8335694638         2.1914769854         1.3454963091         2.2250889506         8.8950495668       -19.4629715365
        3.0454431000        62.8444120014         2.7973580587         1.3301823480         2.2123295633       -13.9616088490       -20.3315479428
        3.0505409000       -67.8335694638         2.1914769854         1.3454963091         2.2250889506         8.8950495668       -19.4629715365
        3.0554459000       -19.3341472259         2.2799715804         1.3403916554         2.2199851957         1.2761634282       -19.8104020990
        3.0605388000       -53.0132842153         2.2154329561         1.3454963091         2.2225370732         8.8950495668       -19.6366868178
        3.0654414000        34.5561343900         2.7640873277         1.3378393285         2.2123295633        -2.5332796411       -20.3315479428
        3.0704535000        23.7744156339         2.7512118551         1.3327346748         2.2174333183       -10.1521657797       -19.9841173803
        3.0754410000       -13.9432878478         2.3439348905         1.3429439823         2.2174333183         5.0856064975       -19.9841173803
        3.0805432000         4.9155638931         2.5676978377         1.3378393285         2.2174333183        -2.5332796411       -19.9841173803
        3.0854328000        48.0241267529         2.7800151243         1.3301823480         2.2148814408       -13.9616088490       -20.1578326615
        3.0905384000        68.2352713794         2.8036221360         1.3327346748         2.2097776859       -10.1521657797       -20.5052632240
        3.0954493000         4.9155638931         2.5676978377         1.3378393285         2.2174333183        -2.5332796411       -19.9841173803
        3.1005447000        14.3449897635         2.6795793113         1.3352870017         2.2174333183        -6.3427227104       -19.9841173803
        3.1054427000        53.4149861309         2.7863450131         1.3327346748         2.2123295633       -10.1521657797       -20.3315479428
        3.1105474000        53.4149861309         2.7863450131         1.3327346748         2.2123295633       -10.1521657797       -20.3315479428
        3.1154370000        43.9855602605         2.7752563586         1.3352870017         2.2123295633        -6.3427227104       -20.3315479428
        3.1205538000         4.9155638931         2.5676978377         1.3378393285         2.2174333183        -2.5332796411       -19.9841173803
        3.1255322000        23.7744156339         2.7512118551         1.3327346748         2.2174333183       -10.1521657797       -19.9841173803
        3.1305489000       -28.7635730963         2.2565691519         1.3429439823         2.2199851957         5.0856064975       -19.8104020990
        3.1354424000       -74.5584095629         2.1808824900         1.3633625971         2.2148814408        35.5611510520       -20.1578326615
        3.1405380000       -20.6864401115         2.2708441260         1.3327346748         2.2250889506       -10.1521657797       -19.4629715365
        3.1454475000        -4.5138619774         2.4558163641         1.3403916554         2.2174333183         1.2761634282       -19.9841173803
        3.1510582000       -28.7635730963         2.2565691519         1.3429439823         2.2199851957         5.0856064975       -19.8104020990
        3.1554353000        -0.4752954850         2.5037345276         1.3352870017         2.2199851957        -6.3427227104       -19.8104020990
        3.1604513000        14.3449897635         2.6795793113         1.3352870017         2.2174333183        -6.3427227104       -19.9841173803
        3.1654351000       -19.3341472259         2.2799715804         1.3403916554         2.2199851957         1.2761634282       -19.8104020990
        3.1704463000      -113.6284059304         2.1224088952         1.3659149240         2.2199851957        39.3705941213       -19.8104020990
        3.1754267000        18.3835562559         2.7274974748         1.3301823480         2.2199851957       -13.9616088490       -19.8104020990
        3.1804360000        43.9855602605         2.7752563586         1.3352870017         2.2123295633        -6.3427227104       -20.3315479428
        3.1854169000       -39.5452918524         2.2379694802         1.3378393285         2.2250889506        -2.5332796411       -19.4629715365
        3.1904502000        -9.9047213554         2.3918530540         1.3378393285         2.2199851957        -2.5332796411       -19.8104020990
        3.1954388000         4.9155638931         2.5676978377         1.3378393285         2.2174333183        -2.5332796411       -19.9841173803
        3.2005329000        -9.9047213554         2.3918530540         1.3378393285         2.2199851957        -2.5332796411       -19.8104020990
        3.2054289000        -9.9047213554         2.3918530540         1.3378393285         2.2199851957        -2.5332796411       -19.8104020990
        3.2105444000        -9.9047213554         2.3918530540         1.3378393285         2.2199851957        -2.5332796411       -19.8104020990
        3.2154340000       -67.8335694638         2.1914769854         1.3454963091         2.2250889506         8.8950495668       -19.4629715365
        3.2205427000       -77.2629953342         2.1766682582         1.3480486360         2.2250889506        12.7044926361       -19.4629715365
        3.2254462000        48.0241267529         2.7800151243         1.3301823480         2.2148814408       -13.9616088490       -20.1578326615
        3.2304304000       -58.4041435933         2.2066197319         1.3429439823         2.2250889506         5.0856064975       -19.4629715365
        3.2354370000        18.3835562559         2.7274974748         1.3301823480         2.2199851957       -13.9616088490       -19.8104020990
        3.2404536000        62.8444120014         2.7973580587         1.3301823480         2.2123295633       -13.9616088490       -20.3315479428
        3.2454392000       -73.2244288418         2.1829708380         1.3429439823         2.2276408281         5.0856064975       -19.2892562553
        3.2504548000         4.9155638931         2.5676978377         1.3378393285         2.2174333183        -2.5332796411       -19.9841173803
        3.2555310000        29.1652750120         2.7576639644         1.3352870017         2.2148814408        -6.3427227104       -20.1578326615
        3.2605331000       -67.8335694638         2.1914769854         1.3454963091         2.2250889506         8.8950495668       -19.4629715365
        3.2654428000        -0.4752954850         2.5037345276         1.3352870017         2.2199851957        -6.3427227104       -19.8104020990
        3.2704616000        14.3449897635         2.6795793113         1.3352870017         2.2174333183        -6.3427227104       -19.9841173803
        3.2754410000       -63.7950029714         2.1979207411         1.3403916554         2.2276408281         1.2761634282       -19.2892562553
        3.2804660000        38.5947008824         2.7688811045         1.3327346748         2.2148814408       -10.1521657797       -20.1578326615
        3.2854343000       -58.4041435933         2.2066197319         1.3429439823         2.2250889506         5.0856064975       -19.4629715365
        3.2904407000        29.1652750120         2.7576639644         1.3352870017         2.2148814408        -6.3427227104       -20.1578326615
        3.2954283000        -0.4752954850         2.5037345276         1.3352870017         2.2199851957        -6.3427227104       -19.8104020990
        3.3004410000       -73.2244288418         2.1829708380         1.3429439823         2.2276408281         5.0856064975       -19.2892562553
        3.3055274000        38.5947008824         2.7688811045         1.3327346748         2.2148814408       -10.1521657797       -20.1578326615
        3.3104361000      -133.8395505569         2.0939907455         1.3633625971         2.2250889506        35.5611510520       -19.4629715365
        3.3154399000         0.8769974007         2.5197796742         1.3429439823         2.2148814408         5.0856064975       -20.1578326615
        3.3204240000        27.8129821263         2.7560481943         1.3276300211         2.2199851957       -17.7710519183       -19.8104020990
        3.3254420000        -4.5138619774         2.4558163641         1.3403916554         2.2174333183         1.2761634282       -19.9841173803
        3.3304194000        -9.9047213554         2.3918530540         1.3378393285         2.2199851957        -2.5332796411       -19.8104020990
        3.3354417000        -0.4752954850         2.5037345276         1.3352870017         2.2199851957        -6.3427227104       -19.8104020990
        3.3404244000       -58.4041435933         2.2066197319         1.3429439823         2.2250889506         5.0856064975       -19.4629715365
        3.3455362000        38.5947008824         2.7688811045         1.3327346748         2.2148814408       -10.1521657797       -20.1578326615
        3.3504369000        18.3835562559         2.7274974748         1.3301823480         2.2199851957       -13.9616088490       -19.8104020990
        3.3555074000      -143.2689764274         2.0811050563         1.3659149240         2.2250889506        39.3705941213       -19.4629715365
        3.3604386000       -23.3727137183         2.2660634096         1.3454963091         2.2174333183         8.8950495668       -19.9841173803
        3.3654406000       -48.9747177229         2.2221119914         1.3403916554         2.2250889506         1.2761634282       -19.4629715365
        3.3704315000        48.0241267529         2.7800151243         1.3301823480         2.2148814408       -13.9616088490       -20.1578326615
        3.3754406000         4.9155638931         2.5676978377         1.3378393285         2.2174333183        -2.5332796411       -19.9841173803
        3.3804452000       -28.7635730963         2.2565691519         1.3429439823         2.2199851957         5.0856064975       -19.8104020990
        3.3854401000        -0.4752954850         2.5037345276         1.3352870017         2.2199851957        -6.3427227104       -19.8104020990
        3.3904439000       -58.4041435933         2.2066197319         1.3429439823         2.2250889506         5.0856064975       -19.4629715365
        3.3955362000        -4.5138619774         2.4558163641         1.3403916554         2.2174333183         1.2761634282       -19.9841173803
        3.4004310000        33.2038415044         2.7624786834         1.3301823480         2.2174333183       -13.9616088490       -19.9841173803
        3.4055366000       -19.3341472259         2.2799715804         1.3403916554         2.2199851957         1.2761634282       -19.8104020990
        3.4105230000       -77.2629953342         2.1766682582         1.3480486360         2.2250889506        12.7044926361       -19.4629715365
        3.4154434000        14.3449897635         2.6795793113         1.3352870017         2.2174333183        -6.3427227104       -19.9841173803
        3.4204194000        42.6332673748         2.7736596345         1.3276300211         2.2174333183       -17.7710519183       -19.9841173803
        3.4254734000        21.0881420272         2.7479857459         1.3454963091         2.2097776859         8.8950495668       -20.5052632240
        3.4304388000       -23.3727137183         2.2660634096         1.3454963091         2.2174333183         8.8950495668       -19.9841173803
        3.4354281000        87.0941231203         2.8253661010         1.3276300211         2.2097776859       -17.7710519183       -20.5052632240
        3.4405291000        53.4149861309         2.7863450131         1.3327346748         2.2123295633       -10.1521657797       -20.3315479428
        3.4454159000       -48.9747177229         2.2221119914         1.3403916554         2.2250889506         1.2761634282       -19.4629715365
        3.4504398000        23.7744156339         2.7512118551         1.3327346748         2.2174333183       -10.1521657797       -19.9841173803
        3.4554394000       -19.3341472259         2.2799715804         1.3403916554         2.2199851957         1.2761634282       -19.8104020990
        3.4605368000       -11.2570142411         2.3758079073         1.3301823480         2.2250889506       -13.9616088490       -19.4629715365
        3.4654295000        14.3449897635         2.6795793113         1.3352870017         2.2174333183        -6.3427227104       -19.9841173803
        3.4705224000         4.9155638931         2.5676978377         1.3378393285         2.2174333183        -2.5332796411       -19.9841173803
        3.4754284000       -53.0132842153         2.2154329561         1.3454963091         2.2225370732         8.8950495668       -19.6366868178
        3.4804370000         4.9155638931         2.5676978377         1.3378393285         2.2174333183        -2.5332796411       -19.9841173803
        3.4854277000       -53.0132842153         2.2154329561         1.3454963091         2.2225370732         8.8950495668       -19.6366868178
        3.4905291000       -38.1929989668         2.2402745104         1.3454963091         2.2199851957         8.8950495668       -19.8104020990
        3.4954173000       -43.5838583448         2.2311320810         1.3429439823         2.2225370732         5.0856064975       -19.6366868178
        3.5005385000       -23.3727137183         2.2660634096         1.3454963091         2.2174333183         8.8950495668       -19.9841173803
        3.5054346000        66.8829784938         2.8020529257         1.3250776943         2.2148814408       -21.5804949876       -20.1578326615
        3.5105335000        76.3124043642         2.8129661676         1.3225253674         2.2148814408       -25.3899380569       -20.1578326615
        3.5154293000       -57.0518507077         2.2088196745         1.3506009628         2.2199851957        16.5139357054       -19.8104020990
        3.5204451000        15.6972826492         2.6956244579         1.3429439823         2.2123295633         5.0856064975       -20.3315479428
        3.5255232000        81.7032637423         2.8191761923         1.3250776943         2.2123295633       -21.5804949876       -20.3315479428
        3.5305234000       -38.1929989668         2.2402745104         1.3454963091         2.2199851957         8.8950495668       -19.8104020990
        3.5355203000        92.4849824984         2.8315367560         1.3301823480         2.2072258084       -13.9616088490       -20.6789785052
        3.5405244000       -28.7635730963         2.2565691519         1.3429439823         2.2199851957         5.0856064975       -19.8104020990
        3.5454393000        10.3064232711         2.6316611478         1.3403916554         2.2148814408         1.2761634282       -20.1578326615
        3.5504220000        45.3378531461         2.7768514297         1.3429439823         2.2072258084         5.0856064975       -20.6789785052
        3.5554346000       -38.1929989668         2.2402745104         1.3454963091         2.2199851957         8.8950495668       -19.8104020990
        3.5605331000       -57.0518507077         2.2088196745         1.3506009628         2.2199851957        16.5139357054       -19.8104020990
        3.5654282000        25.1267085196         2.7528331124         1.3403916554         2.2123295633         1.2761634282       -20.3315479428
        3.5704336000        29.1652750120         2.7576639644         1.3352870017         2.2148814408        -6.3427227104       -20.1578326615
        3.5755225000        68.2352713794         2.8036221360         1.3327346748         2.2097776859       -10.1521657797       -20.5052632240
        3.5805282000       -28.7635730963         2.2565691519         1.3429439823         2.2199851957         5.0856064975       -19.8104020990
        3.5854393000        68.2352713794         2.8036221360         1.3327346748         2.2097776859       -10.1521657797       -20.5052632240
        3.5905720000        83.0555566279         2.8207307823         1.3327346748         2.2072258084       -10.1521657797       -20.6789785052
        3.5954431000         4.9155638931         2.5676978377         1.3378393285         2.2174333183        -2.5332796411       -19.9841173803
        3.6005400000        83.0555566279         2.8207307823         1.3327346748         2.2072258084       -10.1521657797       -20.6789785052
        3.6054359000       -46.2701319516         2.2266222500         1.3557056165         2.2148814408        24.1328218441       -20.1578326615
        3.6104683000        10.3064232711         2.6316611478         1.3403916554         2.2148814408         1.2761634282       -20.1578326615
        3.6155209000         0.8769974007         2.5197796742         1.3429439823         2.2148814408         5.0856064975       -20.1578326615
        3.6204765000        19.7358491415         2.7435426214         1.3378393285         2.2148814408        -2.5332796411       -20.1578326615
        3.6255211000        19.7358491415         2.7435426214         1.3378393285         2.2148814408        -2.5332796411       -20.1578326615
        3.6304321000        83.0555566279         2.8207307823         1.3327346748         2.2072258084       -10.1521657797       -20.6789785052
        3.6354410000       -47.6224248372         2.2243633417         1.3480486360         2.2199851957        12.7044926361       -19.8104020990
        3.6405276000      -100.1604135675         2.1420053177         1.3582579434         2.2225370732        27.9422649134       -19.6366868178
        3.6454348000       134.2412524725         2.8787746052         1.3148683868         2.2097776859       -36.8182672649       -20.5052632240
        3.6505167000        10.3064232711         2.6316611478         1.3403916554         2.2148814408         1.2761634282       -20.1578326615
        3.6555264000       -13.9432878478         2.3439348905         1.3429439823         2.2174333183         5.0856064975       -19.9841173803
        3.6604301000        77.6646972499         2.8145258850         1.3301823480         2.2097776859       -13.9616088490       -20.5052632240
        3.6654410000       -23.3727137183         2.2660634096         1.3454963091         2.2174333183         8.8950495668       -19.9841173803
        3.6704325000        43.9855602605         2.7752563586         1.3352870017         2.2123295633        -6.3427227104       -20.3315479428
        3.6754307000        43.9855602605         2.7752563586         1.3352870017         2.2123295633        -6.3427227104       -20.3315479428
        3.6805217000       -47.6224248372         2.2243633417         1.3480486360         2.2199851957        12.7044926361       -19.8104020990
        3.6854348000        25.1267085196         2.7528331124         1.3403916554         2.2123295633         1.2761634282       -20.3315479428
        3.6905159000       -48.9747177229         2.2221119914         1.3403916554         2.2250889506         1.2761634282       -19.4629715365
        3.6954332000       -19.3341472259         2.2799715804         1.3403916554         2.2199851957         1.2761634282       -19.8104020990
        3.7005166000        -4.5138619774         2.4558163641         1.3403916554         2.2174333183         1.2761634282       -19.9841173803
        3.7055204000       -13.9432878478         2.3439348905         1.3429439823         2.2174333183         5.0856064975       -19.9841173803
        3.7104299000       -53.0132842153         2.2154329561         1.3454963091         2.2225370732         8.8950495668       -19.6366868178
        3.7154394000       -59.7564364790         2.2044269774         1.3352870017         2.2301927056        -6.3427227104       -19.1155409741
        3.7204295000        53.4149861309         2.7863450131         1.3327346748         2.2123295633       -10.1521657797       -20.3315479428
        3.7254400000        14.3449897635         2.6795793113         1.3352870017         2.2174333183        -6.3427227104       -19.9841173803
        3.7304206000        -4.5138619774         2.4558163641         1.3403916554         2.2174333183         1.2761634282       -19.9841173803
        3.7355242000       -15.2955807335         2.3278897438         1.3352870017         2.2225370732        -6.3427227104       -19.6366868178
        3.7404371000        34.5561343900         2.7640873277         1.3378393285         2.2123295633        -2.5332796411       -20.3315479428
        3.7454292000       -71.8721359562         2.1850944979         1.3506009628         2.2225370732        16.5139357054       -19.6366868178
        3.7504291000        -4.5138619774         2.4558163641         1.3403916554         2.2174333183         1.2761634282       -19.9841173803
        3.7555253000        14.3449897635         2.6795793113         1.3352870017         2.2174333183        -6.3427227104       -19.9841173803
        3.7605218000        43.9855602605         2.7752563586         1.3352870017         2.2123295633        -6.3427227104       -20.3315479428
        3.7655358000         4.9155638931         2.5676978377         1.3378393285         2.2174333183        -2.5332796411       -19.9841173803
        3.7705299000       -53.0132842153         2.2154329561         1.3454963091         2.2225370732         8.8950495668       -19.6366868178
        3.7754285000        77.6646972499         2.8145258850         1.3301823480         2.2097776859       -13.9616088490       -20.5052632240
        3.7805176000        -4.5138619774         2.4558163641         1.3403916554         2.2174333183         1.2761634282       -19.9841173803
        3.7854280000        53.4149861309         2.7863450131         1.3327346748         2.2123295633       -10.1521657797       -20.3315479428
        3.7904374000       -13.9432878478         2.3439348905         1.3429439823         2.2174333183         5.0856064975       -19.9841173803
        3.7955152000       -19.3341472259         2.2799715804         1.3403916554         2.2199851957         1.2761634282       -19.8104020990
        3.8005183000        62.8444120014         2.7973580587         1.3301823480         2.2123295633       -13.9616088490       -20.3315479428
        3.8054158000         4.9155638931         2.5676978377         1.3378393285         2.2174333183        -2.5332796411       -19.9841173803
        3.8105221000       -53.0132842153         2.2154329561         1.3454963091         2.2225370732         8.8950495668       -19.6366868178
        3.8154277000        19.7358491415         2.7435426214         1.3378393285         2.2148814408        -2.5332796411       -20.1578326615
        3.8204380000        -4.5138619774         2.4558163641         1.3403916554         2.2174333183         1.2761634282       -19.9841173803
        3.8254285000         4.9155638931         2.5676978377         1.3378393285         2.2174333183        -2.5332796411       -19.9841173803
        3.8305183000        -0.4752954850         2.5037345276         1.3352870017         2.2199851957        -6.3427227104       -19.8104020990
        3.8354288000        53.4149861309         2.7863450131         1.3327346748         2.2123295633       -10.1521657797       -20.3315479428
        3.8404311000       -24.7250066039         2.2636693414         1.3378393285         2.2225370732        -2.5332796411       -19.6366868178
        3.8455158000        68.2352713794         2.8036221360         1.3327346748         2.2097776859       -10.1521657797       -20.5052632240
        3.8504252000         4.9155638931         2.5676978377         1.3378393285         2.2174333183        -2.5332796411       -19.9841173803
        3.8555160000       -24.7250066039         2.2636693414         1.3378393285         2.2225370732        -2.5332796411       -19.6366868178
        3.8604104000        14.3449897635         2.6795793113         1.3352870017         2.2174333183        -6.3427227104       -19.9841173803
        3.8654178000        10.3064232711         2.6316611478         1.3403916554         2.2148814408         1.2761634282       -20.1578326615
        3.8704410000       -28.7635730963         2.2565691519         1.3429439823         2.2199851957         5.0856064975       -19.8104020990
        3.8755276000        77.6646972499         2.8145258850         1.3301823480         2.2097776859       -13.9616088490       -20.5052632240
        3.8805330000       -43.5838583448         2.2311320810         1.3429439823         2.2225370732         5.0856064975       -19.6366868178
        3.8855154000       -13.9432878478         2.3439348905         1.3429439823         2.2174333183         5.0856064975       -19.9841173803
        3.8905266000       -43.5838583448         2.2311320810         1.3429439823         2.2225370732         5.0856064975       -19.6366868178
        3.8955234000        12.9926968778         2.6635341647         1.3276300211         2.2225370732       -17.7710519183       -19.6366868178
        3.9005318000        53.4149861309         2.7863450131         1.3327346748         2.2123295633       -10.1521657797       -20.3315479428
        3.9054320000       -24.7250066039         2.2636693414         1.3378393285         2.2225370732        -2.5332796411       -19.6366868178
        3.9105463000         4.9155638931         2.5676978377         1.3378393285         2.2174333183        -2.5332796411       -19.9841173803
        3.9155222000        77.6646972499         2.8145258850         1.3301823480         2.2097776859       -13.9616088490       -20.5052632240
        3.9204367000       -43.5838583448         2.2311320810         1.3429439823         2.2225370732         5.0856064975       -19.6366868178
        3.9255148000         4.9155638931         2.5676978377         1.3378393285         2.2174333183        -2.5332796411       -19.9841173803
        3.9304351000        -4.5138619774         2.4558163641         1.3403916554         2.2174333183         1.2761634282       -19.9841173803
        3.9355136000       -43.5838583448         2.2311320810         1.3429439823         2.2225370732         5.0856064975       -19.6366868178
        3.9404461000        39.9469937681         2.7704828495         1.3403916554         2.2097776859         1.2761634282       -20.5052632240
        3.9455159000        -4.5138619774         2.4558163641         1.3403916554         2.2174333183         1.2761634282       -19.9841173803
        3.9505175000        14.3449897635         2.6795793113         1.3352870017         2.2174333183        -6.3427227104       -19.9841173803
        3.9554334000       -39.5452918524         2.2379694802         1.3378393285         2.2250889506        -2.5332796411       -19.4629715365
        3.9604147000        53.4149861309         2.7863450131         1.3327346748         2.2123295633       -10.1521657797       -20.3315479428
        3.9655213000        62.8444120014         2.7973580587         1.3301823480         2.2123295633       -13.9616088490       -20.3315479428
        3.9704322000       -53.0132842153         2.2154329561         1.3454963091         2.2225370732         8.8950495668       -19.6366868178
        3.9755167000        -4.5138619774         2.4558163641         1.3403916554         2.2174333183         1.2761634282       -19.9841173803
        3.9804246000        68.2352713794         2.8036221360         1.3327346748         2.2097776859       -10.1521657797       -20.5052632240
        3.9855128000        43.9855602605         2.7752563586         1.3352870017         2.2123295633        -6.3427227104       -20.3315479428
        3.9905102000         4.9155638931         2.5676978377         1.3378393285         2.2174333183        -2.5332796411       -19.9841173803
        3.9954289000       -23.3727137183         2.2660634096         1.3454963091         2.2174333183         8.8950495668       -19.9841173803
        4.0004319000         6.2678567787         2.5837429843         1.3454963091         2.2123295633         8.8950495668       -20.3315479428
        4.0055196000         8.9541303854         2.6156160012         1.3327346748         2.2199851957       -10.1521657797       -19.8104020990
        4.0105101000        -0.4752954850         2.5037345276         1.3352870017         2.2199851957        -6.3427227104       -19.8104020990
        4.0155152000        43.9855602605         2.7752563586         1.3352870017         2.2123295633        -6.3427227104       -20.3315479428
        4.0204286000         4.9155638931         2.5676978377         1.3378393285         2.2174333183        -2.5332796411       -19.9841173803
        4.0255225000       -23.3727137183         2.2660634096         1.3454963091         2.2174333183         8.8950495668       -19.9841173803
        4.0305185000        -9.9047213554         2.3918530540         1.3378393285         2.2199851957        -2.5332796411       -19.8104020990
        4.0355214000        48.0241267529         2.7800151243         1.3301823480         2.2148814408       -13.9616088490       -20.1578326615
        4.0405118000       -67.8335694638         2.1914769854         1.3454963091         2.2250889506         8.8950495668       -19.4629715365
        4.0454223000       -74.5584095629         2.1808824900         1.3633625971         2.2148814408        35.5611510520       -20.1578326615
        4.0505111000        -0.4752954850         2.5037345276         1.3352870017         2.2199851957        -6.3427227104       -19.8104020990
        4.0555141000      -133.8395505569         2.0939907455         1.3633625971         2.2250889506        35.5611510520       -19.4629715365
        4.0604308000        -4.5138619774         2.4558163641         1.3403916554         2.2174333183         1.2761634282       -19.9841173803
        4.0655148000        -9.9047213554         2.3918530540         1.3378393285         2.2199851957        -2.5332796411       -19.8104020990
        4.0705109000        23.7744156339         2.7512118551         1.3327346748         2.2174333183       -10.1521657797       -19.9841173803
        4.0755138000       -67.8335694638         2.1914769854         1.3454963091         2.2250889506         8.8950495668       -19.4629715365
        4.0804199000        52.0626932453         2.7847595221         1.3250776943         2.2174333183       -21.5804949876       -19.9841173803
        4.0855148000        -9.9047213554         2.3918530540         1.3378393285         2.2199851957        -2.5332796411       -19.8104020990
        4.0905169000        -9.9047213554         2.3918530540         1.3378393285         2.2199851957        -2.5332796411       -19.8104020990
        4.0954266000        68.2352713794         2.8036221360         1.3327346748         2.2097776859       -10.1521657797       -20.5052632240
        4.1005113000       -19.3341472259         2.2799715804         1.3403916554         2.2199851957         1.2761634282       -19.8104020990
        4.1055223000       -94.7695541895         2.1500083964         1.3608102703         2.2199851957        31.7517079827       -19.8104020990
        4.1105169000       -28.7635730963         2.2565691519         1.3429439823         2.2199851957         5.0856064975       -19.8104020990
        4.1155140000        53.4149861309         2.7863450131         1.3327346748         2.2123295633       -10.1521657797       -20.3315479428
        4.1204236000        -9.9047213554         2.3918530540         1.3378393285         2.2199851957        -2.5332796411       -19.8104020990
        4.1255252000        -9.9047213554         2.3918530540         1.3378393285         2.2199851957        -2.5332796411       -19.8104020990
        4.1305904000         4.9155638931         2.5676978377         1.3378393285         2.2174333183        -2.5332796411       -19.9841173803
        4.1355416000        -4.5138619774         2.4558163641         1.3403916554         2.2174333183         1.2761634282       -19.9841173803
        4.1405215000        14.3449897635         2.6795793113         1.3352870017         2.2174333183        -6.3427227104       -19.9841173803
        4.1454185000       -67.8335694638         2.1914769854         1.3454963091         2.2250889506         8.8950495668       -19.4629715365
        4.1505134000        62.8444120014         2.7973580587         1.3301823480         2.2123295633       -13.9616088490       -20.3315479428
        4.1555481000      -133.8395505569         2.0939907455         1.3633625971         2.2250889506        35.5611510520       -19.4629715365
        4.1605168000         6.2678567787         2.5837429843         1.3454963091         2.2123295633         8.8950495668       -20.3315479428
        4.1655135000        33.2038415044         2.7624786834         1.3301823480         2.2174333183       -13.9616088490       -19.9841173803
        4.1705161000        25.1267085196         2.7528331124         1.3403916554         2.2123295633         1.2761634282       -20.3315479428
        4.1755100000        53.4149861309         2.7863450131         1.3327346748         2.2123295633       -10.1521657797       -20.3315479428
        4.1805223000        -0.4752954850         2.5037345276         1.3352870017         2.2199851957        -6.3427227104       -19.8104020990
        4.1855145000        53.4149861309         2.7863450131         1.3327346748         2.2123295633       -10.1521657797       -20.3315479428
        4.1905198000       -67.8335694638         2.1914769854         1.3454963091         2.2250889506         8.8950495668       -19.4629715365
        4.1955128000       -19.3341472259         2.2799715804         1.3403916554         2.2199851957         1.2761634282       -19.8104020990
        4.2005125000         4.9155638931         2.5676978377         1.3378393285         2.2174333183        -2.5332796411       -19.9841173803
        4.2055135000      -100.1604135675         2.1420053177         1.3582579434         2.2225370732        27.9422649134       -19.6366868178
        4.2105212000        -9.9047213554         2.3918530540         1.3378393285         2.2199851957        -2.5332796411       -19.8104020990
        4.2155081000       -86.6924212047         2.1621782797         1.3506009628         2.2250889506        16.5139357054       -19.4629715365
        4.2205128000        79.0169901355         2.8160842958         1.3378393285         2.2046739310        -2.5332796411       -20.8526937865
        4.2254272000         4.9155638931         2.5676978377         1.3378393285         2.2174333183        -2.5332796411       -19.9841173803
        4.2305230000         4.9155638931         2.5676978377         1.3378393285         2.2174333183        -2.5332796411       -19.9841173803
        4.2355074000       -58.4041435933         2.2066197319         1.3429439823         2.2250889506         5.0856064975       -19.4629715365
        4.2405107000        18.3835562559         2.7274974748         1.3301823480         2.2199851957       -13.9616088490       -19.8104020990
        4.2455128000        -9.9047213554         2.3918530540         1.3378393285         2.2199851957        -2.5332796411       -19.8104020990
        4.2505104000        48.0241267529         2.7800151243         1.3301823480         2.2148814408       -13.9616088490       -20.1578326615
        4.2555128000         4.9155638931         2.5676978377         1.3378393285         2.2174333183        -2.5332796411       -19.9841173803
        4.2605227000        68.2352713794         2.8036221360         1.3327346748         2.2097776859       -10.1521657797       -20.5052632240
        4.2654288000        19.7358491415         2.7435426214         1.3378393285         2.2148814408        -2.5332796411       -20.1578326615
        4.2705141000        62.8444120014         2.7973580587         1.3301823480         2.2123295633       -13.9616088490       -20.3315479428
        4.2755100000        19.7358491415         2.7435426214         1.3378393285         2.2148814408        -2.5332796411       -20.1578326615
        4.2805102000        39.9469937681         2.7704828495         1.3403916554         2.2097776859         1.2761634282       -20.5052632240
        4.2855080000        -4.5138619774         2.4558163641         1.3403916554         2.2174333183         1.2761634282       -19.9841173803
        4.2905162000        14.3449897635         2.6795793113         1.3352870017         2.2174333183        -6.3427227104       -19.9841173803
        4.2955082000        53.4149861309         2.7863450131         1.3327346748         2.2123295633       -10.1521657797       -20.3315479428
        4.3005187000      -143.2689764274         2.0811050563         1.3659149240         2.2250889506        39.3705941213       -19.4629715365
        4.3055077000       -85.3401283190         2.1642373126         1.3582579434         2.2199851957        27.9422649134       -19.8104020990
        4.3105143000        27.8129821263         2.7560481943         1.3276300211         2.2199851957       -17.7710519183       -19.8104020990
        4.3154263000       -82.6538547123         2.1683461966         1.3454963091         2.2276408281         8.8950495668       -19.2892562553
        4.3205111000       -34.1544324744         2.2472055205         1.3403916554         2.2225370732         1.2761634282       -19.6366868178
        4.3255088000         4.9155638931         2.5676978377         1.3378393285         2.2174333183        -2.5332796411       -19.9841173803
        4.3305148000       -71.8721359562         2.1850944979         1.3506009628         2.2225370732        16.5139357054       -19.6366868178
        4.3355073000       -19.3341472259         2.2799715804         1.3403916554         2.2199851957         1.2761634282       -19.8104020990
        4.3405225000       -73.2244288418         2.1829708380         1.3429439823         2.2276408281         5.0856064975       -19.2892562553
        4.3455126000        38.5947008824         2.7688811045         1.3327346748         2.2148814408       -10.1521657797       -20.1578326615
        4.3505342000       -34.1544324744         2.2472055205         1.3403916554         2.2225370732         1.2761634282       -19.6366868178
        4.3555076000        18.3835562559         2.7274974748         1.3301823480         2.2199851957       -13.9616088490       -19.8104020990
        4.3605099000        34.5561343900         2.7640873277         1.3378393285         2.2123295633        -2.5332796411       -20.3315479428
        4.3655092000       -47.6224248372         2.2243633417         1.3480486360         2.2199851957        12.7044926361       -19.8104020990
        4.3705089000       -34.1544324744         2.2472055205         1.3403916554         2.2225370732         1.2761634282       -19.6366868178
        4.3755154000        62.8444120014         2.7973580587         1.3301823480         2.2123295633       -13.9616088490       -20.3315479428
        4.3805041000       -67.8335694638         2.1914769854         1.3454963091         2.2250889506         8.8950495668       -19.4629715365
        4.3855153000       -15.2955807335         2.3278897438         1.3352870017         2.2225370732        -6.3427227104       -19.6366868178
        4.3905048000        57.4535526233         2.7910708146         1.3276300211         2.2148814408       -17.7710519183       -20.1578326615
        4.3955140000        -9.9047213554         2.3918530540         1.3378393285         2.2199851957        -2.5332796411       -19.8104020990
        4.4005085000        -9.9047213554         2.3918530540         1.3378393285         2.2199851957        -2.5332796411       -19.8104020990
        4.4054275000        -9.9047213554         2.3918530540         1.3378393285         2.2199851957        -2.5332796411       -19.8104020990
        4.4105033000       -58.4041435933         2.2066197319         1.3429439823         2.2250889506         5.0856064975       -19.4629715365
        4.4155134000         8.9541303854         2.6156160012         1.3327346748         2.2199851957       -10.1521657797       -19.8104020990
        4.4205056000        43.9855602605         2.7752563586         1.3352870017         2.2123295633        -6.3427227104       -20.3315479428
        4.4255072000       -82.6538547123         2.1683461966         1.3454963091         2.2276408281         8.8950495668       -19.2892562553
        4.4304242000         4.9155638931         2.5676978377         1.3378393285         2.2174333183        -2.5332796411       -19.9841173803
        4.4354986000        62.8444120014         2.7973580587         1.3301823480         2.2123295633       -13.9616088490       -20.3315479428
        4.4405040000        10.3064232711         2.6316611478         1.3403916554         2.2148814408         1.2761634282       -20.1578326615
        4.4455218000        -4.5138619774         2.4558163641         1.3403916554         2.2174333183         1.2761634282       -19.9841173803
        4.4505108000        -0.4752954850         2.5037345276         1.3352870017         2.2199851957        -6.3427227104       -19.8104020990
        4.4555134000        38.5947008824         2.7688811045         1.3327346748         2.2148814408       -10.1521657797       -20.1578326615
        4.4605061000       -82.6538547123         2.1683461966         1.3454963091         2.2276408281         8.8950495668       -19.2892562553
        4.4655092000       -58.4041435933         2.2066197319         1.3429439823         2.2250889506         5.0856064975       -19.4629715365
        4.4704260000       -43.5838583448         2.2311320810         1.3429439823         2.2225370732         5.0856064975       -19.6366868178
        4.4755349000       -73.2244288418         2.1829708380         1.3429439823         2.2276408281         5.0856064975       -19.2892562553
        4.4804265000        57.4535526233         2.7910708146         1.3276300211         2.2148814408       -17.7710519183       -20.1578326615
        4.4855297000        99.2098225975         2.8392086661         1.3123160600         2.2174333183       -40.6277103342       -19.9841173803
        4.4905047000      -105.5512729456         2.1340946004         1.3557056165         2.2250889506        24.1328218441       -19.4629715365
        4.4955029000         0.8769974007         2.5197796742         1.3429439823         2.2148814408         5.0856064975       -20.1578326615
        4.5005155000        33.2038415044         2.7624786834         1.3301823480         2.2174333183       -13.9616088490       -19.9841173803
        4.5055083000       -81.3015618266         2.1704241455         1.3531532897         2.2225370732        20.3233787748       -19.6366868178
        4.5105083000       -19.3341472259         2.2799715804         1.3403916554         2.2199851957         1.2761634282       -19.8104020990
        4.5155021000        -0.4752954850         2.5037345276         1.3352870017         2.2199851957        -6.3427227104       -19.8104020990
        4.5205132000       -53.0132842153         2.2154329561         1.3454963091         2.2225370732         8.8950495668       -19.6366868178
        4.5255019000        -9.9047213554         2.3918530540         1.3378393285         2.2199851957        -2.5332796411       -19.8104020990
        4.5305123000       -58.4041435933         2.2066197319         1.3429439823         2.2250889506         5.0856064975       -19.4629715365
        4.5355016000        -4.5138619774         2.4558163641         1.3403916554         2.2174333183         1.2761634282       -19.9841173803
        4.5405069000        -9.9047213554         2.3918530540         1.3378393285         2.2199851957        -2.5332796411       -19.8104020990
        4.5455015000        53.4149861309         2.7863450131         1.3327346748         2.2123295633       -10.1521657797       -20.3315479428
        4.5505103000       -19.3341472259         2.2799715804         1.3403916554         2.2199851957         1.2761634282       -19.8104020990
        4.5555004000        -4.5138619774         2.4558163641         1.3403916554         2.2174333183         1.2761634282       -19.9841173803
        4.5605100000        38.5947008824         2.7688811045         1.3327346748         2.2148814408       -10.1521657797       -20.1578326615
        4.5655015000       -38.1929989668         2.2402745104         1.3454963091         2.2199851957         8.8950495668       -19.8104020990
        4.5705033000         4.9155638931         2.5676978377         1.3378393285         2.2174333183        -2.5332796411       -19.9841173803
        4.5755039000        23.7744156339         2.7512118551         1.3327346748         2.2174333183       -10.1521657797       -19.9841173803
        4.5805065000        38.5947008824         2.7688811045         1.3327346748         2.2148814408       -10.1521657797       -20.1578326615
        4.5855071000        -9.9047213554         2.3918530540         1.3378393285         2.2199851957        -2.5332796411       -19.8104020990
        4.5904955000         4.9155638931         2.5676978377         1.3378393285         2.2174333183        -2.5332796411       -19.9841173803
        4.5954219000       -43.5838583448         2.2311320810         1.3429439823         2.2225370732         5.0856064975       -19.6366868178
        4.6005133000       -53.0132842153         2.2154329561         1.3454963091         2.2225370732         8.8950495668       -19.6366868178
        4.6055030000       -23.3727137183         2.2660634096         1.3454963091         2.2174333183         8.8950495668       -19.9841173803
        4.6104253000        -9.9047213554         2.3918530540         1.3378393285         2.2199851957        -2.5332796411       -19.8104020990
        4.6155078000       -53.0132842153         2.2154329561         1.3454963091         2.2225370732         8.8950495668       -19.6366868178
        4.6205053000       -20.6864401115         2.2708441260         1.3327346748         2.2250889506       -10.1521657797       -19.4629715365
        4.6255086000        33.2038415044         2.7624786834         1.3301823480         2.2174333183       -13.9616088490       -19.9841173803
        4.6305065000        73.6261307575         2.8098639240         1.3352870017         2.2072258084        -6.3427227104       -20.6789785052
        4.6355206000        14.3449897635         2.6795793113         1.3352870017         2.2174333183        -6.3427227104       -19.9841173803
        4.6405375000        77.6646972499         2.8145258850         1.3301823480         2.2097776859       -13.9616088490       -20.5052632240
        4.6455087000        58.8058455090         2.7926501899         1.3352870017         2.2097776859        -6.3427227104       -20.5052632240
        4.6505143000       -62.4427100857         2.2000923021         1.3480486360         2.2225370732        12.7044926361       -19.6366868178
        4.6555075000        10.3064232711         2.6316611478         1.3403916554         2.2148814408         1.2761634282       -20.1578326615
        4.6605228000        58.8058455090         2.7926501899         1.3352870017         2.2097776859        -6.3427227104       -20.5052632240
        4.6656192000        -4.5138619774         2.4558163641         1.3403916554         2.2174333183         1.2761634282       -19.9841173803
        4.6705130000       -28.7635730963         2.2565691519         1.3429439823         2.2199851957         5.0856064975       -19.8104020990
        4.6755149000         8.9541303854         2.6156160012         1.3327346748         2.2199851957       -10.1521657797       -19.8104020990
        4.6805003000       -23.3727137183         2.2660634096         1.3454963091         2.2174333183         8.8950495668       -19.9841173803
        4.6854987000       -58.4041435933         2.2066197319         1.3429439823         2.2250889506         5.0856064975       -19.4629715365
        4.6905099000        68.2352713794         2.8036221360         1.3327346748         2.2097776859       -10.1521657797       -20.5052632240
        4.6955080000        19.7358491415         2.7435426214         1.3378393285         2.2148814408        -2.5332796411       -20.1578326615
        4.7005004000       -43.5838583448         2.2311320810         1.3429439823         2.2225370732         5.0856064975       -19.6366868178
        4.7055079000        -4.5138619774         2.4558163641         1.3403916554         2.2174333183         1.2761634282       -19.9841173803
        4.7105039000        -4.5138619774         2.4558163641         1.3403916554         2.2174333183         1.2761634282       -19.9841173803
        4.7155013000       -53.0132842153         2.2154329561         1.3454963091         2.2225370732         8.8950495668       -19.6366868178
        4.7205043000        77.6646972499         2.8145258850         1.3301823480         2.2097776859       -13.9616088490       -20.5052632240
        4.7255059000         4.9155638931         2.5676978377         1.3378393285         2.2174333183        -2.5332796411       -19.9841173803
        4.7304981000         4.9155638931         2.5676978377         1.3378393285         2.2174333183        -2.5332796411       -19.9841173803
        4.7355071000        68.2352713794         2.8036221360         1.3327346748         2.2097776859       -10.1521657797       -20.5052632240
        4.7405029000        10.3064232711         2.6316611478         1.3403916554         2.2148814408         1.2761634282       -20.1578326615
        4.7455082000        62.8444120014         2.7973580587         1.3301823480         2.2123295633       -13.9616088490       -20.3315479428
        4.7504178000        49.3764196385         2.7816053426         1.3378393285         2.2097776859        -2.5332796411       -20.5052632240
        4.7555040000       -62.4427100857         2.2000923021         1.3480486360         2.2225370732        12.7044926361       -19.6366868178
        4.7604990000        -4.5138619774         2.4558163641         1.3403916554         2.2174333183         1.2761634282       -19.9841173803
        4.7655014000        -4.5138619774         2.4558163641         1.3403916554         2.2174333183         1.2761634282       -19.9841173803
        4.7705049000        77.6646972499         2.8145258850         1.3301823480         2.2097776859       -13.9616088490       -20.5052632240
        4.7755015000       -53.0132842153         2.2154329561         1.3454963091         2.2225370732         8.8950495668       -19.6366868178
        4.7805038000        49.3764196385         2.7816053426         1.3378393285         2.2097776859        -2.5332796411       -20.5052632240
        4.7855064000       -43.5838583448         2.2311320810         1.3429439823         2.2225370732         5.0856064975       -19.6366868178
        4.7904981000        77.6646972499         2.8145258850         1.3301823480         2.2097776859       -13.9616088490       -20.5052632240
        4.7960729000       -53.0132842153         2.2154329561         1.3454963091         2.2225370732         8.8950495668       -19.6366868178
        4.8005034000       -23.3727137183         2.2660634096         1.3454963091         2.2174333183         8.8950495668       -19.9841173803
        4.8055116000        -3.1615690918         2.4718615107         1.3480486360         2.2123295633        12.7044926361       -20.3315479428
        4.8105040000       -71.8721359562         2.1850944979         1.3506009628         2.2225370732        16.5139357054       -19.6366868178
        4.8154364000        38.5947008824         2.7688811045         1.3327346748         2.2148814408       -10.1521657797       -20.1578326615
        4.8204987000       -13.9432878478         2.3439348905         1.3429439823         2.2174333183         5.0856064975       -19.9841173803
        4.8255517000       -13.9432878478         2.3439348905         1.3429439823         2.2174333183         5.0856064975       -19.9841173803
        4.8304996000        -9.9047213554         2.3918530540         1.3378393285         2.2199851957        -2.5332796411       -19.8104020990
        4.8355018000         4.9155638931         2.5676978377         1.3378393285         2.2174333183        -2.5332796411       -19.9841173803
        4.8405047000        33.2038415044         2.7624786834         1.3301823480         2.2174333183       -13.9616088490       -19.9841173803
        4.8454953000         4.9155638931         2.5676978377         1.3378393285         2.2174333183        -2.5332796411       -19.9841173803
        4.8504991000       -53.0132842153         2.2154329561         1.3454963091         2.2225370732         8.8950495668       -19.6366868178
        4.8555007000        53.4149861309         2.7863450131         1.3327346748         2.2123295633       -10.1521657797       -20.3315479428
        4.8604995000       -79.9492689410         2.1725085165         1.3608102703         2.2174333183        31.7517079827       -19.9841173803
        4.8655015000      -109.5898394380         2.1282271607         1.3608102703         2.2225370732        31.7517079827       -19.6366868178
        4.8705021000       -32.8021395887         2.2495422729         1.3480486360         2.2174333183        12.7044926361       -19.9841173803
        4.8755012000        39.9469937681         2.7704828495         1.3403916554         2.2097776859         1.2761634282       -20.5052632240
        4.8804981000       -24.7250066039         2.2636693414         1.3378393285         2.2225370732        -2.5332796411       -19.6366868178
        4.8855004000        53.4149861309         2.7863450131         1.3327346748         2.2123295633       -10.1521657797       -20.3315479428
        4.8905053000       -67.8335694638         2.1914769854         1.3454963091         2.2250889506         8.8950495668       -19.4629715365
        4.8955012000        39.9469937681         2.7704828495         1.3403916554         2.2097776859         1.2761634282       -20.5052632240
        4.9004986000        19.7358491415         2.7435426214         1.3378393285         2.2148814408        -2.5332796411       -20.1578326615
        4.9055025000        10.3064232711         2.6316611478         1.3403916554         2.2148814408         1.2761634282       -20.1578326615
        4.9105019000         4.9155638931         2.5676978377         1.3378393285         2.2174333183        -2.5332796411       -19.9841173803
        4.9155026000         4.9155638931         2.5676978377         1.3378393285         2.2174333183        -2.5332796411       -19.9841173803
        4.9204982000       -53.0132842153         2.2154329561         1.3454963091         2.2225370732         8.8950495668       -19.6366868178
        4.9254978000        58.8058455090         2.7926501899         1.3352870017         2.2097776859        -6.3427227104       -20.5052632240
        4.9305039000        19.7358491415         2.7435426214         1.3378393285         2.2148814408        -2.5332796411       -20.1578326615
        4.9354968000       -24.7250066039         2.2636693414         1.3378393285         2.2225370732        -2.5332796411       -19.6366868178
        4.9405039000        49.3764196385         2.7816053426         1.3378393285         2.2097776859        -2.5332796411       -20.5052632240
        4.9454951000        -4.5138619774         2.4558163641         1.3403916554         2.2174333183         1.2761634282       -19.9841173803
        4.9505071000        34.5561343900         2.7640873277         1.3378393285         2.2123295633        -2.5332796411       -20.3315479428
        4.9554974000        68.2352713794         2.8036221360         1.3327346748         2.2097776859       -10.1521657797       -20.5052632240
        4.9605092000       -17.9818543403         2.2960167270         1.3480486360         2.2148814408        12.7044926361       -20.1578326615
        4.9654966000         4.9155638931         2.5676978377         1.3378393285         2.2174333183        -2.5332796411       -19.9841173803
        4.9705272000        19.7358491415         2.7435426214         1.3378393285         2.2148814408        -2.5332796411       -20.1578326615
        4.9755222000         4.9155638931         2.5676978377         1.3378393285         2.2174333183        -2.5332796411       -19.9841173803
        4.9805355000         4.9155638931         2.5676978377         1.3378393285         2.2174333183        -2.5332796411       -19.9841173803
        4.9855410000       -62.4427100857         2.2000923021         1.3480486360         2.2225370732        12.7044926361       -19.6366868178
        4.9905250000        43.9855602605         2.7752563586         1.3352870017         2.2123295633        -6.3427227104       -20.3315479428
        4.9955222000        77.6646972499         2.8145258850         1.3301823480         2.2097776859       -13.9616088490       -20.5052632240
        5.0005048000        -4.5138619774         2.4558163641         1.3403916554         2.2174333183         1.2761634282       -19.9841173803
