% Designation Loop  psi_cmd=+15.000deg  (absolute, NEUTRAL ref)
% Kp=22.5158  Kd=1.0137  K_pot=68.073520deg/V
% Vg_offset=1.337788V  K_gimbal=26.049690  samples=1001

Time[s]              OmegaCmd[deg/s]      Vc[V]                Vg[V]                Pot[V]               Omega[rad/s]         Psi[deg]            
        0.0004000000       317.1912994006         3.0526070763         1.3454963091         2.5057954711         0.2007917192         0.3945181202
        0.0053895000       321.0529683981         3.0566149959         1.3429439823         2.5057954711         0.1343043949         0.3945181202
        0.0104066000       356.0066404264         3.0927153324         1.3301823480         2.4955879613        -0.1981322262        -0.3003430048
        0.0154087000       340.5103016737         3.0767457256         1.3378393285         2.4981398388         0.0013297465        -0.1266277235
        0.0204547000       332.7373009160         3.0687155768         1.3403916554         2.5006917162         0.0678170707         0.0470875577
        0.0253755000       286.2482846578         3.0203076057         1.3633625971         2.5083473486         0.6662029888         0.5682334015
        0.0304168000       263.1775961982         2.9959724533         1.3837812120         2.5032435937         1.1981015826         0.2208028390
        0.0354046000       158.7138822147         2.8820562227         1.4424847297         2.5134511035         2.7273100398         0.9156639639
        0.0403994000       127.6218791839         2.8466990252         1.4526940371         2.5236586133         2.9932593367         1.6105250889
        0.0453926000       131.3345598933         2.8509606642         1.4424847297         2.5313142457         2.7273100398         2.1316709326
        0.0504117000       100.0439058116         2.8146925070         1.4424847297         2.5517292654         2.7273100398         3.5213931826
        0.0554078000       119.3025880365         2.8371094540         1.4271707685         2.5542811429         2.3283860944         3.6951084638
        0.0604080000       138.6109330240         2.8592812557         1.4144091342         2.5542811429         1.9959494733         3.6951084638
        0.0653929000       115.0932797001         2.8322360176         1.4118568074         2.5721442851         1.9294621491         4.9111154325
        0.0704165000        99.4479526593         2.8139938896         1.4118568074         2.5823517949         1.9294621491         5.6059765575
        0.0753869000        91.6749519016         2.8048542937         1.4144091342         2.5849036724         1.9959494733         5.7796918388
        0.0803984000        56.6219543478         2.7629889057         1.4220661148         2.6002149371         2.1954114460         6.8219835262
        0.0853968000        87.6146318533         2.8000596347         1.4067521537         2.5951111822         1.7964875006         6.4745529637
        0.0904114000        64.1466412920         2.7720670737         1.4067521537         2.6104224470         1.7964875006         7.5168446512
        0.0953814000        64.0473157666         2.7719475704         1.4016475000         2.6155262019         1.6635128522         7.8642752137
        0.1004163000        52.3133204860         2.7577679661         1.4016475000         2.6231818342         1.6635128522         8.3854210574
        0.1053954000        52.2139949606         2.7576474130         1.3965428462         2.6282855892         1.5305382037         8.7328516199
        0.1104303000        40.4799996800         2.7433429944         1.3965428462         2.6359412215         1.5305382037         9.2539974636
        0.1154146000        52.0650066726         2.7574665667         1.3888858657         2.6359412215         1.3310762310         9.2539974636
        0.1203884000        32.6573361596         2.7337372343         1.3965428462         2.6410449765         1.5305382037         9.6014280261
        0.1253976000        17.0120091188         2.6851084492         1.3965428462         2.6512524863         1.5305382037        10.2962891511
        0.1303922000       -10.3176504399         2.3835711907         1.3990951731         2.6665637511         1.5970255279        11.3385808385
        0.1353904000        24.5863588257         2.7237678243         1.3837812120         2.6589081187         1.1981015826        10.8174349948
        0.1404086000        24.3877077749         2.7235216916         1.3735719045         2.6691156285         0.9321522857        11.5122961198
        0.1453958000        35.9230520048         2.7377541293         1.3633625971         2.6716675060         0.6662029888        11.6860114010
        0.1504009000        28.1500512471         2.7281771379         1.3659149240         2.6742193834         0.7326903130        11.8597266823
        0.1553967000        12.6537124943         2.6370219074         1.3735719045         2.6767712609         0.9321522857        12.0334419635
        0.1604075000        -2.9916145465         2.4644017907         1.3735719045         2.6869787707         0.9321522857        12.7283030885
        0.1654065000        35.8237264794         2.7376321007         1.3582579434         2.6767712609         0.5332283403        12.0334419635
        0.1704275000        31.7634064311         2.7326359816         1.3506009628         2.6869787707         0.3337663676        12.7283030885
        0.1753969000        16.2174049156         2.6763413157         1.3557056165         2.6920825256         0.4667410161        13.0757336510
        0.1803855000        24.0400684361         2.7230908720         1.3557056165         2.6869787707         0.4667410161        12.7283030885
        0.1854078000        23.9904056734         2.7230293172         1.3531532897         2.6895306482         0.4002536918        12.9020183697
        0.1904004000        12.3060731554         2.6331862865         1.3557056165         2.6946344031         0.4667410161        13.2494489322
        0.1953940000        39.4867444261         2.7421264296         1.3454963091         2.6869787707         0.2007917192        12.7283030885
        0.2003846000         4.4834096350         2.5468762282         1.3557056165         2.6997381580         0.4667410161        13.5968794947
        0.2054081000        23.8910801480         2.7229062009         1.3480486360         2.6946344031         0.2672790434        13.2494489322
        0.2103797000         8.2954158699         2.5889353657         1.3506009628         2.7022900355         0.3337663676        13.7705947759
        0.2153973000        27.7030863828         2.7276247545         1.3429439823         2.6971862806         0.1343043949        13.4231642135
        0.2203901000        19.9797483878         2.7178525074         1.3480486360         2.6971862806         0.2672790434        13.4231642135
        0.2253839000        31.5647553803         2.7323911594         1.3403916554         2.6971862806         0.0678170707        13.4231642135
        0.2304051000        35.4760871405         2.7372049296         1.3403916554         2.6946344031         0.0678170707        13.2494489322
        0.2353970000       -14.9242608779         2.3327449198         1.3633625971         2.7048419129         0.6662029888        13.9443100572
        0.2403901000        31.6144181430         2.7324523683         1.3429439823         2.6946344031         0.1343043949        13.2494489322
        0.2453908000        19.8307600997         2.7162086699         1.3403916554         2.7048419129         0.0678170707        13.9443100572
        0.2503886000        43.1497623728         2.7466085441         1.3327346748         2.6971862806        -0.1316449020        13.4231642135
        0.2554020000        39.2384306126         2.7418221481         1.3327346748         2.6997381580        -0.1316449020        13.5968794947
        0.2603933000         4.3344213469         2.5452323906         1.3480486360         2.7073937904         0.2672790434        14.1180253384
        0.2656324000        23.7917546226         2.7227830755         1.3429439823         2.6997381580         0.1343043949        13.5968794947
        0.2703907000        31.4654298549         2.7322687347         1.3352870017         2.7022900355        -0.0651575777        13.7705947759
        0.2754023000        12.0080965793         2.6298986115         1.3403916554         2.7099456679         0.0678170707        14.2917406197
        0.2803944000        47.0610941330         2.7513810607         1.3327346748         2.6946344031        -0.1316449020        13.2494489322
        0.2853959000         8.1464275818         2.5872915281         1.3429439823         2.7099456679         0.1343043949        14.2917406197
        0.2903865000        47.0114313703         2.7513205501         1.3301823480         2.6971862806        -0.1981322262        13.4231642135
        0.2954305000        23.7420918599         2.7227215093         1.3403916554         2.7022900355         0.0678170707        13.7705947759
        0.3003970000        47.0610941330         2.7513810607         1.3327346748         2.6946344031        -0.1316449020        13.2494489322
        0.3054059000        23.7420918599         2.7227215093         1.3403916554         2.7022900355         0.0678170707        13.7705947759
        0.3103899000         8.1464275818         2.5872915281         1.3429439823         2.7099456679         0.1343043949        14.2917406197
        0.3154034000        43.1497623728         2.7466085441         1.3327346748         2.6971862806        -0.1316449020        13.4231642135
        0.3204002000        31.4157670922         2.7322075190         1.3327346748         2.7048419129        -0.1316449020        13.9443100572
        0.3254297000        23.6924290972         2.7226599409         1.3378393285         2.7048419129         0.0013297465        13.9443100572
        0.3303965000        23.6924290972         2.7226599409         1.3378393285         2.7048419129         0.0013297465        13.9443100572
        0.3354399000        -7.3002484083         2.4168631948         1.3531532897         2.7099456679         0.4002536918        14.2917406197
        0.3404046000        23.6924290972         2.7226599409         1.3378393285         2.7048419129         0.0013297465        13.9443100572
        0.3454124000        66.2701135951         2.7746198333         1.3148683868         2.6997381580        -0.5970561716        13.5968794947
        0.3503942000        23.7420918599         2.7227215093         1.3403916554         2.7022900355         0.0678170707        13.7705947759
        0.3554085000        -3.4882421735         2.4589223323         1.3480486360         2.7124975453         0.2672790434        14.4654559009
        0.3603995000        35.4264243778         2.7371438961         1.3378393285         2.6971862806         0.0013297465        13.4231642135
        0.3654060000        35.3767616151         2.7370828604         1.3352870017         2.6997381580        -0.0651575777        13.5968794947
        0.3704007000         4.2350958216         2.5441364990         1.3429439823         2.7124975453         0.1343043949        14.4654559009
        0.3754058000        12.0080965793         2.6298986115         1.3403916554         2.7099456679         0.0678170707        14.2917406197
        0.3804113000        23.6427663345         2.7225983702         1.3352870017         2.7073937904        -0.0651575777        14.1180253384
        0.3854013000         8.1464275818         2.5872915281         1.3429439823         2.7099456679         0.1343043949        14.2917406197
        0.3904016000        39.2384306126         2.7418221481         1.3327346748         2.6997381580        -0.1316449020        13.5968794947
        0.3953911000         8.1464275818         2.5872915281         1.3429439823         2.7099456679         0.1343043949        14.2917406197
        0.4003889000        35.3767616151         2.7370828604         1.3352870017         2.6997381580        -0.0651575777        13.5968794947
        0.4054009000        23.6427663345         2.7225983702         1.3352870017         2.7073937904        -0.0651575777        14.1180253384
        0.4103932000        19.8307600997         2.7162086699         1.3403916554         2.7048419129         0.0678170707        13.9443100572
        0.4153899000        15.9690911022         2.6736015865         1.3429439823         2.7048419129         0.1343043949        13.9443100572
        0.4203821000        15.8697655768         2.6725056948         1.3378393285         2.7099456679         0.0013297465        14.2917406197
        0.4253847000        23.6924290972         2.7226599409         1.3378393285         2.7048419129         0.0013297465        13.9443100572
        0.4303776000        31.5150926176         2.7323299482         1.3378393285         2.6997381580         0.0013297465        13.5968794947
        0.4353899000         0.3237640613         2.5009814698         1.3429439823         2.7150494228         0.1343043949        14.6391711822
        0.4403885000        35.3270988524         2.7370218224         1.3327346748         2.7022900355        -0.1316449020        13.7705947759
        0.4453860000         4.2350958216         2.5441364990         1.3429439823         2.7124975453         0.1343043949        14.4654559009
        0.4503790000        35.3270988524         2.7370218224         1.3327346748         2.7022900355        -0.1316449020        13.7705947759
        0.4553977000        27.5540980947         2.7274405858         1.3352870017         2.7048419129        -0.0651575777        13.9443100572
        0.4603944000        19.7810973370         2.7156607240         1.3378393285         2.7073937904         0.0013297465        14.1180253384
        0.4653874000        12.0080965793         2.6298986115         1.3403916554         2.7099456679         0.0678170707        14.2917406197
        0.4704074000         0.3237640613         2.5009814698         1.3429439823         2.7150494228         0.1343043949        14.6391711822
        0.4754225000        19.7314345743         2.7151127782         1.3352870017         2.7099456679        -0.0651575777        14.2917406197
        0.4803971000         8.1464275818         2.5872915281         1.3429439823         2.7099456679         0.1343043949        14.2917406197
        0.4854511000        19.7810973370         2.7156607240         1.3378393285         2.7073937904         0.0013297465        14.1180253384
        0.4904203000        19.7810973370         2.7156607240         1.3378393285         2.7073937904         0.0013297465        14.1180253384
        0.4953973000        15.9194283395         2.6730536407         1.3403916554         2.7073937904         0.0678170707        14.1180253384
        0.5004273000        35.3767616151         2.7370828604         1.3352870017         2.6997381580        -0.0651575777        13.5968794947
        0.5053911000        27.5044353320         2.7273791918         1.3327346748         2.7073937904        -0.1316449020        14.1180253384
        0.5103905000        15.8697655768         2.6725056948         1.3378393285         2.7099456679         0.0013297465        14.2917406197
        0.5154082000        -3.5379049362         2.4583743864         1.3454963091         2.7150494228         0.2007917192        14.6391711822
        0.5204041000        31.4157670922         2.7322075190         1.3327346748         2.7048419129        -0.1316449020        13.9443100572
        0.5254157000        19.7810973370         2.7156607240         1.3378393285         2.7073937904         0.0013297465        14.1180253384
        0.5303880000        31.4654298549         2.7322687347         1.3352870017         2.7022900355        -0.0651575777        13.7705947759
        0.5354823000        23.5931035718         2.7225367973         1.3327346748         2.7099456679        -0.1316449020        14.2917406197
        0.5404247000        12.0577593420         2.6304465573         1.3429439823         2.7073937904         0.1343043949        14.1180253384
        0.5453965000        15.8697655768         2.6725056948         1.3378393285         2.7099456679         0.0013297465        14.2917406197
        0.5504303000         0.3237640613         2.5009814698         1.3429439823         2.7150494228         0.1343043949        14.6391711822
        0.5553851000        19.7314345743         2.7151127782         1.3352870017         2.7099456679        -0.0651575777        14.2917406197
        0.5603934000         0.3237640613         2.5009814698         1.3429439823         2.7150494228         0.1343043949        14.6391711822
        0.5653918000        31.4157670922         2.7322075190         1.3327346748         2.7048419129        -0.1316449020        13.9443100572
        0.5703845000        19.7314345743         2.7151127782         1.3352870017         2.7099456679        -0.0651575777        14.2917406197
        0.5754089000        -3.4882421735         2.4589223323         1.3480486360         2.7124975453         0.2672790434        14.4654559009
        0.5803900000        -3.5379049362         2.4583743864         1.3454963091         2.7150494228         0.2007917192        14.6391711822
        0.5854045000        19.7314345743         2.7151127782         1.3352870017         2.7099456679        -0.0651575777        14.2917406197
        0.5903882000        31.4157670922         2.7322075190         1.3327346748         2.7048419129        -0.1316449020        13.9443100572
        0.5953922000         8.1464275818         2.5872915281         1.3429439823         2.7099456679         0.1343043949        14.2917406197
        0.6003767000        -7.4492366964         2.4152193572         1.3454963091         2.7176013002         0.2007917192        14.8128864634
        0.6053984000        39.1391050872         2.7417004198         1.3276300211         2.7048419129        -0.2646195504        13.9443100572
        0.6103878000        12.0080965793         2.6298986115         1.3403916554         2.7099456679         0.0678170707        14.2917406197
        0.6153887000       -11.3109056939         2.3726122739         1.3480486360         2.7176013002         0.2672790434        14.8128864634
        0.6203867000        19.7314345743         2.7151127782         1.3352870017         2.7099456679        -0.0651575777        14.2917406197
        0.6254112000         8.1464275818         2.5872915281         1.3429439823         2.7099456679         0.1343043949        14.2917406197
        0.6303978000        -7.4492366964         2.4152193572         1.3454963091         2.7176013002         0.2007917192        14.8128864634
        0.6353971000        15.8697655768         2.6725056948         1.3378393285         2.7099456679         0.0013297465        14.2917406197
        0.6404089000         8.1464275818         2.5872915281         1.3429439823         2.7099456679         0.1343043949        14.2917406197
        0.6453987000        -7.4492366964         2.4152193572         1.3454963091         2.7176013002         0.2007917192        14.8128864634
        0.6503935000        39.1391050872         2.7417004198         1.3276300211         2.7048419129        -0.2646195504        13.9443100572
        0.6553977000        19.7314345743         2.7151127782         1.3352870017         2.7099456679        -0.0651575777        14.2917406197
        0.6603891000        11.9584338166         2.6293506656         1.3378393285         2.7124975453         0.0013297465        14.4654559009
        0.6653903000        15.8697655768         2.6725056948         1.3378393285         2.7099456679         0.0013297465        14.2917406197
        0.6703991000        -3.5875676989         2.4578264406         1.3429439823         2.7176013002         0.1343043949        14.8128864634
        0.6753944000        31.4157670922         2.7322075190         1.3327346748         2.7048419129        -0.1316449020        13.9443100572
        0.6803926000        -3.5379049362         2.4583743864         1.3454963091         2.7150494228         0.2007917192        14.6391711822
        0.6854063000        11.9584338166         2.6293506656         1.3378393285         2.7124975453         0.0013297465        14.4654559009
        0.6903778000        35.2774360897         2.7369607822         1.3301823480         2.7048419129        -0.1981322262        13.9443100572
        0.6953989000        -3.5875676989         2.4578264406         1.3429439823         2.7176013002         0.1343043949        14.8128864634
        0.7003889000        12.0080965793         2.6298986115         1.3403916554         2.7099456679         0.0678170707        14.2917406197
        0.7054192000        -7.4988994591         2.4146714114         1.3429439823         2.7201531777         0.1343043949        14.9866017446
        0.7104035000        19.7314345743         2.7151127782         1.3352870017         2.7099456679        -0.0651575777        14.2917406197
        0.7153948000        19.8307600997         2.7162086699         1.3403916554         2.7048419129         0.0678170707        13.9443100572
        0.7203991000         4.1854330588         2.5435885531         1.3403916554         2.7150494228         0.0678170707        14.6391711822
        0.7253961000       -11.3605684566         2.3720643281         1.3454963091         2.7201531777         0.2007917192        14.9866017446
        0.7304055000        23.6427663345         2.7225983702         1.3352870017         2.7073937904        -0.0651575777        14.1180253384
        0.7354029000        15.8201028141         2.6719577490         1.3352870017         2.7124975453        -0.0651575777        14.4654559009
        0.7403919000         4.2350958216         2.5441364990         1.3429439823         2.7124975453         0.1343043949        14.4654559009
        0.7454061000        35.3270988524         2.7370218224         1.3327346748         2.7022900355        -0.1316449020        13.7705947759
        0.7504106000        15.8201028141         2.6719577490         1.3352870017         2.7124975453        -0.0651575777        14.4654559009
        0.7554054000        27.5044353320         2.7273791918         1.3327346748         2.7073937904        -0.1316449020        14.1180253384
        0.7604166000        15.8697655768         2.6725056948         1.3378393285         2.7099456679         0.0013297465        14.2917406197
        0.7653850000        31.3661043295         2.7321463010         1.3301823480         2.7073937904        -0.1981322262        14.1180253384
        0.7704095000        -7.4492366964         2.4152193572         1.3454963091         2.7176013002         0.2007917192        14.8128864634
        0.7753857000        -7.4988994591         2.4146714114         1.3429439823         2.7201531777         0.1343043949        14.9866017446
        0.7804038000        11.9584338166         2.6293506656         1.3378393285         2.7124975453         0.0013297465        14.4654559009
        0.7854047000       -30.6689134441         2.2612236222         1.3582579434         2.7201531777         0.5332283403        14.9866017446
        0.7906769000        -7.4988994591         2.4146714114         1.3429439823         2.7201531777         0.1343043949        14.9866017446
        0.7954179000         4.2350958216         2.5441364990         1.3429439823         2.7124975453         0.1343043949        14.4654559009
        0.8004074000        11.9584338166         2.6293506656         1.3378393285         2.7124975453         0.0013297465        14.4654559009
        0.8053915000        31.3661043295         2.7321463010         1.3301823480         2.7073937904        -0.1981322262        14.1180253384
        0.8104140000        -3.5875676989         2.4578264406         1.3429439823         2.7176013002         0.1343043949        14.8128864634
        0.8153870000        31.3661043295         2.7321463010         1.3301823480         2.7073937904        -0.1981322262        14.1180253384
        0.8204060000        35.2277733270         2.7368997398         1.3276300211         2.7073937904        -0.2646195504        14.1180253384
        0.8253955000        -7.4492366964         2.4152193572         1.3454963091         2.7176013002         0.2007917192        14.8128864634
        0.8303997000        15.9194283395         2.6730536407         1.3403916554         2.7073937904         0.0678170707        14.1180253384
        0.8353841000         8.0967648191         2.5867435823         1.3403916554         2.7124975453         0.0678170707        14.4654559009
        0.8404099000        11.9087710539         2.6288027198         1.3352870017         2.7150494228        -0.0651575777        14.6391711822
        0.8453783000         4.1854330588         2.5435885531         1.3403916554         2.7150494228         0.0678170707        14.6391711822
        0.8503993000        35.2774360897         2.7369607822         1.3301823480         2.7048419129        -0.1981322262        13.9443100572
        0.8553895000        11.9584338166         2.6293506656         1.3378393285         2.7124975453         0.0013297465        14.4654559009
        0.8604060000        11.9584338166         2.6293506656         1.3378393285         2.7124975453         0.0013297465        14.4654559009
        0.8653781000        23.6427663345         2.7225983702         1.3352870017         2.7073937904        -0.0651575777        14.1180253384
        0.8703994000        11.9584338166         2.6293506656         1.3378393285         2.7124975453         0.0013297465        14.4654559009
        0.8753960000         8.0967648191         2.5867435823         1.3403916554         2.7124975453         0.0678170707        14.4654559009
        0.8803879000         8.0471020564         2.5861956365         1.3378393285         2.7150494228         0.0013297465        14.6391711822
        0.8854006000       -11.3605684566         2.3720643281         1.3454963091         2.7201531777         0.2007917192        14.9866017446
        0.8903984000        19.7314345743         2.7151127782         1.3352870017         2.7099456679        -0.0651575777        14.2917406197
        0.8953899000        -7.4988994591         2.4146714114         1.3429439823         2.7201531777         0.1343043949        14.9866017446
        0.9003919000        27.4547725693         2.7273177954         1.3301823480         2.7099456679        -0.1981322262        14.2917406197
        0.9053901000        27.4051098066         2.7272563968         1.3276300211         2.7124975453        -0.2646195504        14.4654559009
        0.9104301000         8.0967648191         2.5867435823         1.3403916554         2.7124975453         0.0678170707        14.4654559009
        0.9153950000        23.6427663345         2.7225983702         1.3352870017         2.7073937904        -0.0651575777        14.1180253384
        0.9203900000         0.2741012986         2.5004335239         1.3403916554         2.7176013002         0.0678170707        14.8128864634
        0.9253892000        35.2277733270         2.7368997398         1.3276300211         2.7073937904        -0.2646195504        14.1180253384
        0.9304302000        31.4157670922         2.7322075190         1.3327346748         2.7048419129        -0.1316449020        13.9443100572
        0.9354003000        23.5931035718         2.7225367973         1.3327346748         2.7099456679        -0.1316449020        14.2917406197
        0.9404006000         4.1854330588         2.5435885531         1.3403916554         2.7150494228         0.0678170707        14.6391711822
        0.9453837000         8.0967648191         2.5867435823         1.3403916554         2.7124975453         0.0678170707        14.4654559009
        0.9504156000       -11.3605684566         2.3720643281         1.3454963091         2.7201531777         0.2007917192        14.9866017446
        0.9554011000        11.9584338166         2.6293506656         1.3378393285         2.7124975453         0.0013297465        14.4654559009
        0.9603980000        31.3164415668         2.7320850807         1.3276300211         2.7099456679        -0.2646195504        14.2917406197
        0.9653911000         4.1854330588         2.5435885531         1.3403916554         2.7150494228         0.0678170707        14.6391711822
        0.9703878000         4.1854330588         2.5435885531         1.3403916554         2.7150494228         0.0678170707        14.6391711822
        0.9754033000        -7.5485622218         2.4141234656         1.3403916554         2.7227050552         0.0678170707        15.1603170259
        0.9803982000         8.0471020564         2.5861956365         1.3378393285         2.7150494228         0.0013297465        14.6391711822
        0.9854775000        23.5931035718         2.7225367973         1.3327346748         2.7099456679        -0.1316449020        14.2917406197
        0.9903841000        11.9087710539         2.6288027198         1.3352870017         2.7150494228        -0.0651575777        14.6391711822
        0.9954293000         4.1854330588         2.5435885531         1.3403916554         2.7150494228         0.0678170707        14.6391711822
        1.0003925000         8.0471020564         2.5861956365         1.3378393285         2.7150494228         0.0013297465        14.6391711822
        1.0054203000        23.5434408091         2.7224752221         1.3301823480         2.7124975453        -0.1981322262        14.4654559009
        1.0104035000        11.9584338166         2.6293506656         1.3378393285         2.7124975453         0.0013297465        14.4654559009
        1.0154090000       -11.3605684566         2.3720643281         1.3454963091         2.7201531777         0.2007917192        14.9866017446
        1.0203770000       -11.3605684566         2.3720643281         1.3454963091         2.7201531777         0.2007917192        14.9866017446
        1.0255861000         4.1854330588         2.5435885531         1.3403916554         2.7150494228         0.0678170707        14.6391711822
        1.0303888000        11.9087710539         2.6288027198         1.3352870017         2.7150494228        -0.0651575777        14.6391711822
        1.0354215000         8.0471020564         2.5861956365         1.3378393285         2.7150494228         0.0013297465        14.6391711822
        1.0404030000       -15.3215629795         2.3283613530         1.3429439823         2.7252569326         0.1343043949        15.3340323071
        1.0460298000        23.5931035718         2.7225367973         1.3327346748         2.7099456679        -0.1316449020        14.2917406197
        1.0503865000        -7.4988994591         2.4146714114         1.3429439823         2.7201531777         0.1343043949        14.9866017446
        1.0554083000        27.4547725693         2.7273177954         1.3301823480         2.7099456679        -0.1981322262        14.2917406197
        1.0603977000        -7.4492366964         2.4152193572         1.3454963091         2.7176013002         0.2007917192        14.8128864634
        1.0654019000        27.4547725693         2.7273177954         1.3301823480         2.7099456679        -0.1981322262        14.2917406197
        1.0703863000         8.0471020564         2.5861956365         1.3378393285         2.7150494228         0.0013297465        14.6391711822
        1.0754101000        23.5931035718         2.7225367973         1.3327346748         2.7099456679        -0.1316449020        14.2917406197
        1.0804035000         8.0471020564         2.5861956365         1.3378393285         2.7150494228         0.0013297465        14.6391711822
        1.0853992000       -11.3605684566         2.3720643281         1.3454963091         2.7201531777         0.2007917192        14.9866017446
        1.0903985000        11.9087710539         2.6288027198         1.3352870017         2.7150494228        -0.0651575777        14.6391711822
        1.0954211000         7.9974392937         2.5856476906         1.3352870017         2.7176013002        -0.0651575777        14.8128864634
        1.1003812000         4.1854330588         2.5435885531         1.3403916554         2.7150494228         0.0678170707        14.6391711822
        1.1054052000        11.9584338166         2.6293506656         1.3378393285         2.7124975453         0.0013297465        14.4654559009
        1.1103977000        27.4547725693         2.7273177954         1.3301823480         2.7099456679        -0.1981322262        14.2917406197
        1.1154186000        11.9087710539         2.6288027198         1.3352870017         2.7150494228        -0.0651575777        14.6391711822
        1.1204084000        23.5931035718         2.7225367973         1.3327346748         2.7099456679        -0.1316449020        14.2917406197
        1.1254037000         7.9974392937         2.5856476906         1.3352870017         2.7176013002        -0.0651575777        14.8128864634
        1.1304022000       -11.4102312193         2.3715163822         1.3429439823         2.7227050552         0.1343043949        15.1603170259
        1.1354175000         8.0471020564         2.5861956365         1.3378393285         2.7150494228         0.0013297465        14.6391711822
        1.1404054000         7.9974392937         2.5856476906         1.3352870017         2.7176013002        -0.0651575777        14.8128864634
        1.1454039000         8.0471020564         2.5861956365         1.3378393285         2.7150494228         0.0013297465        14.6391711822
        1.1504032000        -7.5485622218         2.4141234656         1.3403916554         2.7227050552         0.0678170707        15.1603170259
        1.1553993000         4.1854330588         2.5435885531         1.3403916554         2.7150494228         0.0678170707        14.6391711822
        1.1603910000       -15.3215629795         2.3283613530         1.3429439823         2.7252569326         0.1343043949        15.3340323071
        1.1653927000        -7.4988994591         2.4146714114         1.3429439823         2.7201531777         0.1343043949        14.9866017446
        1.1703864000         7.9974392937         2.5856476906         1.3352870017         2.7176013002        -0.0651575777        14.8128864634
        1.1754022000        27.4547725693         2.7273177954         1.3301823480         2.7099456679        -0.1981322262        14.2917406197
        1.1804188000        15.8201028141         2.6719577490         1.3352870017         2.7124975453        -0.0651575777        14.4654559009
        1.1854019000         8.0471020564         2.5861956365         1.3378393285         2.7150494228         0.0013297465        14.6391711822
        1.1904034000       -22.9952382118         2.2723595928         1.3506009628         2.7227050552         0.3337663676        15.1603170259
        1.1953994000        27.4547725693         2.7273177954         1.3301823480         2.7099456679        -0.1981322262        14.2917406197
        1.2004235000       -11.4102312193         2.3715163822         1.3429439823         2.7227050552         0.1343043949        15.1603170259
        1.2053893000       -15.2719002168         2.3289092989         1.3454963091         2.7227050552         0.2007917192        15.1603170259
        1.2104074000        27.4547725693         2.7273177954         1.3301823480         2.7099456679        -0.1981322262        14.2917406197
        1.2153721000        23.5931035718         2.7225367973         1.3327346748         2.7099456679        -0.1316449020        14.2917406197
        1.2203997000        11.9087710539         2.6288027198         1.3352870017         2.7150494228        -0.0651575777        14.6391711822
        1.2253882000       -11.3605684566         2.3720643281         1.3454963091         2.7201531777         0.2007917192        14.9866017446
        1.2303909000        12.0080965793         2.6298986115         1.3403916554         2.7099456679         0.0678170707        14.2917406197
        1.2353990000        15.7704400514         2.6714098032         1.3327346748         2.7150494228        -0.1316449020        14.6391711822
        1.2404274000       -15.2719002168         2.3289092989         1.3454963091         2.7227050552         0.2007917192        15.1603170259
        1.2453938000       -19.0839064516         2.2868501614         1.3506009628         2.7201531777         0.3337663676        14.9866017446
        1.2503901000        27.4051098066         2.7272563968         1.3276300211         2.7124975453        -0.2646195504        14.4654559009
        1.2553769000        -7.4988994591         2.4146714114         1.3429439823         2.7201531777         0.1343043949        14.9866017446
        1.2603965000         7.9974392937         2.5856476906         1.3352870017         2.7176013002        -0.0651575777        14.8128864634
        1.2653888000        11.9087710539         2.6288027198         1.3352870017         2.7150494228        -0.0651575777        14.6391711822
        1.2704129000       -15.2719002168         2.3289092989         1.3454963091         2.7227050552         0.2007917192        15.1603170259
        1.2754048000         7.9974392937         2.5856476906         1.3352870017         2.7176013002        -0.0651575777        14.8128864634
        1.2804020000        12.0080965793         2.6298986115         1.3403916554         2.7099456679         0.0678170707        14.2917406197
        1.2853928000       -11.3605684566         2.3720643281         1.3454963091         2.7201531777         0.2007917192        14.9866017446
        1.2903917000        23.5931035718         2.7225367973         1.3327346748         2.7099456679        -0.1316449020        14.2917406197
        1.2954069000       -11.4102312193         2.3715163822         1.3429439823         2.7227050552         0.1343043949        15.1603170259
        1.3004359000        11.9087710539         2.6288027198         1.3352870017         2.7150494228        -0.0651575777        14.6391711822
        1.3053948000       -11.4102312193         2.3715163822         1.3429439823         2.7227050552         0.1343043949        15.1603170259
        1.3103960000         8.0471020564         2.5861956365         1.3378393285         2.7150494228         0.0013297465        14.6391711822
        1.3153893000        23.5434408091         2.7224752221         1.3301823480         2.7124975453        -0.1981322262        14.4654559009
        1.3204033000       -11.4102312193         2.3715163822         1.3429439823         2.7227050552         0.1343043949        15.1603170259
        1.3253999000        23.5931035718         2.7225367973         1.3327346748         2.7099456679        -0.1316449020        14.2917406197
        1.3303912000       -23.1442264999         2.2721421114         1.3429439823         2.7303606875         0.1343043949        15.6814628696
        1.3353888000        19.7314345743         2.7151127782         1.3352870017         2.7099456679        -0.0651575777        14.2917406197
        1.3404030000        27.4547725693         2.7273177954         1.3301823480         2.7099456679        -0.1981322262        14.2917406197
        1.3454627000         8.0471020564         2.5861956365         1.3378393285         2.7150494228         0.0013297465        14.6391711822
        1.3504053000       -15.2719002168         2.3289092989         1.3454963091         2.7227050552         0.2007917192        15.1603170259
        1.3554067000        19.7314345743         2.7151127782         1.3352870017         2.7099456679        -0.0651575777        14.2917406197
        1.3604069000         7.9974392937         2.5856476906         1.3352870017         2.7176013002        -0.0651575777        14.8128864634
        1.3653783000        27.4547725693         2.7273177954         1.3301823480         2.7099456679        -0.1981322262        14.2917406197
        1.3704008000         4.1357702962         2.5430406073         1.3378393285         2.7176013002         0.0013297465        14.8128864634
        1.3753883000         0.2741012986         2.5004335239         1.3403916554         2.7176013002         0.0678170707        14.8128864634
        1.3803852000        11.9087710539         2.6288027198         1.3352870017         2.7150494228        -0.0651575777        14.6391711822
        1.3854051000         4.1357702962         2.5430406073         1.3378393285         2.7176013002         0.0013297465        14.8128864634
        1.3903989000         8.0471020564         2.5861956365         1.3378393285         2.7150494228         0.0013297465        14.6391711822
        1.3953942000        19.7314345743         2.7151127782         1.3352870017         2.7099456679        -0.0651575777        14.2917406197
        1.4003911000        15.8697655768         2.6725056948         1.3378393285         2.7099456679         0.0013297465        14.2917406197
        1.4054121000         0.2741012986         2.5004335239         1.3403916554         2.7176013002         0.0678170707        14.8128864634
        1.4103977000       -11.4598939820         2.3709684364         1.3403916554         2.7252569326         0.0678170707        15.3340323071
        1.4153937000        27.4547725693         2.7273177954         1.3301823480         2.7099456679        -0.1981322262        14.2917406197
        1.4203857000        -7.4988994591         2.4146714114         1.3429439823         2.7201531777         0.1343043949        14.9866017446
        1.4254067000        23.5931035718         2.7225367973         1.3327346748         2.7099456679        -0.1316449020        14.2917406197
        1.4304012000         7.9974392937         2.5856476906         1.3352870017         2.7176013002        -0.0651575777        14.8128864634
        1.4353988000         4.1357702962         2.5430406073         1.3378393285         2.7176013002         0.0013297465        14.8128864634
        1.4403857000         0.2741012986         2.5004335239         1.3403916554         2.7176013002         0.0678170707        14.8128864634
        1.4453891000         4.0861075335         2.5424926614         1.3352870017         2.7201531777        -0.0651575777        14.9866017446
        1.4503848000         8.0471020564         2.5861956365         1.3378393285         2.7150494228         0.0013297465        14.6391711822
        1.4553799000         4.1357702962         2.5430406073         1.3378393285         2.7176013002         0.0013297465        14.8128864634
        1.4603960000       -15.3215629795         2.3283613530         1.3429439823         2.7252569326         0.1343043949        15.3340323071
        1.4653881000         8.0471020564         2.5861956365         1.3378393285         2.7150494228         0.0013297465        14.6391711822
        1.4703804000         7.9974392937         2.5856476906         1.3352870017         2.7176013002        -0.0651575777        14.8128864634
        1.4754273000         4.1357702962         2.5430406073         1.3378393285         2.7176013002         0.0013297465        14.8128864634
        1.4803978000         4.1357702962         2.5430406073         1.3378393285         2.7176013002         0.0013297465        14.8128864634
        1.4854105000        23.5434408091         2.7224752221         1.3301823480         2.7124975453        -0.1981322262        14.4654559009
        1.4903933000        23.5931035718         2.7225367973         1.3327346748         2.7099456679        -0.1316449020        14.2917406197
        1.4954067000         4.1357702962         2.5430406073         1.3378393285         2.7176013002         0.0013297465        14.8128864634
        1.5003955000        15.8201028141         2.6719577490         1.3352870017         2.7124975453        -0.0651575777        14.4654559009
        1.5053991000        11.9087710539         2.6288027198         1.3352870017         2.7150494228        -0.0651575777        14.6391711822
        1.5103869000       -11.4102312193         2.3715163822         1.3429439823         2.7227050552         0.1343043949        15.1603170259
        1.5153822000         0.2244385360         2.4998855781         1.3378393285         2.7201531777         0.0013297465        14.9866017446
        1.5204000000        15.8201028141         2.6719577490         1.3352870017         2.7124975453        -0.0651575777        14.4654559009
        1.5253979000         4.1357702962         2.5430406073         1.3378393285         2.7176013002         0.0013297465        14.8128864634
        1.5304273000         8.0471020564         2.5861956365         1.3378393285         2.7150494228         0.0013297465        14.6391711822
        1.5353862000       -11.4102312193         2.3715163822         1.3429439823         2.7227050552         0.1343043949        15.1603170259
        1.5403964000        11.9584338166         2.6293506656         1.3378393285         2.7124975453         0.0013297465        14.4654559009
        1.5454260000         4.0861075335         2.5424926614         1.3352870017         2.7201531777        -0.0651575777        14.9866017446
        1.5503974000         4.1357702962         2.5430406073         1.3378393285         2.7176013002         0.0013297465        14.8128864634
        1.5554168000         0.2741012986         2.5004335239         1.3403916554         2.7176013002         0.0678170707        14.8128864634
        1.5604071000       -34.4312569162         2.2558119695         1.3659149240         2.7150494228         0.7326903130        14.6391711822
        1.5654045000         4.1357702962         2.5430406073         1.3378393285         2.7176013002         0.0013297465        14.8128864634
        1.5703963000         7.9974392937         2.5856476906         1.3352870017         2.7176013002        -0.0651575777        14.8128864634
        1.5753919000        23.5434408091         2.7224752221         1.3301823480         2.7124975453        -0.1981322262        14.4654559009
        1.5803791000       -15.3215629795         2.3283613530         1.3429439823         2.7252569326         0.1343043949        15.3340323071
        1.5853966000         4.0861075335         2.5424926614         1.3352870017         2.7201531777        -0.0651575777        14.9866017446
        1.5903966000         4.0861075335         2.5424926614         1.3352870017         2.7201531777        -0.0651575777        14.9866017446
        1.5953922000        11.9087710539         2.6288027198         1.3352870017         2.7150494228        -0.0651575777        14.6391711822
        1.6003897000         7.9974392937         2.5856476906         1.3352870017         2.7176013002        -0.0651575777        14.8128864634
        1.6053978000       -11.4102312193         2.3715163822         1.3429439823         2.7227050552         0.1343043949        15.1603170259
        1.6104003000        23.5434408091         2.7224752221         1.3301823480         2.7124975453        -0.1981322262        14.4654559009
        1.6153892000         4.1357702962         2.5430406073         1.3378393285         2.7176013002         0.0013297465        14.8128864634
        1.6203849000        -3.6868932243         2.4567305489         1.3378393285         2.7227050552         0.0013297465        15.1603170259
        1.6254248000        -7.4988994591         2.4146714114         1.3429439823         2.7201531777         0.1343043949        14.9866017446
        1.6303948000       -11.4102312193         2.3715163822         1.3429439823         2.7227050552         0.1343043949        15.1603170259
        1.6354084000        23.5931035718         2.7225367973         1.3327346748         2.7099456679        -0.1316449020        14.2917406197
        1.6403894000        27.4547725693         2.7273177954         1.3301823480         2.7099456679        -0.1981322262        14.2917406197
        1.6454127000         4.1357702962         2.5430406073         1.3378393285         2.7176013002         0.0013297465        14.8128864634
        1.6504083000       -26.7575816839         2.2668830907         1.3582579434         2.7176013002         0.5332283403        14.8128864634
        1.6559633000       -15.3215629795         2.3283613530         1.3429439823         2.7252569326         0.1343043949        15.3340323071
        1.6603951000         7.9974392937         2.5856476906         1.3352870017         2.7176013002        -0.0651575777        14.8128864634
        1.6653872000        19.6817718116         2.7145648323         1.3327346748         2.7124975453        -0.1316449020        14.4654559009
        1.6704146000         4.1357702962         2.5430406073         1.3378393285         2.7176013002         0.0013297465        14.8128864634
        1.6753982000         4.0861075335         2.5424926614         1.3352870017         2.7201531777        -0.0651575777        14.9866017446
        1.6803914000       -19.1832319770         2.2857542697         1.3454963091         2.7252569326         0.2007917192        15.3340323071
        1.6853867000         4.0861075335         2.5424926614         1.3352870017         2.7201531777        -0.0651575777        14.9866017446
        1.6904016000         0.2244385360         2.4998855781         1.3378393285         2.7201531777         0.0013297465        14.9866017446
        1.6953915000         7.9974392937         2.5856476906         1.3352870017         2.7176013002        -0.0651575777        14.8128864634
        1.7003905000         0.2244385360         2.4998855781         1.3378393285         2.7201531777         0.0013297465        14.9866017446
        1.7053859000         8.0471020564         2.5861956365         1.3378393285         2.7150494228         0.0013297465        14.6391711822
        1.7103893000         4.1357702962         2.5430406073         1.3378393285         2.7176013002         0.0013297465        14.8128864634
        1.7153749000         4.0861075335         2.5424926614         1.3352870017         2.7201531777        -0.0651575777        14.9866017446
        1.7203967000       -15.3215629795         2.3283613530         1.3429439823         2.7252569326         0.1343043949        15.3340323071
        1.7253915000        -3.5875676989         2.4578264406         1.3429439823         2.7176013002         0.1343043949        14.8128864634
        1.7303899000        19.6817718116         2.7145648323         1.3327346748         2.7124975453        -0.1316449020        14.4654559009
        1.7353982000       -19.2328947397         2.2852063238         1.3429439823         2.7278088101         0.1343043949        15.5077475884
        1.7403798000       -11.4102312193         2.3715163822         1.3429439823         2.7227050552         0.1343043949        15.1603170259
        1.7453873000        27.4547725693         2.7273177954         1.3301823480         2.7099456679        -0.1981322262        14.2917406197
        1.7504060000       -11.4102312193         2.3715163822         1.3429439823         2.7227050552         0.1343043949        15.1603170259
        1.7556934000       -15.3215629795         2.3283613530         1.3429439823         2.7252569326         0.1343043949        15.3340323071
        1.7604856000        23.5931035718         2.7225367973         1.3327346748         2.7099456679        -0.1316449020        14.2917406197
        1.7653983000         4.1357702962         2.5430406073         1.3378393285         2.7176013002         0.0013297465        14.8128864634
        1.7703883000         0.2244385360         2.4998855781         1.3378393285         2.7201531777         0.0013297465        14.9866017446
        1.7753876000         7.9974392937         2.5856476906         1.3352870017         2.7176013002        -0.0651575777        14.8128864634
        1.7804007000       -11.4102312193         2.3715163822         1.3429439823         2.7227050552         0.1343043949        15.1603170259
        1.7853924000       -11.4598939820         2.3709684364         1.3403916554         2.7252569326         0.0678170707        15.3340323071
        1.7904157000        31.3164415668         2.7320850807         1.3276300211         2.7099456679        -0.2646195504        14.2917406197
        1.7954192000         7.9974392937         2.5856476906         1.3352870017         2.7176013002        -0.0651575777        14.8128864634
        1.8004730000         7.9974392937         2.5856476906         1.3352870017         2.7176013002        -0.0651575777        14.8128864634
        1.8053938000        -7.5485622218         2.4141234656         1.3403916554         2.7227050552         0.0678170707        15.1603170259
        1.8104475000         4.0861075335         2.5424926614         1.3352870017         2.7201531777        -0.0651575777        14.9866017446
        1.8153893000         4.1357702962         2.5430406073         1.3378393285         2.7176013002         0.0013297465        14.8128864634
        1.8204009000        23.5931035718         2.7225367973         1.3327346748         2.7099456679        -0.1316449020        14.2917406197
        1.8253989000         4.1357702962         2.5430406073         1.3378393285         2.7176013002         0.0013297465        14.8128864634
        1.8303738000        19.6817718116         2.7145648323         1.3327346748         2.7124975453        -0.1316449020        14.4654559009
        1.8354166000         7.9974392937         2.5856476906         1.3352870017         2.7176013002        -0.0651575777        14.8128864634
        1.8403809000       -15.3215629795         2.3283613530         1.3429439823         2.7252569326         0.1343043949        15.3340323071
        1.8454038000        -7.4988994591         2.4146714114         1.3429439823         2.7201531777         0.1343043949        14.9866017446
        1.8503915000        -3.6372304616         2.4572784947         1.3403916554         2.7201531777         0.0678170707        14.9866017446
        1.8554357000        23.5434408091         2.7224752221         1.3301823480         2.7124975453        -0.1981322262        14.4654559009
        1.8604245000        23.5434408091         2.7224752221         1.3301823480         2.7124975453        -0.1981322262        14.4654559009
        1.8654505000        -7.5485622218         2.4141234656         1.3403916554         2.7227050552         0.0678170707        15.1603170259
        1.8704640000        19.6817718116         2.7145648323         1.3327346748         2.7124975453        -0.1316449020        14.4654559009
        1.8754409000       -19.1832319770         2.2857542697         1.3454963091         2.7252569326         0.2007917192        15.3340323071
        1.8803901000         7.9974392937         2.5856476906         1.3352870017         2.7176013002        -0.0651575777        14.8128864634
        1.8854097000        19.6817718116         2.7145648323         1.3327346748         2.7124975453        -0.1316449020        14.4654559009
        1.8904042000         4.1357702962         2.5430406073         1.3378393285         2.7176013002         0.0013297465        14.8128864634
        1.8955691000         0.2741012986         2.5004335239         1.3403916554         2.7176013002         0.0678170707        14.8128864634
        1.9004626000         4.1357702962         2.5430406073         1.3378393285         2.7176013002         0.0013297465        14.8128864634
        1.9054357000        27.4547725693         2.7273177954         1.3301823480         2.7099456679        -0.1981322262        14.2917406197
        1.9104031000        23.5931035718         2.7225367973         1.3327346748         2.7099456679        -0.1316449020        14.2917406197
        1.9154059000        19.6817718116         2.7145648323         1.3327346748         2.7124975453        -0.1316449020        14.4654559009
        1.9203976000        -3.5875676989         2.4578264406         1.3429439823         2.7176013002         0.1343043949        14.8128864634
        1.9254161000         7.9974392937         2.5856476906         1.3352870017         2.7176013002        -0.0651575777        14.8128864634
        1.9303849000       -15.3215629795         2.3283613530         1.3429439823         2.7252569326         0.1343043949        15.3340323071
        1.9354289000        19.6817718116         2.7145648323         1.3327346748         2.7124975453        -0.1316449020        14.4654559009
        1.9404204000        23.5434408091         2.7224752221         1.3301823480         2.7124975453        -0.1981322262        14.4654559009
        1.9454638000         4.1357702962         2.5430406073         1.3378393285         2.7176013002         0.0013297465        14.8128864634
        1.9504668000       -11.3605684566         2.3720643281         1.3454963091         2.7201531777         0.2007917192        14.9866017446
        1.9553801000         7.9974392937         2.5856476906         1.3352870017         2.7176013002        -0.0651575777        14.8128864634
        1.9609457000         0.2244385360         2.4998855781         1.3378393285         2.7201531777         0.0013297465        14.9866017446
        1.9654046000        19.6817718116         2.7145648323         1.3327346748         2.7124975453        -0.1316449020        14.4654559009
        1.9704070000        23.4441152837         2.7223520648         1.3250776943         2.7176013002        -0.3311068746        14.8128864634
        1.9754063000        -7.4492366964         2.4152193572         1.3454963091         2.7176013002         0.2007917192        14.8128864634
        1.9804013000       -23.0449009745         2.2722870933         1.3480486360         2.7252569326         0.2672790434        15.3340323071
        1.9854965000        27.4051098066         2.7272563968         1.3276300211         2.7124975453        -0.2646195504        14.4654559009
        1.9904137000        -3.7365559870         2.4561826031         1.3352870017         2.7252569326        -0.0651575777        15.3340323071
        1.9953976000         0.2244385360         2.4998855781         1.3378393285         2.7201531777         0.0013297465        14.9866017446
        2.0004527000       -15.3215629795         2.3283613530         1.3429439823         2.7252569326         0.1343043949        15.3340323071
        2.0054339000       -19.1832319770         2.2857542697         1.3454963091         2.7252569326         0.2007917192        15.3340323071
        2.0104221000         4.0861075335         2.5424926614         1.3352870017         2.7201531777        -0.0651575777        14.9866017446
        2.0154152000        23.5434408091         2.7224752221         1.3301823480         2.7124975453        -0.1981322262        14.4654559009
        2.0204312000       -19.2328947397         2.2852063238         1.3429439823         2.7278088101         0.1343043949        15.5077475884
        2.0254009000         7.8484510056         2.5840038531         1.3276300211         2.7252569326        -0.2646195504        15.3340323071
        2.0304605000        -7.5982249845         2.4135755197         1.3378393285         2.7252569326         0.0013297465        15.3340323071
        2.0353875000         0.2244385360         2.4998855781         1.3378393285         2.7201531777         0.0013297465        14.9866017446
        2.0404030000        23.5434408091         2.7224752221         1.3301823480         2.7124975453        -0.1981322262        14.4654559009
        2.0453980000         4.0861075335         2.5424926614         1.3352870017         2.7201531777        -0.0651575777        14.9866017446
        2.0503908000       -15.3215629795         2.3283613530         1.3429439823         2.7252569326         0.1343043949        15.3340323071
        2.0553864000         0.2244385360         2.4998855781         1.3378393285         2.7201531777         0.0013297465        14.9866017446
        2.0604088000         4.1357702962         2.5430406073         1.3378393285         2.7176013002         0.0013297465        14.8128864634
        2.0653872000        27.4051098066         2.7272563968         1.3276300211         2.7124975453        -0.2646195504        14.4654559009
        2.0704020000         0.2244385360         2.4998855781         1.3378393285         2.7201531777         0.0013297465        14.9866017446
        2.0753861000         0.2244385360         2.4998855781         1.3378393285         2.7201531777         0.0013297465        14.9866017446
        2.0804063000         4.0861075335         2.5424926614         1.3352870017         2.7201531777        -0.0651575777        14.9866017446
        2.0854020000        19.6321090489         2.7140168865         1.3301823480         2.7150494228        -0.1981322262        14.6391711822
        2.0904021000         0.2244385360         2.4998855781         1.3378393285         2.7201531777         0.0013297465        14.9866017446
        2.0953879000       -50.0765839570         2.2336392428         1.3659149240         2.7252569326         0.7326903130        15.3340323071
        2.1004123000         0.2244385360         2.4998855781         1.3378393285         2.7201531777         0.0013297465        14.9866017446
        2.1053985000         4.0861075335         2.5424926614         1.3352870017         2.7201531777        -0.0651575777        14.9866017446
        2.1104000000        19.6321090489         2.7140168865         1.3301823480         2.7150494228        -0.1981322262        14.6391711822
        2.1153922000        15.7704400514         2.6714098032         1.3327346748         2.7150494228        -0.1316449020        14.6391711822
        2.1204107000        -7.4988994591         2.4146714114         1.3429439823         2.7201531777         0.1343043949        14.9866017446
        2.1253870000       -15.3215629795         2.3283613530         1.3429439823         2.7252569326         0.1343043949        15.3340323071
        2.1303987000        19.6817718116         2.7145648323         1.3327346748         2.7124975453        -0.1316449020        14.4654559009
        2.1353979000         4.0861075335         2.5424926614         1.3352870017         2.7201531777        -0.0651575777        14.9866017446
        2.1404175000         4.1357702962         2.5430406073         1.3378393285         2.7176013002         0.0013297465        14.8128864634
        2.1454007000         4.0861075335         2.5424926614         1.3352870017         2.7201531777        -0.0651575777        14.9866017446
        2.1504110000        23.5434408091         2.7224752221         1.3301823480         2.7124975453        -0.1981322262        14.4654559009
        2.1553990000         4.0861075335         2.5424926614         1.3352870017         2.7201531777        -0.0651575777        14.9866017446
        2.1604248000         0.2244385360         2.4998855781         1.3378393285         2.7201531777         0.0013297465        14.9866017446
        2.1653825000        19.6817718116         2.7145648323         1.3327346748         2.7124975453        -0.1316449020        14.4654559009
        2.1704042000         4.1357702962         2.5430406073         1.3378393285         2.7176013002         0.0013297465        14.8128864634
        2.1753911000       -15.3215629795         2.3283613530         1.3429439823         2.7252569326         0.1343043949        15.3340323071
        2.1803922000        -3.7365559870         2.4561826031         1.3352870017         2.7252569326        -0.0651575777        15.3340323071
        2.1853855000       -19.1832319770         2.2857542697         1.3454963091         2.7252569326         0.2007917192        15.3340323071
        2.1904078000         7.9974392937         2.5856476906         1.3352870017         2.7176013002        -0.0651575777        14.8128864634
        2.1954045000         4.0861075335         2.5424926614         1.3352870017         2.7201531777        -0.0651575777        14.9866017446
        2.2004308000       -34.6299079670         2.2555271069         1.3557056165         2.7252569326         0.4667410161        15.3340323071
        2.2054343000        19.6321090489         2.7140168865         1.3301823480         2.7150494228        -0.1981322262        14.6391711822
        2.2104041000        15.7704400514         2.6714098032         1.3327346748         2.7150494228        -0.1316449020        14.6391711822
        2.2154228000       -15.3215629795         2.3283613530         1.3429439823         2.7252569326         0.1343043949        15.3340323071
        2.2204893000         0.2741012986         2.5004335239         1.3403916554         2.7176013002         0.0678170707        14.8128864634
        2.2254367000         0.2244385360         2.4998855781         1.3378393285         2.7201531777         0.0013297465        14.9866017446
        2.2303930000         4.0861075335         2.5424926614         1.3352870017         2.7201531777        -0.0651575777        14.9866017446
        2.2354042000        -3.6372304616         2.4572784947         1.3403916554         2.7201531777         0.0678170707        14.9866017446
        2.2404204000        23.5434408091         2.7224752221         1.3301823480         2.7124975453        -0.1981322262        14.4654559009
        2.2454178000       -15.3215629795         2.3283613530         1.3429439823         2.7252569326         0.1343043949        15.3340323071
        2.2503829000       -19.2328947397         2.2852063238         1.3429439823         2.7278088101         0.1343043949        15.5077475884
        2.2554031000        27.4547725693         2.7273177954         1.3301823480         2.7099456679        -0.1981322262        14.2917406197
        2.2603942000        15.7704400514         2.6714098032         1.3327346748         2.7150494228        -0.1316449020        14.6391711822
        2.2653935000        23.5931035718         2.7225367973         1.3327346748         2.7099456679        -0.1316449020        14.2917406197
        2.2705646000        23.5931035718         2.7225367973         1.3327346748         2.7099456679        -0.1316449020        14.2917406197
        2.2754107000        -7.5982249845         2.4135755197         1.3378393285         2.7252569326         0.0013297465        15.3340323071
        2.2804014000       -19.1832319770         2.2857542697         1.3454963091         2.7252569326         0.2007917192        15.3340323071
        2.2853970000        -3.6372304616         2.4572784947         1.3403916554         2.7201531777         0.0678170707        14.9866017446
        2.2903952000         4.0861075335         2.5424926614         1.3352870017         2.7201531777        -0.0651575777        14.9866017446
        2.2954097000        19.6817718116         2.7145648323         1.3327346748         2.7124975453        -0.1316449020        14.4654559009
        2.3004007000       -11.4102312193         2.3715163822         1.3429439823         2.7227050552         0.1343043949        15.1603170259
        2.3054019000        23.5434408091         2.7224752221         1.3301823480         2.7124975453        -0.1981322262        14.4654559009
        2.3103950000        -3.6868932243         2.4567305489         1.3378393285         2.7227050552         0.0013297465        15.1603170259
        2.3153857000        19.6321090489         2.7140168865         1.3301823480         2.7150494228        -0.1981322262        14.6391711822
        2.3203841000         4.0861075335         2.5424926614         1.3352870017         2.7201531777        -0.0651575777        14.9866017446
        2.3253979000        -3.6372304616         2.4572784947         1.3403916554         2.7201531777         0.0678170707        14.9866017446
        2.3303952000        19.6321090489         2.7140168865         1.3301823480         2.7150494228        -0.1981322262        14.6391711822
        2.3354090000       -23.0945637372         2.2722145995         1.3454963091         2.7278088101         0.2007917192        15.5077475884
        2.3403894000        -7.4988994591         2.4146714114         1.3429439823         2.7201531777         0.1343043949        14.9866017446
        2.3454230000         0.2244385360         2.4998855781         1.3378393285         2.7201531777         0.0013297465        14.9866017446
        2.3504024000         0.2244385360         2.4998855781         1.3378393285         2.7201531777         0.0013297465        14.9866017446
        2.3554802000       -19.2328947397         2.2852063238         1.3429439823         2.7278088101         0.1343043949        15.5077475884
        2.3604051000        19.6817718116         2.7145648323         1.3327346748         2.7124975453        -0.1316449020        14.4654559009
        2.3653910000        11.9087710539         2.6288027198         1.3352870017         2.7150494228        -0.0651575777        14.6391711822
        2.3703889000       -19.2328947397         2.2852063238         1.3429439823         2.7278088101         0.1343043949        15.5077475884
        2.3753869000         7.9974392937         2.5856476906         1.3352870017         2.7176013002        -0.0651575777        14.8128864634
        2.3804122000         0.2244385360         2.4998855781         1.3378393285         2.7201531777         0.0013297465        14.9866017446
        2.3854026000       -19.1832319770         2.2857542697         1.3454963091         2.7252569326         0.2007917192        15.3340323071
        2.3904015000         0.2244385360         2.4998855781         1.3378393285         2.7201531777         0.0013297465        14.9866017446
        2.3953865000        19.6321090489         2.7140168865         1.3301823480         2.7150494228        -0.1981322262        14.6391711822
        2.4003964000         7.9477765310         2.5850997448         1.3327346748         2.7201531777        -0.1316449020        14.9866017446
        2.4053863000        19.6321090489         2.7140168865         1.3301823480         2.7150494228        -0.1981322262        14.6391711822
        2.4104068000       -15.3215629795         2.3283613530         1.3429439823         2.7252569326         0.1343043949        15.3340323071
        2.4153966000        -3.6372304616         2.4572784947         1.3403916554         2.7201531777         0.0678170707        14.9866017446
        2.4204143000         0.2244385360         2.4998855781         1.3378393285         2.7201531777         0.0013297465        14.9866017446
        2.4253855000         0.2244385360         2.4998855781         1.3378393285         2.7201531777         0.0013297465        14.9866017446
        2.4304064000       -11.3605684566         2.3720643281         1.3454963091         2.7201531777         0.2007917192        14.9866017446
        2.4354033000        19.6817718116         2.7145648323         1.3327346748         2.7124975453        -0.1316449020        14.4654559009
        2.4403959000         0.2244385360         2.4998855781         1.3378393285         2.7201531777         0.0013297465        14.9866017446
        2.4454111000         4.0861075335         2.5424926614         1.3352870017         2.7201531777        -0.0651575777        14.9866017446
        2.4504353000       -15.3215629795         2.3283613530         1.3429439823         2.7252569326         0.1343043949        15.3340323071
        2.4554090000         0.2244385360         2.4998855781         1.3378393285         2.7201531777         0.0013297465        14.9866017446
        2.4604186000        23.5434408091         2.7224752221         1.3301823480         2.7124975453        -0.1981322262        14.4654559009
        2.4653862000        15.7207772887         2.6708618573         1.3301823480         2.7176013002        -0.1981322262        14.8128864634
        2.4704106000         0.2244385360         2.4998855781         1.3378393285         2.7201531777         0.0013297465        14.9866017446
        2.4754019000         0.2244385360         2.4998855781         1.3378393285         2.7201531777         0.0013297465        14.9866017446
        2.4803986000         4.0861075335         2.5424926614         1.3352870017         2.7201531777        -0.0651575777        14.9866017446
        2.4854086000       -19.2328947397         2.2852063238         1.3429439823         2.7278088101         0.1343043949        15.5077475884
        2.4903884000         0.2244385360         2.4998855781         1.3378393285         2.7201531777         0.0013297465        14.9866017446
        2.4953759000         4.1357702962         2.5430406073         1.3378393285         2.7176013002         0.0013297465        14.8128864634
        2.5004012000         4.0861075335         2.5424926614         1.3352870017         2.7201531777        -0.0651575777        14.9866017446
        2.5053922000        15.7704400514         2.6714098032         1.3327346748         2.7150494228        -0.1316449020        14.6391711822
        2.5103990000         0.2244385360         2.4998855781         1.3378393285         2.7201531777         0.0013297465        14.9866017446
        2.5153862000       -15.3215629795         2.3283613530         1.3429439823         2.7252569326         0.1343043949        15.3340323071
        2.5203826000         4.1357702962         2.5430406073         1.3378393285         2.7176013002         0.0013297465        14.8128864634
        2.5253977000         0.2244385360         2.4998855781         1.3378393285         2.7201531777         0.0013297465        14.9866017446
        2.5303950000       -15.3215629795         2.3283613530         1.3429439823         2.7252569326         0.1343043949        15.3340323071
        2.5354723000         0.2244385360         2.4998855781         1.3378393285         2.7201531777         0.0013297465        14.9866017446
        2.5404366000         4.1357702962         2.5430406073         1.3378393285         2.7176013002         0.0013297465        14.8128864634
        2.5453997000       -19.2328947397         2.2852063238         1.3429439823         2.7278088101         0.1343043949        15.5077475884
        2.5503893000         4.0861075335         2.5424926614         1.3352870017         2.7201531777        -0.0651575777        14.9866017446
        2.5553804000         0.2244385360         2.4998855781         1.3378393285         2.7201531777         0.0013297465        14.9866017446
        2.5603985000        19.6321090489         2.7140168865         1.3301823480         2.7150494228        -0.1981322262        14.6391711822
        2.5654018000       -15.3215629795         2.3283613530         1.3429439823         2.7252569326         0.1343043949        15.3340323071
        2.5704015000        23.5434408091         2.7224752221         1.3301823480         2.7124975453        -0.1981322262        14.4654559009
        2.5753912000         0.1747757732         2.4993376322         1.3352870017         2.7227050552        -0.0651575777        15.1603170259
        2.5803907000         0.2244385360         2.4998855781         1.3378393285         2.7201531777         0.0013297465        14.9866017446
        2.5853966000       -19.1832319770         2.2857542697         1.3454963091         2.7252569326         0.2007917192        15.3340323071
        2.5904069000        15.7704400514         2.6714098032         1.3327346748         2.7150494228        -0.1316449020        14.6391711822
        2.5953905000       -26.9562327347         2.2665948245         1.3480486360         2.7278088101         0.2672790434        15.5077475884
        2.6004210000        19.6321090489         2.7140168865         1.3301823480         2.7150494228        -0.1981322262        14.6391711822
        2.6054021000        -7.5982249845         2.4135755197         1.3378393285         2.7252569326         0.0013297465        15.3340323071
        2.6104010000         4.0861075335         2.5424926614         1.3352870017         2.7201531777        -0.0651575777        14.9866017446
        2.6153904000         0.2244385360         2.4998855781         1.3378393285         2.7201531777         0.0013297465        14.9866017446
        2.6203825000        19.6817718116         2.7145648323         1.3327346748         2.7124975453        -0.1316449020        14.4654559009
        2.6254076000         7.9974392937         2.5856476906         1.3352870017         2.7176013002        -0.0651575777        14.8128864634
        2.6303985000        19.6817718116         2.7145648323         1.3327346748         2.7124975453        -0.1316449020        14.4654559009
        2.6353920000       -15.3215629795         2.3283613530         1.3429439823         2.7252569326         0.1343043949        15.3340323071
        2.6403899000        23.5434408091         2.7224752221         1.3301823480         2.7124975453        -0.1981322262        14.4654559009
        2.6454068000         4.1357702962         2.5430406073         1.3378393285         2.7176013002         0.0013297465        14.8128864634
        2.6503980000         0.2244385360         2.4998855781         1.3378393285         2.7201531777         0.0013297465        14.9866017446
        2.6554247000       -15.3712257422         2.3278134072         1.3403916554         2.7278088101         0.0678170707        15.5077475884
        2.6603881000        -3.6868932243         2.4567305489         1.3378393285         2.7227050552         0.0013297465        15.1603170259
        2.6653850000       -19.1335692143         2.2863022155         1.3480486360         2.7227050552         0.2672790434        15.1603170259
        2.6703996000         0.2244385360         2.4998855781         1.3378393285         2.7201531777         0.0013297465        14.9866017446
        2.6754254000        -3.6372304616         2.4572784947         1.3403916554         2.7201531777         0.0678170707        14.9866017446
        2.6803872000         0.2244385360         2.4998855781         1.3378393285         2.7201531777         0.0013297465        14.9866017446
        2.6854077000         4.0861075335         2.5424926614         1.3352870017         2.7201531777        -0.0651575777        14.9866017446
        2.6903992000       -11.4102312193         2.3715163822         1.3429439823         2.7227050552         0.1343043949        15.1603170259
        2.6954018000         4.1357702962         2.5430406073         1.3378393285         2.7176013002         0.0013297465        14.8128864634
        2.7003935000         7.9477765310         2.5850997448         1.3327346748         2.7201531777        -0.1316449020        14.9866017446
        2.7053845000        11.8094455285         2.6277068281         1.3301823480         2.7201531777        -0.1981322262        14.9866017446
        2.7103837000         4.0861075335         2.5424926614         1.3352870017         2.7201531777        -0.0651575777        14.9866017446
        2.7154016000        19.6817718116         2.7145648323         1.3327346748         2.7124975453        -0.1316449020        14.4654559009
        2.7203989000        23.5434408091         2.7224752221         1.3301823480         2.7124975453        -0.1981322262        14.4654559009
        2.7253946000        15.7704400514         2.6714098032         1.3327346748         2.7150494228        -0.1316449020        14.6391711822
        2.7303988000        23.5434408091         2.7224752221         1.3301823480         2.7124975453        -0.1981322262        14.4654559009
        2.7354022000         0.2244385360         2.4998855781         1.3378393285         2.7201531777         0.0013297465        14.9866017446
        2.7403984000       -11.3605684566         2.3720643281         1.3454963091         2.7201531777         0.2007917192        14.9866017446
        2.7453962000         7.9477765310         2.5850997448         1.3327346748         2.7201531777        -0.1316449020        14.9866017446
        2.7504092000       -15.3215629795         2.3283613530         1.3429439823         2.7252569326         0.1343043949        15.3340323071
        2.7553828000        -7.4988994591         2.4146714114         1.3429439823         2.7201531777         0.1343043949        14.9866017446
        2.7603984000       -15.3215629795         2.3283613530         1.3429439823         2.7252569326         0.1343043949        15.3340323071
        2.7654752000         0.2741012986         2.5004335239         1.3403916554         2.7176013002         0.0678170707        14.8128864634
        2.7704102000         7.9974392937         2.5856476906         1.3352870017         2.7176013002        -0.0651575777        14.8128864634
        2.7754174000         4.0861075335         2.5424926614         1.3352870017         2.7201531777        -0.0651575777        14.9866017446
        2.7804066000         0.2244385360         2.4998855781         1.3378393285         2.7201531777         0.0013297465        14.9866017446
        2.7853886000         4.0861075335         2.5424926614         1.3352870017         2.7201531777        -0.0651575777        14.9866017446
        2.7903899000        -3.6372304616         2.4572784947         1.3403916554         2.7201531777         0.0678170707        14.9866017446
        2.7953891000        23.5434408091         2.7224752221         1.3301823480         2.7124975453        -0.1981322262        14.4654559009
        2.8004016000       -15.3215629795         2.3283613530         1.3429439823         2.7252569326         0.1343043949        15.3340323071
        2.8053963000       -15.3215629795         2.3283613530         1.3429439823         2.7252569326         0.1343043949        15.3340323071
        2.8104109000         0.2244385360         2.4998855781         1.3378393285         2.7201531777         0.0013297465        14.9866017446
        2.8153850000       -15.3215629795         2.3283613530         1.3429439823         2.7252569326         0.1343043949        15.3340323071
        2.8203888000       -19.2328947397         2.2852063238         1.3429439823         2.7278088101         0.1343043949        15.5077475884
        2.8253971000         4.0861075335         2.5424926614         1.3352870017         2.7201531777        -0.0651575777        14.9866017446
        2.8303776000         0.2244385360         2.4998855781         1.3378393285         2.7201531777         0.0013297465        14.9866017446
        2.8353904000        15.7704400514         2.6714098032         1.3327346748         2.7150494228        -0.1316449020        14.6391711822
        2.8404735000        19.6321090489         2.7140168865         1.3301823480         2.7150494228        -0.1981322262        14.6391711822
        2.8454095000       -15.3215629795         2.3283613530         1.3429439823         2.7252569326         0.1343043949        15.3340323071
        2.8504154000        -7.5982249845         2.4135755197         1.3378393285         2.7252569326         0.0013297465        15.3340323071
        2.8553953000         0.1747757732         2.4993376322         1.3352870017         2.7227050552        -0.0651575777        15.1603170259
        2.8604082000         4.0861075335         2.5424926614         1.3352870017         2.7201531777        -0.0651575777        14.9866017446
        2.8654070000       -23.0945637372         2.2722145995         1.3454963091         2.7278088101         0.2007917192        15.5077475884
        2.8704045000        -3.6868932243         2.4567305489         1.3378393285         2.7227050552         0.0013297465        15.1603170259
        2.8753898000        23.4937780464         2.7224136446         1.3276300211         2.7150494228        -0.2646195504        14.6391711822
        2.8804671000         0.2244385360         2.4998855781         1.3378393285         2.7201531777         0.0013297465        14.9866017446
        2.8854567000         4.0861075335         2.5424926614         1.3352870017         2.7201531777        -0.0651575777        14.9866017446
        2.8904590000         0.2244385360         2.4998855781         1.3378393285         2.7201531777         0.0013297465        14.9866017446
        2.8954288000         4.0861075335         2.5424926614         1.3352870017         2.7201531777        -0.0651575777        14.9866017446
        2.9004349000         7.9974392937         2.5856476906         1.3352870017         2.7176013002        -0.0651575777        14.8128864634
        2.9054277000         0.2244385360         2.4998855781         1.3378393285         2.7201531777         0.0013297465        14.9866017446
        2.9104786000         4.0861075335         2.5424926614         1.3352870017         2.7201531777        -0.0651575777        14.9866017446
        2.9154232000         4.1357702962         2.5430406073         1.3378393285         2.7176013002         0.0013297465        14.8128864634
        2.9204732000         4.0861075335         2.5424926614         1.3352870017         2.7201531777        -0.0651575777        14.9866017446
        2.9254328000        15.7704400514         2.6714098032         1.3327346748         2.7150494228        -0.1316449020        14.6391711822
        2.9304756000         0.2244385360         2.4998855781         1.3378393285         2.7201531777         0.0013297465        14.9866017446
        2.9354172000         4.0861075335         2.5424926614         1.3352870017         2.7201531777        -0.0651575777        14.9866017446
        2.9404782000        19.6321090489         2.7140168865         1.3301823480         2.7150494228        -0.1981322262        14.6391711822
        2.9454058000        -7.4988994591         2.4146714114         1.3429439823         2.7201531777         0.1343043949        14.9866017446
        2.9504308000         4.0861075335         2.5424926614         1.3352870017         2.7201531777        -0.0651575777        14.9866017446
        2.9554147000        19.6321090489         2.7140168865         1.3301823480         2.7150494228        -0.1981322262        14.6391711822
        2.9604427000         4.0861075335         2.5424926614         1.3352870017         2.7201531777        -0.0651575777        14.9866017446
        2.9653968000         4.0861075335         2.5424926614         1.3352870017         2.7201531777        -0.0651575777        14.9866017446
        2.9703902000         4.0861075335         2.5424926614         1.3352870017         2.7201531777        -0.0651575777        14.9866017446
        2.9753796000       -19.1832319770         2.2857542697         1.3454963091         2.7252569326         0.2007917192        15.3340323071
        2.9804840000         0.1747757732         2.4993376322         1.3352870017         2.7227050552        -0.0651575777        15.1603170259
        2.9853992000       -11.4598939820         2.3709684364         1.3403916554         2.7252569326         0.0678170707        15.3340323071
        2.9904339000         0.2244385360         2.4998855781         1.3378393285         2.7201531777         0.0013297465        14.9866017446
        2.9954352000         4.0861075335         2.5424926614         1.3352870017         2.7201531777        -0.0651575777        14.9866017446
        3.0003994000        19.6321090489         2.7140168865         1.3301823480         2.7150494228        -0.1981322262        14.6391711822
        3.0054204000       -15.3215629795         2.3283613530         1.3429439823         2.7252569326         0.1343043949        15.3340323071
        3.0104123000         4.0861075335         2.5424926614         1.3352870017         2.7201531777        -0.0651575777        14.9866017446
        3.0154099000         0.2244385360         2.4998855781         1.3378393285         2.7201531777         0.0013297465        14.9866017446
        3.0204043000         4.0861075335         2.5424926614         1.3352870017         2.7201531777        -0.0651575777        14.9866017446
        3.0254406000       -19.2328947397         2.2852063238         1.3429439823         2.7278088101         0.1343043949        15.5077475884
        3.0303937000         4.0861075335         2.5424926614         1.3352870017         2.7201531777        -0.0651575777        14.9866017446
        3.0354310000         4.0861075335         2.5424926614         1.3352870017         2.7201531777        -0.0651575777        14.9866017446
        3.0403773000         0.2244385360         2.4998855781         1.3378393285         2.7201531777         0.0013297465        14.9866017446
        3.0454031000         0.2244385360         2.4998855781         1.3378393285         2.7201531777         0.0013297465        14.9866017446
        3.0503926000        19.6321090489         2.7140168865         1.3301823480         2.7150494228        -0.1981322262        14.6391711822
        3.0554214000       -19.2328947397         2.2852063238         1.3429439823         2.7278088101         0.1343043949        15.5077475884
        3.0603762000       -15.3215629795         2.3283613530         1.3429439823         2.7252569326         0.1343043949        15.3340323071
        3.0654026000         0.2244385360         2.4998855781         1.3378393285         2.7201531777         0.0013297465        14.9866017446
        3.0703913000        15.7704400514         2.6714098032         1.3327346748         2.7150494228        -0.1316449020        14.6391711822
        3.0753900000       -19.2328947397         2.2852063238         1.3429439823         2.7278088101         0.1343043949        15.5077475884
        3.0803863000         4.0861075335         2.5424926614         1.3352870017         2.7201531777        -0.0651575777        14.9866017446
        3.0854219000         0.2244385360         2.4998855781         1.3378393285         2.7201531777         0.0013297465        14.9866017446
        3.0904000000         4.0861075335         2.5424926614         1.3352870017         2.7201531777        -0.0651575777        14.9866017446
        3.0953896000         0.2244385360         2.4998855781         1.3378393285         2.7201531777         0.0013297465        14.9866017446
        3.1003830000         0.1747757732         2.4993376322         1.3352870017         2.7227050552        -0.0651575777        15.1603170259
        3.1053998000       -15.3215629795         2.3283613530         1.3429439823         2.7252569326         0.1343043949        15.3340323071
        3.1103937000         0.2244385360         2.4998855781         1.3378393285         2.7201531777         0.0013297465        14.9866017446
        3.1153964000         0.2244385360         2.4998855781         1.3378393285         2.7201531777         0.0013297465        14.9866017446
        3.1204033000        15.7704400514         2.6714098032         1.3327346748         2.7150494228        -0.1316449020        14.6391711822
        3.1253831000       -15.2222374541         2.3294572447         1.3480486360         2.7201531777         0.2672790434        14.9866017446
        3.1303774000       -15.3215629795         2.3283613530         1.3429439823         2.7252569326         0.1343043949        15.3340323071
        3.1353940000        23.5434408091         2.7224752221         1.3301823480         2.7124975453        -0.1981322262        14.4654559009
        3.1403868000        23.5434408091         2.7224752221         1.3301823480         2.7124975453        -0.1981322262        14.4654559009
        3.1453880000         7.8981137683         2.5845517989         1.3301823480         2.7227050552        -0.1981322262        15.1603170259
        3.1504011000        23.4937780464         2.7224136446         1.3276300211         2.7150494228        -0.2646195504        14.6391711822
        3.1553992000         4.0861075335         2.5424926614         1.3352870017         2.7201531777        -0.0651575777        14.9866017446
        3.1603872000        27.4051098066         2.7272563968         1.3276300211         2.7124975453        -0.2646195504        14.4654559009
        3.1654141000       -23.1442264999         2.2721421114         1.3429439823         2.7303606875         0.1343043949        15.6814628696
        3.1704050000        -7.5982249845         2.4135755197         1.3378393285         2.7252569326         0.0013297465        15.3340323071
        3.1753996000        11.9584338166         2.6293506656         1.3378393285         2.7124975453         0.0013297465        14.4654559009
        3.1804090000         8.0471020564         2.5861956365         1.3378393285         2.7150494228         0.0013297465        14.6391711822
        3.1854165000        -7.4988994591         2.4146714114         1.3429439823         2.7201531777         0.1343043949        14.9866017446
        3.1904032000        -7.4988994591         2.4146714114         1.3429439823         2.7201531777         0.1343043949        14.9866017446
        3.1954100000         4.0861075335         2.5424926614         1.3352870017         2.7201531777        -0.0651575777        14.9866017446
        3.2003918000         0.2244385360         2.4998855781         1.3378393285         2.7201531777         0.0013297465        14.9866017446
        3.2053937000       -15.3215629795         2.3283613530         1.3429439823         2.7252569326         0.1343043949        15.3340323071
        3.2104107000        15.7704400514         2.6714098032         1.3327346748         2.7150494228        -0.1316449020        14.6391711822
        3.2153738000        19.6817718116         2.7145648323         1.3327346748         2.7124975453        -0.1316449020        14.4654559009
        3.2203982000       -15.3712257422         2.3278134072         1.3403916554         2.7278088101         0.0678170707        15.5077475884
        3.2253893000        -3.7365559870         2.4561826031         1.3352870017         2.7252569326        -0.0651575777        15.3340323071
        3.2304110000         0.2244385360         2.4998855781         1.3378393285         2.7201531777         0.0013297465        14.9866017446
        3.2353783000         0.2244385360         2.4998855781         1.3378393285         2.7201531777         0.0013297465        14.9866017446
        3.2404001000        -3.6372304616         2.4572784947         1.3403916554         2.7201531777         0.0678170707        14.9866017446
        3.2453960000         0.2244385360         2.4998855781         1.3378393285         2.7201531777         0.0013297465        14.9866017446
        3.2504098000        19.6321090489         2.7140168865         1.3301823480         2.7150494228        -0.1981322262        14.6391711822
        3.2553778000         4.0861075335         2.5424926614         1.3352870017         2.7201531777        -0.0651575777        14.9866017446
        3.2603692000         4.0861075335         2.5424926614         1.3352870017         2.7201531777        -0.0651575777        14.9866017446
        3.2653889000       -23.0945637372         2.2722145995         1.3454963091         2.7278088101         0.2007917192        15.5077475884
        3.2703939000         4.1357702962         2.5430406073         1.3378393285         2.7176013002         0.0013297465        14.8128864634
        3.2753854000        15.7704400514         2.6714098032         1.3327346748         2.7150494228        -0.1316449020        14.6391711822
        3.2804207000         0.2244385360         2.4998855781         1.3378393285         2.7201531777         0.0013297465        14.9866017446
        3.2854208000         4.0861075335         2.5424926614         1.3352870017         2.7201531777        -0.0651575777        14.9866017446
        3.2903975000         4.0861075335         2.5424926614         1.3352870017         2.7201531777        -0.0651575777        14.9866017446
        3.2954271000        19.6321090489         2.7140168865         1.3301823480         2.7150494228        -0.1981322262        14.6391711822
        3.3004061000       -23.0945637372         2.2722145995         1.3454963091         2.7278088101         0.2007917192        15.5077475884
        3.3054019000         4.0861075335         2.5424926614         1.3352870017         2.7201531777        -0.0651575777        14.9866017446
        3.3104207000         4.0861075335         2.5424926614         1.3352870017         2.7201531777        -0.0651575777        14.9866017446
        3.3153902000        -3.6868932243         2.4567305489         1.3378393285         2.7227050552         0.0013297465        15.1603170259
        3.3204028000       -15.3215629795         2.3283613530         1.3429439823         2.7252569326         0.1343043949        15.3340323071
        3.3253963000         4.1357702962         2.5430406073         1.3378393285         2.7176013002         0.0013297465        14.8128864634
        3.3304220000        11.9087710539         2.6288027198         1.3352870017         2.7150494228        -0.0651575777        14.6391711822
        3.3353856000         4.0861075335         2.5424926614         1.3352870017         2.7201531777        -0.0651575777        14.9866017446
        3.3404086000         4.0861075335         2.5424926614         1.3352870017         2.7201531777        -0.0651575777        14.9866017446
        3.3454004000       -15.3215629795         2.3283613530         1.3429439823         2.7252569326         0.1343043949        15.3340323071
        3.3504029000         4.0861075335         2.5424926614         1.3352870017         2.7201531777        -0.0651575777        14.9866017446
        3.3553898000        19.6321090489         2.7140168865         1.3301823480         2.7150494228        -0.1981322262        14.6391711822
        3.3604404000         0.2244385360         2.4998855781         1.3378393285         2.7201531777         0.0013297465        14.9866017446
        3.3653789000       -19.2328947397         2.2852063238         1.3429439823         2.7278088101         0.1343043949        15.5077475884
        3.3704135000        -3.6372304616         2.4572784947         1.3403916554         2.7201531777         0.0678170707        14.9866017446
        3.3753896000       -11.4598939820         2.3709684364         1.3403916554         2.7252569326         0.0678170707        15.3340323071
        3.3804173000         4.0861075335         2.5424926614         1.3352870017         2.7201531777        -0.0651575777        14.9866017446
        3.3854072000         0.2244385360         2.4998855781         1.3378393285         2.7201531777         0.0013297465        14.9866017446
        3.3904051000       -19.2328947397         2.2852063238         1.3429439823         2.7278088101         0.1343043949        15.5077475884
        3.3953958000       -11.4598939820         2.3709684364         1.3403916554         2.7252569326         0.0678170707        15.3340323071
        3.4003867000         0.2244385360         2.4998855781         1.3378393285         2.7201531777         0.0013297465        14.9866017446
        3.4054062000         4.0861075335         2.5424926614         1.3352870017         2.7201531777        -0.0651575777        14.9866017446
        3.4103973000        15.7704400514         2.6714098032         1.3327346748         2.7150494228        -0.1316449020        14.6391711822
        3.4153795000        23.5434408091         2.7224752221         1.3301823480         2.7124975453        -0.1981322262        14.4654559009
        3.4203819000       -19.2328947397         2.2852063238         1.3429439823         2.7278088101         0.1343043949        15.5077475884
        3.4254143000         4.0861075335         2.5424926614         1.3352870017         2.7201531777        -0.0651575777        14.9866017446
        3.4303762000         7.9974392937         2.5856476906         1.3352870017         2.7176013002        -0.0651575777        14.8128864634
        3.4353933000        27.4547725693         2.7273177954         1.3301823480         2.7099456679        -0.1981322262        14.2917406197
        3.4403869000         4.0861075335         2.5424926614         1.3352870017         2.7201531777        -0.0651575777        14.9866017446
        3.4454135000         4.0861075335         2.5424926614         1.3352870017         2.7201531777        -0.0651575777        14.9866017446
        3.4503868000         7.9974392937         2.5856476906         1.3352870017         2.7176013002        -0.0651575777        14.8128864634
        3.4553870000        15.7704400514         2.6714098032         1.3327346748         2.7150494228        -0.1316449020        14.6391711822
        3.4603932000       -19.1832319770         2.2857542697         1.3454963091         2.7252569326         0.2007917192        15.3340323071
        3.4653935000       -11.5095567447         2.3704204905         1.3378393285         2.7278088101         0.0013297465        15.5077475884
        3.4703856000         0.2244385360         2.4998855781         1.3378393285         2.7201531777         0.0013297465        14.9866017446
        3.4754270000       -19.2328947397         2.2852063238         1.3429439823         2.7278088101         0.1343043949        15.5077475884
        3.4803985000       -15.3215629795         2.3283613530         1.3429439823         2.7252569326         0.1343043949        15.3340323071
        3.4853985000         0.2244385360         2.4998855781         1.3378393285         2.7201531777         0.0013297465        14.9866017446
        3.4903883000        19.6817718116         2.7145648323         1.3327346748         2.7124975453        -0.1316449020        14.4654559009
        3.4954017000         3.9371192454         2.5408488239         1.3276300211         2.7278088101        -0.2646195504        15.5077475884
        3.5003931000         0.2244385360         2.4998855781         1.3378393285         2.7201531777         0.0013297465        14.9866017446
        3.5054137000         4.0861075335         2.5424926614         1.3352870017         2.7201531777        -0.0651575777        14.9866017446
        3.5104616000         0.2244385360         2.4998855781         1.3378393285         2.7201531777         0.0013297465        14.9866017446
        3.5153897000       -19.2328947397         2.2852063238         1.3429439823         2.7278088101         0.1343043949        15.5077475884
        3.5204903000       -15.3712257422         2.3278134072         1.3403916554         2.7278088101         0.0678170707        15.5077475884
        3.5254281000       -19.2328947397         2.2852063238         1.3429439823         2.7278088101         0.1343043949        15.5077475884
        3.5304168000         4.0861075335         2.5424926614         1.3352870017         2.7201531777        -0.0651575777        14.9866017446
        3.5354054000         4.0861075335         2.5424926614         1.3352870017         2.7201531777        -0.0651575777        14.9866017446
        3.5404034000        19.6321090489         2.7140168865         1.3301823480         2.7150494228        -0.1981322262        14.6391711822
        3.5453666000        19.6321090489         2.7140168865         1.3301823480         2.7150494228        -0.1981322262        14.6391711822
        3.5504157000         4.0861075335         2.5424926614         1.3352870017         2.7201531777        -0.0651575777        14.9866017446
        3.5553948000         7.9974392937         2.5856476906         1.3352870017         2.7176013002        -0.0651575777        14.8128864634
        3.5603978000        -3.7365559870         2.4561826031         1.3352870017         2.7252569326        -0.0651575777        15.3340323071
        3.5653782000        19.6321090489         2.7140168865         1.3301823480         2.7150494228        -0.1981322262        14.6391711822
        3.5703925000       -19.2328947397         2.2852063238         1.3429439823         2.7278088101         0.1343043949        15.5077475884
        3.5753853000         4.0861075335         2.5424926614         1.3352870017         2.7201531777        -0.0651575777        14.9866017446
        3.5804043000         8.0471020564         2.5861956365         1.3378393285         2.7150494228         0.0013297465        14.6391711822
        3.5854003000        19.6321090489         2.7140168865         1.3301823480         2.7150494228        -0.1981322262        14.6391711822
        3.5903993000         7.9974392937         2.5856476906         1.3352870017         2.7176013002        -0.0651575777        14.8128864634
        3.5953837000       -15.3215629795         2.3283613530         1.3429439823         2.7252569326         0.1343043949        15.3340323071
        3.6004127000        31.2667788041         2.7320238582         1.3250776943         2.7124975453        -0.3311068746        14.4654559009
        3.6053832000         0.1747757732         2.4993376322         1.3352870017         2.7227050552        -0.0651575777        15.1603170259
        3.6104022000       -15.3215629795         2.3283613530         1.3429439823         2.7252569326         0.1343043949        15.3340323071
        3.6153953000        11.9584338166         2.6293506656         1.3378393285         2.7124975453         0.0013297465        14.4654559009
        3.6204093000         0.2244385360         2.4998855781         1.3378393285         2.7201531777         0.0013297465        14.9866017446
        3.6253998000         4.0861075335         2.5424926614         1.3352870017         2.7201531777        -0.0651575777        14.9866017446
        3.6304002000        -3.6868932243         2.4567305489         1.3378393285         2.7227050552         0.0013297465        15.1603170259
        3.6353908000         4.0861075335         2.5424926614         1.3352870017         2.7201531777        -0.0651575777        14.9866017446
        3.6403865000       -15.2719002168         2.3289092989         1.3454963091         2.7227050552         0.2007917192        15.1603170259
        3.6454011000        19.6321090489         2.7140168865         1.3301823480         2.7150494228        -0.1981322262        14.6391711822
        3.6504017000       -19.2328947397         2.2852063238         1.3429439823         2.7278088101         0.1343043949        15.5077475884
        3.6553955000       -23.0449009745         2.2722870933         1.3480486360         2.7252569326         0.2672790434        15.3340323071
        3.6604222000        19.6817718116         2.7145648323         1.3327346748         2.7124975453        -0.1316449020        14.4654559009
        3.6653909000        19.6321090489         2.7140168865         1.3301823480         2.7150494228        -0.1981322262        14.6391711822
        3.6704039000       -15.3215629795         2.3283613530         1.3429439823         2.7252569326         0.1343043949        15.3340323071
        3.6754012000        -3.6868932243         2.4567305489         1.3378393285         2.7227050552         0.0013297465        15.1603170259
        3.6804241000       -15.3215629795         2.3283613530         1.3429439823         2.7252569326         0.1343043949        15.3340323071
        3.6853905000         4.0861075335         2.5424926614         1.3352870017         2.7201531777        -0.0651575777        14.9866017446
        3.6903870000         4.0861075335         2.5424926614         1.3352870017         2.7201531777        -0.0651575777        14.9866017446
        3.6954010000         4.0861075335         2.5424926614         1.3352870017         2.7201531777        -0.0651575777        14.9866017446
        3.7004251000         4.0861075335         2.5424926614         1.3352870017         2.7201531777        -0.0651575777        14.9866017446
        3.7054116000       -11.4102312193         2.3715163822         1.3429439823         2.7227050552         0.1343043949        15.1603170259
        3.7103871000         4.0861075335         2.5424926614         1.3352870017         2.7201531777        -0.0651575777        14.9866017446
        3.7153778000         0.2244385360         2.4998855781         1.3378393285         2.7201531777         0.0013297465        14.9866017446
        3.7204101000         0.2244385360         2.4998855781         1.3378393285         2.7201531777         0.0013297465        14.9866017446
        3.7253904000       -19.2328947397         2.2852063238         1.3429439823         2.7278088101         0.1343043949        15.5077475884
        3.7304054000        11.9584338166         2.6293506656         1.3378393285         2.7124975453         0.0013297465        14.4654559009
        3.7354010000         0.2244385360         2.4998855781         1.3378393285         2.7201531777         0.0013297465        14.9866017446
        3.7403919000        23.5434408091         2.7224752221         1.3301823480         2.7124975453        -0.1981322262        14.4654559009
        3.7453924000       -23.0449009745         2.2722870933         1.3480486360         2.7252569326         0.2672790434        15.3340323071
        3.7503864000        15.7207772887         2.6708618573         1.3301823480         2.7176013002        -0.1981322262        14.8128864634
        3.7554015000         0.2244385360         2.4998855781         1.3378393285         2.7201531777         0.0013297465        14.9866017446
        3.7603978000        -3.6868932243         2.4567305489         1.3378393285         2.7227050552         0.0013297465        15.1603170259
        3.7653960000         4.0861075335         2.5424926614         1.3352870017         2.7201531777        -0.0651575777        14.9866017446
        3.7703807000        19.6321090489         2.7140168865         1.3301823480         2.7150494228        -0.1981322262        14.6391711822
        3.7754031000       -15.3215629795         2.3283613530         1.3429439823         2.7252569326         0.1343043949        15.3340323071
        3.7803974000         7.9477765310         2.5850997448         1.3327346748         2.7201531777        -0.1316449020        14.9866017446
        3.7854019000        19.6321090489         2.7140168865         1.3301823480         2.7150494228        -0.1981322262        14.6391711822
        3.7903917000         0.2244385360         2.4998855781         1.3378393285         2.7201531777         0.0013297465        14.9866017446
        3.7954079000         4.0861075335         2.5424926614         1.3352870017         2.7201531777        -0.0651575777        14.9866017446
        3.8003994000         4.0861075335         2.5424926614         1.3352870017         2.7201531777        -0.0651575777        14.9866017446
        3.8053968000         0.2244385360         2.4998855781         1.3378393285         2.7201531777         0.0013297465        14.9866017446
        3.8103960000         4.0861075335         2.5424926614         1.3352870017         2.7201531777        -0.0651575777        14.9866017446
        3.8153905000         0.2244385360         2.4998855781         1.3378393285         2.7201531777         0.0013297465        14.9866017446
        3.8203987000        23.5434408091         2.7224752221         1.3301823480         2.7124975453        -0.1981322262        14.4654559009
        3.8254014000       -15.3215629795         2.3283613530         1.3429439823         2.7252569326         0.1343043949        15.3340323071
        3.8303934000        19.6321090489         2.7140168865         1.3301823480         2.7150494228        -0.1981322262        14.6391711822
        3.8354128000         0.2244385360         2.4998855781         1.3378393285         2.7201531777         0.0013297465        14.9866017446
        3.8403882000        15.7704400514         2.6714098032         1.3327346748         2.7150494228        -0.1316449020        14.6391711822
        3.8453807000        -3.5875676989         2.4578264406         1.3429439823         2.7176013002         0.1343043949        14.8128864634
        3.8503926000        -3.6372304616         2.4572784947         1.3403916554         2.7201531777         0.0678170707        14.9866017446
        3.8554608000       -15.3215629795         2.3283613530         1.3429439823         2.7252569326         0.1343043949        15.3340323071
        3.8604035000        -3.6372304616         2.4572784947         1.3403916554         2.7201531777         0.0678170707        14.9866017446
        3.8653916000        19.6321090489         2.7140168865         1.3301823480         2.7150494228        -0.1981322262        14.6391711822
        3.8703994000       -19.1832319770         2.2857542697         1.3454963091         2.7252569326         0.2007917192        15.3340323071
        3.8753867000         4.0861075335         2.5424926614         1.3352870017         2.7201531777        -0.0651575777        14.9866017446
        3.8804101000        -3.6868932243         2.4567305489         1.3378393285         2.7227050552         0.0013297465        15.1603170259
        3.8854009000       -19.2328947397         2.2852063238         1.3429439823         2.7278088101         0.1343043949        15.5077475884
        3.8904064000         7.9974392937         2.5856476906         1.3352870017         2.7176013002        -0.0651575777        14.8128864634
        3.8953952000        19.6817718116         2.7145648323         1.3327346748         2.7124975453        -0.1316449020        14.4654559009
        3.9004099000         0.2244385360         2.4998855781         1.3378393285         2.7201531777         0.0013297465        14.9866017446
        3.9053849000         0.2244385360         2.4998855781         1.3378393285         2.7201531777         0.0013297465        14.9866017446
        3.9103990000        19.6321090489         2.7140168865         1.3301823480         2.7150494228        -0.1981322262        14.6391711822
        3.9153894000       -15.3215629795         2.3283613530         1.3429439823         2.7252569326         0.1343043949        15.3340323071
        3.9203912000         8.0471020564         2.5861956365         1.3378393285         2.7150494228         0.0013297465        14.6391711822
        3.9253840000       -15.3215629795         2.3283613530         1.3429439823         2.7252569326         0.1343043949        15.3340323071
        3.9304044000         4.0861075335         2.5424926614         1.3352870017         2.7201531777        -0.0651575777        14.9866017446
        3.9353951000         0.2244385360         2.4998855781         1.3378393285         2.7201531777         0.0013297465        14.9866017446
        3.9404150000       -15.3215629795         2.3283613530         1.3429439823         2.7252569326         0.1343043949        15.3340323071
        3.9453889000         4.0861075335         2.5424926614         1.3352870017         2.7201531777        -0.0651575777        14.9866017446
        3.9504055000       -23.0945637372         2.2722145995         1.3454963091         2.7278088101         0.2007917192        15.5077475884
        3.9553851000        27.3554470439         2.7271949959         1.3250776943         2.7150494228        -0.3311068746        14.6391711822
        3.9603995000       -11.4102312193         2.3715163822         1.3429439823         2.7227050552         0.1343043949        15.1603170259
        3.9653906000        15.7704400514         2.6714098032         1.3327346748         2.7150494228        -0.1316449020        14.6391711822
        3.9704968000        19.6321090489         2.7140168865         1.3301823480         2.7150494228        -0.1981322262        14.6391711822
        3.9754192000         0.2244385360         2.4998855781         1.3378393285         2.7201531777         0.0013297465        14.9866017446
        3.9804052000         0.2244385360         2.4998855781         1.3378393285         2.7201531777         0.0013297465        14.9866017446
        3.9853918000         0.2244385360         2.4998855781         1.3378393285         2.7201531777         0.0013297465        14.9866017446
        3.9904226000        23.5434408091         2.7224752221         1.3301823480         2.7124975453        -0.1981322262        14.4654559009
        3.9954039000       -15.3215629795         2.3283613530         1.3429439823         2.7252569326         0.1343043949        15.3340323071
        4.0004155000         4.0861075335         2.5424926614         1.3352870017         2.7201531777        -0.0651575777        14.9866017446
        4.0055273000       -19.2328947397         2.2852063238         1.3429439823         2.7278088101         0.1343043949        15.5077475884
        4.0103890000        15.7704400514         2.6714098032         1.3327346748         2.7150494228        -0.1316449020        14.6391711822
        4.0154386000         0.1747757732         2.4993376322         1.3352870017         2.7227050552        -0.0651575777        15.1603170259
        4.0204751000       -15.3215629795         2.3283613530         1.3429439823         2.7252569326         0.1343043949        15.3340323071
        4.0253929000        11.8094455285         2.6277068281         1.3301823480         2.7201531777        -0.1981322262        14.9866017446
        4.0304089000         0.2244385360         2.4998855781         1.3378393285         2.7201531777         0.0013297465        14.9866017446
        4.0354066000       -19.2328947397         2.2852063238         1.3429439823         2.7278088101         0.1343043949        15.5077475884
        4.0404148000         0.2244385360         2.4998855781         1.3378393285         2.7201531777         0.0013297465        14.9866017446
        4.0454233000         0.2244385360         2.4998855781         1.3378393285         2.7201531777         0.0013297465        14.9866017446
        4.0503913000         0.2244385360         2.4998855781         1.3378393285         2.7201531777         0.0013297465        14.9866017446
        4.0554114000         0.2244385360         2.4998855781         1.3378393285         2.7201531777         0.0013297465        14.9866017446
        4.0604165000         0.2244385360         2.4998855781         1.3378393285         2.7201531777         0.0013297465        14.9866017446
        4.0654280000       -19.1832319770         2.2857542697         1.3454963091         2.7252569326         0.2007917192        15.3340323071
        4.0704272000         7.9974392937         2.5856476906         1.3352870017         2.7176013002        -0.0651575777        14.8128864634
        4.0754103000        23.5434408091         2.7224752221         1.3301823480         2.7124975453        -0.1981322262        14.4654559009
        4.0803822000        15.7704400514         2.6714098032         1.3327346748         2.7150494228        -0.1316449020        14.6391711822
        4.0854014000       -19.1832319770         2.2857542697         1.3454963091         2.7252569326         0.2007917192        15.3340323071
        4.0903982000         4.0861075335         2.5424926614         1.3352870017         2.7201531777        -0.0651575777        14.9866017446
        4.0954216000         4.1357702962         2.5430406073         1.3378393285         2.7176013002         0.0013297465        14.8128864634
        4.1004039000       -19.2328947397         2.2852063238         1.3429439823         2.7278088101         0.1343043949        15.5077475884
        4.1054090000       -15.3215629795         2.3283613530         1.3429439823         2.7252569326         0.1343043949        15.3340323071
        4.1103982000         8.0471020564         2.5861956365         1.3378393285         2.7150494228         0.0013297465        14.6391711822
        4.1153958000         0.2244385360         2.4998855781         1.3378393285         2.7201531777         0.0013297465        14.9866017446
        4.1204082000         0.2244385360         2.4998855781         1.3378393285         2.7201531777         0.0013297465        14.9866017446
        4.1254029000         0.2244385360         2.4998855781         1.3378393285         2.7201531777         0.0013297465        14.9866017446
        4.1303934000         4.1357702962         2.5430406073         1.3378393285         2.7176013002         0.0013297465        14.8128864634
        4.1354196000         4.0861075335         2.5424926614         1.3352870017         2.7201531777        -0.0651575777        14.9866017446
        4.1403827000         0.2244385360         2.4998855781         1.3378393285         2.7201531777         0.0013297465        14.9866017446
        4.1453861000        15.7704400514         2.6714098032         1.3327346748         2.7150494228        -0.1316449020        14.6391711822
        4.1503989000       -23.0945637372         2.2722145995         1.3454963091         2.7278088101         0.2007917192        15.5077475884
        4.1553950000        19.6321090489         2.7140168865         1.3301823480         2.7150494228        -0.1981322262        14.6391711822
        4.1603935000         0.2244385360         2.4998855781         1.3378393285         2.7201531777         0.0013297465        14.9866017446
        4.1653889000       -23.1442264999         2.2721421114         1.3429439823         2.7303606875         0.1343043949        15.6814628696
        4.1703816000         4.0861075335         2.5424926614         1.3352870017         2.7201531777        -0.0651575777        14.9866017446
        4.1753784000        11.8591082912         2.6282547740         1.3327346748         2.7176013002        -0.1316449020        14.8128864634
        4.1803923000        -7.6478877472         2.4130275739         1.3352870017         2.7278088101        -0.0651575777        15.5077475884
        4.1853922000        19.6321090489         2.7140168865         1.3301823480         2.7150494228        -0.1981322262        14.6391711822
        4.1904051000         0.2244385360         2.4998855781         1.3378393285         2.7201531777         0.0013297465        14.9866017446
        4.1954685000         0.2244385360         2.4998855781         1.3378393285         2.7201531777         0.0013297465        14.9866017446
        4.2003932000         4.0861075335         2.5424926614         1.3352870017         2.7201531777        -0.0651575777        14.9866017446
        4.2054031000        11.9584338166         2.6293506656         1.3378393285         2.7124975453         0.0013297465        14.4654559009
        4.2104095000       -15.3215629795         2.3283613530         1.3429439823         2.7252569326         0.1343043949        15.3340323071
        4.2154545000       -19.2328947397         2.2852063238         1.3429439823         2.7278088101         0.1343043949        15.5077475884
        4.2204159000       -19.1832319770         2.2857542697         1.3454963091         2.7252569326         0.2007917192        15.3340323071
        4.2253902000       -26.9562327347         2.2665948245         1.3480486360         2.7278088101         0.2672790434        15.5077475884
        4.2304098000        19.6321090489         2.7140168865         1.3301823480         2.7150494228        -0.1981322262        14.6391711822
        4.2353959000         0.2244385360         2.4998855781         1.3378393285         2.7201531777         0.0013297465        14.9866017446
        4.2403949000       -15.3215629795         2.3283613530         1.3429439823         2.7252569326         0.1343043949        15.3340323071
        4.2453895000         4.0861075335         2.5424926614         1.3352870017         2.7201531777        -0.0651575777        14.9866017446
        4.2504101000       -15.3712257422         2.3278134072         1.3403916554         2.7278088101         0.0678170707        15.5077475884
        4.2553788000         7.9974392937         2.5856476906         1.3352870017         2.7176013002        -0.0651575777        14.8128864634
        4.2604030000       -27.0058954974         2.2665227719         1.3454963091         2.7303606875         0.2007917192        15.6814628696
        4.2653900000        23.5434408091         2.7224752221         1.3301823480         2.7124975453        -0.1981322262        14.4654559009
        4.2703930000       -11.3605684566         2.3720643281         1.3454963091         2.7201531777         0.2007917192        14.9866017446
        4.2754027000        19.6321090489         2.7140168865         1.3301823480         2.7150494228        -0.1981322262        14.6391711822
        4.2804034000       -15.3712257422         2.3278134072         1.3403916554         2.7278088101         0.0678170707        15.5077475884
        4.2853965000        23.5434408091         2.7224752221         1.3301823480         2.7124975453        -0.1981322262        14.4654559009
        4.2906556000         0.2244385360         2.4998855781         1.3378393285         2.7201531777         0.0013297465        14.9866017446
        4.2953843000       -11.4598939820         2.3709684364         1.3403916554         2.7252569326         0.0678170707        15.3340323071
        4.3003815000         0.2244385360         2.4998855781         1.3378393285         2.7201531777         0.0013297465        14.9866017446
        4.3053921000        -3.5875676989         2.4578264406         1.3429439823         2.7176013002         0.1343043949        14.8128864634
        4.3103923000       -15.3215629795         2.3283613530         1.3429439823         2.7252569326         0.1343043949        15.3340323071
        4.3153924000        19.6817718116         2.7145648323         1.3327346748         2.7124975453        -0.1316449020        14.4654559009
        4.3204524000         0.2244385360         2.4998855781         1.3378393285         2.7201531777         0.0013297465        14.9866017446
        4.3254030000         0.2244385360         2.4998855781         1.3378393285         2.7201531777         0.0013297465        14.9866017446
        4.3304270000        -3.6372304616         2.4572784947         1.3403916554         2.7201531777         0.0678170707        14.9866017446
        4.3353842000         4.0861075335         2.5424926614         1.3352870017         2.7201531777        -0.0651575777        14.9866017446
        4.3404282000         0.2244385360         2.4998855781         1.3378393285         2.7201531777         0.0013297465        14.9866017446
        4.3453965000       -34.6795707297         2.2554559049         1.3531532897         2.7278088101         0.4002536918        15.5077475884
        4.3504047000        15.7704400514         2.6714098032         1.3327346748         2.7150494228        -0.1316449020        14.6391711822
        4.3553869000       -15.3215629795         2.3283613530         1.3429439823         2.7252569326         0.1343043949        15.3340323071
        4.3603879000         0.2244385360         2.4998855781         1.3378393285         2.7201531777         0.0013297465        14.9866017446
        4.3654075000         0.2244385360         2.4998855781         1.3378393285         2.7201531777         0.0013297465        14.9866017446
        4.3703932000         0.2244385360         2.4998855781         1.3378393285         2.7201531777         0.0013297465        14.9866017446
        4.3753958000        23.5434408091         2.7224752221         1.3301823480         2.7124975453        -0.1981322262        14.4654559009
        4.3803875000       -19.2328947397         2.2852063238         1.3429439823         2.7278088101         0.1343043949        15.5077475884
        4.3854033000        15.8201028141         2.6719577490         1.3352870017         2.7124975453        -0.0651575777        14.4654559009
        4.3903927000        -3.6868932243         2.4567305489         1.3378393285         2.7227050552         0.0013297465        15.1603170259
        4.3953905000         0.2244385360         2.4998855781         1.3378393285         2.7201531777         0.0013297465        14.9866017446
        4.4003872000        -7.4988994591         2.4146714114         1.3429439823         2.7201531777         0.1343043949        14.9866017446
        4.4054158000        15.7704400514         2.6714098032         1.3327346748         2.7150494228        -0.1316449020        14.6391711822
        4.4103983000         0.2244385360         2.4998855781         1.3378393285         2.7201531777         0.0013297465        14.9866017446
        4.4153974000         0.2244385360         2.4998855781         1.3378393285         2.7201531777         0.0013297465        14.9866017446
        4.4205910000         4.1357702962         2.5430406073         1.3378393285         2.7176013002         0.0013297465        14.8128864634
        4.4254124000       -15.3215629795         2.3283613530         1.3429439823         2.7252569326         0.1343043949        15.3340323071
        4.4303998000         0.2244385360         2.4998855781         1.3378393285         2.7201531777         0.0013297465        14.9866017446
        4.4353963000        23.5434408091         2.7224752221         1.3301823480         2.7124975453        -0.1981322262        14.4654559009
        4.4403880000         4.0861075335         2.5424926614         1.3352870017         2.7201531777        -0.0651575777        14.9866017446
        4.4453855000        -3.6372304616         2.4572784947         1.3403916554         2.7201531777         0.0678170707        14.9866017446
        4.4504741000        19.6817718116         2.7145648323         1.3327346748         2.7124975453        -0.1316449020        14.4654559009
        4.4553975000       -15.3215629795         2.3283613530         1.3429439823         2.7252569326         0.1343043949        15.3340323071
        4.4603941000       -11.4598939820         2.3709684364         1.3403916554         2.7252569326         0.0678170707        15.3340323071
        4.4653901000         8.0471020564         2.5861956365         1.3378393285         2.7150494228         0.0013297465        14.6391711822
        4.4703898000        23.5434408091         2.7224752221         1.3301823480         2.7124975453        -0.1981322262        14.4654559009
        4.4754326000         4.0861075335         2.5424926614         1.3352870017         2.7201531777        -0.0651575777        14.9866017446
        4.4803991000       -15.3215629795         2.3283613530         1.3429439823         2.7252569326         0.1343043949        15.3340323071
        4.4853967000       -19.2328947397         2.2852063238         1.3429439823         2.7278088101         0.1343043949        15.5077475884
        4.4903842000         7.9477765310         2.5850997448         1.3327346748         2.7201531777        -0.1316449020        14.9866017446
        4.4954069000         4.0861075335         2.5424926614         1.3352870017         2.7201531777        -0.0651575777        14.9866017446
        4.5003986000       -19.2328947397         2.2852063238         1.3429439823         2.7278088101         0.1343043949        15.5077475884
        4.5055191000       -19.1832319770         2.2857542697         1.3454963091         2.7252569326         0.2007917192        15.3340323071
        4.5104219000        19.6321090489         2.7140168865         1.3301823480         2.7150494228        -0.1981322262        14.6391711822
        4.5154196000         4.0861075335         2.5424926614         1.3352870017         2.7201531777        -0.0651575777        14.9866017446
        4.5204337000         4.0861075335         2.5424926614         1.3352870017         2.7201531777        -0.0651575777        14.9866017446
        4.5254897000        -7.4988994591         2.4146714114         1.3429439823         2.7201531777         0.1343043949        14.9866017446
        4.5303967000       -15.3215629795         2.3283613530         1.3429439823         2.7252569326         0.1343043949        15.3340323071
        4.5354070000        15.7704400514         2.6714098032         1.3327346748         2.7150494228        -0.1316449020        14.6391711822
        4.5404289000       -15.3215629795         2.3283613530         1.3429439823         2.7252569326         0.1343043949        15.3340323071
        4.5455040000        11.8094455285         2.6277068281         1.3301823480         2.7201531777        -0.1981322262        14.9866017446
        4.5503881000       -19.1832319770         2.2857542697         1.3454963091         2.7252569326         0.2007917192        15.3340323071
        4.5553848000         4.0861075335         2.5424926614         1.3352870017         2.7201531777        -0.0651575777        14.9866017446
        4.5604054000        -3.6868932243         2.4567305489         1.3378393285         2.7227050552         0.0013297465        15.1603170259
        4.5653802000        15.7704400514         2.6714098032         1.3327346748         2.7150494228        -0.1316449020        14.6391711822
        4.5703931000       -15.3215629795         2.3283613530         1.3429439823         2.7252569326         0.1343043949        15.3340323071
        4.5753895000         4.0861075335         2.5424926614         1.3352870017         2.7201531777        -0.0651575777        14.9866017446
        4.5804169000         0.2244385360         2.4998855781         1.3378393285         2.7201531777         0.0013297465        14.9866017446
        4.5854007000         4.1357702962         2.5430406073         1.3378393285         2.7176013002         0.0013297465        14.8128864634
        4.5904007000         4.0861075335         2.5424926614         1.3352870017         2.7201531777        -0.0651575777        14.9866017446
        4.5953797000         0.2244385360         2.4998855781         1.3378393285         2.7201531777         0.0013297465        14.9866017446
        4.6003822000        19.6321090489         2.7140168865         1.3301823480         2.7150494228        -0.1981322262        14.6391711822
        4.6053814000         0.2244385360         2.4998855781         1.3378393285         2.7201531777         0.0013297465        14.9866017446
        4.6103954000         0.1747757732         2.4993376322         1.3352870017         2.7227050552        -0.0651575777        15.1603170259
        4.6153971000        19.6321090489         2.7140168865         1.3301823480         2.7150494228        -0.1981322262        14.6391711822
        4.6203873000         4.1357702962         2.5430406073         1.3378393285         2.7176013002         0.0013297465        14.8128864634
        4.6254053000         0.2244385360         2.4998855781         1.3378393285         2.7201531777         0.0013297465        14.9866017446
        4.6304055000        15.7704400514         2.6714098032         1.3327346748         2.7150494228        -0.1316449020        14.6391711822
        4.6353916000         4.0861075335         2.5424926614         1.3352870017         2.7201531777        -0.0651575777        14.9866017446
        4.6404113000       -19.2328947397         2.2852063238         1.3429439823         2.7278088101         0.1343043949        15.5077475884
        4.6454077000        -3.6372304616         2.4572784947         1.3403916554         2.7201531777         0.0678170707        14.9866017446
        4.6503969000        23.5434408091         2.7224752221         1.3301823480         2.7124975453        -0.1981322262        14.4654559009
        4.6553916000       -15.3215629795         2.3283613530         1.3429439823         2.7252569326         0.1343043949        15.3340323071
        4.6604234000        15.8201028141         2.6719577490         1.3352870017         2.7124975453        -0.0651575777        14.4654559009
        4.6653858000         0.2244385360         2.4998855781         1.3378393285         2.7201531777         0.0013297465        14.9866017446
        4.6704097000         7.9974392937         2.5856476906         1.3352870017         2.7176013002        -0.0651575777        14.8128864634
        4.6753965000       -19.2328947397         2.2852063238         1.3429439823         2.7278088101         0.1343043949        15.5077475884
        4.6803946000       -19.2328947397         2.2852063238         1.3429439823         2.7278088101         0.1343043949        15.5077475884
        4.6853907000         7.9477765310         2.5850997448         1.3327346748         2.7201531777        -0.1316449020        14.9866017446
        4.6904271000        15.7704400514         2.6714098032         1.3327346748         2.7150494228        -0.1316449020        14.6391711822
        4.6953978000         4.0861075335         2.5424926614         1.3352870017         2.7201531777        -0.0651575777        14.9866017446
        4.7003933000       -11.3109056939         2.3726122739         1.3480486360         2.7176013002         0.2672790434        14.8128864634
        4.7054121000         4.1357702962         2.5430406073         1.3378393285         2.7176013002         0.0013297465        14.8128864634
        4.7103774000         7.9974392937         2.5856476906         1.3352870017         2.7176013002        -0.0651575777        14.8128864634
        4.7153975000         0.2244385360         2.4998855781         1.3378393285         2.7201531777         0.0013297465        14.9866017446
        4.7203930000        19.6321090489         2.7140168865         1.3301823480         2.7150494228        -0.1981322262        14.6391711822
        4.7253968000         0.2244385360         2.4998855781         1.3378393285         2.7201531777         0.0013297465        14.9866017446
        4.7303877000       -19.2328947397         2.2852063238         1.3429439823         2.7278088101         0.1343043949        15.5077475884
        4.7354027000        15.6711145260         2.6703139115         1.3276300211         2.7201531777        -0.2646195504        14.9866017446
        4.7404143000       -15.3215629795         2.3283613530         1.3429439823         2.7252569326         0.1343043949        15.3340323071
        4.7453972000        19.6321090489         2.7140168865         1.3301823480         2.7150494228        -0.1981322262        14.6391711822
        4.7503816000       -11.4598939820         2.3709684364         1.3403916554         2.7252569326         0.0678170707        15.3340323071
        4.7554079000        -3.6868932243         2.4567305489         1.3378393285         2.7227050552         0.0013297465        15.1603170259
        4.7603941000         0.2244385360         2.4998855781         1.3378393285         2.7201531777         0.0013297465        14.9866017446
        4.7653648000        15.7704400514         2.6714098032         1.3327346748         2.7150494228        -0.1316449020        14.6391711822
        4.7703942000         4.1357702962         2.5430406073         1.3378393285         2.7176013002         0.0013297465        14.8128864634
        4.7753779000         0.2244385360         2.4998855781         1.3378393285         2.7201531777         0.0013297465        14.9866017446
        4.7803993000        19.6321090489         2.7140168865         1.3301823480         2.7150494228        -0.1981322262        14.6391711822
        4.7854025000       -15.3215629795         2.3283613530         1.3429439823         2.7252569326         0.1343043949        15.3340323071
        4.7903939000        15.7704400514         2.6714098032         1.3327346748         2.7150494228        -0.1316449020        14.6391711822
        4.7953921000       -19.1832319770         2.2857542697         1.3454963091         2.7252569326         0.2007917192        15.3340323071
        4.8004061000         4.0861075335         2.5424926614         1.3352870017         2.7201531777        -0.0651575777        14.9866017446
        4.8054130000       -15.3215629795         2.3283613530         1.3429439823         2.7252569326         0.1343043949        15.3340323071
        4.8103949000         0.2244385360         2.4998855781         1.3378393285         2.7201531777         0.0013297465        14.9866017446
        4.8156171000       -11.3605684566         2.3720643281         1.3454963091         2.7201531777         0.2007917192        14.9866017446
        4.8203775000         0.2244385360         2.4998855781         1.3378393285         2.7201531777         0.0013297465        14.9866017446
        4.8254053000        19.6321090489         2.7140168865         1.3301823480         2.7150494228        -0.1981322262        14.6391711822
        4.8304006000       -15.3215629795         2.3283613530         1.3429439823         2.7252569326         0.1343043949        15.3340323071
        4.8353871000        19.6817718116         2.7145648323         1.3327346748         2.7124975453        -0.1316449020        14.4654559009
        4.8404060000         7.9974392937         2.5856476906         1.3352870017         2.7176013002        -0.0651575777        14.8128864634
        4.8454022000         4.0861075335         2.5424926614         1.3352870017         2.7201531777        -0.0651575777        14.9866017446
        4.8503938000         4.0861075335         2.5424926614         1.3352870017         2.7201531777        -0.0651575777        14.9866017446
        4.8553857000         0.2244385360         2.4998855781         1.3378393285         2.7201531777         0.0013297465        14.9866017446
        4.8604073000        19.6321090489         2.7140168865         1.3301823480         2.7150494228        -0.1981322262        14.6391711822
        4.8653805000         0.2741012986         2.5004335239         1.3403916554         2.7176013002         0.0678170707        14.8128864634
        4.8704014000        11.8591082912         2.6282547740         1.3327346748         2.7176013002        -0.1316449020        14.8128864634
        4.8753906000       -15.3215629795         2.3283613530         1.3429439823         2.7252569326         0.1343043949        15.3340323071
        4.8803939000        11.9087710539         2.6288027198         1.3352870017         2.7150494228        -0.0651575777        14.6391711822
        4.8853851000       -15.3215629795         2.3283613530         1.3429439823         2.7252569326         0.1343043949        15.3340323071
        4.8903767000         0.2244385360         2.4998855781         1.3378393285         2.7201531777         0.0013297465        14.9866017446
        4.8953977000       -26.9065699720         2.2666668827         1.3506009628         2.7252569326         0.3337663676        15.3340323071
        4.9003931000         4.0364447708         2.5419447156         1.3327346748         2.7227050552        -0.1316449020        15.1603170259
        4.9053809000         0.2244385360         2.4998855781         1.3378393285         2.7201531777         0.0013297465        14.9866017446
        4.9104036000       -34.6795707297         2.2554559049         1.3531532897         2.7278088101         0.4002536918        15.5077475884
        4.9153701000         0.2244385360         2.4998855781         1.3378393285         2.7201531777         0.0013297465        14.9866017446
        4.9203921000         4.0861075335         2.5424926614         1.3352870017         2.7201531777        -0.0651575777        14.9866017446
        4.9253872000         0.1747757732         2.4993376322         1.3352870017         2.7227050552        -0.0651575777        15.1603170259
        4.9303825000         8.0471020564         2.5861956365         1.3378393285         2.7150494228         0.0013297465        14.6391711822
        4.9354337000         0.2244385360         2.4998855781         1.3378393285         2.7201531777         0.0013297465        14.9866017446
        4.9404375000         7.9974392937         2.5856476906         1.3352870017         2.7176013002        -0.0651575777        14.8128864634
        4.9454152000       -19.2328947397         2.2852063238         1.3429439823         2.7278088101         0.1343043949        15.5077475884
        4.9504695000       -15.3215629795         2.3283613530         1.3429439823         2.7252569326         0.1343043949        15.3340323071
        4.9553942000         4.1357702962         2.5430406073         1.3378393285         2.7176013002         0.0013297465        14.8128864634
        4.9604231000         4.0861075335         2.5424926614         1.3352870017         2.7201531777        -0.0651575777        14.9866017446
        4.9654348000       -15.3215629795         2.3283613530         1.3429439823         2.7252569326         0.1343043949        15.3340323071
        4.9704281000         4.0861075335         2.5424926614         1.3352870017         2.7201531777        -0.0651575777        14.9866017446
        4.9754051000        23.5931035718         2.7225367973         1.3327346748         2.7099456679        -0.1316449020        14.2917406197
        4.9804773000       -15.3215629795         2.3283613530         1.3429439823         2.7252569326         0.1343043949        15.3340323071
        4.9854341000         4.0861075335         2.5424926614         1.3352870017         2.7201531777        -0.0651575777        14.9866017446
        4.9903903000         4.0861075335         2.5424926614         1.3352870017         2.7201531777        -0.0651575777        14.9866017446
        4.9954121000       -19.1832319770         2.2857542697         1.3454963091         2.7252569326         0.2007917192        15.3340323071
        5.0003950000         8.0471020564         2.5861956365         1.3378393285         2.7150494228         0.0013297465        14.6391711822
