% Designation Loop  psi_cmd=+0.000deg  (absolute, NEUTRAL ref)
% Kp=90.4059  Kd=2.5786  K_pot=68.073520deg/V
% Vg_offset=1.337380V  K_gimbal=26.049690  samples=1001

Time[s]              OmegaCmd[deg/s]      Vc[V]                Vg[V]                Pot[V]               Omega[deg/s]         Psi[deg]            
        0.0005015000     -5399.6879451941         0.0000000000         1.3327346748         3.3912969494        -6.9331863861        59.9249119916
        0.0054990000     -5323.1042196521         0.0000000000         1.3250776943         3.3836413170       -18.3615155941        59.4037661479
        0.0104490000     -4816.2482593862         0.0000000000         1.1974613514         3.3810894396      -208.8336690594        59.2300508666
        0.0154627000     -4201.4585359454         0.0000000000         1.0826066429         3.3530187875      -380.2586071782        57.3191827730
        0.0204357000     -3574.9050813339         0.0000000000         0.9728565881         3.3198443806      -544.0646591584        55.0608841168
        0.0255010000     -3152.6943677668         0.0000000000         0.9243623778         3.2815662187      -616.4440774753        52.4551548981
        0.0304695000     -2589.0799342865         0.0000000000         0.8554495527         3.2330805470      -719.2990403466        49.1545645545
        0.0354474000     -1962.6459526075         0.0000000000         0.7865367276         3.1743873654      -822.1540032179        45.1591130859
        0.0404316000     -1632.7835880984         0.0000000000         0.7661181127         3.1335573261      -852.6295477723        42.3796685860
        0.0454450000     -1018.1730740564         0.7123909011         0.7125192487         3.0672085121      -932.6278522278        37.8630712737
        0.0504470000      -476.2648661436         1.6805905849         0.6818913264         2.9983078207      -978.3411690595        33.1727586801
        0.0554329000      -240.7512968650         1.9582977215         0.7023099413         2.9472702715      -947.8656245050        29.6984530553
        0.0604429000       120.4013688110         2.8632159526         0.7227285561         2.8758177027      -917.3900799505        24.8344251805
        0.0654497000       448.2035506812         3.2356327115         0.7354901904         2.8145726437      -898.3428646040        20.6652584306
        0.0704427000       577.6045935586         3.4037037090         0.7916413813         2.7584313396      -814.5351170792        16.8435222433
        0.0754463000       575.4846744534         3.4007776692         0.8452402453         2.7252569326      -734.5368126238        14.5852235871
        0.0804380000       229.5590040969         2.9845248400         0.9881705492         2.6920825256      -521.2080007426        12.3269249310
        0.0854423000      -361.7629934689         1.8181271719         1.1336531800         2.6971862806      -304.0697457921        12.6743554935
        0.0904260000      -752.8028788019         1.2609152630         1.2638218497         2.6793231383      -109.7881492574        11.4583485248
        0.0954328000      -803.9184322961         1.1656169040         1.2893451183         2.6716675060       -71.6937185644        10.9372026810
        0.1004419000      -701.8067982402         1.3502872241         1.2791358108         2.6614599961       -86.9314908416        10.2423415560
        0.1054489000      -338.4147405265         1.8450487928         1.2051183320         2.6487006088      -197.4053398515         9.3737651498
        0.1104348000       323.5493805297         3.0893550692         1.0698450086         2.6257337117      -399.3058225248         7.8103276186
        0.1154434000       382.3680363831         3.1569357500         1.0953682772         2.6002149371      -361.2113918317         6.0731748062
        0.1204319000       515.8297080720         3.3209301883         1.1055775846         2.5721442851      -345.9736195545         4.1623067125
        0.1254432000       230.9620856066         2.9860757251         1.1795950634         2.5721442851      -235.4997705446         4.1623067125
        0.1304578000      -230.7796596829         1.9701998363         1.3199730405         2.5593848978       -25.9804017327         3.2937303063
        0.1354676000      -547.0570562476         1.5872772347         1.3939905194         2.5644886527        84.4934472772         3.6411608688
        0.1404708000      -366.3015140108         1.8128716309         1.3429439823         2.5670405302         8.3045858911         3.8148761501
        0.1454361000      -342.7143152031         1.8401023639         1.3327346748         2.5695924076        -6.9331863861         3.9885914313
        0.1504425000      -268.0712993675         1.9261618310         1.3174207137         2.5670405302       -29.7898448020         3.8148761501
        0.1554542000       317.3090961466         3.0823003192         1.1898043709         2.5517292654      -220.2619982673         2.7725844626
        0.1604338000       289.7807414600         3.0513815138         1.2051183320         2.5466255105      -197.4053398515         2.4251539001
        0.1654276000       272.0156717714         3.0315732957         1.2382985811         2.5287623683      -147.8825799505         1.2091469314
        0.1704329000       238.6054514995         2.9945271842         1.2510602154         2.5262104908      -128.8353646040         1.0354316502
        0.1754418000        63.7317748480         2.7983907270         1.3046590794         2.5211067359       -48.8370601485         0.6880010877
        0.1804271000      -439.1830295389         1.7265623569         1.4271707685         2.5262104908       134.0162071782         1.0354316502
        0.1854344000      -181.8437617601         2.0305186627         1.3684672508         2.5211067359        46.3990165842         0.6880010877
        0.1907063000      -134.6693641449         2.0928476708         1.3480486360         2.5262104908        15.9234720297         1.0354316502
        0.1954605000       -77.6719450653         2.1760333318         1.3250776943         2.5313142457       -18.3615155941         1.3828622126
        0.2004384000      -162.1379823652         2.0559611590         1.3429439823         2.5338661232         8.3045858911         1.5565774939
        0.2054469000       -46.2621709659         2.2266355707         1.3250776943         2.5262104908       -18.3615155941         1.0354316502
        0.2104401000       289.6612685274         3.0512479641         1.2459555617         2.5211067359      -136.4542507426         0.6880010877
        0.2154419000       126.6110595129         2.8702074122         1.2842404646         2.5236586133       -79.3126047030         0.8617163689
        0.2204338000       106.9052801180         2.8479548945         1.3097637331         2.5108992261       -41.2181740099        -0.0068600373
        0.2254340000        14.5569310600         2.6820940248         1.3378393285         2.5083473486         0.6856997525        -0.1805753185
        0.2304462000       -38.4395956743         2.2398535912         1.3352870017         2.5185548584        -3.1237433168         0.5142858064
        0.2354588000        49.9078610383         2.7822298491         1.3327346748         2.5057954711        -6.9331863861        -0.3542905998
        0.2404341000        53.8490169173         2.7868535606         1.3276300211         2.5083473486       -14.5520725247        -0.1805753185
        0.2454778000       -18.8532892119         2.2856770288         1.3506009628         2.5057954711        19.7329150990        -0.3542905998
        0.2504349000        59.7308825027         2.7937296984         1.3301823480         2.5057954711       -10.7426294554        -0.3542905998
        0.2554734000        75.4357695524         2.8119543636         1.3301823480         2.5032435937       -10.7426294554        -0.5280058810
        0.2604272000        -5.0891118686         2.4489909426         1.3429439823         2.5083473486         8.3045858911        -0.1805753185
        0.2654440000       -30.6170203826         2.2533352330         1.3454963091         2.5108992261        12.1140289604        -0.0068600373
        0.2704234000       -71.8498159462         2.1851296060         1.3480486360         2.5160029810        15.9234720297         0.3405705252
        0.2754421000        18.4980869390         2.7288563976         1.3327346748         2.5108992261        -6.9331863861        -0.0068600373
        0.2804445000        59.7308825027         2.7937296984         1.3301823480         2.5057954711       -10.7426294554        -0.3542905998
        0.2854356000       -20.7939989183         2.2706520627         1.3429439823         2.5108992261         8.3045858911        -0.0068600373
        0.2904385000        18.4980869390         2.7288563976         1.3327346748         2.5108992261        -6.9331863861        -0.0068600373
        0.2954204000        28.3211084034         2.7566555356         1.3301823480         2.5108992261       -10.7426294554        -0.0068600373
        0.3004307000       -10.9709774539         2.3792017743         1.3403916554         2.5108992261         4.4951428218        -0.0068600373
        0.3055128000       -20.7939989183         2.2706520627         1.3429439823         2.5108992261         8.3045858911        -0.0068600373
        0.3104313000       -30.6170203826         2.2533352330         1.3454963091         2.5108992261        12.1140289604        -0.0068600373
        0.3155129000        40.0848395740         2.7706460277         1.3352870017         2.5057954711        -3.1237433168        -0.3542905998
        0.3204444000       -62.0267944819         2.2007616102         1.3454963091         2.5160029810        12.1140289604         0.3405705252
        0.3254986000       -67.9086600672         2.1913577581         1.3429439823         2.5185548584         8.3045858911         0.5142858064
        0.3304553000        59.7308825027         2.7937296984         1.3301823480         2.5057954711       -10.7426294554        -0.3542905998
        0.3354604000       -58.0856386029         2.2071372347         1.3403916554         2.5185548584         4.4951428218         0.5142858064
        0.3404362000       -58.0856386029         2.2071372347         1.3403916554         2.5185548584         4.4951428218         0.5142858064
        0.3454774000        59.7308825027         2.7937296984         1.3301823480         2.5057954711       -10.7426294554        -0.3542905998
        0.3504582000       -62.0267944819         2.2007616102         1.3454963091         2.5160029810        12.1140289604         0.3405705252
        0.3554766000        40.0848395740         2.7706460277         1.3352870017         2.5057954711        -3.1237433168        -0.3542905998
        0.3604523000       -67.9086600672         2.1913577581         1.3429439823         2.5185548584         8.3045858911         0.5142858064
        0.3654879000        30.2618181097         2.7589728263         1.3378393285         2.5057954711         0.6856997525        -0.3542905998
        0.3704727000       -38.4395956743         2.2398535912         1.3352870017         2.5185548584        -3.1237433168         0.5142858064
        0.3755162000       -32.5577300889         2.2499654712         1.3378393285         2.5160029810         0.6856997525         0.3405705252
        0.3804363000        69.5539039670         2.8051509359         1.3276300211         2.5057954711       -14.5520725247        -0.3542905998
        0.3854798000       -26.6758645036         2.2602303108         1.3403916554         2.5134511035         4.4951428218         0.1668552439
        0.3904559000        40.0848395740         2.7706460277         1.3352870017         2.5057954711        -3.1237433168        -0.3542905998
        0.3955487000        -7.0298215750         2.4259641471         1.3352870017         2.5134511035        -3.1237433168         0.1668552439
        0.4004436000       -67.9086600672         2.1913577581         1.3429439823         2.5185548584         8.3045858911         0.5142858064
        0.4054310000       -40.4400418469         2.2364486600         1.3480486360         2.5108992261        15.9234720297        -0.0068600373
        0.4104403000         2.7931998894         2.5425156882         1.3327346748         2.5134511035        -6.9331863861         0.1668552439
        0.4154297000       -32.5577300889         2.2499654712         1.3378393285         2.5160029810         0.6856997525         0.3405705252
        0.4204453000        49.9078610383         2.7822298491         1.3327346748         2.5057954711        -6.9331863861        -0.3542905998
        0.4254415000       -58.0856386029         2.2071372347         1.3403916554         2.5185548584         4.4951428218         0.5142858064
        0.4304342000        -1.1479559896         2.4957533154         1.3378393285         2.5108992261         0.6856997525        -0.0068600373
        0.4354353000        53.8490169173         2.7868535606         1.3276300211         2.5083473486       -14.5520725247        -0.1805753185
        0.4404464000       -10.9709774539         2.3792017743         1.3403916554         2.5108992261         4.4951428218        -0.0068600373
        0.4454355000        49.9078610383         2.7822298491         1.3327346748         2.5057954711        -6.9331863861        -0.3542905998
        0.4504529000       -62.0267944819         2.2007616102         1.3454963091         2.5160029810        12.1140289604         0.3405705252
        0.4554301000       -16.8528430393         2.3094126060         1.3378393285         2.5134511035         0.6856997525         0.1668552439
        0.4604456000        -1.1479559896         2.4957533154         1.3378393285         2.5108992261         0.6856997525        -0.0068600373
        0.4654515000        59.7308825027         2.7937296984         1.3301823480         2.5057954711       -10.7426294554        -0.3542905998
        0.4704417000        -7.0298215750         2.4259641471         1.3352870017         2.5134511035        -3.1237433168         0.1668552439
        0.4754649000        -1.1479559896         2.4957533154         1.3378393285         2.5108992261         0.6856997525        -0.0068600373
        0.4804521000        -7.0298215750         2.4259641471         1.3352870017         2.5134511035        -3.1237433168         0.1668552439
        0.4854361000       -52.2037730176         2.2167664279         1.3429439823         2.5160029810         8.3045858911         0.3405705252
        0.4904483000        59.7308825027         2.7937296984         1.3301823480         2.5057954711       -10.7426294554        -0.3542905998
        0.4954330000       -10.9709774539         2.3792017743         1.3403916554         2.5108992261         4.4951428218        -0.0068600373
        0.5004553000        18.4980869390         2.7288563976         1.3327346748         2.5108992261        -6.9331863861        -0.0068600373
        0.5054529000         8.6750654747         2.6123048565         1.3352870017         2.5108992261        -3.1237433168        -0.0068600373
        0.5104508000        -1.1479559896         2.4957533154         1.3378393285         2.5108992261         0.6856997525        -0.0068600373
        0.5154462000        49.9078610383         2.7822298491         1.3327346748         2.5057954711        -6.9331863861        -0.3542905998
        0.5204580000       -71.8498159462         2.1851296060         1.3480486360         2.5160029810        15.9234720297         0.3405705252
        0.5254431000         8.6750654747         2.6123048565         1.3352870017         2.5108992261        -3.1237433168        -0.0068600373
        0.5304570000        49.9078610383         2.7822298491         1.3327346748         2.5057954711        -6.9331863861        -0.3542905998
        0.5354343000        75.4357695524         2.8119543636         1.3301823480         2.5032435937       -10.7426294554        -0.5280058810
        0.5404268000         8.6750654747         2.6123048565         1.3352870017         2.5108992261        -3.1237433168        -0.0068600373
        0.5454336000        -1.1479559896         2.4957533154         1.3378393285         2.5108992261         0.6856997525        -0.0068600373
        0.5504338000       -62.0267944819         2.2007616102         1.3454963091         2.5160029810        12.1140289604         0.3405705252
        0.5554672000        75.4357695524         2.8119543636         1.3301823480         2.5032435937       -10.7426294554        -0.5280058810
        0.5604388000        65.6127480880         2.8005776515         1.3327346748         2.5032435937        -6.9331863861        -0.5280058810
        0.5654439000         4.7339095957         2.5655424837         1.3403916554         2.5083473486         4.4951428218        -0.1805753185
        0.5704532000       -52.2037730176         2.2167664279         1.3429439823         2.5160029810         8.3045858911         0.3405705252
        0.5754316000       -77.7316815316         2.1759406364         1.3454963091         2.5185548584        12.1140289604         0.5142858064
        0.5804532000         8.6750654747         2.6123048565         1.3352870017         2.5108992261        -3.1237433168        -0.0068600373
        0.5854586000       -16.8528430393         2.3094126060         1.3378393285         2.5134511035         0.6856997525         0.1668552439
        0.5904881000         8.6750654747         2.6123048565         1.3352870017         2.5108992261        -3.1237433168        -0.0068600373
        0.5954293000        -1.1479559896         2.4957533154         1.3378393285         2.5108992261         0.6856997525        -0.0068600373
        0.6004454000       -62.0267944819         2.2007616102         1.3454963091         2.5160029810        12.1140289604         0.3405705252
        0.6054449000       -10.9709774539         2.3792017743         1.3403916554         2.5108992261         4.4951428218        -0.0068600373
        0.6104302000        40.0848395740         2.7706460277         1.3352870017         2.5057954711        -3.1237433168        -0.3542905998
        0.6154420000       -87.5547029959         2.1608686129         1.3480486360         2.5185548584        15.9234720297         0.5142858064
        0.6204422000       -20.7939989183         2.2706520627         1.3429439823         2.5108992261         8.3045858911        -0.0068600373
        0.6254383000        49.9078610383         2.7822298491         1.3327346748         2.5057954711        -6.9331863861        -0.3542905998
        0.6304490000       -62.0267944819         2.2007616102         1.3454963091         2.5160029810        12.1140289604         0.3405705252
        0.6354493000       -22.7347086246         2.2671958367         1.3352870017         2.5160029810        -3.1237433168         0.3405705252
        0.6404402000        -1.1479559896         2.4957533154         1.3378393285         2.5108992261         0.6856997525        -0.0068600373
        0.6454509000       -52.2037730176         2.2167664279         1.3429439823         2.5160029810         8.3045858911         0.3405705252
        0.6504288000        75.4357695524         2.8119543636         1.3301823480         2.5032435937       -10.7426294554        -0.5280058810
        0.6554403000       -22.7347086246         2.2671958367         1.3352870017         2.5160029810        -3.1237433168         0.3405705252
        0.6604336000       -30.6170203826         2.2533352330         1.3454963091         2.5108992261        12.1140289604        -0.0068600373
        0.6654433000        -1.1479559896         2.4957533154         1.3378393285         2.5108992261         0.6856997525        -0.0068600373
        0.6704203000         6.7343557684         2.5892780609         1.3276300211         2.5160029810       -14.5520725247         0.3405705252
        0.6754258000        18.4980869390         2.7288563976         1.3327346748         2.5108992261        -6.9331863861        -0.0068600373
        0.6804372000         8.6750654747         2.6123048565         1.3352870017         2.5108992261        -3.1237433168        -0.0068600373
        0.6854468000         4.7339095957         2.5655424837         1.3403916554         2.5083473486         4.4951428218        -0.1805753185
        0.6904337000       -42.3807515533         2.2331617353         1.3403916554         2.5160029810         4.4951428218         0.3405705252
        0.6954494000        65.6127480880         2.8005776515         1.3327346748         2.5032435937        -6.9331863861        -0.5280058810
        0.7004299000        14.5569310600         2.6820940248         1.3378393285         2.5083473486         0.6856997525        -0.1805753185
        0.7054561000        30.2618181097         2.7589728263         1.3378393285         2.5057954711         0.6856997525        -0.3542905998
        0.7104459000        28.3211084034         2.7566555356         1.3301823480         2.5108992261       -10.7426294554        -0.0068600373
        0.7154326000         4.7339095957         2.5655424837         1.3403916554         2.5083473486         4.4951428218        -0.1805753185
        0.7204428000       -62.0267944819         2.2007616102         1.3454963091         2.5160029810        12.1140289604         0.3405705252
        0.7254264000        24.3799525244         2.7519380602         1.3352870017         2.5083473486        -3.1237433168        -0.1805753185
        0.7304422000        40.0848395740         2.7706460277         1.3352870017         2.5057954711        -3.1237433168        -0.3542905998
        0.7354570000       -10.9709774539         2.3792017743         1.3403916554         2.5108992261         4.4951428218        -0.0068600373
        0.7404312000        14.5569310600         2.6820940248         1.3378393285         2.5083473486         0.6856997525        -0.1805753185
        0.7454741000       -52.2037730176         2.2167664279         1.3429439823         2.5160029810         8.3045858911         0.3405705252
        0.7504543000        14.5569310600         2.6820940248         1.3378393285         2.5083473486         0.6856997525        -0.1805753185
        0.7554925000        14.5569310600         2.6820940248         1.3378393285         2.5083473486         0.6856997525        -0.1805753185
        0.7604494000        65.6127480880         2.8005776515         1.3327346748         2.5032435937        -6.9331863861        -0.5280058810
        0.7654697000         4.7339095957         2.5655424837         1.3403916554         2.5083473486         4.4951428218        -0.1805753185
        0.7704372000       -62.0267944819         2.2007616102         1.3454963091         2.5160029810        12.1140289604         0.3405705252
        0.7754287000       -32.5577300889         2.2499654712         1.3378393285         2.5160029810         0.6856997525         0.3405705252
        0.7804329000        24.3799525244         2.7519380602         1.3352870017         2.5083473486        -3.1237433168        -0.1805753185
        0.7854244000        -1.1479559896         2.4957533154         1.3378393285         2.5108992261         0.6856997525        -0.0068600373
        0.7904362000        30.2618181097         2.7589728263         1.3378393285         2.5057954711         0.6856997525        -0.3542905998
        0.7954391000       -42.3807515533         2.2331617353         1.3403916554         2.5160029810         4.4951428218         0.3405705252
        0.8004536000        75.4357695524         2.8119543636         1.3301823480         2.5032435937       -10.7426294554        -0.5280058810
        0.8054329000        -1.1479559896         2.4957533154         1.3378393285         2.5108992261         0.6856997525        -0.0068600373
        0.8104702000        65.6127480880         2.8005776515         1.3327346748         2.5032435937        -6.9331863861        -0.5280058810
        0.8154730000       -32.5577300889         2.2499654712         1.3378393285         2.5160029810         0.6856997525         0.3405705252
        0.8204430000       -71.8498159462         2.1851296060         1.3480486360         2.5160029810        15.9234720297         0.3405705252
        0.8254231000        20.4387966454         2.7472047898         1.3403916554         2.5057954711         4.4951428218        -0.3542905998
        0.8304577000        -1.1479559896         2.4957533154         1.3378393285         2.5108992261         0.6856997525        -0.0068600373
        0.8354350000       -52.2037730176         2.2167664279         1.3429439823         2.5160029810         8.3045858911         0.3405705252
        0.8405336000        14.5569310600         2.6820940248         1.3378393285         2.5083473486         0.6856997525        -0.1805753185
        0.8455134000        14.5569310600         2.6820940248         1.3378393285         2.5083473486         0.6856997525        -0.1805753185
        0.8504468000        44.0259954530         2.7753040771         1.3301823480         2.5083473486       -10.7426294554        -0.1805753185
        0.8554321000        -1.1479559896         2.4957533154         1.3378393285         2.5108992261         0.6856997525        -0.0068600373
        0.8604642000        59.7308825027         2.7937296984         1.3301823480         2.5057954711       -10.7426294554        -0.3542905998
        0.8655009000         8.6750654747         2.6123048565         1.3352870017         2.5108992261        -3.1237433168        -0.0068600373
        0.8704999000       -10.9709774539         2.3792017743         1.3403916554         2.5108992261         4.4951428218        -0.0068600373
        0.8754777000       -14.9121333329         2.3324394016         1.3454963091         2.5083473486        12.1140289604        -0.1805753185
        0.8805010000        18.4980869390         2.7288563976         1.3327346748         2.5108992261        -6.9331863861        -0.0068600373
        0.8854376000        30.2618181097         2.7589728263         1.3378393285         2.5057954711         0.6856997525        -0.3542905998
        0.8904563000       -10.9709774539         2.3792017743         1.3403916554         2.5108992261         4.4951428218        -0.0068600373
        0.8955808000        20.4387966454         2.7472047898         1.3403916554         2.5057954711         4.4951428218        -0.3542905998
        0.9004646000         8.6750654747         2.6123048565         1.3352870017         2.5108992261        -3.1237433168        -0.0068600373
        0.9054333000        10.6157751811         2.6353316520         1.3429439823         2.5057954711         8.3045858911        -0.3542905998
        0.9104342000        18.4980869390         2.7288563976         1.3327346748         2.5108992261        -6.9331863861        -0.0068600373
        0.9154204000       -10.9709774539         2.3792017743         1.3403916554         2.5108992261         4.4951428218        -0.0068600373
        0.9204279000      -175.9618961748         2.0380324206         1.3710195777         2.5185548584        50.2084596535         0.5142858064
        0.9254205000        24.3799525244         2.7519380602         1.3352870017         2.5083473486        -3.1237433168        -0.1805753185
        0.9304531000      -160.2570091251         2.0584315252         1.3710195777         2.5160029810        50.2084596535         0.3405705252
        0.9354249000       -62.0267944819         2.2007616102         1.3454963091         2.5160029810        12.1140289604         0.3405705252
        0.9404461000        69.5539039670         2.8051509359         1.3276300211         2.5057954711       -14.5520725247        -0.3542905998
        0.9454297000        49.9078610383         2.7822298491         1.3327346748         2.5057954711        -6.9331863861        -0.3542905998
        0.9504374000       -77.7316815316         2.1759406364         1.3454963091         2.5185548584        12.1140289604         0.5142858064
        0.9554207000        22.4392428180         2.7496092923         1.3276300211         2.5134511035       -14.5520725247         0.1668552439
        0.9604348000        49.9078610383         2.7822298491         1.3327346748         2.5057954711        -6.9331863861        -0.3542905998
        0.9654400000       -46.3219074322         2.2265356230         1.3454963091         2.5134511035        12.1140289604         0.1668552439
        0.9704356000        24.3799525244         2.7519380602         1.3352870017         2.5083473486        -3.1237433168        -0.1805753185
        0.9754373000       -67.9086600672         2.1913577581         1.3429439823         2.5185548584         8.3045858911         0.5142858064
        0.9804770000       -10.9709774539         2.3792017743         1.3403916554         2.5108992261         4.4951428218        -0.0068600373
        0.9854293000        44.0259954530         2.7753040771         1.3301823480         2.5083473486       -10.7426294554        -0.1805753185
        0.9904684000       -67.9086600672         2.1913577581         1.3429439823         2.5185548584         8.3045858911         0.5142858064
        0.9954239000        -1.1479559896         2.4957533154         1.3378393285         2.5108992261         0.6856997525        -0.0068600373
        1.0005609000        49.9078610383         2.7822298491         1.3327346748         2.5057954711        -6.9331863861        -0.3542905998
        1.0054427000       -26.6758645036         2.2602303108         1.3403916554         2.5134511035         4.4951428218         0.1668552439
        1.0104661000        -7.0298215750         2.4259641471         1.3352870017         2.5134511035        -3.1237433168         0.1668552439
        1.0154383000       -16.8528430393         2.3094126060         1.3378393285         2.5134511035         0.6856997525         0.1668552439
        1.0204500000        49.9078610383         2.7822298491         1.3327346748         2.5057954711        -6.9331863861        -0.3542905998
        1.0254284000       -38.4993321406         2.2397516656         1.3557056165         2.5057954711        27.3518012376        -0.3542905998
        1.0304427000      -109.2011920972         2.1287896514         1.3659149240         2.5108992261        42.5895735149        -0.0068600373
        1.0354901000        59.7308825027         2.7937296984         1.3301823480         2.5057954711       -10.7426294554        -0.3542905998
        1.0404126000       -16.8528430393         2.3094126060         1.3378393285         2.5134511035         0.6856997525         0.1668552439
        1.0454586000        -1.1479559896         2.4957533154         1.3378393285         2.5108992261         0.6856997525        -0.0068600373
        1.0504605000        -1.1479559896         2.4957533154         1.3378393285         2.5108992261         0.6856997525        -0.0068600373
        1.0555133000       -10.9709774539         2.3792017743         1.3403916554         2.5108992261         4.4951428218        -0.0068600373
        1.0604607000        -1.1479559896         2.4957533154         1.3378393285         2.5108992261         0.6856997525        -0.0068600373
        1.0654744000       -77.7316815316         2.1759406364         1.3454963091         2.5185548584        12.1140289604         0.5142858064
        1.0704460000       -10.9709774539         2.3792017743         1.3403916554         2.5108992261         4.4951428218        -0.0068600373
        1.0754547000        49.9078610383         2.7822298491         1.3327346748         2.5057954711        -6.9331863861        -0.3542905998
        1.0804416000        -7.0298215750         2.4259641471         1.3352870017         2.5134511035        -3.1237433168         0.1668552439
        1.0855115000        -1.1479559896         2.4957533154         1.3378393285         2.5108992261         0.6856997525        -0.0068600373
        1.0904621000        34.2029739887         2.7636673890         1.3327346748         2.5083473486        -6.9331863861        -0.1805753185
        1.0954626000        14.5569310600         2.6820940248         1.3378393285         2.5083473486         0.6856997525        -0.1805753185
        1.1004569000        55.7897266237         2.7891255146         1.3352870017         2.5032435937        -3.1237433168        -0.5280058810
        1.1054626000         8.6750654747         2.6123048565         1.3352870017         2.5108992261        -3.1237433168        -0.0068600373
        1.1104550000        30.2618181097         2.7589728263         1.3378393285         2.5057954711         0.6856997525        -0.3542905998
        1.1154409000       -48.2626171386         2.2232965852         1.3378393285         2.5185548584         0.6856997525         0.5142858064
        1.1204635000       -38.4395956743         2.2398535912         1.3352870017         2.5185548584        -3.1237433168         0.5142858064
        1.1254642000       -10.9709774539         2.3792017743         1.3403916554         2.5108992261         4.4951428218        -0.0068600373
        1.1304666000       -20.7939989183         2.2706520627         1.3429439823         2.5108992261         8.3045858911        -0.0068600373
        1.1355143000        24.3799525244         2.7519380602         1.3352870017         2.5083473486        -3.1237433168        -0.1805753185
        1.1404452000         2.7931998894         2.5425156882         1.3327346748         2.5134511035        -6.9331863861         0.1668552439
        1.1454574000       -20.7939989183         2.2706520627         1.3429439823         2.5108992261         8.3045858911        -0.0068600373
        1.1504580000        28.3211084034         2.7566555356         1.3301823480         2.5108992261       -10.7426294554        -0.0068600373
        1.1554588000       -38.4395956743         2.2398535912         1.3352870017         2.5185548584        -3.1237433168         0.5142858064
        1.1604504000        45.9667051594         2.7775926208         1.3378393285         2.5032435937         0.6856997525        -0.5280058810
        1.1654613000       -16.8528430393         2.3094126060         1.3378393285         2.5134511035         0.6856997525         0.1668552439
        1.1704499000       -97.3777244602         2.1461246937         1.3506009628         2.5185548584        19.7329150990         0.5142858064
        1.1754600000         8.6750654747         2.6123048565         1.3352870017         2.5108992261        -3.1237433168        -0.0068600373
        1.1804649000        -1.1479559896         2.4957533154         1.3378393285         2.5108992261         0.6856997525        -0.0068600373
        1.1854547000       -52.2037730176         2.2167664279         1.3429439823         2.5160029810         8.3045858911         0.3405705252
        1.1904489000        38.1441298677         2.7683470394         1.3276300211         2.5108992261       -14.5520725247        -0.0068600373
        1.1954687000        -7.0298215750         2.4259641471         1.3352870017         2.5134511035        -3.1237433168         0.1668552439
        1.2004558000       -10.9709774539         2.3792017743         1.3403916554         2.5108992261         4.4951428218        -0.0068600373
        1.2054565000        59.7308825027         2.7937296984         1.3301823480         2.5057954711       -10.7426294554        -0.3542905998
        1.2104666000        49.9078610383         2.7822298491         1.3327346748         2.5057954711        -6.9331863861        -0.3542905998
        1.2154701000         8.6750654747         2.6123048565         1.3352870017         2.5108992261        -3.1237433168        -0.0068600373
        1.2204676000       -36.4988859679         2.2431733191         1.3429439823         2.5134511035         8.3045858911         0.1668552439
        1.2254683000       -50.2630633112         2.2199740907         1.3506009628         2.5108992261        19.7329150990        -0.0068600373
        1.2304581000       -40.4400418469         2.2364486600         1.3480486360         2.5108992261        15.9234720297        -0.0068600373
        1.2355018000       -52.2037730176         2.2167664279         1.3429439823         2.5160029810         8.3045858911         0.3405705252
        1.2404504000        75.4357695524         2.8119543636         1.3301823480         2.5032435937       -10.7426294554        -0.5280058810
        1.2454482000        28.3211084034         2.7566555356         1.3301823480         2.5108992261       -10.7426294554        -0.0068600373
        1.2504502000         8.6750654747         2.6123048565         1.3352870017         2.5108992261        -3.1237433168        -0.0068600373
        1.2554746000        59.7308825027         2.7937296984         1.3301823480         2.5057954711       -10.7426294554        -0.3542905998
        1.2604376000       -10.9709774539         2.3792017743         1.3403916554         2.5108992261         4.4951428218        -0.0068600373
        1.2654542000        18.4980869390         2.7288563976         1.3327346748         2.5108992261        -6.9331863861        -0.0068600373
        1.2704398000       -62.0267944819         2.2007616102         1.3454963091         2.5160029810        12.1140289604         0.3405705252
        1.2754686000        28.3211084034         2.7566555356         1.3301823480         2.5108992261       -10.7426294554        -0.0068600373
        1.2804491000       -30.6170203826         2.2533352330         1.3454963091         2.5108992261        12.1140289604        -0.0068600373
        1.2854679000       -10.9709774539         2.3792017743         1.3403916554         2.5108992261         4.4951428218        -0.0068600373
        1.2904778000       -73.8502621189         2.1819902875         1.3608102703         2.5083473486        34.9706873762        -0.1805753185
        1.2954411000       -62.0267944819         2.2007616102         1.3454963091         2.5160029810        12.1140289604         0.3405705252
        1.3004425000        30.2618181097         2.7589728263         1.3378393285         2.5057954711         0.6856997525        -0.3542905998
        1.3054772000       -42.3807515533         2.2331617353         1.3403916554         2.5160029810         4.4951428218         0.3405705252
        1.3104634000        45.9667051594         2.7775926208         1.3378393285         2.5032435937         0.6856997525        -0.5280058810
        1.3154799000        38.1441298677         2.7683470394         1.3276300211         2.5108992261       -14.5520725247        -0.0068600373
        1.3204634000       -81.6728374105         2.1698530014         1.3506009628         2.5160029810        19.7329150990         0.3405705252
        1.3254644000        30.2618181097         2.7589728263         1.3378393285         2.5057954711         0.6856997525        -0.3542905998
        1.3304814000        18.4980869390         2.7288563976         1.3327346748         2.5108992261        -6.9331863861        -0.0068600373
        1.3354489000       -81.6728374105         2.1698530014         1.3506009628         2.5160029810        19.7329150990         0.3405705252
        1.3404578000       -22.7347086246         2.2671958367         1.3352870017         2.5160029810        -3.1237433168         0.3405705252
        1.3454677000         8.6750654747         2.6123048565         1.3352870017         2.5108992261        -3.1237433168        -0.0068600373
        1.3504474000       -40.4400418469         2.2364486600         1.3480486360         2.5108992261        15.9234720297        -0.0068600373
        1.3554631000       -22.7347086246         2.2671958367         1.3352870017         2.5160029810        -3.1237433168         0.3405705252
        1.3604410000        24.3799525244         2.7519380602         1.3352870017         2.5083473486        -3.1237433168        -0.1805753185
        1.3654465000        28.3211084034         2.7566555356         1.3301823480         2.5108992261       -10.7426294554        -0.0068600373
        1.3704548000      -101.3188803392         2.1402976489         1.3557056165         2.5160029810        27.3518012376         0.3405705252
        1.3754707000        30.2618181097         2.7589728263         1.3378393285         2.5057954711         0.6856997525        -0.3542905998
        1.3804564000        44.0259954530         2.7753040771         1.3301823480         2.5083473486       -10.7426294554        -0.1805753185
        1.3854581000       -14.9121333329         2.3324394016         1.3454963091         2.5083473486        12.1140289604        -0.1805753185
        1.3904567000        85.2587910167         2.8232609353         1.3276300211         2.5032435937       -14.5520725247        -0.5280058810
        1.3955039000        24.3799525244         2.7519380602         1.3352870017         2.5083473486        -3.1237433168        -0.1805753185
        1.4004562000       -71.8498159462         2.1851296060         1.3480486360         2.5160029810        15.9234720297         0.3405705252
        1.4054427000        49.9078610383         2.7822298491         1.3327346748         2.5057954711        -6.9331863861        -0.3542905998
        1.4104541000        14.5569310600         2.6820940248         1.3378393285         2.5083473486         0.6856997525        -0.1805753185
        1.4154445000       -71.8498159462         2.1851296060         1.3480486360         2.5160029810        15.9234720297         0.3405705252
        1.4204401000        85.2587910167         2.8232609353         1.3276300211         2.5032435937       -14.5520725247        -0.5280058810
        1.4254574000        24.3799525244         2.7519380602         1.3352870017         2.5083473486        -3.1237433168        -0.1805753185
        1.4304437000        30.2618181097         2.7589728263         1.3378393285         2.5057954711         0.6856997525        -0.3542905998
        1.4354540000       -26.6758645036         2.2602303108         1.3403916554         2.5134511035         4.4951428218         0.1668552439
        1.4404395000        65.6127480880         2.8005776515         1.3327346748         2.5032435937        -6.9331863861        -0.5280058810
        1.4454768000        91.1406566020         2.8299997265         1.3301823480         2.5006917162       -10.7426294554        -0.7017211623
        1.4504585000       -52.2037730176         2.2167664279         1.3429439823         2.5160029810         8.3045858911         0.3405705252
        1.4554788000       -32.5577300889         2.2499654712         1.3378393285         2.5160029810         0.6856997525         0.3405705252
        1.4604552000        55.7897266237         2.7891255146         1.3352870017         2.5032435937        -3.1237433168        -0.5280058810
        1.4654394000       -44.3811977259         2.2297903200         1.3531532897         2.5083473486        23.5423581683        -0.1805753185
        1.4704493000       -10.9709774539         2.3792017743         1.3403916554         2.5108992261         4.4951428218        -0.0068600373
        1.4754549000       -42.3807515533         2.2331617353         1.3403916554         2.5160029810         4.4951428218         0.3405705252
        1.4804678000        49.9078610383         2.7822298491         1.3327346748         2.5057954711        -6.9331863861        -0.3542905998
        1.4854536000        14.5569310600         2.6820940248         1.3378393285         2.5083473486         0.6856997525        -0.1805753185
        1.4904333000       -52.2037730176         2.2167664279         1.3429439823         2.5160029810         8.3045858911         0.3405705252
        1.4954502000        30.2618181097         2.7589728263         1.3378393285         2.5057954711         0.6856997525        -0.3542905998
        1.5004516000        14.5569310600         2.6820940248         1.3378393285         2.5083473486         0.6856997525        -0.1805753185
        1.5054470000       -52.2037730176         2.2167664279         1.3429439823         2.5160029810         8.3045858911         0.3405705252
        1.5104428000        24.3799525244         2.7519380602         1.3352870017         2.5083473486        -3.1237433168        -0.1805753185
        1.5154318000        -1.1479559896         2.4957533154         1.3378393285         2.5108992261         0.6856997525        -0.0068600373
        1.5204448000        14.5569310600         2.6820940248         1.3378393285         2.5083473486         0.6856997525        -0.1805753185
        1.5254521000        34.2029739887         2.7636673890         1.3327346748         2.5083473486        -6.9331863861        -0.1805753185
        1.5304743000       -62.0267944819         2.2007616102         1.3454963091         2.5160029810        12.1140289604         0.3405705252
        1.5354470000        24.3799525244         2.7519380602         1.3352870017         2.5083473486        -3.1237433168        -0.1805753185
        1.5404399000        14.5569310600         2.6820940248         1.3378393285         2.5083473486         0.6856997525        -0.1805753185
        1.5454474000        44.0259954530         2.7753040771         1.3301823480         2.5083473486       -10.7426294554        -0.1805753185
        1.5504550000       -36.4988859679         2.2431733191         1.3429439823         2.5134511035         8.3045858911         0.1668552439
        1.5554863000         4.7339095957         2.5655424837         1.3403916554         2.5083473486         4.4951428218        -0.1805753185
        1.5604466000        18.4980869390         2.7288563976         1.3327346748         2.5108992261        -6.9331863861        -0.0068600373
        1.5654543000       -52.2037730176         2.2167664279         1.3429439823         2.5160029810         8.3045858911         0.3405705252
        1.5704372000      -130.7879447322         2.0982098670         1.3633625971         2.5160029810        38.7801304455         0.3405705252
        1.5754462000        14.5569310600         2.6820940248         1.3378393285         2.5083473486         0.6856997525        -0.1805753185
        1.5804330000        75.4357695524         2.8119543636         1.3301823480         2.5032435937       -10.7426294554        -0.5280058810
        1.5854834000       -52.2037730176         2.2167664279         1.3429439823         2.5160029810         8.3045858911         0.3405705252
        1.5904595000        24.3799525244         2.7519380602         1.3352870017         2.5083473486        -3.1237433168        -0.1805753185
        1.5954407000        14.5569310600         2.6820940248         1.3378393285         2.5083473486         0.6856997525        -0.1805753185
        1.6004408000        18.4980869390         2.7288563976         1.3327346748         2.5108992261        -6.9331863861        -0.0068600373
        1.6054321000        -7.0298215750         2.4259641471         1.3352870017         2.5134511035        -3.1237433168         0.1668552439
        1.6104415000        45.9667051594         2.7775926208         1.3378393285         2.5032435937         0.6856997525        -0.5280058810
        1.6154187000         8.6750654747         2.6123048565         1.3352870017         2.5108992261        -3.1237433168        -0.0068600373
        1.6204641000        10.6157751811         2.6353316520         1.3429439823         2.5057954711         8.3045858911        -0.3542905998
        1.6254501000         2.7931998894         2.5425156882         1.3327346748         2.5134511035        -6.9331863861         0.1668552439
        1.6304356000       -52.2037730176         2.2167664279         1.3429439823         2.5160029810         8.3045858911         0.3405705252
        1.6354392000        45.9667051594         2.7775926208         1.3378393285         2.5032435937         0.6856997525        -0.5280058810
        1.6404541000        30.2618181097         2.7589728263         1.3378393285         2.5057954711         0.6856997525        -0.3542905998
        1.6454526000       -52.2037730176         2.2167664279         1.3429439823         2.5160029810         8.3045858911         0.3405705252
        1.6504438000        -1.1479559896         2.4957533154         1.3378393285         2.5108992261         0.6856997525        -0.0068600373
        1.6554515000        69.5539039670         2.8051509359         1.3276300211         2.5057954711       -14.5520725247        -0.3542905998
        1.6604258000        38.1441298677         2.7683470394         1.3276300211         2.5108992261       -14.5520725247        -0.0068600373
        1.6658000000       -62.0267944819         2.2007616102         1.3454963091         2.5160029810        12.1140289604         0.3405705252
        1.6704289000      -146.4928317818         2.0767502410         1.3633625971         2.5185548584        38.7801304455         0.5142858064
        1.6754413000        95.0818124810         2.8345026036         1.3250776943         2.5032435937       -18.3615155941        -0.5280058810
        1.6804210000        49.9078610383         2.7822298491         1.3327346748         2.5057954711        -6.9331863861        -0.3542905998
        1.6854472000      -107.2007459245         2.1316921470         1.3531532897         2.5185548584        23.5423581683         0.5142858064
        1.6904428000        59.7308825027         2.7937296984         1.3301823480         2.5057954711       -10.7426294554        -0.3542905998
        1.6954531000       -10.9709774539         2.3792017743         1.3403916554         2.5108992261         4.4951428218        -0.0068600373
        1.7004392000       -77.7316815316         2.1759406364         1.3454963091         2.5185548584        12.1140289604         0.5142858064
        1.7054467000       -48.2626171386         2.2232965852         1.3378393285         2.5185548584         0.6856997525         0.5142858064
        1.7104317000       -58.0856386029         2.2071372347         1.3403916554         2.5185548584         4.4951428218         0.5142858064
        1.7154546000       -67.9086600672         2.1913577581         1.3429439823         2.5185548584         8.3045858911         0.5142858064
        1.7204597000        49.9078610383         2.7822298491         1.3327346748         2.5057954711        -6.9331863861        -0.3542905998
        1.7254351000        34.2029739887         2.7636673890         1.3327346748         2.5083473486        -6.9331863861        -0.1805753185
        1.7304464000       -16.8528430393         2.3094126060         1.3378393285         2.5134511035         0.6856997525         0.1668552439
        1.7354386000        75.4357695524         2.8119543636         1.3301823480         2.5032435937       -10.7426294554        -0.5280058810
        1.7404466000        -1.1479559896         2.4957533154         1.3378393285         2.5108992261         0.6856997525        -0.0068600373
        1.7454556000        59.7308825027         2.7937296984         1.3301823480         2.5057954711       -10.7426294554        -0.3542905998
        1.7504500000        -1.1479559896         2.4957533154         1.3378393285         2.5108992261         0.6856997525        -0.0068600373
        1.7554460000       -10.9709774539         2.3792017743         1.3403916554         2.5108992261         4.4951428218        -0.0068600373
        1.7604598000         8.6750654747         2.6123048565         1.3352870017         2.5108992261        -3.1237433168        -0.0068600373
        1.7654355000        18.4980869390         2.7288563976         1.3327346748         2.5108992261        -6.9331863861        -0.0068600373
        1.7704671000        30.2618181097         2.7589728263         1.3378393285         2.5057954711         0.6856997525        -0.3542905998
        1.7754590000       -16.8528430393         2.3094126060         1.3378393285         2.5134511035         0.6856997525         0.1668552439
        1.7804729000       -62.0267944819         2.2007616102         1.3454963091         2.5160029810        12.1140289604         0.3405705252
        1.7854417000        -7.0298215750         2.4259641471         1.3352870017         2.5134511035        -3.1237433168         0.1668552439
        1.7904273000       -52.2037730176         2.2167664279         1.3429439823         2.5160029810         8.3045858911         0.3405705252
        1.7954458000        18.4980869390         2.7288563976         1.3327346748         2.5108992261        -6.9331863861        -0.0068600373
        1.8004570000       -42.3807515533         2.2331617353         1.3403916554         2.5160029810         4.4951428218         0.3405705252
        1.8054443000       -77.7316815316         2.1759406364         1.3454963091         2.5185548584        12.1140289604         0.5142858064
        1.8104753000        -1.1479559896         2.4957533154         1.3378393285         2.5108992261         0.6856997525        -0.0068600373
        1.8154652000       -52.2037730176         2.2167664279         1.3429439823         2.5160029810         8.3045858911         0.3405705252
        1.8204978000        49.9078610383         2.7822298491         1.3327346748         2.5057954711        -6.9331863861        -0.3542905998
        1.8254546000        18.4980869390         2.7288563976         1.3327346748         2.5108992261        -6.9331863861        -0.0068600373
        1.8305033000         8.6750654747         2.6123048565         1.3352870017         2.5108992261        -3.1237433168        -0.0068600373
        1.8354530000        -1.1479559896         2.4957533154         1.3378393285         2.5108992261         0.6856997525        -0.0068600373
        1.8404682000        30.2618181097         2.7589728263         1.3378393285         2.5057954711         0.6856997525        -0.3542905998
        1.8454178000       -16.8528430393         2.3094126060         1.3378393285         2.5134511035         0.6856997525         0.1668552439
        1.8504755000         8.6750654747         2.6123048565         1.3352870017         2.5108992261        -3.1237433168        -0.0068600373
        1.8554353000        40.0848395740         2.7706460277         1.3352870017         2.5057954711        -3.1237433168        -0.3542905998
        1.8604420000       -83.6135471169         2.1668753940         1.3429439823         2.5211067359         8.3045858911         0.6880010877
        1.8654310000       -67.9086600672         2.1913577581         1.3429439823         2.5185548584         8.3045858911         0.5142858064
        1.8704744000        49.9078610383         2.7822298491         1.3327346748         2.5057954711        -6.9331863861        -0.3542905998
        1.8754542000       -30.6170203826         2.2533352330         1.3454963091         2.5108992261        12.1140289604        -0.0068600373
        1.8804637000       -99.3781706328         2.1431608145         1.3633625971         2.5108992261        38.7801304455        -0.0068600373
        1.8854563000        85.2587910167         2.8232609353         1.3276300211         2.5032435937       -14.5520725247        -0.5280058810
        1.8904744000       -32.5577300889         2.2499654712         1.3378393285         2.5160029810         0.6856997525         0.3405705252
        1.8954569000       -26.6758645036         2.2602303108         1.3403916554         2.5134511035         4.4951428218         0.1668552439
        1.9004506000         8.6750654747         2.6123048565         1.3352870017         2.5108992261        -3.1237433168        -0.0068600373
        1.9054419000        47.9671513320         2.7799480893         1.3250776943         2.5108992261       -18.3615155941        -0.0068600373
        1.9104500000       -40.4400418469         2.2364486600         1.3480486360         2.5108992261        15.9234720297        -0.0068600373
        1.9154445000       -20.7939989183         2.2706520627         1.3429439823         2.5108992261         8.3045858911        -0.0068600373
        1.9204500000        -7.0298215750         2.4259641471         1.3352870017         2.5134511035        -3.1237433168         0.1668552439
        1.9254426000        59.7308825027         2.7937296984         1.3301823480         2.5057954711       -10.7426294554        -0.3542905998
        1.9304457000       -32.5577300889         2.2499654712         1.3378393285         2.5160029810         0.6856997525         0.3405705252
        1.9354376000        40.0848395740         2.7706460277         1.3352870017         2.5057954711        -3.1237433168        -0.3542905998
        1.9404472000       -62.0267944819         2.2007616102         1.3454963091         2.5160029810        12.1140289604         0.3405705252
        1.9454422000        69.5539039670         2.8051509359         1.3276300211         2.5057954711       -14.5520725247        -0.3542905998
        1.9504601000       -20.7939989183         2.2706520627         1.3429439823         2.5108992261         8.3045858911        -0.0068600373
        1.9554308000        65.6127480880         2.8005776515         1.3327346748         2.5032435937        -6.9331863861        -0.5280058810
        1.9604441000       -52.2037730176         2.2167664279         1.3429439823         2.5160029810         8.3045858911         0.3405705252
        1.9654508000       -10.9709774539         2.3792017743         1.3403916554         2.5108992261         4.4951428218        -0.0068600373
        1.9704367000        24.3799525244         2.7519380602         1.3352870017         2.5083473486        -3.1237433168        -0.1805753185
        1.9754405000         4.7339095957         2.5655424837         1.3403916554         2.5083473486         4.4951428218        -0.1805753185
        1.9804361000       -42.3807515533         2.2331617353         1.3403916554         2.5160029810         4.4951428218         0.3405705252
        1.9854385000         8.6750654747         2.6123048565         1.3352870017         2.5108992261        -3.1237433168        -0.0068600373
        1.9904218000       -52.2037730176         2.2167664279         1.3429439823         2.5160029810         8.3045858911         0.3405705252
        1.9954573000        71.4946136734         2.8073985625         1.3352870017         2.5006917162        -3.1237433168        -0.7017211623
        2.0004381000        53.8490169173         2.7868535606         1.3276300211         2.5083473486       -14.5520725247        -0.1805753185
        2.0054532000        -5.0891118686         2.4489909426         1.3429439823         2.5083473486         8.3045858911        -0.1805753185
        2.0104338000        49.9078610383         2.7822298491         1.3327346748         2.5057954711        -6.9331863861        -0.3542905998
        2.0154453000       -46.3219074322         2.2265356230         1.3454963091         2.5134511035        12.1140289604         0.1668552439
        2.0204318000        40.0848395740         2.7706460277         1.3352870017         2.5057954711        -3.1237433168        -0.3542905998
        2.0254413000       -42.3807515533         2.2331617353         1.3403916554         2.5160029810         4.4951428218         0.3405705252
        2.0304485000        49.9078610383         2.7822298491         1.3327346748         2.5057954711        -6.9331863861        -0.3542905998
        2.0354400000       -16.8528430393         2.3094126060         1.3378393285         2.5134511035         0.6856997525         0.1668552439
        2.0404184000       -52.2037730176         2.2167664279         1.3429439823         2.5160029810         8.3045858911         0.3405705252
        2.0454551000       106.8455436517         2.8478871310         1.3301823480         2.4981398388       -10.7426294554        -0.8754364435
        2.0504416000        65.6127480880         2.8005776515         1.3327346748         2.5032435937        -6.9331863861        -0.5280058810
        2.0554453000       -42.3807515533         2.2331617353         1.3403916554         2.5160029810         4.4951428218         0.3405705252
        2.0604357000       -20.7939989183         2.2706520627         1.3429439823         2.5108992261         8.3045858911        -0.0068600373
        2.0654481000       -62.0267944819         2.2007616102         1.3454963091         2.5160029810        12.1140289604         0.3405705252
        2.0704323000        75.4357695524         2.8119543636         1.3301823480         2.5032435937       -10.7426294554        -0.5280058810
        2.0754403000       -62.0267944819         2.2007616102         1.3454963091         2.5160029810        12.1140289604         0.3405705252
        2.0804522000        14.5569310600         2.6820940248         1.3378393285         2.5083473486         0.6856997525        -0.1805753185
        2.0854337000         8.6750654747         2.6123048565         1.3352870017         2.5108992261        -3.1237433168        -0.0068600373
        2.0904353000        59.7308825027         2.7937296984         1.3301823480         2.5057954711       -10.7426294554        -0.3542905998
        2.0954249000       -52.2037730176         2.2167664279         1.3429439823         2.5160029810         8.3045858911         0.3405705252
        2.1004323000        75.4357695524         2.8119543636         1.3301823480         2.5032435937       -10.7426294554        -0.5280058810
        2.1054300000        -7.0298215750         2.4259641471         1.3352870017         2.5134511035        -3.1237433168         0.1668552439
        2.1104310000       -10.9709774539         2.3792017743         1.3403916554         2.5108992261         4.4951428218        -0.0068600373
        2.1154390000        -1.1479559896         2.4957533154         1.3378393285         2.5108992261         0.6856997525        -0.0068600373
        2.1204505000        14.5569310600         2.6820940248         1.3378393285         2.5083473486         0.6856997525        -0.1805753185
        2.1254399000        59.7308825027         2.7937296984         1.3301823480         2.5057954711       -10.7426294554        -0.3542905998
        2.1304521000       -52.2037730176         2.2167664279         1.3429439823         2.5160029810         8.3045858911         0.3405705252
        2.1354565000        59.7308825027         2.7937296984         1.3301823480         2.5057954711       -10.7426294554        -0.3542905998
        2.1404412000       -52.2037730176         2.2167664279         1.3429439823         2.5160029810         8.3045858911         0.3405705252
        2.1454495000        65.6127480880         2.8005776515         1.3327346748         2.5032435937        -6.9331863861        -0.5280058810
        2.1504300000        14.5569310600         2.6820940248         1.3378393285         2.5083473486         0.6856997525        -0.1805753185
        2.1554971000        59.7308825027         2.7937296984         1.3301823480         2.5057954711       -10.7426294554        -0.3542905998
        2.1604517000        14.5569310600         2.6820940248         1.3378393285         2.5083473486         0.6856997525        -0.1805753185
        2.1654814000        81.3176351377         2.8187326439         1.3327346748         2.5006917162        -6.9331863861        -0.7017211623
        2.1704516000        55.7897266237         2.7891255146         1.3352870017         2.5032435937        -3.1237433168        -0.5280058810
        2.1754508000        59.7308825027         2.7937296984         1.3301823480         2.5057954711       -10.7426294554        -0.3542905998
        2.1804741000        40.0848395740         2.7706460277         1.3352870017         2.5057954711        -3.1237433168        -0.3542905998
        2.1854231000       -97.4374609265         2.1460360012         1.3710195777         2.5057954711        50.2084596535        -0.3542905998
        2.1904349000      -177.9026058811         2.0355460140         1.3633625971         2.5236586133        38.7801304455         0.8617163689
        2.1954427000        77.4362157250         2.8142624494         1.3174207137         2.5108992261       -29.7898448020        -0.0068600373
        2.2004322000       -48.2626171386         2.2232965852         1.3378393285         2.5185548584         0.6856997525         0.5142858064
        2.2054442000       -32.5577300889         2.2499654712         1.3378393285         2.5160029810         0.6856997525         0.3405705252
        2.2104477000       -22.7347086246         2.2671958367         1.3352870017         2.5160029810        -3.1237433168         0.3405705252
        2.2154391000      -132.7286544385         2.0955238252         1.3557056165         2.5211067359        27.3518012376         0.6880010877
        2.2204482000        53.8490169173         2.7868535606         1.3276300211         2.5083473486       -14.5520725247        -0.1805753185
        2.2254337000       -22.7347086246         2.2671958367         1.3352870017         2.5160029810        -3.1237433168         0.3405705252
        2.2304438000       -62.0267944819         2.2007616102         1.3454963091         2.5160029810        12.1140289604         0.3405705252
        2.2354230000        47.9671513320         2.7799480893         1.3250776943         2.5108992261       -18.3615155941        -0.0068600373
        2.2404306000       -32.5577300889         2.2499654712         1.3378393285         2.5160029810         0.6856997525         0.3405705252
        2.2454394000        24.3799525244         2.7519380602         1.3352870017         2.5083473486        -3.1237433168        -0.1805753185
        2.2504503000       -22.7347086246         2.2671958367         1.3352870017         2.5160029810        -3.1237433168         0.3405705252
        2.2554433000        34.2029739887         2.7636673890         1.3327346748         2.5083473486        -6.9331863861        -0.1805753185
        2.2604539000       -93.4365685812         2.1520018586         1.3454963091         2.5211067359        12.1140289604         0.6880010877
        2.2654344000       -91.4958588749         2.1549146453         1.3531532897         2.5160029810        23.5423581683         0.3405705252
        2.2704418000        -3.0886656959         2.4727265198         1.3301823480         2.5160029810       -10.7426294554         0.3405705252
        2.2754310000        40.1445760403         2.7707167367         1.3148683868         2.5185548584       -33.5992878713         0.5142858064
        2.2804503000        14.5569310600         2.6820940248         1.3378393285         2.5083473486         0.6856997525        -0.1805753185
        2.2854240000       -56.1449288966         2.2102991265         1.3480486360         2.5134511035        15.9234720297         0.1668552439
        2.2904387000       -38.4395956743         2.2398535912         1.3352870017         2.5185548584        -3.1237433168         0.5142858064
        2.2954430000        49.9078610383         2.7822298491         1.3327346748         2.5057954711        -6.9331863861        -0.3542905998
        2.3004518000         2.7931998894         2.5425156882         1.3327346748         2.5134511035        -6.9331863861         0.1668552439
        2.3054326000        -7.0298215750         2.4259641471         1.3352870017         2.5134511035        -3.1237433168         0.1668552439
        2.3104748000        34.2029739887         2.7636673890         1.3327346748         2.5083473486        -6.9331863861        -0.1805753185
        2.3154349000       -16.8528430393         2.3094126060         1.3378393285         2.5134511035         0.6856997525         0.1668552439
        2.3204510000         8.6750654747         2.6123048565         1.3352870017         2.5108992261        -3.1237433168        -0.0068600373
        2.3254300000        24.3799525244         2.7519380602         1.3352870017         2.5083473486        -3.1237433168        -0.1805753185
        2.3304455000       -73.7905256526         2.1820838204         1.3403916554         2.5211067359         4.4951428218         0.6880010877
        2.3354189000        44.0259954530         2.7753040771         1.3301823480         2.5083473486       -10.7426294554        -0.1805753185
        2.3404712000       -77.7316815316         2.1759406364         1.3454963091         2.5185548584        12.1140289604         0.5142858064
        2.3454387000        -7.0298215750         2.4259641471         1.3352870017         2.5134511035        -3.1237433168         0.1668552439
        2.3504387000        -1.1479559896         2.4957533154         1.3378393285         2.5108992261         0.6856997525        -0.0068600373
        2.3554607000       -46.3219074322         2.2265356230         1.3454963091         2.5134511035        12.1140289604         0.1668552439
        2.3606374000         6.7343557684         2.5892780609         1.3276300211         2.5160029810       -14.5520725247         0.3405705252
        2.3654551000        -1.1479559896         2.4957533154         1.3378393285         2.5108992261         0.6856997525        -0.0068600373
        2.3704421000        49.9078610383         2.7822298491         1.3327346748         2.5057954711        -6.9331863861        -0.3542905998
        2.3754424000        -1.1479559896         2.4957533154         1.3378393285         2.5108992261         0.6856997525        -0.0068600373
        2.3804408000       -26.6758645036         2.2602303108         1.3403916554         2.5134511035         4.4951428218         0.1668552439
        2.3854496000       -83.6135471169         2.1668753940         1.3429439823         2.5211067359         8.3045858911         0.6880010877
        2.3904468000         8.6750654747         2.6123048565         1.3352870017         2.5108992261        -3.1237433168        -0.0068600373
        2.3954650000        12.6162213537         2.6590672292         1.3301823480         2.5134511035       -10.7426294554         0.1668552439
        2.4004362000        32.2622642824         2.7613575711         1.3250776943         2.5134511035       -18.3615155941         0.1668552439
        2.4054349000       -67.9086600672         2.1913577581         1.3429439823         2.5185548584         8.3045858911         0.5142858064
        2.4104409000       -26.6758645036         2.2602303108         1.3403916554         2.5134511035         4.4951428218         0.1668552439
        2.4154240000        28.3211084034         2.7566555356         1.3301823480         2.5108992261       -10.7426294554        -0.0068600373
        2.4204351000        12.6162213537         2.6590672292         1.3301823480         2.5134511035       -10.7426294554         0.1668552439
        2.4254461000      -107.2007459245         2.1316921470         1.3531532897         2.5185548584        23.5423581683         0.5142858064
        2.4304325000         8.6750654747         2.6123048565         1.3352870017         2.5108992261        -3.1237433168        -0.0068600373
        2.4354397000       -42.3807515533         2.2331617353         1.3403916554         2.5160029810         4.4951428218         0.3405705252
        2.4404474000        28.3211084034         2.7566555356         1.3301823480         2.5108992261       -10.7426294554        -0.0068600373
        2.4454587000        79.3769254313         2.8164988744         1.3250776943         2.5057954711       -18.3615155941        -0.3542905998
        2.4504349000        45.9667051594         2.7775926208         1.3378393285         2.5032435937         0.6856997525        -0.5280058810
        2.4554899000       -10.9709774539         2.3792017743         1.3403916554         2.5108992261         4.4951428218        -0.0068600373
        2.4604329000       -62.0267944819         2.2007616102         1.3454963091         2.5160029810        12.1140289604         0.3405705252
        2.4654487000       -10.9709774539         2.3792017743         1.3403916554         2.5108992261         4.4951428218        -0.0068600373
        2.4704311000        75.4357695524         2.8119543636         1.3301823480         2.5032435937       -10.7426294554        -0.5280058810
        2.4754440000       -79.7321277042         2.1728438109         1.3582579434         2.5108992261        31.1612443069        -0.0068600373
        2.4804519000      -117.0237673889         2.1175545037         1.3557056165         2.5185548584        27.3518012376         0.5142858064
        2.4854338000       -42.3807515533         2.2331617353         1.3403916554         2.5160029810         4.4951428218         0.3405705252
        2.4904189000       -67.9086600672         2.1913577581         1.3429439823         2.5185548584         8.3045858911         0.5142858064
        2.4954394000        34.2029739887         2.7636673890         1.3327346748         2.5083473486        -6.9331863861        -0.1805753185
        2.5004409000       179.6075862472         2.9292984693         1.2867927914         2.5134511035       -75.5031616337         0.1668552439
        2.5054518000        87.1995007230         2.8254869033         1.3352870017         2.4981398388        -3.1237433168        -0.8754364435
        2.5104354000       -28.6763106762         2.2567217882         1.3531532897         2.5057954711        23.5423581683        -0.3542905998
        2.5154382000        -7.0298215750         2.4259641471         1.3352870017         2.5134511035        -3.1237433168         0.1668552439
        2.5204287000       -56.1449288966         2.2102991265         1.3480486360         2.5134511035        15.9234720297         0.1668552439
        2.5254593000        10.6157751811         2.6353316520         1.3429439823         2.5057954711         8.3045858911        -0.3542905998
        2.5304462000        20.4387966454         2.7472047898         1.3403916554         2.5057954711         4.4951428218        -0.3542905998
        2.5354387000        10.6157751811         2.6353316520         1.3429439823         2.5057954711         8.3045858911        -0.3542905998
        2.5404283000        40.0848395740         2.7706460277         1.3352870017         2.5057954711        -3.1237433168        -0.3542905998
        2.5454718000       110.7866995307         2.8523536820         1.3250776943         2.5006917162       -18.3615155941        -0.7017211623
        2.5504447000        67.5534577944         2.8028311308         1.3403916554         2.4981398388         4.4951428218        -0.8754364435
        2.5554339000       100.9636780663         2.8412050188         1.3276300211         2.5006917162       -14.5520725247        -0.7017211623
        2.5604344000        40.0848395740         2.7706460277         1.3352870017         2.5057954711        -3.1237433168        -0.3542905998
        2.5654582000       -75.7909718252         2.1789586611         1.3531532897         2.5134511035        23.5423581683         0.1668552439
        2.5704297000      -219.1951379111         1.9841705298         1.3863335388         2.5160029810        73.0651180693         0.3405705252
        2.5754276000        49.9078610383         2.7822298491         1.3327346748         2.5057954711        -6.9331863861        -0.3542905998
        2.5804484000       -22.7347086246         2.2671958367         1.3352870017         2.5160029810        -3.1237433168         0.3405705252
        2.5854325000         4.7339095957         2.5655424837         1.3403916554         2.5083473486         4.4951428218        -0.1805753185
        2.5904898000       -62.0267944819         2.2007616102         1.3454963091         2.5160029810        12.1140289604         0.3405705252
        2.5954447000        24.3799525244         2.7519380602         1.3352870017         2.5083473486        -3.1237433168        -0.1805753185
        2.6004536000       -20.7939989183         2.2706520627         1.3429439823         2.5108992261         8.3045858911        -0.0068600373
        2.6054382000         8.6750654747         2.6123048565         1.3352870017         2.5108992261        -3.1237433168        -0.0068600373
        2.6104572000       -42.3807515533         2.2331617353         1.3403916554         2.5160029810         4.4951428218         0.3405705252
        2.6154340000        -5.0891118686         2.4489909426         1.3429439823         2.5083473486         8.3045858911        -0.1805753185
        2.6204477000       -10.9709774539         2.3792017743         1.3403916554         2.5108992261         4.4951428218        -0.0068600373
        2.6254550000         8.6750654747         2.6123048565         1.3352870017         2.5108992261        -3.1237433168        -0.0068600373
        2.6304492000        -1.1479559896         2.4957533154         1.3378393285         2.5108992261         0.6856997525        -0.0068600373
        2.6354231000        95.0818124810         2.8345026036         1.3250776943         2.5032435937       -18.3615155941        -0.5280058810
        2.6404372000        30.2618181097         2.7589728263         1.3378393285         2.5057954711         0.6856997525        -0.3542905998
        2.6454427000         4.7339095957         2.5655424837         1.3403916554         2.5083473486         4.4951428218        -0.1805753185
        2.6507130000       -22.7347086246         2.2671958367         1.3352870017         2.5160029810        -3.1237433168         0.3405705252
        2.6554432000        49.9078610383         2.7822298491         1.3327346748         2.5057954711        -6.9331863861        -0.3542905998
        2.6604704000        14.5569310600         2.6820940248         1.3378393285         2.5083473486         0.6856997525        -0.1805753185
        2.6654151000       -32.5577300889         2.2499654712         1.3378393285         2.5160029810         0.6856997525         0.3405705252
        2.6704448000       -42.3807515533         2.2331617353         1.3403916554         2.5160029810         4.4951428218         0.3405705252
        2.6754302000         8.6750654747         2.6123048565         1.3352870017         2.5108992261        -3.1237433168        -0.0068600373
        2.6804404000       -52.2037730176         2.2167664279         1.3429439823         2.5160029810         8.3045858911         0.3405705252
        2.6854210000        14.5569310600         2.6820940248         1.3378393285         2.5083473486         0.6856997525        -0.1805753185
        2.6904589000       -69.9091062399         2.1881892630         1.3557056165         2.5108992261        27.3518012376        -0.0068600373
        2.6954199000         4.7339095957         2.5655424837         1.3403916554         2.5083473486         4.4951428218        -0.1805753185
        2.7013673000        49.9078610383         2.7822298491         1.3327346748         2.5057954711        -6.9331863861        -0.3542905998
        2.7054361000        59.7308825027         2.7937296984         1.3301823480         2.5057954711       -10.7426294554        -0.3542905998
        2.7104470000       -52.2037730176         2.2167664279         1.3429439823         2.5160029810         8.3045858911         0.3405705252
        2.7154318000        85.2587910167         2.8232609353         1.3276300211         2.5032435937       -14.5520725247        -0.5280058810
        2.7204676000        75.4357695524         2.8119543636         1.3301823480         2.5032435937       -10.7426294554        -0.5280058810
        2.7254296000        28.3211084034         2.7566555356         1.3301823480         2.5108992261       -10.7426294554        -0.0068600373
        2.7304411000         8.6750654747         2.6123048565         1.3352870017         2.5108992261        -3.1237433168        -0.0068600373
        2.7354445000       -62.0267944819         2.2007616102         1.3454963091         2.5160029810        12.1140289604         0.3405705252
        2.7404470000        75.4357695524         2.8119543636         1.3301823480         2.5032435937       -10.7426294554        -0.5280058810
        2.7454392000        28.3211084034         2.7566555356         1.3301823480         2.5108992261       -10.7426294554        -0.0068600373
        2.7504338000       -14.9121333329         2.3324394016         1.3454963091         2.5083473486        12.1140289604        -0.1805753185
        2.7554394000       -14.9121333329         2.3324394016         1.3454963091         2.5083473486        12.1140289604        -0.1805753185
        2.7604391000       -48.2626171386         2.2232965852         1.3378393285         2.5185548584         0.6856997525         0.5142858064
        2.7654514000       -10.9709774539         2.3792017743         1.3403916554         2.5108992261         4.4951428218        -0.0068600373
        2.7704403000        40.0848395740         2.7706460277         1.3352870017         2.5057954711        -3.1237433168        -0.3542905998
        2.7754442000         8.6750654747         2.6123048565         1.3352870017         2.5108992261        -3.1237433168        -0.0068600373
        2.7804365000        14.5569310600         2.6820940248         1.3378393285         2.5083473486         0.6856997525        -0.1805753185
        2.7854480000       -62.0267944819         2.2007616102         1.3454963091         2.5160029810        12.1140289604         0.3405705252
        2.7904228000        75.4357695524         2.8119543636         1.3301823480         2.5032435937       -10.7426294554        -0.5280058810
        2.7954388000       -62.0267944819         2.2007616102         1.3454963091         2.5160029810        12.1140289604         0.3405705252
        2.8004180000        -1.1479559896         2.4957533154         1.3378393285         2.5108992261         0.6856997525        -0.0068600373
        2.8054282000         8.6750654747         2.6123048565         1.3352870017         2.5108992261        -3.1237433168        -0.0068600373
        2.8104432000       -30.6170203826         2.2533352330         1.3454963091         2.5108992261        12.1140289604        -0.0068600373
        2.8154274000        -5.0891118686         2.4489909426         1.3429439823         2.5083473486         8.3045858911        -0.1805753185
        2.8204282000        59.7308825027         2.7937296984         1.3301823480         2.5057954711       -10.7426294554        -0.3542905998
        2.8254469000       -10.9709774539         2.3792017743         1.3403916554         2.5108992261         4.4951428218        -0.0068600373
        2.8304288000        24.3799525244         2.7519380602         1.3352870017         2.5083473486        -3.1237433168        -0.1805753185
        2.8354695000        -1.1479559896         2.4957533154         1.3378393285         2.5108992261         0.6856997525        -0.0068600373
        2.8404572000        55.7897266237         2.7891255146         1.3352870017         2.5032435937        -3.1237433168        -0.5280058810
        2.8454389000        28.3211084034         2.7566555356         1.3301823480         2.5108992261       -10.7426294554        -0.0068600373
        2.8504462000       -36.4988859679         2.2431733191         1.3429439823         2.5134511035         8.3045858911         0.1668552439
        2.8554753000       -20.7939989183         2.2706520627         1.3429439823         2.5108992261         8.3045858911        -0.0068600373
        2.8604439000        44.0259954530         2.7753040771         1.3301823480         2.5083473486       -10.7426294554        -0.1805753185
        2.8654471000        -5.0891118686         2.4489909426         1.3429439823         2.5083473486         8.3045858911        -0.1805753185
        2.8704305000        18.4980869390         2.7288563976         1.3327346748         2.5108992261        -6.9331863861        -0.0068600373
        2.8754400000       -62.0267944819         2.2007616102         1.3454963091         2.5160029810        12.1140289604         0.3405705252
        2.8804299000       -93.4365685812         2.1520018586         1.3454963091         2.5211067359        12.1140289604         0.6880010877
        2.8854401000       -16.8528430393         2.3094126060         1.3378393285         2.5134511035         0.6856997525         0.1668552439
        2.8904490000        59.7308825027         2.7937296984         1.3301823480         2.5057954711       -10.7426294554        -0.3542905998
        2.8954881000       -32.5577300889         2.2499654712         1.3378393285         2.5160029810         0.6856997525         0.3405705252
        2.9004477000       -62.0267944819         2.2007616102         1.3454963091         2.5160029810        12.1140289604         0.3405705252
        2.9054802000       -42.3807515533         2.2331617353         1.3403916554         2.5160029810         4.4951428218         0.3405705252
        2.9104399000       -42.3807515533         2.2331617353         1.3403916554         2.5160029810         4.4951428218         0.3405705252
        2.9155122000       -10.9709774539         2.3792017743         1.3403916554         2.5108992261         4.4951428218        -0.0068600373
        2.9204561000        -1.1479559896         2.4957533154         1.3378393285         2.5108992261         0.6856997525        -0.0068600373
        2.9254641000       -20.7939989183         2.2706520627         1.3429439823         2.5108992261         8.3045858911        -0.0068600373
        2.9304416000        95.0818124810         2.8345026036         1.3250776943         2.5032435937       -18.3615155941        -0.5280058810
        2.9354397000       122.6101671676         2.8657048935         1.3097637331         2.5083473486       -41.2181740099        -0.1805753185
        2.9404362000       -38.4993321406         2.2397516656         1.3557056165         2.5057954711        27.3518012376        -0.3542905998
        2.9454457000        65.6127480880         2.8005776515         1.3327346748         2.5032435937        -6.9331863861        -0.5280058810
        2.9504349000         6.7343557684         2.5892780609         1.3276300211         2.5160029810       -14.5520725247         0.3405705252
        2.9554265000       -91.4958588749         2.1549146453         1.3531532897         2.5160029810        23.5423581683         0.3405705252
        2.9604493000       -26.6758645036         2.2602303108         1.3403916554         2.5134511035         4.4951428218         0.1668552439
        2.9654336000         4.7339095957         2.5655424837         1.3403916554         2.5083473486         4.4951428218        -0.1805753185
        2.9704547000        -5.0891118686         2.4489909426         1.3429439823         2.5083473486         8.3045858911        -0.1805753185
        2.9754392000       -26.6758645036         2.2602303108         1.3403916554         2.5134511035         4.4951428218         0.1668552439
        2.9804570000        36.1436836951         2.7659735909         1.3403916554         2.5032435937         4.4951428218        -0.5280058810
        2.9854269000        24.3799525244         2.7519380602         1.3352870017         2.5083473486        -3.1237433168        -0.1805753185
        2.9904381000       -10.9709774539         2.3792017743         1.3403916554         2.5108992261         4.4951428218        -0.0068600373
        2.9954203000       -42.3807515533         2.2331617353         1.3403916554         2.5160029810         4.4951428218         0.3405705252
        3.0004340000        51.8485707447         2.7845083315         1.3403916554         2.5006917162         4.4951428218        -0.7017211623
        3.0054235000        30.2618181097         2.7589728263         1.3378393285         2.5057954711         0.6856997525        -0.3542905998
        3.0104659000       -52.2037730176         2.2167664279         1.3429439823         2.5160029810         8.3045858911         0.3405705252
        3.0154384000        40.0848395740         2.7706460277         1.3352870017         2.5057954711        -3.1237433168        -0.3542905998
        3.0204426000        34.2029739887         2.7636673890         1.3327346748         2.5083473486        -6.9331863861        -0.1805753185
        3.0254302000        10.6157751811         2.6353316520         1.3429439823         2.5057954711         8.3045858911        -0.3542905998
        3.0304500000       -20.7939989183         2.2706520627         1.3429439823         2.5108992261         8.3045858911        -0.0068600373
        3.0354306000         0.7927537167         2.5187801110         1.3454963091         2.5057954711        12.1140289604        -0.3542905998
        3.0404378000        91.1406566020         2.8299997265         1.3301823480         2.5006917162       -10.7426294554        -0.7017211623
        3.0454187000        75.4357695524         2.8119543636         1.3301823480         2.5032435937       -10.7426294554        -0.5280058810
        3.0504307000       -16.8528430393         2.3094126060         1.3378393285         2.5134511035         0.6856997525         0.1668552439
        3.0554387000        65.6127480880         2.8005776515         1.3327346748         2.5032435937        -6.9331863861        -0.5280058810
        3.0604608000       -36.4988859679         2.2431733191         1.3429439823         2.5134511035         8.3045858911         0.1668552439
        3.0654334000       -36.4988859679         2.2431733191         1.3429439823         2.5134511035         8.3045858911         0.1668552439
        3.0704398000        30.2618181097         2.7589728263         1.3378393285         2.5057954711         0.6856997525        -0.3542905998
        3.0754290000        81.3176351377         2.8187326439         1.3327346748         2.5006917162        -6.9331863861        -0.7017211623
        3.0804403000       -30.6170203826         2.2533352330         1.3454963091         2.5108992261        12.1140289604        -0.0068600373
        3.0854203000        40.0848395740         2.7706460277         1.3352870017         2.5057954711        -3.1237433168        -0.3542905998
        3.0904336000        44.0259954530         2.7753040771         1.3301823480         2.5083473486       -10.7426294554        -0.1805753185
        3.0954407000       -46.3219074322         2.2265356230         1.3454963091         2.5134511035        12.1140289604         0.1668552439
        3.1004562000       -20.7939989183         2.2706520627         1.3429439823         2.5108992261         8.3045858911        -0.0068600373
        3.1054367000        14.5569310600         2.6820940248         1.3378393285         2.5083473486         0.6856997525        -0.1805753185
        3.1104526000        14.5569310600         2.6820940248         1.3378393285         2.5083473486         0.6856997525        -0.1805753185
        3.1154314000        65.6127480880         2.8005776515         1.3327346748         2.5032435937        -6.9331863861        -0.5280058810
        3.1204437000        65.6127480880         2.8005776515         1.3327346748         2.5032435937        -6.9331863861        -0.5280058810
        3.1254288000        40.0848395740         2.7706460277         1.3352870017         2.5057954711        -3.1237433168        -0.3542905998
        3.1304480000        71.4946136734         2.8073985625         1.3352870017         2.5006917162        -3.1237433168        -0.7017211623
        3.1354249000       -73.8502621189         2.1819902875         1.3608102703         2.5083473486        34.9706873762        -0.1805753185
        3.1404286000       -38.4993321406         2.2397516656         1.3557056165         2.5057954711        27.3518012376        -0.3542905998
        3.1454415000        10.6755116473         2.6360404337         1.3225253674         2.5185548584       -22.1709586634         0.5142858064
        3.1504281000       -67.9086600672         2.1913577581         1.3429439823         2.5185548584         8.3045858911         0.5142858064
        3.1554315000       -36.4988859679         2.2431733191         1.3429439823         2.5134511035         8.3045858911         0.1668552439
        3.1608261000        79.3769254313         2.8164988744         1.3250776943         2.5057954711       -18.3615155941        -0.3542905998
        3.1654274000       -20.7939989183         2.2706520627         1.3429439823         2.5108992261         8.3045858911        -0.0068600373
        3.1704481000       -62.0267944819         2.2007616102         1.3454963091         2.5160029810        12.1140289604         0.3405705252
        3.1754449000        28.3211084034         2.7566555356         1.3301823480         2.5108992261       -10.7426294554        -0.0068600373
        3.1804292000      -115.0830576825         2.1203250418         1.3633625971         2.5134511035        38.7801304455         0.1668552439
        3.1854469000        30.2618181097         2.7589728263         1.3378393285         2.5057954711         0.6856997525        -0.3542905998
        3.1904250000        38.1441298677         2.7683470394         1.3276300211         2.5108992261       -14.5520725247        -0.0068600373
        3.1954327000       -26.6758645036         2.2602303108         1.3403916554         2.5134511035         4.4951428218         0.1668552439
        3.2004164000        69.5539039670         2.8051509359         1.3276300211         2.5057954711       -14.5520725247        -0.3542905998
        3.2054496000         8.6750654747         2.6123048565         1.3352870017         2.5108992261        -3.1237433168        -0.0068600373
        3.2104385000        40.0848395740         2.7706460277         1.3352870017         2.5057954711        -3.1237433168        -0.3542905998
        3.2154494000         2.7931998894         2.5425156882         1.3327346748         2.5134511035        -6.9331863861         0.1668552439
        3.2204383000       -52.2037730176         2.2167664279         1.3429439823         2.5160029810         8.3045858911         0.3405705252
        3.2254395000        30.2618181097         2.7589728263         1.3378393285         2.5057954711         0.6856997525        -0.3542905998
        3.2304338000        32.2622642824         2.7613575711         1.3250776943         2.5134511035       -18.3615155941         0.1668552439
        3.2354379000       -10.9709774539         2.3792017743         1.3403916554         2.5108992261         4.4951428218        -0.0068600373
        3.2404261000         8.6750654747         2.6123048565         1.3352870017         2.5108992261        -3.1237433168        -0.0068600373
        3.2454371000       -58.0856386029         2.2071372347         1.3403916554         2.5185548584         4.4951428218         0.5142858064
        3.2504168000        -1.1479559896         2.4957533154         1.3378393285         2.5108992261         0.6856997525        -0.0068600373
        3.2554537000       -67.9086600672         2.1913577581         1.3429439823         2.5185548584         8.3045858911         0.5142858064
        3.2604377000        -1.1479559896         2.4957533154         1.3378393285         2.5108992261         0.6856997525        -0.0068600373
        3.2654482000       -52.2037730176         2.2167664279         1.3429439823         2.5160029810         8.3045858911         0.3405705252
        3.2704297000         8.6750654747         2.6123048565         1.3352870017         2.5108992261        -3.1237433168        -0.0068600373
        3.2754424000        -1.1479559896         2.4957533154         1.3378393285         2.5108992261         0.6856997525        -0.0068600373
        3.2804326000      -185.7849176391         2.0255200157         1.3735719045         2.5185548584        54.0179027228         0.5142858064
        3.2854383000        14.5569310600         2.6820940248         1.3378393285         2.5083473486         0.6856997525        -0.1805753185
        3.2904286000       -67.9086600672         2.1913577581         1.3429439823         2.5185548584         8.3045858911         0.5142858064
        3.2954376000        -1.1479559896         2.4957533154         1.3378393285         2.5108992261         0.6856997525        -0.0068600373
        3.3004393000        -1.1479559896         2.4957533154         1.3378393285         2.5108992261         0.6856997525        -0.0068600373
        3.3054262000        69.5539039670         2.8051509359         1.3276300211         2.5057954711       -14.5520725247        -0.3542905998
        3.3104336000        28.3211084034         2.7566555356         1.3301823480         2.5108992261       -10.7426294554        -0.0068600373
        3.3154443000       -20.7939989183         2.2706520627         1.3429439823         2.5108992261         8.3045858911        -0.0068600373
        3.3204314000       -87.5547029959         2.1608686129         1.3480486360         2.5185548584        15.9234720297         0.5142858064
        3.3254399000        95.0818124810         2.8345026036         1.3250776943         2.5032435937       -18.3615155941        -0.5280058810
        3.3304226000       -36.4988859679         2.2431733191         1.3429439823         2.5134511035         8.3045858911         0.1668552439
        3.3354415000       -99.3781706328         2.1431608145         1.3633625971         2.5108992261        38.7801304455        -0.0068600373
        3.3404433000       -30.6170203826         2.2533352330         1.3454963091         2.5108992261        12.1140289604        -0.0068600373
        3.3454513000        93.1411027746         2.8322865122         1.3174207137         2.5083473486       -29.7898448020        -0.1805753185
        3.3504340000        99.0229683600         2.8389958688         1.3199730405         2.5057954711       -25.9804017327        -0.3542905998
        3.3554563000       -28.6763106762         2.2567217882         1.3531532897         2.5057954711        23.5423581683        -0.3542905998
        3.3604326000       100.9636780663         2.8412050188         1.3276300211         2.5006917162       -14.5520725247        -0.7017211623
        3.3654315000        59.7308825027         2.7937296984         1.3301823480         2.5057954711       -10.7426294554        -0.3542905998
        3.3704343000         0.7927537167         2.5187801110         1.3454963091         2.5057954711        12.1140289604        -0.3542905998
        3.3754623000        44.0259954530         2.7753040771         1.3301823480         2.5083473486       -10.7426294554        -0.1805753185
        3.3804528000        30.2618181097         2.7589728263         1.3378393285         2.5057954711         0.6856997525        -0.3542905998
        3.3854301000       -16.9125795055         2.3087038244         1.3582579434         2.5006917162        31.1612443069        -0.7017211623
        3.3904676000        75.4357695524         2.8119543636         1.3301823480         2.5032435937       -10.7426294554        -0.5280058810
        3.3954431000       -75.7909718252         2.1789586611         1.3531532897         2.5134511035        23.5423581683         0.1668552439
        3.4004422000        20.4387966454         2.7472047898         1.3403916554         2.5057954711         4.4951428218        -0.3542905998
        3.4054413000        59.7308825027         2.7937296984         1.3301823480         2.5057954711       -10.7426294554        -0.3542905998
        3.4104579000       -40.4400418469         2.2364486600         1.3480486360         2.5108992261        15.9234720297        -0.0068600373
        3.4154145000       -40.4400418469         2.2364486600         1.3480486360         2.5108992261        15.9234720297        -0.0068600373
        3.4204602000        85.2587910167         2.8232609353         1.3276300211         2.5032435937       -14.5520725247        -0.5280058810
        3.4254300000        71.4946136734         2.8073985625         1.3352870017         2.5006917162        -3.1237433168        -0.7017211623
        3.4304690000       -20.7939989183         2.2706520627         1.3429439823         2.5108992261         8.3045858911        -0.0068600373
        3.4354298000        69.5539039670         2.8051509359         1.3276300211         2.5057954711       -14.5520725247        -0.3542905998
        3.4404596000         4.7339095957         2.5655424837         1.3403916554         2.5083473486         4.4951428218        -0.1805753185
        3.4455186000       -60.0860847756         2.2038935344         1.3531532897         2.5108992261        23.5423581683        -0.0068600373
        3.4504583000       -91.4958588749         2.1549146453         1.3531532897         2.5160029810        23.5423581683         0.3405705252
        3.4554436000       -62.0267944819         2.2007616102         1.3454963091         2.5160029810        12.1140289604         0.3405705252
        3.4604850000        65.6127480880         2.8005776515         1.3327346748         2.5032435937        -6.9331863861        -0.5280058810
        3.4654598000        14.5569310600         2.6820940248         1.3378393285         2.5083473486         0.6856997525        -0.1805753185
        3.4704489000        24.3799525244         2.7519380602         1.3352870017         2.5083473486        -3.1237433168        -0.1805753185
        3.4754297000       -62.0267944819         2.2007616102         1.3454963091         2.5160029810        12.1140289604         0.3405705252
        3.4804456000        20.4387966454         2.7472047898         1.3403916554         2.5057954711         4.4951428218        -0.3542905998
        3.4854271000        24.3799525244         2.7519380602         1.3352870017         2.5083473486        -3.1237433168        -0.1805753185
        3.4904327000        44.0259954530         2.7753040771         1.3301823480         2.5083473486       -10.7426294554        -0.1805753185
        3.4954469000        44.0259954530         2.7753040771         1.3301823480         2.5083473486       -10.7426294554        -0.1805753185
        3.5004561000        -5.0891118686         2.4489909426         1.3429439823         2.5083473486         8.3045858911        -0.1805753185
        3.5054432000        30.2618181097         2.7589728263         1.3378393285         2.5057954711         0.6856997525        -0.3542905998
        3.5104543000        -3.1484021622         2.4720177382         1.3506009628         2.5032435937        19.7329150990        -0.5280058810
        3.5154307000        -3.1484021622         2.4720177382         1.3506009628         2.5032435937        19.7329150990        -0.5280058810
        3.5204329000         4.7339095957         2.5655424837         1.3403916554         2.5083473486         4.4951428218        -0.1805753185
        3.5254510000       -32.5577300889         2.2499654712         1.3378393285         2.5160029810         0.6856997525         0.3405705252
        3.5305418000       -10.9709774539         2.3792017743         1.3403916554         2.5108992261         4.4951428218        -0.0068600373
        3.5354256000       -67.9086600672         2.1913577581         1.3429439823         2.5185548584         8.3045858911         0.5142858064
        3.5404731000        -1.1479559896         2.4957533154         1.3378393285         2.5108992261         0.6856997525        -0.0068600373
        3.5454467000       -65.9679503609         2.1944459962         1.3506009628         2.5134511035        19.7329150990         0.1668552439
        3.5504288000       -38.4395956743         2.2398535912         1.3352870017         2.5185548584        -3.1237433168         0.5142858064
        3.5554662000       -26.6758645036         2.2602303108         1.3403916554         2.5134511035         4.4951428218         0.1668552439
        3.5604574000        14.5569310600         2.6820940248         1.3378393285         2.5083473486         0.6856997525        -0.1805753185
        3.5654553000         8.6750654747         2.6123048565         1.3352870017         2.5108992261        -3.1237433168        -0.0068600373
        3.5704379000         4.7339095957         2.5655424837         1.3403916554         2.5083473486         4.4951428218        -0.1805753185
        3.5754535000        69.5539039670         2.8051509359         1.3276300211         2.5057954711       -14.5520725247        -0.3542905998
        3.5804336000        69.5539039670         2.8051509359         1.3276300211         2.5057954711       -14.5520725247        -0.3542905998
        3.5854388000       -20.7939989183         2.2706520627         1.3429439823         2.5108992261         8.3045858911        -0.0068600373
        3.5904268000       -16.8528430393         2.3094126060         1.3378393285         2.5134511035         0.6856997525         0.1668552439
        3.5955837000        65.6127480880         2.8005776515         1.3327346748         2.5032435937        -6.9331863861        -0.5280058810
        3.6004437000       -20.7939989183         2.2706520627         1.3429439823         2.5108992261         8.3045858911        -0.0068600373
        3.6054334000        -7.0298215750         2.4259641471         1.3352870017         2.5134511035        -3.1237433168         0.1668552439
        3.6104167000        -1.1479559896         2.4957533154         1.3378393285         2.5108992261         0.6856997525        -0.0068600373
        3.6154324000         8.6750654747         2.6123048565         1.3352870017         2.5108992261        -3.1237433168        -0.0068600373
        3.6204329000       -83.6135471169         2.1668753940         1.3429439823         2.5211067359         8.3045858911         0.6880010877
        3.6255001000       -10.9709774539         2.3792017743         1.3403916554         2.5108992261         4.4951428218        -0.0068600373
        3.6304346000        65.6127480880         2.8005776515         1.3327346748         2.5032435937        -6.9331863861        -0.5280058810
        3.6354473000        18.4980869390         2.7288563976         1.3327346748         2.5108992261        -6.9331863861        -0.0068600373
        3.6404307000         8.6750654747         2.6123048565         1.3352870017         2.5108992261        -3.1237433168        -0.0068600373
        3.6454606000        -7.0298215750         2.4259641471         1.3352870017         2.5134511035        -3.1237433168         0.1668552439
        3.6504439000        -1.1479559896         2.4957533154         1.3378393285         2.5108992261         0.6856997525        -0.0068600373
        3.6554322000        -7.0298215750         2.4259641471         1.3352870017         2.5134511035        -3.1237433168         0.1668552439
        3.6604333000        -7.0298215750         2.4259641471         1.3352870017         2.5134511035        -3.1237433168         0.1668552439
        3.6654472000       -16.8528430393         2.3094126060         1.3378393285         2.5134511035         0.6856997525         0.1668552439
        3.6704335000        -1.1479559896         2.4957533154         1.3378393285         2.5108992261         0.6856997525        -0.0068600373
        3.6754402000        49.9078610383         2.7822298491         1.3327346748         2.5057954711        -6.9331863861        -0.3542905998
        3.6804568000       -16.8528430393         2.3094126060         1.3378393285         2.5134511035         0.6856997525         0.1668552439
        3.6854389000       -77.7316815316         2.1759406364         1.3454963091         2.5185548584        12.1140289604         0.5142858064
        3.6904219000       -93.4365685812         2.1520018586         1.3454963091         2.5211067359        12.1140289604         0.6880010877
        3.6954321000        44.0259954530         2.7753040771         1.3301823480         2.5083473486       -10.7426294554        -0.1805753185
        3.7004442000        -1.1479559896         2.4957533154         1.3378393285         2.5108992261         0.6856997525        -0.0068600373
        3.7054539000        -1.1479559896         2.4957533154         1.3378393285         2.5108992261         0.6856997525        -0.0068600373
        3.7104404000         8.6750654747         2.6123048565         1.3352870017         2.5108992261        -3.1237433168        -0.0068600373
        3.7154520000       -10.9709774539         2.3792017743         1.3403916554         2.5108992261         4.4951428218        -0.0068600373
        3.7204318000        49.9078610383         2.7822298491         1.3327346748         2.5057954711        -6.9331863861        -0.3542905998
        3.7254616000       -52.2037730176         2.2167664279         1.3429439823         2.5160029810         8.3045858911         0.3405705252
        3.7304324000       -48.2626171386         2.2232965852         1.3378393285         2.5185548584         0.6856997525         0.5142858064
        3.7354680000        49.9078610383         2.7822298491         1.3327346748         2.5057954711        -6.9331863861        -0.3542905998
        3.7404189000        93.1411027746         2.8322865122         1.3174207137         2.5083473486       -29.7898448020        -0.1805753185
        3.7454355000       -30.6170203826         2.2533352330         1.3454963091         2.5108992261        12.1140289604        -0.0068600373
        3.7504439000        44.0259954530         2.7753040771         1.3301823480         2.5083473486       -10.7426294554        -0.1805753185
        3.7554484000        69.5539039670         2.8051509359         1.3276300211         2.5057954711       -14.5520725247        -0.3542905998
        3.7604332000       -26.6758645036         2.2602303108         1.3403916554         2.5134511035         4.4951428218         0.1668552439
        3.7654410000        -7.0298215750         2.4259641471         1.3352870017         2.5134511035        -3.1237433168         0.1668552439
        3.7704339000         8.6750654747         2.6123048565         1.3352870017         2.5108992261        -3.1237433168        -0.0068600373
        3.7754402000        49.9078610383         2.7822298491         1.3327346748         2.5057954711        -6.9331863861        -0.3542905998
        3.7804297000       -52.2037730176         2.2167664279         1.3429439823         2.5160029810         8.3045858911         0.3405705252
        3.7854311000        69.5539039670         2.8051509359         1.3276300211         2.5057954711       -14.5520725247        -0.3542905998
        3.7904389000        20.4387966454         2.7472047898         1.3403916554         2.5057954711         4.4951428218        -0.3542905998
        3.7954286000        18.4980869390         2.7288563976         1.3327346748         2.5108992261        -6.9331863861        -0.0068600373
        3.8004377000        59.7308825027         2.7937296984         1.3301823480         2.5057954711       -10.7426294554        -0.3542905998
        3.8054186000        -1.1479559896         2.4957533154         1.3378393285         2.5108992261         0.6856997525        -0.0068600373
        3.8104380000         8.6750654747         2.6123048565         1.3352870017         2.5108992261        -3.1237433168        -0.0068600373
        3.8154423000        -1.1479559896         2.4957533154         1.3378393285         2.5108992261         0.6856997525        -0.0068600373
        3.8204491000        -1.1479559896         2.4957533154         1.3378393285         2.5108992261         0.6856997525        -0.0068600373
        3.8254391000       -20.7939989183         2.2706520627         1.3429439823         2.5108992261         8.3045858911        -0.0068600373
        3.8304658000        -1.1479559896         2.4957533154         1.3378393285         2.5108992261         0.6856997525        -0.0068600373
        3.8354307000        -1.1479559896         2.4957533154         1.3378393285         2.5108992261         0.6856997525        -0.0068600373
        3.8404848000         8.6750654747         2.6123048565         1.3352870017         2.5108992261        -3.1237433168        -0.0068600373
        3.8454295000        49.9078610383         2.7822298491         1.3327346748         2.5057954711        -6.9331863861        -0.3542905998
        3.8504545000        14.5569310600         2.6820940248         1.3378393285         2.5083473486         0.6856997525        -0.1805753185
        3.8554458000         8.6750654747         2.6123048565         1.3352870017         2.5108992261        -3.1237433168        -0.0068600373
        3.8604567000         0.7927537167         2.5187801110         1.3454963091         2.5057954711        12.1140289604        -0.3542905998
        3.8654404000        59.7308825027         2.7937296984         1.3301823480         2.5057954711       -10.7426294554        -0.3542905998
        3.8704505000       -58.0856386029         2.2071372347         1.3403916554         2.5185548584         4.4951428218         0.5142858064
        3.8754277000      -107.2007459245         2.1316921470         1.3531532897         2.5185548584        23.5423581683         0.5142858064
        3.8804362000        28.3211084034         2.7566555356         1.3301823480         2.5108992261       -10.7426294554        -0.0068600373
        3.8854330000       -36.4988859679         2.2431733191         1.3429439823         2.5134511035         8.3045858911         0.1668552439
        3.8904628000       -71.8498159462         2.1851296060         1.3480486360         2.5160029810        15.9234720297         0.3405705252
        3.8954268000       -38.4395956743         2.2398535912         1.3352870017         2.5185548584        -3.1237433168         0.5142858064
        3.9004599000       -62.0267944819         2.2007616102         1.3454963091         2.5160029810        12.1140289604         0.3405705252
        3.9054370000       -52.2037730176         2.2167664279         1.3429439823         2.5160029810         8.3045858911         0.3405705252
        3.9104527000         2.7931998894         2.5425156882         1.3327346748         2.5134511035        -6.9331863861         0.1668552439
        3.9154419000      -103.2595900456         2.1374463771         1.3480486360         2.5211067359        15.9234720297         0.6880010877
        3.9204650000       144.1969198026         2.8899173688         1.3123160600         2.5032435937       -37.4087309406        -0.5280058810
        3.9254285000       195.3124732969         2.9466801000         1.2867927914         2.5108992261       -75.5031616337        -0.0068600373
        3.9304568000        51.8485707447         2.7845083315         1.3403916554         2.5006917162         4.4951428218        -0.7017211623
        3.9354484000       -95.4370147539         2.1490124055         1.3582579434         2.5134511035        31.1612443069         0.1668552439
        3.9404551000        89.1999468956         2.8277787793         1.3225253674         2.5057954711       -22.1709586634        -0.3542905998
        3.9454421000       -30.6170203826         2.2533352330         1.3454963091         2.5108992261        12.1140289604        -0.0068600373
        3.9504279000        -1.1479559896         2.4957533154         1.3378393285         2.5108992261         0.6856997525        -0.0068600373
        3.9554440000         8.6750654747         2.6123048565         1.3352870017         2.5108992261        -3.1237433168        -0.0068600373
        3.9604392000         0.7927537167         2.5187801110         1.3454963091         2.5057954711        12.1140289604        -0.3542905998
        3.9654388000        49.9078610383         2.7822298491         1.3327346748         2.5057954711        -6.9331863861        -0.3542905998
        3.9704387000        49.9078610383         2.7822298491         1.3327346748         2.5057954711        -6.9331863861        -0.3542905998
        3.9754517000        16.4976407664         2.7051208204         1.3454963091         2.5032435937        12.1140289604        -0.5280058810
        3.9804334000        40.0848395740         2.7706460277         1.3352870017         2.5057954711        -3.1237433168        -0.3542905998
        3.9855146000       -26.6758645036         2.2602303108         1.3403916554         2.5134511035         4.4951428218         0.1668552439
        3.9904327000        -9.0302677476         2.4022285699         1.3480486360         2.5057954711        15.9234720297        -0.3542905998
        3.9954692000       100.9636780663         2.8412050188         1.3276300211         2.5006917162       -14.5520725247        -0.7017211623
        4.0004309000        71.4946136734         2.8073985625         1.3352870017         2.5006917162        -3.1237433168        -0.7017211623
        4.0054515000       -46.3219074322         2.2265356230         1.3454963091         2.5134511035        12.1140289604         0.1668552439
        4.0104462000        59.7308825027         2.7937296984         1.3301823480         2.5057954711       -10.7426294554        -0.3542905998
        4.0154634000       -36.4988859679         2.2431733191         1.3429439823         2.5134511035         8.3045858911         0.1668552439
        4.0204317000        -9.0302677476         2.4022285699         1.3480486360         2.5057954711        15.9234720297        -0.3542905998
        4.0254226000       110.7866995307         2.8523536820         1.3250776943         2.5006917162       -18.3615155941        -0.7017211623
        4.0304321000       -46.3219074322         2.2265356230         1.3454963091         2.5134511035        12.1140289604         0.1668552439
        4.0354415000        30.2618181097         2.7589728263         1.3378393285         2.5057954711         0.6856997525        -0.3542905998
        4.0404331000       100.9636780663         2.8412050188         1.3276300211         2.5006917162       -14.5520725247        -0.7017211623
        4.0454420000       -56.1449288966         2.2102991265         1.3480486360         2.5134511035        15.9234720297         0.1668552439
        4.0504224000       -83.6732835832         2.1667839491         1.3633625971         2.5083473486        38.7801304455        -0.1805753185
        4.0554562000        -3.0886656959         2.4727265198         1.3301823480         2.5160029810       -10.7426294554         0.3405705252
        4.0604221000       -16.8528430393         2.3094126060         1.3378393285         2.5134511035         0.6856997525         0.1668552439
        4.0654564000        -1.1479559896         2.4957533154         1.3378393285         2.5108992261         0.6856997525        -0.0068600373
        4.0704392000       -12.9116871603         2.3561749788         1.3327346748         2.5160029810        -6.9331863861         0.3405705252
        4.0754396000        49.9078610383         2.7822298491         1.3327346748         2.5057954711        -6.9331863861        -0.3542905998
        4.0804332000        20.4387966454         2.7472047898         1.3403916554         2.5057954711         4.4951428218        -0.3542905998
        4.0854423000         2.7931998894         2.5425156882         1.3327346748         2.5134511035        -6.9331863861         0.1668552439
        4.0904210000         4.7339095957         2.5655424837         1.3403916554         2.5083473486         4.4951428218        -0.1805753185
        4.0954390000       -64.0272406545         2.1975485115         1.3582579434         2.5083473486        31.1612443069        -0.1805753185
        4.1004397000       -46.3219074322         2.2265356230         1.3454963091         2.5134511035        12.1140289604         0.1668552439
        4.1054902000        14.5569310600         2.6820940248         1.3378393285         2.5083473486         0.6856997525        -0.1805753185
        4.1104390000       -16.8528430393         2.3094126060         1.3378393285         2.5134511035         0.6856997525         0.1668552439
        4.1154312000         4.7339095957         2.5655424837         1.3403916554         2.5083473486         4.4951428218        -0.1805753185
        4.1204270000        34.2029739887         2.7636673890         1.3327346748         2.5083473486        -6.9331863861        -0.1805753185
        4.1254599000        10.6157751811         2.6353316520         1.3429439823         2.5057954711         8.3045858911        -0.3542905998
        4.1304503000        85.2587910167         2.8232609353         1.3276300211         2.5032435937       -14.5520725247        -0.5280058810
        4.1354293000        30.2618181097         2.7589728263         1.3378393285         2.5057954711         0.6856997525        -0.3542905998
        4.1404525000       -14.9121333329         2.3324394016         1.3454963091         2.5083473486        12.1140289604        -0.1805753185
        4.1454313000        75.4357695524         2.8119543636         1.3301823480         2.5032435937       -10.7426294554        -0.5280058810
        4.1504455000       -46.3219074322         2.2265356230         1.3454963091         2.5134511035        12.1140289604         0.1668552439
        4.1554433000         8.6750654747         2.6123048565         1.3352870017         2.5108992261        -3.1237433168        -0.0068600373
        4.1604505000       -32.5577300889         2.2499654712         1.3378393285         2.5160029810         0.6856997525         0.3405705252
        4.1654206000       -36.4988859679         2.2431733191         1.3429439823         2.5134511035         8.3045858911         0.1668552439
        4.1704288000        75.4357695524         2.8119543636         1.3301823480         2.5032435937       -10.7426294554        -0.5280058810
        4.1754295000       -52.2037730176         2.2167664279         1.3429439823         2.5160029810         8.3045858911         0.3405705252
        4.1804485000        81.3176351377         2.8187326439         1.3327346748         2.5006917162        -6.9331863861        -0.7017211623
        4.1854342000        34.2029739887         2.7636673890         1.3327346748         2.5083473486        -6.9331863861        -0.1805753185
        4.1904380000       -46.3219074322         2.2265356230         1.3454963091         2.5134511035        12.1140289604         0.1668552439
        4.1954281000       -67.9086600672         2.1913577581         1.3429439823         2.5185548584         8.3045858911         0.5142858064
        4.2004399000         8.6750654747         2.6123048565         1.3352870017         2.5108992261        -3.1237433168        -0.0068600373
        4.2054189000        24.3799525244         2.7519380602         1.3352870017         2.5083473486        -3.1237433168        -0.1805753185
        4.2104531000        24.3799525244         2.7519380602         1.3352870017         2.5083473486        -3.1237433168        -0.1805753185
        4.2154336000        -1.1479559896         2.4957533154         1.3378393285         2.5108992261         0.6856997525        -0.0068600373
        4.2204435000       -46.3219074322         2.2265356230         1.3454963091         2.5134511035        12.1140289604         0.1668552439
        4.2254333000         8.6750654747         2.6123048565         1.3352870017         2.5108992261        -3.1237433168        -0.0068600373
        4.2304456000       -46.3219074322         2.2265356230         1.3454963091         2.5134511035        12.1140289604         0.1668552439
        4.2354315000       -14.9121333329         2.3324394016         1.3454963091         2.5083473486        12.1140289604        -0.1805753185
        4.2404443000        -5.0891118686         2.4489909426         1.3429439823         2.5083473486         8.3045858911        -0.1805753185
        4.2454461000       -46.3219074322         2.2265356230         1.3454963091         2.5134511035        12.1140289604         0.1668552439
        4.2504323000       -52.2037730176         2.2167664279         1.3429439823         2.5160029810         8.3045858911         0.3405705252
        4.2554420000        18.4980869390         2.7288563976         1.3327346748         2.5108992261        -6.9331863861        -0.0068600373
        4.2604619000       -52.2037730176         2.2167664279         1.3429439823         2.5160029810         8.3045858911         0.3405705252
        4.2654350000        -1.1479559896         2.4957533154         1.3378393285         2.5108992261         0.6856997525        -0.0068600373
        4.2704574000        81.3176351377         2.8187326439         1.3327346748         2.5006917162        -6.9331863861        -0.7017211623
        4.2754294000        75.4357695524         2.8119543636         1.3301823480         2.5032435937       -10.7426294554        -0.5280058810
        4.2804447000        14.5569310600         2.6820940248         1.3378393285         2.5083473486         0.6856997525        -0.1805753185
        4.2854263000         4.7339095957         2.5655424837         1.3403916554         2.5083473486         4.4951428218        -0.1805753185
        4.2904369000        14.5569310600         2.6820940248         1.3378393285         2.5083473486         0.6856997525        -0.1805753185
        4.2954199000        75.4357695524         2.8119543636         1.3301823480         2.5032435937       -10.7426294554        -0.5280058810
        4.3004354000        14.5569310600         2.6820940248         1.3378393285         2.5083473486         0.6856997525        -0.1805753185
        4.3054389000        -7.0298215750         2.4259641471         1.3352870017         2.5134511035        -3.1237433168         0.1668552439
        4.3104752000        75.4357695524         2.8119543636         1.3301823480         2.5032435937       -10.7426294554        -0.5280058810
        4.3154288000         4.7339095957         2.5655424837         1.3403916554         2.5083473486         4.4951428218        -0.1805753185
        4.3204743000      -120.9649232679         2.1119614923         1.3608102703         2.5160029810        34.9706873762         0.3405705252
        4.3254329000         8.6750654747         2.6123048565         1.3352870017         2.5108992261        -3.1237433168        -0.0068600373
        4.3304690000        75.4357695524         2.8119543636         1.3301823480         2.5032435937       -10.7426294554        -0.5280058810
        4.3354532000        40.0848395740         2.7706460277         1.3352870017         2.5057954711        -3.1237433168        -0.3542905998
        4.3404521000        59.7308825027         2.7937296984         1.3301823480         2.5057954711       -10.7426294554        -0.3542905998
        4.3454450000      -115.0830576825         2.1203250418         1.3633625971         2.5134511035        38.7801304455         0.1668552439
        4.3504269000      -136.6698103175         2.0900993636         1.3608102703         2.5185548584        34.9706873762         0.5142858064
        4.3554421000        67.6131942606         2.8029004483         1.3199730405         2.5108992261       -25.9804017327        -0.0068600373
        4.3604213000        40.0848395740         2.7706460277         1.3352870017         2.5057954711        -3.1237433168        -0.3542905998
        4.3654301000       -36.4988859679         2.2431733191         1.3429439823         2.5134511035         8.3045858911         0.1668552439
        4.3704330000        32.2622642824         2.7613575711         1.3250776943         2.5134511035       -18.3615155941         0.1668552439
        4.3754500000        30.2618181097         2.7589728263         1.3378393285         2.5057954711         0.6856997525        -0.3542905998
        4.3804367000        34.2029739887         2.7636673890         1.3327346748         2.5083473486        -6.9331863861        -0.1805753185
        4.3854474000         2.7931998894         2.5425156882         1.3327346748         2.5134511035        -6.9331863861         0.1668552439
        4.3904486000       -60.0860847756         2.2038935344         1.3531532897         2.5108992261        23.5423581683        -0.0068600373
        4.3954653000       -71.8498159462         2.1851296060         1.3480486360         2.5160029810        15.9234720297         0.3405705252
        4.4004432000        16.5573772327         2.7058296020         1.3250776943         2.5160029810       -18.3615155941         0.3405705252
        4.4054359000       -42.3807515533         2.2331617353         1.3403916554         2.5160029810         4.4951428218         0.3405705252
        4.4104423000       -22.7347086246         2.2671958367         1.3352870017         2.5160029810        -3.1237433168         0.3405705252
        4.4154898000        63.6720383817         2.7983212283         1.3250776943         2.5083473486       -18.3615155941        -0.1805753185
        4.4204305000       -81.6728374105         2.1698530014         1.3506009628         2.5160029810        19.7329150990         0.3405705252
        4.4254435000        -7.0298215750         2.4259641471         1.3352870017         2.5134511035        -3.1237433168         0.1668552439
        4.4304265000       -22.7347086246         2.2671958367         1.3352870017         2.5160029810        -3.1237433168         0.3405705252
        4.4354414000       -52.2037730176         2.2167664279         1.3429439823         2.5160029810         8.3045858911         0.3405705252
        4.4404455000         2.7931998894         2.5425156882         1.3327346748         2.5134511035        -6.9331863861         0.1668552439
        4.4455010000       -32.5577300889         2.2499654712         1.3378393285         2.5160029810         0.6856997525         0.3405705252
        4.4504493000       -36.4988859679         2.2431733191         1.3429439823         2.5134511035         8.3045858911         0.1668552439
        4.4554560000        -7.0298215750         2.4259641471         1.3352870017         2.5134511035        -3.1237433168         0.1668552439
        4.4604383000        18.5578234053         2.7295651792         1.3123160600         2.5236586133       -37.4087309406         0.8617163689
        4.4654210000        47.9671513320         2.7799480893         1.3250776943         2.5108992261       -18.3615155941        -0.0068600373
        4.4704313000       -30.6170203826         2.2533352330         1.3454963091         2.5108992261        12.1140289604        -0.0068600373
        4.4754595000       -32.5577300889         2.2499654712         1.3378393285         2.5160029810         0.6856997525         0.3405705252
        4.4804517000        38.1441298677         2.7683470394         1.3276300211         2.5108992261       -14.5520725247        -0.0068600373
        4.4854465000      -107.2007459245         2.1316921470         1.3531532897         2.5185548584        23.5423581683         0.5142858064
        4.4904480000       -32.5577300889         2.2499654712         1.3378393285         2.5160029810         0.6856997525         0.3405705252
        4.4954395000       -22.7347086246         2.2671958367         1.3352870017         2.5160029810        -3.1237433168         0.3405705252
        4.5004422000       -44.3811977259         2.2297903200         1.3531532897         2.5083473486        23.5423581683        -0.1805753185
        4.5054359000        32.2622642824         2.7613575711         1.3250776943         2.5134511035       -18.3615155941         0.1668552439
        4.5104390000        69.5539039670         2.8051509359         1.3276300211         2.5057954711       -14.5520725247        -0.3542905998
        4.5154447000        42.0255492804         2.7729415273         1.3429439823         2.5006917162         8.3045858911        -0.7017211623
        4.5204362000        59.7308825027         2.7937296984         1.3301823480         2.5057954711       -10.7426294554        -0.3542905998
        4.5254423000       -16.8528430393         2.3094126060         1.3378393285         2.5134511035         0.6856997525         0.1668552439
        4.5304515000        10.6157751811         2.6353316520         1.3429439823         2.5057954711         8.3045858911        -0.3542905998
        4.5354473000       -36.4988859679         2.2431733191         1.3429439823         2.5134511035         8.3045858911         0.1668552439
        4.5404279000        24.3799525244         2.7519380602         1.3352870017         2.5083473486        -3.1237433168        -0.1805753185
        4.5454551000       -56.1449288966         2.2102991265         1.3480486360         2.5134511035        15.9234720297         0.1668552439
        4.5504370000        55.7897266237         2.7891255146         1.3352870017         2.5032435937        -3.1237433168        -0.5280058810
        4.5554452000        20.4387966454         2.7472047898         1.3403916554         2.5057954711         4.4951428218        -0.3542905998
        4.5604366000        30.2618181097         2.7589728263         1.3378393285         2.5057954711         0.6856997525        -0.3542905998
        4.5654770000       100.9636780663         2.8412050188         1.3276300211         2.5006917162       -14.5520725247        -0.7017211623
        4.5704506000        16.4976407664         2.7051208204         1.3454963091         2.5032435937        12.1140289604        -0.5280058810
        4.5754387000        40.0848395740         2.7706460277         1.3352870017         2.5057954711        -3.1237433168        -0.3542905998
        4.5804440000        14.5569310600         2.6820940248         1.3378393285         2.5083473486         0.6856997525        -0.1805753185
        4.5854257000      -148.4932779545         2.0740605971         1.3761242314         2.5108992261        57.8273457921        -0.0068600373
        4.5904445000      -124.9060791468         2.1064123061         1.3659149240         2.5134511035        42.5895735149         0.1668552439
        4.5954287000        10.6755116473         2.6360404337         1.3225253674         2.5185548584       -22.1709586634         0.5142858064
        4.6004991000        65.6127480880         2.8005776515         1.3327346748         2.5032435937        -6.9331863861        -0.5280058810
        4.6054402000       -67.9086600672         2.1913577581         1.3429439823         2.5185548584         8.3045858911         0.5142858064
        4.6104528000        12.6162213537         2.6590672292         1.3301823480         2.5134511035       -10.7426294554         0.1668552439
        4.6154327000       -30.6170203826         2.2533352330         1.3454963091         2.5108992261        12.1140289604        -0.0068600373
        4.6204505000        65.6127480880         2.8005776515         1.3327346748         2.5032435937        -6.9331863861        -0.5280058810
        4.6254300000        79.3769254313         2.8164988744         1.3250776943         2.5057954711       -18.3615155941        -0.3542905998
        4.6304515000       -52.2037730176         2.2167664279         1.3429439823         2.5160029810         8.3045858911         0.3405705252
        4.6354236000       -20.7939989183         2.2706520627         1.3429439823         2.5108992261         8.3045858911        -0.0068600373
        4.6404753000        95.0818124810         2.8345026036         1.3250776943         2.5032435937       -18.3615155941        -0.5280058810
        4.6454602000       -75.7909718252         2.1789586611         1.3531532897         2.5134511035        23.5423581683         0.1668552439
        4.6504560000        24.3799525244         2.7519380602         1.3352870017         2.5083473486        -3.1237433168        -0.1805753185
        4.6554470000       -42.3807515533         2.2331617353         1.3403916554         2.5160029810         4.4951428218         0.3405705252
        4.6604773000        20.4387966454         2.7472047898         1.3403916554         2.5057954711         4.4951428218        -0.3542905998
        4.6654407000        69.5539039670         2.8051509359         1.3276300211         2.5057954711       -14.5520725247        -0.3542905998
        4.6704427000        -1.1479559896         2.4957533154         1.3378393285         2.5108992261         0.6856997525        -0.0068600373
        4.6754320000       -77.7316815316         2.1759406364         1.3454963091         2.5185548584        12.1140289604         0.5142858064
        4.6804471000        59.7308825027         2.7937296984         1.3301823480         2.5057954711       -10.7426294554        -0.3542905998
        4.6854233000        55.7897266237         2.7891255146         1.3352870017         2.5032435937        -3.1237433168        -0.5280058810
        4.6904620000       -52.2037730176         2.2167664279         1.3429439823         2.5160029810         8.3045858911         0.3405705252
        4.6954458000       -20.7939989183         2.2706520627         1.3429439823         2.5108992261         8.3045858911        -0.0068600373
        4.7004544000       -30.6170203826         2.2533352330         1.3454963091         2.5108992261        12.1140289604        -0.0068600373
        4.7054334000       -22.7347086246         2.2671958367         1.3352870017         2.5160029810        -3.1237433168         0.3405705252
        4.7105178000        14.5569310600         2.6820940248         1.3378393285         2.5083473486         0.6856997525        -0.1805753185
        4.7154359000        24.3799525244         2.7519380602         1.3352870017         2.5083473486        -3.1237433168        -0.1805753185
        4.7204770000        -1.1479559896         2.4957533154         1.3378393285         2.5108992261         0.6856997525        -0.0068600373
        4.7254260000        -1.1479559896         2.4957533154         1.3378393285         2.5108992261         0.6856997525        -0.0068600373
        4.7304571000       -52.2037730176         2.2167664279         1.3429439823         2.5160029810         8.3045858911         0.3405705252
        4.7354426000         8.6750654747         2.6123048565         1.3352870017         2.5108992261        -3.1237433168        -0.0068600373
        4.7404421000       -20.7939989183         2.2706520627         1.3429439823         2.5108992261         8.3045858911        -0.0068600373
        4.7454376000       -52.2037730176         2.2167664279         1.3429439823         2.5160029810         8.3045858911         0.3405705252
        4.7504491000       -58.0856386029         2.2071372347         1.3403916554         2.5185548584         4.4951428218         0.5142858064
        4.7554671000       -10.9709774539         2.3792017743         1.3403916554         2.5108992261         4.4951428218        -0.0068600373
        4.7604432000         8.6750654747         2.6123048565         1.3352870017         2.5108992261        -3.1237433168        -0.0068600373
        4.7654604000       -52.2037730176         2.2167664279         1.3429439823         2.5160029810         8.3045858911         0.3405705252
        4.7704415000        -1.1479559896         2.4957533154         1.3378393285         2.5108992261         0.6856997525        -0.0068600373
        4.7754476000        53.8490169173         2.7868535606         1.3276300211         2.5083473486       -14.5520725247        -0.1805753185
        4.7804320000       -22.7347086246         2.2671958367         1.3352870017         2.5160029810        -3.1237433168         0.3405705252
        4.7854409000        10.6157751811         2.6353316520         1.3429439823         2.5057954711         8.3045858911        -0.3542905998
        4.7904252000         4.7339095957         2.5655424837         1.3403916554         2.5083473486         4.4951428218        -0.1805753185
        4.7954413000        14.5569310600         2.6820940248         1.3378393285         2.5083473486         0.6856997525        -0.1805753185
        4.8004196000       -14.9121333329         2.3324394016         1.3454963091         2.5083473486        12.1140289604        -0.1805753185
        4.8054325000        85.2587910167         2.8232609353         1.3276300211         2.5032435937       -14.5520725247        -0.5280058810
        4.8104407000        28.3211084034         2.7566555356         1.3301823480         2.5108992261       -10.7426294554        -0.0068600373
        4.8154278000         4.7339095957         2.5655424837         1.3403916554         2.5083473486         4.4951428218        -0.1805753185
        4.8204316000       -12.9116871603         2.3561749788         1.3327346748         2.5160029810        -6.9331863861         0.3405705252
        4.8254256000       -62.0267944819         2.2007616102         1.3454963091         2.5160029810        12.1140289604         0.3405705252
        4.8304282000        14.5569310600         2.6820940248         1.3378393285         2.5083473486         0.6856997525        -0.1805753185
        4.8354703000        14.5569310600         2.6820940248         1.3378393285         2.5083473486         0.6856997525        -0.1805753185
        4.8404301000        55.7897266237         2.7891255146         1.3352870017         2.5032435937        -3.1237433168        -0.5280058810
        4.8455314000        24.3799525244         2.7519380602         1.3352870017         2.5083473486        -3.1237433168        -0.1805753185
        4.8504477000        14.5569310600         2.6820940248         1.3378393285         2.5083473486         0.6856997525        -0.1805753185
        4.8554862000        55.7897266237         2.7891255146         1.3352870017         2.5032435937        -3.1237433168        -0.5280058810
        4.8604371000        59.7308825027         2.7937296984         1.3301823480         2.5057954711       -10.7426294554        -0.3542905998
        4.8654311000        45.9667051594         2.7775926208         1.3378393285         2.5032435937         0.6856997525        -0.5280058810
        4.8704302000        -1.1479559896         2.4957533154         1.3378393285         2.5108992261         0.6856997525        -0.0068600373
        4.8754688000       -10.9709774539         2.3792017743         1.3403916554         2.5108992261         4.4951428218        -0.0068600373
        4.8804590000      -109.2011920972         2.1287896514         1.3659149240         2.5108992261        42.5895735149        -0.0068600373
        4.8854653000        30.2618181097         2.7589728263         1.3378393285         2.5057954711         0.6856997525        -0.3542905998
        4.8904492000        89.1999468956         2.8277787793         1.3225253674         2.5057954711       -22.1709586634        -0.3542905998
        4.8954344000        30.2618181097         2.7589728263         1.3378393285         2.5057954711         0.6856997525        -0.3542905998
        4.9014336000      -142.5516759028         2.0820774405         1.3582579434         2.5211067359        31.1612443069         0.6880010877
        4.9054590000       -50.2630633112         2.2199740907         1.3506009628         2.5108992261        19.7329150990        -0.0068600373
        4.9104411000        -8.9705312813         2.4029373515         1.3276300211         2.5185548584       -14.5520725247         0.5142858064
        4.9154235000       -73.7905256526         2.1820838204         1.3403916554         2.5211067359         4.4951428218         0.6880010877
        4.9204311000        30.2618181097         2.7589728263         1.3378393285         2.5057954711         0.6856997525        -0.3542905998
        4.9254615000       -12.9116871603         2.3561749788         1.3327346748         2.5160029810        -6.9331863861         0.3405705252
        4.9304541000       -16.8528430393         2.3094126060         1.3378393285         2.5134511035         0.6856997525         0.1668552439
        4.9354444000       -32.5577300889         2.2499654712         1.3378393285         2.5160029810         0.6856997525         0.3405705252
        4.9404229000        -3.0886656959         2.4727265198         1.3301823480         2.5160029810       -10.7426294554         0.3405705252
        4.9454570000        34.2029739887         2.7636673890         1.3327346748         2.5083473486        -6.9331863861        -0.1805753185
        4.9504175000       -22.7347086246         2.2671958367         1.3352870017         2.5160029810        -3.1237433168         0.3405705252
        4.9554807000        -7.0298215750         2.4259641471         1.3352870017         2.5134511035        -3.1237433168         0.1668552439
        4.9604357000       -77.7316815316         2.1759406364         1.3454963091         2.5185548584        12.1140289604         0.5142858064
        4.9654423000       -16.8528430393         2.3094126060         1.3378393285         2.5134511035         0.6856997525         0.1668552439
        4.9704241000        69.5539039670         2.8051509359         1.3276300211         2.5057954711       -14.5520725247        -0.3542905998
        4.9754562000      -124.8463426805         2.1064960937         1.3454963091         2.5262104908        12.1140289604         1.0354316502
        4.9804248000       -83.6135471169         2.1668753940         1.3429439823         2.5211067359         8.3045858911         0.6880010877
        4.9854352000       -32.5577300889         2.2499654712         1.3378393285         2.5160029810         0.6856997525         0.3405705252
        4.9904409000       142.2562100963         2.8877481917         1.3046590794         2.5083473486       -48.8370601485        -0.1805753185
        4.9954555000        93.1411027746         2.8322865122         1.3174207137         2.5083473486       -29.7898448020        -0.1805753185
        5.0004345000       -65.9679503609         2.1944459962         1.3506009628         2.5134511035        19.7329150990         0.1668552439
