% Designation Loop  psi_cmd=+60.000deg  (absolute, NEUTRAL ref)
% Kp=72.9511  Kd=2.6949  K_pot=68.073520deg/V
% Vg_offset=1.338005V  K_gimbal=26.049690  samples=1001

Time[s]              OmegaCmd[deg/s]      Vc[V]                Vg[V]                Pot[V]               Omega[rad/s]         Psi[deg]            
        0.0006314000      2745.8581588703         5.0000000000         1.3403916554         2.8375395408         0.0621656482        22.2286959618
        0.0054590000      2756.1241752675         5.0000000000         1.3378393285         2.8375395408        -0.0043216761        22.2286959618
        0.0104460000      2756.1241752675         5.0000000000         1.3378393285         2.8375395408        -0.0043216761        22.2286959618
        0.0154802000      2699.9806962700         5.0000000000         1.3454963091         2.8426432957         0.1951402966        22.5761265243
        0.0204655000      2540.5378309279         5.0000000000         1.3914381925         2.8375395408         1.3919121327        22.2286959618
        0.0254501000      2075.0321407922         5.0000000000         1.4756649788         2.8630583154         3.5859938322        23.9658487743
        0.0306024000      1698.8746773514         5.0000000000         1.5471301308         2.8809214576         5.4476389105        25.1818557430
        0.0354550000      1338.4358496929         5.0000000000         1.6083859753         2.9038883547         7.0433346920        26.7452932742
        0.0404473000      1060.7643755848         4.0992389446         1.6364615707         2.9370627617         7.7746952584        29.0035919303
        0.0454333000       785.4995999826         3.5835492081         1.6670894930         2.9676852912         8.5725431492        31.0881753052
        0.0504707000       498.2013318507         3.2393410514         1.6849557810         3.0110672080         9.0379544188        34.0413350864
        0.0554367000       376.9268022054         3.1142125931         1.6772988005         3.0416897375         8.8384924461        36.1259184613
        0.0604565000       135.5059966738         2.8557358363         1.6900604347         3.0799678994         9.1709290672        38.7316476799
        0.0654482000       -46.7254089809         2.2383443837         1.6849557810         3.1207979388         9.0379544188        41.5110921798
        0.0705026000       -32.7742493311         2.2581914924         1.6594325125         3.1386610810         8.3730811765        42.7270991485
        0.0754979000      -204.7396385887         2.0380708399         1.6517755319         3.1794911203         8.1736192038        45.5065436484
        0.0804622000      -297.6228175486         1.9346314999         1.6339092439         3.2126655273         7.7082079342        47.7648423046
        0.0854209000      -337.4084383904         1.8919180280         1.6185952828         3.2330805470         7.3092839889        49.1545645545
        0.0904718000      -374.1481383528         1.8528256026         1.5930720142         3.2611511990         6.6444107466        51.0654326482
        0.0954663000      -495.4226679982         1.7222965374         1.5854150336         3.2917737285         6.4449487739        53.1500160231
        0.1004663000      -473.6121904572         1.7462384998         1.5547871113         3.3121887482         5.6471008832        54.5397382731
        0.1055825000      -567.1345917905         1.6408464042         1.5496824576         3.3351556453         5.5141262347        56.1031758043
        0.1104650000      -619.5929275354         1.5776856980         1.5343684965         3.3581225424         5.1152022894        57.6666133354
        0.1155137000      -623.7671021739         1.5725007990         1.5165022085         3.3734338072         4.6497910198        58.7089050229
        0.1204485000      -620.0819589212         1.5770795579         1.4935312668         3.3912969494         4.0514051018        59.9249119916
        0.1255909000      -387.0095026667         1.8391614219         1.4450370565         3.3836413170         2.7881459414        59.4037661479
        0.1304572000        89.4014262394         2.8021713248         1.3454963091         3.3683300523         0.1951402966        58.3614744604
        0.1355645000       501.8095582569         3.2431275477         1.2587171960         3.3555706650        -2.0654287271        57.4928980542
        0.1405602000       778.3527786058         3.5733297329         1.2025660052         3.3453631551        -3.5281498601        56.7980369292
        0.1455303000       626.7692311549         3.3800366904         1.2434032349         3.3428112777        -2.4643526725        56.6243216480
        0.1505791000       638.8027236846         3.3940403198         1.2561648691         3.3300518904        -2.1319160513        55.7557452418
        0.1555628000       615.2247700111         3.3667691014         1.2714788303         3.3223962580        -1.7329921060        55.2345993980
        0.1605647000       583.7874984464         3.3313896078         1.2918974451         3.3121887482        -1.2010935122        54.5397382731
        0.1655036000       485.9407314870         3.2265195053         1.3225253674         3.3070849933        -0.4032456214        54.1923077106
        0.1706063000       345.2624228066         3.0816481579         1.3480486360         3.3147406256         0.2616276208        54.7134535543
        0.1756254000       337.4031049154         3.0735374865         1.3531532897         3.3121887482         0.3946022693        54.5397382731
        0.1805754000       414.0786167071         3.1523202329         1.3403916554         3.3070849933         0.0621656482        54.1923077106
        0.1856387000       421.9379345983         3.1603867695         1.3352870017         3.3096368707        -0.0708090003        54.3660229918
        0.1906420000       401.4059018041         3.1393216568         1.3403916554         3.3096368707         0.0621656482        54.3660229918
        0.1955592000       470.2220957046         3.2101711201         1.3327346748         3.3019812383        -0.1372963245        53.8448771481
        0.2006335000       472.6287942106         3.2126684180         1.3352870017         3.2994293609        -0.0708090003        53.6711618668
        0.2108767000       345.2624228066         3.0816481579         1.3480486360         3.3147406256         0.2616276208        54.7134535543
        0.2125062000       357.9351377097         3.0946995886         1.3480486360         3.3121887482         0.2616276208        54.5397382731
        0.2156354000       273.4003080268         3.0067851759         1.3659149240         3.3147406256         0.7270388904        54.7134535543
        0.2225146000      -266.3741953947         1.9687058365         1.4654556714         3.3428112777         3.3200445353        56.6243216480
        0.2308014000      -501.8533501551         1.7151751408         1.5113975548         3.3530187875         4.5168163713        57.3191827730
        0.2326292000      -628.5804991857         1.5664902419         1.5113975548         3.3785375621         4.5168163713        59.0563355854
        0.2410089000      -589.9231321032         1.6138418501         1.4986359205         3.3810894396         4.1843797502        59.2300508666
        0.2423889000      -613.9901171626         1.5846058345         1.4731126519         3.4066082142         3.5195065079        60.9672036791
        0.2455302000      -598.2714813802         1.6037877654         1.4629033445         3.4117119691         3.2535572110        61.3146342415
        0.2505538000      -694.2005812195         1.4808417857         1.4552463639         3.4372307437         3.0540952384        63.0517870540
        0.2555112000      -609.6657515365         1.5899166985         1.4373800759         3.4346788662         2.5886839688        62.8780717727
        0.2604668000      -567.9624635747         1.6398761183         1.4144091342         3.4448863760         1.9902980507        63.5729328977
        0.2656132000      -592.6686710075         1.6105452617         1.4016475000         3.4601976408         1.6578614296        64.6152245852
        0.2706539000      -610.1547829224         1.5893174109         1.3965428462         3.4678532732         1.5248867811        65.1363704289
        0.2755367000      -596.8428456459         1.6055147143         1.3837812120         3.4755089056         1.1924501600        65.6575162726
        0.2805174000      -481.5099667717         1.7376043482         1.3582579434         3.4729570281         0.5275769177        65.4838009914
        0.2855190000      -442.8525996891         1.7795445599         1.3454963091         3.4755089056         0.1951402966        65.6575162726
        0.2905840000       -76.9611526454         2.1967255203         1.2765834840         3.4576457633        -1.6000174575        64.4415093039
        0.2955197000       340.2603763839         3.0764877560         1.1949090246         3.4397826211        -3.7276118328        63.2255023352
        0.3005188000       721.2312368367         3.4956580850         1.1285485263         3.4168157240        -5.4562822627        61.6620648040
        0.3055143000       738.0781263782         3.5178662077         1.1464148143         3.3989525818        -4.9908709931        60.4460578353
        0.3105299000       813.4751934232         3.6247440574         1.1591764486         3.3734338072        -4.6584343719        58.7089050229
        0.3154539000       784.4446203644         3.5820331131         1.1821473903         3.3606744199        -4.0600484539        57.8403286167
        0.3205138000       734.8820145114         3.5136103913         1.2102229857         3.3479150326        -3.3286878874        56.9717522105
        0.3256692000       782.5269532443         3.5792839870         1.2204322931         3.3300518904        -3.0627385905        55.7557452418
        0.3306429000       761.3556980767         3.5494943602         1.2382985811         3.3198443806        -2.5973273209        55.0608841168
        0.3355735000       638.1635013113         3.3932917957         1.2689265034         3.3198443806        -1.7994794302        55.0608841168
        0.3406559000       642.3376759498         3.3981893852         1.2867927914         3.3045331158        -1.3340681606        54.0185924293
        0.3456059000       585.5549745789         3.3333518536         1.3072114063         3.2994293609        -0.8021695668        53.6711618668
        0.3505534000       456.9101584282         3.1963910621         1.3454963091         3.2943256060         0.1951402966        53.3237313044
        0.3556728000       275.8070065327         3.0093237376         1.3684672508         3.3121887482         0.7935262146        54.5397382731
        0.3605675000      -154.0872373997         2.0980905210         1.4501417102         3.3326037679         2.9211205899        55.9294605230
        0.3654416000      -540.5107172376         1.6716531222         1.5241591891         3.3504669101         4.8492529925        57.1454674917
        0.3705722000      -652.1584528593         1.5365376185         1.5267115159         3.3708819297         4.9157403167        58.5351897417
        0.3756084000      -666.5986438949         1.5177524296         1.5113975548         3.3861931945         4.5168163713        59.5774814291
        0.3805785000      -729.3229960368         1.4318111927         1.4986359205         3.4091600916         4.1843797502        61.1409189603
        0.3856159000      -687.6197080750         1.4897662458         1.4756649788         3.4193676015         3.5859938322        61.8357800853
        0.3907106000      -622.9776888130         1.5734832999         1.4501417102         3.4270232338         2.9211205899        62.3569259290
        0.3955958000      -680.8886439430         1.4988127434         1.4424847297         3.4448863760         2.7216586172        63.5729328977
        0.4007227000      -647.0446738723         1.5431080732         1.4246184417         3.4525420084         2.2562473476        64.0940787414
        0.4055910000      -679.6101991963         1.5005217727         1.4169614611         3.4653013957         2.0567853750        64.9626551477
        0.4105546000      -678.9709768229         1.5013751970         1.4041998268         3.4755089056         1.7243487538        65.6575162726
        0.4154346000      -642.7203082463         1.5486316792         1.3888858657         3.4806126605         1.3254248085        66.0049468351
        0.4205945000      -529.7941278780         1.6838507940         1.3608102703         3.4806126605         0.5940642420        66.0049468351
        0.4256292000       -23.8635945272         2.2710927474         1.2791358108         3.4448863760        -1.5335301333        63.5729328977
        0.4306579000       454.9540328849         3.1943704292         1.1821473903         3.4270232338        -4.0600484539        62.3569259290
        0.4355972000       774.9680173282         3.5685311541         1.1183392189         3.4142638465        -5.7222315596        61.4883495228
        0.4407276000       704.8733786809         3.4746048557         1.1515194680         3.4015044592        -4.8578963446        60.6197731166
        0.4454341000       782.6771442319         3.5794989854         1.1668334292         3.3734338072        -4.4589723993        58.7089050229
        0.4504294000       820.0560665677         3.6347231803         1.1795950634         3.3555706650        -4.1265357781        57.4928980542
        0.4555566000       821.8235427002         3.6374228096         1.1949090246         3.3428112777        -3.7276118328        56.6243216480
        0.4605486000       720.9308548616         3.4952670515         1.2357462543         3.3300518904        -2.6638146451        55.7557452418
        0.4655123000       796.9671442800         3.6002011800         1.2357462543         3.3147406256        -2.6638146451        54.7134535543
        0.4705486000       732.3251250179         3.5102203025         1.2612695229         3.3070849933        -1.9989414029        54.1923077106
        0.4755385000       606.7262297465         3.3571007101         1.2893451183         3.3096368707        -1.2675808364        54.3660229918
        0.4805456000       542.0842104845         3.2858867354         1.3148683868         3.3019812383        -0.6027075941        53.8448771481
        0.4855827000       418.8920137190         3.1572598856         1.3454963091         3.3019812383         0.1951402966        53.8448771481
        0.4905541000       173.7860649348         2.8989337477         1.3812288851         3.3223962580         1.1259628358        55.2345993980
        0.4955398000      -220.4967327943         2.0200058273         1.4603510177         3.3377075228         3.1870698868        56.2768910855
        0.5005138000      -563.4494485378         1.6451560761         1.5267115159         3.3530187875         4.9157403167        57.3191827730
        0.5055698000      -675.0971841595         1.5065316331         1.5292638428         3.3734338072         4.9822276409        58.7089050229
        0.5105007000      -691.9440737010         1.4839108739         1.5113975548         3.3912969494         4.5168163713        59.9249119916
        0.5155198000      -675.5862155453         1.5058821367         1.4884266131         3.4066082142         3.9184304533        60.9672036791
        0.5205575000      -723.2311542782         1.4404902520         1.4782173056         3.4244713564         3.6524811564        62.1832106478
        0.5255545000      -783.5488079142         1.3510527726         1.4680079982         3.4448863760         3.3865318595        63.5729328977
        0.5305284000      -726.7661065434         1.4354632084         1.4475893834         3.4499901310         2.8546332657        63.9203634602
        0.5355871000      -667.5767066666         1.5164674082         1.4297230954         3.4525420084         2.3892219961        64.0940787414
        0.5405058000      -679.6101991963         1.5005217727         1.4169614611         3.4653013957         2.0567853750        64.9626551477
        0.5455265000      -671.1116589317         1.5118093540         1.3990951731         3.4780607830         1.5913741054        65.8312315539
        0.5504391000      -801.5239512150         1.3228001345         1.4220661148         3.4857164154         2.1897600234        66.3523773976
        0.5554628000      -453.1186160862         1.7684795826         1.3480486360         3.4755089056         0.2616276208        65.6575162726
        0.5604193000        86.6558873352         2.7989254293         1.2485078886         3.4474382535        -2.3313780240        63.7466481790
        0.5654049000       539.4888625678         3.2831002543         1.1642811023         3.4244713564        -4.5254597235        62.1832106478
        0.5704362000       779.7814143401         3.5753630461         1.1234438726         3.4091600916        -5.5892569111        61.1409189603
        0.5754157000       791.1756844964         3.5917517252         1.1489671412         3.3861931945        -4.9243836688        59.5774814291
        0.5804247000       874.4320694326         3.7217937701         1.1566241217         3.3632262974        -4.7249216962        58.0140438979
        0.5854289000       809.7900501706         3.6192052330         1.1821473903         3.3555706650        -4.0600484539        57.4928980542
        0.5904420000       675.6926146346         3.4381962245         1.2280892737         3.3453631551        -2.8632766178        56.7980369292
        0.5954871000       810.2790815564         3.6199382400         1.2229846200         3.3223962580        -2.9962512663        55.2345993980
        0.6004639000       763.7623965827         3.5528301654         1.2408509080         3.3172925031        -2.5308399967        54.8871688355
        0.6054230000       653.2429147203         3.4110949173         1.2714788303         3.3147406256        -1.7329921060        54.7134535543
        0.6104353000       647.1510729616         3.4038657143         1.2918974451         3.2994293609        -1.2010935122        53.6711618668
        0.6153906000       546.8976074964         3.2910674137         1.3199730405         3.2968774834        -0.4697329457        53.4974465856
        0.6203900000       462.3627778135         3.2020290260         1.3378393285         3.2994293609        -0.0043216761        53.6711618668
        0.6253873000        73.5325994696         2.7833204321         1.4093044805         3.3198443806         1.8573234023        55.0608841168
        0.6304399000      -325.5635952715         1.9045765611         1.4833219594         3.3402594002         3.7854558048        56.4506063667
        0.6354393000      -765.0846332276         1.3792837958         1.5547871113         3.3708819297         5.6471008832        58.5351897417
        0.6404451000      -769.2588078661         1.3729699627         1.5369208233         3.3861931945         5.1816896136        59.5774814291
        0.6453852000      -854.9218913082         1.2340878744         1.5267115159         3.4117119691         4.9157403167        61.3146342415
        0.6504086000      -825.8913182495         1.2832321830         1.5037405742         3.4244713564         4.3173543987        62.1832106478
        0.6553882000      -901.2883852944         1.1507685700         1.4909789399         3.4499901310         3.9849177775        63.9203634602
        0.6603954000      -854.7717003207         1.2343479375         1.4731126519         3.4550938859         3.5195065079        64.2677940227
        0.6654234000      -856.5391764533         1.2312835565         1.4577986908         3.4678532732         3.1205825626        65.1363704289
        0.6703972000      -845.6339376828         1.2500552104         1.4424847297         3.4780607830         2.7216586172        65.8312315539
        0.6754307000      -814.1966661181         1.3024083035         1.4220661148         3.4882682929         2.1897600234        66.5260926788
        0.6804090000      -675.9250559436         1.5054318670         1.3939905194         3.4831645379         1.4583994569        66.1786621164
        0.6854241000      -266.5628448055         1.9684983039         1.3174207137         3.4627495183        -0.5362202699        64.7889398664
        0.6903900000       171.1907170181         2.8960392744         1.2306416006         3.4448863760        -2.7967892936        63.5729328977
        0.6954540000       636.6964071538         3.3915758458         1.1464148143         3.4193676015        -4.9908709931        61.8357800853
        0.7005154000       863.6770216496         3.7038853011         1.1183392189         3.3964007043        -5.7222315596        60.2723425541
        0.7054365000       887.7440067090         3.7444601809         1.1438624875         3.3708819297        -5.0573583173        58.5351897417
        0.7103939000       912.4502141418         3.7880629465         1.1566241217         3.3555706650        -4.7249216962        57.4928980542
        0.7154732000       896.0923559860         3.7589661383         1.1795950634         3.3402594002        -4.1265357781        56.4506063667
        0.7203892000       958.8167081280         3.8757027621         1.1923566977         3.3172925031        -3.7940991570        54.8871688355
        0.7253857000       924.9727380573         3.8109608856         1.2102229857         3.3096368707        -3.3286878874        54.3660229918
        0.7304621000       829.5326696039         3.6492956372         1.2434032349         3.3019812383        -2.4643526725        53.8448771481
        0.7354306000       833.7068442424         3.6557917446         1.2612695229         3.2866699736        -1.9989414029        52.8025854606
        0.7404203000       720.7806638741         3.4950715982         1.2893451183         3.2866699736        -1.2675808364        52.8025854606
        0.7454088000       592.7750700967         3.3413993391         1.3148683868         3.2917737285        -0.6027075941        53.1500160231
        0.7504631000        94.0646322638         2.8076695764         1.4041998268         3.3198443806         1.7243487538        55.0608841168
        0.7554225000      -355.7224220895         1.8724094103         1.4782173056         3.3504669101         3.6524811564        57.1454674917
        0.7603925000      -686.0024229300         1.4919473367         1.5445778039         3.3632262974         5.3811515863        58.0140438979
        0.7653883000      -833.2616047548         1.2709663203         1.5496824576         3.3887450720         5.5141262347        59.7511967104
        0.7703971000      -852.5151928023         1.2382477871         1.5292638428         3.4091600916         4.9822276409        61.1409189603
        0.7753871000      -866.9553838380         1.2130494948         1.5139498816         3.4244713564         4.5833036956        62.1832106478
        0.7804089000      -906.7410046797         1.1405601511         1.4986359205         3.4448863760         4.1843797502        63.5729328977
        0.7854416000      -872.8970346090         1.2025128993         1.4807696325         3.4525420084         3.7189684806        64.0940787414
        0.7904078000      -989.3581672425         0.9744757483         1.4782173056         3.4780607830         3.6524811564        65.8312315539
        0.7954215000      -970.5936105808         1.0141475252         1.4577986908         3.4908201703         3.1205825626        66.6998079601
        0.8003987000      -878.1994630067         1.1930256404         1.4348277491         3.4908201703         2.5221966445        66.6998079601
        0.8054220000      -765.2732826384         1.3789992945         1.4067521537         3.4908201703         1.7908360780        66.6998079601
        0.8104656000      -332.9723402001         1.8966543171         1.3276300211         3.4678532732        -0.2702709730        65.1363704289
        0.8157217000       130.1266514296         2.8495753596         1.2408509080         3.4448863760        -2.5308399967        63.5729328977
        0.8204077000       692.2006637779         3.4586196605         1.1515194680         3.4040563367        -4.8578963446        60.7934883978
        0.8253870000      1032.1074586421         4.0317042246         1.0953682772         3.3810894396        -6.3206174776        59.2300508666
        0.8304864000       959.6061214889         3.8772646728         1.1259961995         3.3708819297        -5.5227695869        58.5351897417
        0.8354682000       993.9391229454         3.9476132288         1.1489671412         3.3453631551        -4.9243836688        56.7980369292
        0.8403959000      1031.3180452812         4.0298987312         1.1617287755         3.3275000129        -4.5919470477        55.5820299605
        0.8453867000      1035.4922199197         4.0394783659         1.1795950634         3.3121887482        -4.1265357781        54.5397382731
        0.8504006000      1006.4616468609         3.9744944406         1.2025660052         3.2994293609        -3.5281498601        53.6711618668
        0.8554217000       823.4408278453         3.6399003326         1.2638218497         3.2866699736        -1.9324540786        52.8025854606
        0.8603894000       912.7890545401         3.7886753095         1.2510602154         3.2790143412        -2.2648906998        52.2814396169
        0.8653907000       812.5355890748         3.6233284857         1.2791358108         3.2764624638        -1.5335301333        52.1077243357
        0.8704388000       551.7110045082         3.2962652600         1.3250776943         3.2917737285        -0.3367582972        53.1500160231
        0.8754254000        30.0618353751         2.7305377529         1.4169614611         3.3223962580         2.0567853750        55.2345993980
        0.8804610000      -384.1137727749         1.8422383469         1.4884266131         3.3479150326         3.9184304533        56.9717522105
        0.8854381000      -752.4119183246         1.3982139644         1.5547871113         3.3683300523         5.6471008832        58.3614744604
        0.8903976000      -930.4691493408         1.0950855630         1.5675487456         3.3938488269         5.9795375043        60.0986272728
        0.8954210000      -995.6001999886         0.9610131828         1.5522347845         3.4193676015         5.5806135590        61.8357800853
        0.9004574000     -1037.7925193363         0.8664203031         1.5343684965         3.4423344986         5.1152022894        63.3992176165
        0.9053879000     -1039.5599954689         0.8623178156         1.5190545354         3.4550938859         4.7162783440        64.2677940227
        0.9108556000     -1150.5685087172         0.5805218404         1.5088452279         3.4857164154         4.4503290471        66.3523773976
        0.9153988000     -1093.7858073463         0.7307412544         1.4884266131         3.4908201703         3.9184304533        66.6998079601
        0.9204130000     -1164.3694773794         0.5419911632         1.4807696325         3.5112351900         3.7189684806        68.0895302100
        0.9254197000     -1043.5839791199         0.8529348609         1.4475893834         3.5137870674         2.8546332657        68.2632454913
        0.9304054000      -614.3289575609         1.5841885908         1.3786765582         3.4831645379         1.0594755116        66.1786621164
        0.9354466000       -44.3956273214         2.2416295054         1.2842404646         3.4448863760        -1.4005554848        63.5729328977
        0.9404160000       538.2104178210         3.2817293964         1.1898043709         3.4040563367        -3.8605864812        60.7934883978
        0.9454348000      1024.2481407509         4.0138566135         1.1004729309         3.3785375621        -6.1876428292        59.0563355854
        0.9504931000      1259.0880731380         4.6916104409         1.0672926818         3.3581225424        -7.0519780441        57.6666133354
        0.9555624000      1298.2344716064         4.8391220666         1.0953682772         3.3275000129        -6.3206174776        55.5820299605
        0.9604925000      1307.2220432568         4.8746298748         1.1183392189         3.3070849933        -5.7222315596        54.1923077106
        0.9653924000      1372.3530939046         5.0000000000         1.1336531800         3.2815662187        -5.3233076142        52.4551548981
        0.9703970000      1322.7904880516         4.9376393921         1.1617287755         3.2688068314        -4.5919470477        51.5865784919
        0.9753997000      1270.8211836926         4.7346281245         1.1872520440         3.2585993215        -3.9270738054        50.8917173670
        0.9803922000      1343.8115522317         5.0000000000         1.1974613514         3.2356324244        -3.6611245085        49.3282798358
        0.9854489000      1302.1082642698         4.8543495668         1.2204322931         3.2254249146        -3.0627385905        48.6334187108
        0.9904027000      1280.9370091022         4.7725294036         1.2382985811         3.2152174047        -2.5973273209        47.9385575858
        0.9954411000       808.2112234488         3.6168429204         1.3148683868         3.2483918117        -0.6027075941        50.1968562420
        1.0007614000       302.2806900980         3.0370863269         1.3965428462         3.2841180961         1.5248867811        52.6288701794
        1.0055297000      -119.7542359432         2.1407814081         1.4731126519         3.3070849933         3.5195065079        54.1923077106
        1.0104973000      -579.8073066936         1.6259064054         1.5496824576         3.3377075228         5.5141262347        56.2768910855
        1.0156211000      -965.5915641582         1.0245234011         1.6109383022         3.3657781748         7.1098220162        58.1877591792
        1.0205586000      -995.1111686028         0.9620727538         1.5930720142         3.3861931945         6.6444107466        59.5774814291
        1.0255012000     -1042.1168849624         0.8563626859         1.5701010725         3.4142638465         6.0460248286        61.4883495228
        1.0305420000     -1171.2507324989         0.5224756283         1.5675487456         3.4423344986         5.9795375043        63.3992176165
        1.0355617000     -1203.1770354495         0.4292345472         1.5471301308         3.4653013957         5.4476389105        64.9626551477
        1.0405123000     -1240.5559577853         0.3142767418         1.5343684965         3.4831645379         5.1152022894        66.1786621164
        1.0455315000     -1293.0142935301         0.1419636687         1.5190545354         3.5061314351         4.7162783440        67.7420996475
        1.0505556000     -1343.0659307690         0.0000000000         1.5062929011         3.5265464547         4.3838417229        69.1318218975
        1.0555775000     -1011.0184537960         0.9271798073         1.4552463639         3.5010276801         3.0540952384        67.3946690851
        1.0605377000      -412.6937728711         1.8118299230         1.3506009628         3.4653013957         0.3281149451        64.9626551477
        1.0656035000       169.9122722714         2.8946117060         1.2561648691         3.4244713564        -2.1319160513        62.1832106478
        1.0705469000       722.3594905959         3.4971283462         1.1566241217         3.3938488269        -4.7249216962        60.0986272728
        1.0755418000      1108.7829704338         4.2215994262         1.0826066429         3.3759856847        -6.6530540987        58.8826203041
        1.0805084000      1143.1159718903         4.3167163034         1.1055775846         3.3504669101        -6.0546681807        57.1454674917
        1.0855656000      1187.7149897440         4.4506098560         1.1259961995         3.3249481355        -5.5227695869        55.4083146793
        1.0907791000      1191.8891643825         4.4637716656         1.1438624875         3.3096368707        -5.0573583173        54.3660229918
        1.0991477000      1167.0327659622         4.3870110432         1.1846997172         3.2815662187        -3.9935611297        52.4551548981
        1.1004662000      1115.7026839766         4.2402388609         1.1974613514         3.2815662187        -3.6611245085        52.4551548981
        1.1054632000      1130.1428750122         4.2799920645         1.2127753126         3.2662549539        -3.2622005632        51.4128632107
        1.1104194000      1119.2376362417         4.2498626844         1.2280892737         3.2560474441        -2.8632766178        50.7180020857
        1.1154348000      1179.5552898777         4.4251997877         1.2382985811         3.2356324244        -2.5973273209        49.3282798358
        1.1204247000       707.4687265976         3.4779129547         1.3021067526         3.2790143412        -0.9351442152        52.2814396169
        1.1253880000       173.1468425615         2.8982212994         1.3939905194         3.3121887482         1.4583994569        54.5397382731
        1.1304222000      -299.5789430920         1.9325164541         1.4705603251         3.3453631551         3.4530191837        56.7980369292
        1.1354075000      -721.6138691332         1.4427817559         1.5471301308         3.3683300523         5.4476389105        58.3614744604
        1.1404246000     -1097.1321102007         0.7222497544         1.6058336485         3.3964007043         6.9768473677        60.2723425541
        1.1453948000     -1159.8564623426         0.5546800929         1.5930720142         3.4193676015         6.6444107466        61.8357800853
        1.1504484000     -1202.0487816903         0.4326062785         1.5752057262         3.4423344986         6.1789994770        63.3992176165
        1.1553968000     -1270.2257532175         0.2184282732         1.5701010725         3.4601976408         6.0460248286        64.6152245852
        1.1604198000     -1263.4946890855         0.2405371602         1.5369208233         3.4857164154         5.1816896136        66.3523773976
        1.1654294000     -1346.7510740217         0.0000000000         1.5292638428         3.5086833125         4.9822276409        67.9158149288
        1.1704221000     -1353.3319471662         0.0000000000         1.5088452279         3.5265464547         4.4503290471        69.1318218975
        1.1754060000     -1403.3835844050         0.0000000000         1.4960835936         3.5469614744         4.1178924260        70.5215441474
        1.1804343000     -1186.0297639329         0.4798692053         1.4577986908         3.5342020871         3.1205825626        69.6529677412
        1.1854137000      -692.1327231118         1.4836546519         1.3633625971         3.5112351900         0.6605515662        68.0895302100
        1.1904001000      -104.0740585841         2.1609048070         1.2612695229         3.4755089056        -1.9989414029        65.6575162726
        1.1954544000       514.7826551350         3.2567965549         1.1515194680         3.4397826211        -4.8578963446        63.2255023352
        1.2004133000      1021.3524108592         4.0073517824         1.0570833743         3.4142638465        -7.3179273410        61.4883495228
        1.2054421000      1035.7926018948         4.0401708590         1.0723973355         3.3989525818        -6.9190033957        60.4460578353
        1.2104181000      1000.6701870774         3.9619784576         1.1157868920         3.3708819297        -5.7887188838        58.5351897417
        1.2153987000      1196.2135300085         4.4775246403         1.1081299115         3.3377075228        -5.9881808565        56.2768910855
        1.2203991000      1190.1216882499         4.4581849842         1.1285485263         3.3223962580        -5.4562822627        55.2345993980
        1.2254447000      1206.9685777915         4.5122545143         1.1464148143         3.3045331158        -4.9908709931        54.0185924293
        1.2304190000      1182.7514017446         4.4351028250         1.1744904097         3.2866699736        -4.2595104266        52.8025854606
        1.2354274000      1268.4144851867         4.7257223394         1.1846997172         3.2611511990        -3.9935611297        51.0654326482
        1.2404212000      1180.8337346244         4.4291533159         1.2127753126         3.2560474441        -3.2622005632        50.7180020857
        1.2454431000       705.7012504651         3.4756587904         1.2867927914         3.2917737285        -1.3340681606        53.1500160231
        1.2503905000       202.1774156203         2.9302918604         1.3710195777         3.3249481355         0.8600135389        55.4083146793
        1.2554388000      -301.3464192246         1.9306069630         1.4552463639         3.3581225424         3.0540952384        57.6666133354
        1.2604202000      -748.7267750719         1.4036525168         1.5318161696         3.3861931945         5.0487149652        59.5774814291
        1.2654455000     -1208.7798458223         0.4124065238         1.6083859753         3.4168157240         7.0433346920        61.6620648040
        1.2704205000     -1307.1156441674         0.0933834466         1.5981766679         3.4448863760         6.7773853950        63.5729328977
        1.2754058000     -1349.3079635152         0.0000000000         1.5803103799         3.4678532732         6.3119741255        65.1363704289
        1.2804338000     -1355.8888366596         0.0000000000         1.5598917651         3.4857164154         5.7800755316        66.3523773976
        1.2854397000     -1395.6744575013         0.0000000000         1.5445778039         3.5061314351         5.3811515863        67.7420996475
        1.2904194000     -1481.3375409435         0.0000000000         1.5343684965         3.5316502097         5.1152022894        69.4792524600
        1.2953934000     -1475.2456991849         0.0000000000         1.5139498816         3.5469614744         4.5833036956        70.5215441474
        1.3004255000     -1410.6036799228         0.0000000000         1.4884266131         3.5546171068         3.9184304533        71.0426899912
        1.3054383000     -1437.7165858615         0.0000000000         1.4731126519         3.5724802490         3.5195065079        72.2586969599
        1.3104190000      -859.9239377309         1.2253912707         1.3735719045         3.5367539646         0.9265008631        69.8266830225
        1.3154937000      -328.0087522007         1.9019601321         1.2791358108         3.5061314351        -1.5335301333        67.7420996475
        1.3204213000       199.0930363177         2.9269114699         1.1795950634         3.4806126605        -4.1265357781        66.0049468351
        1.3253949000       886.7659439374         3.7427755674         1.0621880280         3.4372307437        -7.1849526926        63.0517870540
        1.3304188000      1077.4958898566         4.1405240922         1.0494263938         3.4091600916        -7.5173893137        61.1409189603
        1.3354730000      1022.4806646183         4.0098817226         1.0851589698         3.3912969494        -6.5865667745        59.9249119916
        1.3404235000      1110.5504465664         4.2263354825         1.0979206040         3.3632262974        -6.2541301534        58.0140438979
        1.3454414000      1231.8249762118         4.5954567943         1.1055775846         3.3326037679        -6.0546681807        55.9294605230
        1.3504302000      1182.2623703587         4.4335834245         1.1336531800         3.3198443806        -5.3233076142        55.0608841168
        1.3554445000      1211.7819748034         4.5280433937         1.1515194680         3.2994293609        -4.8578963446        53.6711618668
        1.3604190000      1231.0355628509         4.5927500101         1.1719380829         3.2790143412        -4.3259977508        52.2814396169
        1.3654400000      1168.8002420948         4.3923425750         1.2000136783         3.2688068314        -3.5946371843        51.5865784919
        1.3704572000       788.4686040154         3.5878301042         1.2536125423         3.3019812383        -2.1984033756        53.8448771481
        1.3754563000       277.0854512794         3.0106711705         1.3429439823         3.3326037679         0.1286529724        55.9294605230
        1.3804199000      -277.1292431776         1.9569120778         1.4271707685         3.3759856847         2.3227346719        58.8826203041
        1.3854694000      -653.2867066185         1.5350822882         1.4986359205         3.3938488269         4.1843797502        60.0986272728
        1.3904250000     -1031.8508685653         0.8801276106         1.5675487456         3.4142638465         5.9795375043        61.4883495228
        1.3953965000     -1227.3942114964         0.3554818577         1.5752057262         3.4474382535         6.1789994770        63.7466481790
        1.4004429000     -1213.4430518466         0.3982931684         1.5496824576         3.4653013957         5.5141262347        64.9626551477
        1.4054387000     -1335.3568038654         0.0000000000         1.5547871113         3.4857164154         5.6471008832        66.3523773976
        1.4104179000     -1303.2803099273         0.1066931562         1.5216068622         3.5061314351         4.7827656682        67.7420996475
        1.4154123000     -1282.1090547597         0.1788676727         1.5037405742         3.5163389449         4.3173543987        68.4369607725
        1.4204565000     -1319.4879770955         0.0499514957         1.4909789399         3.5342020871         3.9849177775        69.6529677412
        1.4254511000     -1303.1301189397         0.1072128875         1.4680079982         3.5495133519         3.3865318595        70.6952594287
        1.4304214000     -1284.3655622781         0.1712787953         1.4475893834         3.5622727392         2.8546332657        71.5638358349
        1.4354728000      -821.9057930217         1.2898065540         1.3735719045         3.5290983322         0.9265008631        69.3055371787
        1.4403859000      -335.8680700918         1.8935620632         1.2842404646         3.5035795576        -1.4005554848        67.5683843663
        1.4453996000       241.9245780388         2.9733266169         1.1846997172         3.4678532732        -3.9935611297        65.1363704289
        1.4503956000       771.4330650631         3.5635476072         1.0877112966         3.4397826211        -6.5200794503        63.2255023352
        1.4554075000      1067.2298734595         4.1150264022         1.0519787206         3.4091600916        -7.4509019895        61.1409189603
        1.4604226000      1070.7648257247         4.1237461512         1.0826066429         3.3836413170        -6.6530540987        59.4037661479
        1.4654310000      1077.3456988691         4.1401472136         1.1030252578         3.3657781748        -6.1211555049        58.1877591792
        1.4704016000      1119.5380182168         4.2506836643         1.1208915457         3.3428112777        -5.6557442353        56.6243216480
        1.4754527000      1159.3236390585         4.3639789569         1.1362055069         3.3223962580        -5.2568202900        55.2345993980
        1.4804284000      1158.0451943118         4.3601941395         1.1617287755         3.3019812383        -4.5919470477        53.8448771481
        1.4854219000      1218.3628479478         4.5498790240         1.1719380829         3.2815662187        -4.3259977508        52.4551548981
        1.4903982000      1212.2710061892         4.5296560938         1.1923566977         3.2662549539        -3.7940991570        51.4128632107
        1.4954378000       778.2025876183         3.5731162475         1.2561648691         3.3019812383        -2.1319160513        53.8448771481
        1.5004337000       251.7400214733         2.9838143864         1.3429439823         3.3377075228         0.1286529724        56.2768910855
        1.5054338000      -210.7197477830         2.0311845354         1.4169614611         3.3708819297         2.0567853750        58.5351897417
        1.5104198000      -683.4455334365         1.4953859214         1.4935312668         3.4040563367         4.0514051018        60.7934883978
        1.5154550000     -1013.7255342769         0.9211532658         1.5598917651         3.4168157240         5.7800755316        61.6620648040
        1.5203860000     -1138.0459848016         0.6147880649         1.5624440919         3.4397826211         5.8465628559        63.2255023352
        1.5254221000     -1228.5224652556         0.3519808771         1.5471301308         3.4704051506         5.4476389105        65.3100857101
        1.5304285000     -1242.9626562912         0.3066556041         1.5318161696         3.4857164154         5.0487149652        66.3523773976
        1.5354790000     -1372.0965038278         0.0000000000         1.5292638428         3.5137870674         4.9822276409        68.2632454913
        1.5404258000     -1363.5979635633         0.0000000000         1.5113975548         3.5265464547         4.5168163713        69.1318218975
        1.5454130000     -1393.1175680079         0.0000000000         1.4935312668         3.5469614744         4.0514051018        70.5215441474
        1.5504394000     -1382.2123292374         0.0000000000         1.4782173056         3.5571689842         3.6524811564        71.2164052724
        1.5554056000     -1432.2639664763         0.0000000000         1.4654556714         3.5775840039         3.3200445353        72.6061275224
        1.5604321000      -934.1927510167         1.0877913379         1.3888858657         3.5393058420         1.3254248085        70.0003983037
        1.5654679000      -364.2594207773         1.8633327120         1.2944497720         3.5010276801        -1.1346061879        67.3946690851
        1.5704231000        90.9802529612         2.8040349544         1.2127753126         3.4755089056        -3.2622005632        65.6575162726
        1.5754487000       714.6503636922         3.4871296358         1.1081299115         3.4346788662        -5.9881808565        62.8780717727
        1.5804225000      1018.9457123532         4.0019743104         1.0545310475         3.4168157240        -7.3844146652        61.6620648040
        1.5854308000      1050.2327929304         4.0739625219         1.0877112966         3.3836413170        -6.5200794503        59.4037661479
        1.5904215000      1041.7342526658         4.0539554447         1.1055775846         3.3708819297        -6.0546681807        58.5351897417
        1.5954444000      1208.8862449116         4.5185264952         1.1081299115         3.3351556453        -5.9881808565        56.1031758043
        1.6004287000      1228.1398329591         4.5828575825         1.1285485263         3.3147406256        -5.4562822627        54.7134535543
        1.6054370000      1249.8001195125         4.6582631233         1.1515194680         3.2917737285        -4.8578963446        53.1500160231
        1.6104198000      1218.3628479478         4.5498790240         1.1719380829         3.2815662187        -4.3259977508        52.4551548981
        1.6153975000      1209.8643076833         4.5217347207         1.1898043709         3.2688068314        -3.8605864812        51.5865784919
        1.6204192000       911.0215784075         3.7854854337         1.2357462543         3.2917737285        -2.6638146451        53.1500160231
        1.6254537000       466.0479210661         3.2058443481         1.3148683868         3.3172925031        -0.6027075941        54.8871688355
        1.6304200000        -6.6778645873         2.4237301633         1.3914381925         3.3504669101         1.3919121327        57.1454674917
        1.6354628000      -395.5080429312         1.8301275078         1.4629033445         3.3708819297         3.2535572110        58.5351897417
        1.6404212000      -921.9706090762         1.1115715760         1.5496824576         3.4066082142         5.5141262347        60.9672036791
        1.6453985000     -1059.6029968773         0.8149857398         1.5649964188         3.4219194789         5.9130501801        62.0094953665
        1.6504336000     -1112.0613326221         0.6838230386         1.5496824576         3.4448863760         5.5141262347        63.5729328977
        1.6555832000     -1172.3789862581         0.5192564015         1.5394731502         3.4653013957         5.2481769378        64.9626551477
        1.6604421000     -1247.7760533031         0.2913325055         1.5267115159         3.4908201703         4.9157403167        66.6998079601
        1.6654215000     -1249.5435294357         0.2856787435         1.5113975548         3.5035795576         4.5168163713        67.5683843663
        1.6704205000     -1302.0018651806         0.1111136272         1.4960835936         3.5265464547         4.1178924260        69.1318218975
        1.6755164000     -1314.0353577102         0.0691861257         1.4833219594         3.5393058420         3.7854558048        70.0003983037
        1.6803879000     -1297.6774995545         0.1260064692         1.4603510177         3.5546171068         3.1870698868        71.0426899912
        1.6853944000      -942.6912912813         1.0709796421         1.4067521537         3.5265464547         1.7908360780        69.1318218975
        1.6904481000      -316.6144820443         1.9141693628         1.3046590794         3.4831645379        -0.8686568910        66.1786621164
        1.6954210000       220.1141004978         2.9498297885         1.2153276394         3.4474382535        -3.1957132390        63.7466481790
        1.7004704000       693.4791085246         3.4602198848         1.1259961995         3.4244713564        -5.5227695869        62.1832106478
        1.7054645000      1076.8566674833         4.1389208704         1.0621880280         3.3989525818        -7.1849526926        60.4460578353
        1.7103853000      1123.8623838428         4.2625584783         1.0851589698         3.3708819297        -6.5865667745        58.5351897417
        1.7154551000      1120.1772405902         4.2524324075         1.1081299115         3.3530187875        -5.9881808565        57.3191827730
        1.7204870000      1149.0576226614         4.3338621268         1.1387578337         3.3223962580        -5.1903329658        55.2345993980
        1.7254002000      1214.8278956827         4.5381139580         1.1413101606         3.3070849933        -5.1238456415        54.1923077106
        1.7303945000      1167.6719883356         4.3889370303         1.1719380829         3.2917737285        -4.3259977508        53.1500160231
        1.7355795000      1215.3169270685         4.5397365753         1.1821473903         3.2739105863        -4.0600484539        51.9340090544
        1.7404334000      1300.9800105106         4.8499025197         1.1923566977         3.2483918117        -3.7940991570        50.1968562420
        1.7453902000      1070.9534751354         4.1242132604         1.2306416006         3.2637030765        -2.7967892936        51.2391479294
        1.7504225000       531.8181940874         3.2748918378         1.3174207137         3.3019812383        -0.5362202699        53.8448771481
        1.7556042000       104.9698710343         2.8204556286         1.3888858657         3.3300518904         1.3254248085        55.7557452418
        1.7603911000      -436.5721085197         1.7862925359         1.4731126519         3.3708819297         3.5195065079        58.5351897417
        1.7657425000      -929.8299269674         1.0963333801         1.5547871113         3.4040563367         5.6471008832        60.7934883978
        1.7704290000     -1170.1224787397         0.5256893637         1.5956243410         3.4193676015         6.7108980708        61.8357800853
        1.7754380000     -1202.0487816903         0.4326062785         1.5752057262         3.4423344986         6.1789994770        63.3992176165
        1.7804265000     -1333.5893277328         0.0000000000         1.5701010725         3.4729570281         6.0460248286        65.4838009914
        1.7854267000     -1408.9863947778         0.0000000000         1.5573394382         3.4984758027         5.7135882074        67.2209538038
        1.7903892000     -1415.5672679222         0.0000000000         1.5369208233         3.5163389449         5.1816896136        68.4369607725
        1.7954187000     -1452.9461902580         0.0000000000         1.5241591891         3.5342020871         4.8492529925        69.6529677412
        1.8004311000     -1469.7930797996         0.0000000000         1.5062929011         3.5520652293         4.3838417229        70.8689747099
        1.8054230000     -1428.0897918378         0.0000000000         1.4833219594         3.5622727392         3.7854558048        71.5638358349
        1.8104754000     -1325.4296278666         0.0288227033         1.4577986908         3.5622727392         3.1205825626        71.5638358349
        1.8154446000      -772.9824095421         1.3673042611         1.3582579434         3.5316502097         0.5275769177        69.4792524600
        1.8203928000      -177.7036494965         2.0697073544         1.2638218497         3.4882682929        -1.9324540786        66.5260926788
        1.8254222000       318.6000898305         3.0540697494         1.1719380829         3.4627495183        -4.3259977508        64.7889398664
        1.8304311000       810.0904321456         3.6196554014         1.0749496623         3.4423344986        -6.8525160714        63.3992176165
        1.8354002000      1036.4318242681         4.0416459073         1.0596357012         3.4091600916        -7.2514400168        61.1409189603
        1.8404621000      1096.1102555308         4.1881367844         1.0826066429         3.3785375621        -6.6530540987        59.0563355854
        1.8454500000      1120.8164629635         4.2541834277         1.0953682772         3.3632262974        -6.3206174776        58.0140438979
        1.8504390000      1165.4154808172         4.3821492739         1.1157868920         3.3377075228        -5.7887188838        56.2768910855
        1.8554185000      1197.3417837677         4.4811326778         1.1362055069         3.3147406256        -5.2568202900        54.7134535543
        1.8604723000      1206.3293554181         4.5101692342         1.1591764486         3.2943256060        -4.6584343719        53.3237313044
        1.8653964000      1161.5801465770         4.3706833301         1.1923566977         3.2764624638        -3.7940991570        52.1077243357
        1.8703892000      1202.0049897921         4.4961325921         1.1949090246         3.2662549539        -3.7276118328        51.4128632107
        1.8754200000       795.6886995332         3.5983289453         1.2612695229         3.2943256060        -1.9989414029        53.3237313044
        1.8804330000       338.0423272888         3.0741976810         1.3403916554         3.3223962580         0.0621656482        55.2345993980
        1.8854538000      -216.1723671683         2.0249382463         1.4246184417         3.3657781748         2.2562473476        58.1877591792
        1.8904582000      -673.8187394128         1.5082275934         1.5037405742         3.3938488269         4.3173543987        60.0986272728
        1.8954419000     -1123.6057937660         0.6534932278         1.5777580530         3.4244713564         6.2454868012        62.1832106478
        1.9004921000     -1258.1922606878         0.2578022063         1.5828627068         3.4474382535         6.3784614497        63.7466481790
        1.9054386000     -1288.3510875058         0.1578148578         1.5777580530         3.4576457633         6.2454868012        64.4415093039
        1.9104704000     -1248.4152756765         0.2892894609         1.5394731502         3.4806126605         5.2481769378        66.0049468351
        1.9154345000     -1329.2649621068         0.0150900117         1.5343684965         3.5010276801         5.1152022894        67.3946690851
        1.9204079000     -1348.5185501542         0.0000000000         1.5139498816         3.5214426998         4.5833036956        68.7843913350
        1.9254402000     -1454.7136663906         0.0000000000         1.5088452279         3.5469614744         4.4503290471        70.5215441474
        1.9305017000     -1346.6008830342         0.0000000000         1.4756649788         3.5520652293         3.5859938322        70.8689747099
        1.9354173000     -1338.1023427696         0.0000000000         1.4577986908         3.5648246166         3.1205825626        71.7375511161
        1.9412544000      -888.3152884163         1.1747028666         1.3837812120         3.5342020871         1.1924501600        69.6529677412
        1.9454574000      -356.4001028861         1.8716885925         1.2893451183         3.5035795576        -1.2675808364        67.5683843663
        1.9504574000        96.4328723465         2.8104548056         1.2051183320         3.4806126605        -3.4616625359        66.0049468351
        1.9554182000       692.3508547654         3.4588075124         1.0979206040         3.4474382535        -6.2541301534        63.7466481790
        1.9605613000      1006.2729974502         3.9740844527         1.0545310475         3.4193676015        -7.3844146652        61.8357800853
        1.9656853000       974.1965035120         3.9065755985         1.0877112966         3.3989525818        -6.5200794503        60.4460578353
        1.9706780000      1120.8164629635         4.2541834277         1.0953682772         3.3632262974        -6.3206174776        58.0140438979
        1.9756679000      1185.9475136114         4.4450701232         1.1106822383         3.3377075228        -5.9216935322        56.2768910855
        1.9805509000      1238.4058493562         4.6181890800         1.1259961995         3.3147406256        -5.5227695869        54.7134535543
        1.9859619000      1176.1705286001         4.4147818624         1.1540717949         3.3045331158        -4.7914090204        54.0185924293
        1.9905769000      1193.0174181417         4.4673483259         1.1719380829         3.2866699736        -4.3259977508        52.8025854606
        1.9956015000      1207.4576091773         4.5138516539         1.1872520440         3.2713587088        -3.9270738054        51.7602937732
        2.0008264000       740.1844429091         3.5206820634         1.2561648691         3.3096368707        -2.1319160513        54.3660229918
        2.0056736000       226.3945916672         2.9566241948         1.3429439823         3.3428112777         0.1286529724        56.6243216480
        2.0106909000      -213.1264462890         2.0284237571         1.4144091342         3.3734338072         1.9902980507        58.7089050229
        2.0157669000      -683.4455334365         1.4953859214         1.4935312668         3.4040563367         4.0514051018        60.7934883978
        2.0206588000     -1062.0096953833         0.8092010342         1.5624440919         3.4244713564         5.8465628559        62.1832106478
        2.0258114000     -1196.5961623051         0.4488212974         1.5675487456         3.4474382535         5.9795375043        63.7466481790
        2.0308319000     -1203.1770354495         0.4292345472         1.5471301308         3.4653013957         5.4476389105        64.9626551477
        2.0357471000     -1380.5950440924         0.0000000000         1.5471301308         3.5010276801         5.4476389105        67.3946690851
        2.0408718000     -1351.5644710335         0.0000000000         1.5241591891         3.5137870674         4.8492529925        68.2632454913
        2.0457444000     -1330.3932158659         0.0110361246         1.5062929011         3.5239945773         4.3838417229        68.9581066162
        2.0506275000     -1403.3835844050         0.0000000000         1.4960835936         3.5469614744         4.1178924260        70.5215441474
        2.0556320000     -1407.5577590435         0.0000000000         1.4782173056         3.5622727392         3.6524811564        71.5638358349
        2.0605732000     -1429.8572679703         0.0000000000         1.4680079982         3.5750321265         3.3865318595        72.4324122411
        2.0656487000     -1082.0911552149         0.7600717363         1.4067521537         3.5546171068         1.7908360780        71.0426899912
        2.0707434000      -460.8277429899         1.7601387164         1.2995544257         3.5163389449        -1.0016315395        68.4369607725
        2.0755956000        -8.6339901307         2.4021475771         1.2280892737         3.4831645379        -2.8632766178        66.1786621164
        2.0806326000       610.2227235884         3.3610686846         1.1183392189         3.4474382535        -5.7222315596        63.7466481790
        2.0856251000      1098.6671450242         4.1948189697         1.0315601058         3.4193676015        -7.9828005833        61.8357800853
        2.0905762000      1197.0029433694         4.4800482380         1.0417694132         3.3912969494        -7.7168512864        59.9249119916
        2.0956222000      1277.2134074263         4.7584895935         1.0596357012         3.3606744199        -7.2514400168        57.8403286167
        2.1005953000      1342.3444580742         5.0000000000         1.0749496623         3.3351556453        -6.8525160714        56.1031758043
        2.1055681000      1292.7818522211         4.8178843251         1.1030252578         3.3223962580        -6.1211555049        55.2345993980
        2.1104983000      1314.4421387746         4.9036125017         1.1259961995         3.2994293609        -5.5227695869        53.6711618668
        2.1154396000      1402.5119207226         5.0000000000         1.1387578337         3.2713587088        -5.1903329658        51.7602937732
        2.1205413000      1419.3588102642         5.0000000000         1.1566241217         3.2534955666        -4.7249216962        50.5442868045
        2.1256458000      1410.8602699997         5.0000000000         1.1744904097         3.2407361793        -4.2595104266        49.6757103983
        2.1306191000       986.4186454525         3.9317902664         1.2485078886         3.2662549539        -2.3313780240        51.4128632107
        2.1356742000       457.5493808016         3.1970515850         1.3327346748         3.3045331158        -0.1372963245        54.0185924293
        2.1405330000       -49.0203749226         2.2351196294         1.4271707685         3.3300518904         2.3227346719        55.7557452418
        2.1456556000      -324.9243728981         1.9052608668         1.4705603251         3.3504669101         3.4530191837        57.1454674917
        2.1505687000      -728.8339646510         1.4325107139         1.5394731502         3.3759856847         5.2481769378        58.8826203041
        2.1556501000      -894.2184807642         1.1638733145         1.5522347845         3.3989525818         5.5806135590        60.4460578353
        2.1606983000      -875.4539241025         1.1979480076         1.5318161696         3.4117119691         5.0487149652        61.3146342415
        2.1656457000      -938.1782762444         1.0799357036         1.5190545354         3.4346788662         4.7162783440        62.8780717727
        2.1708378000      -988.2299134833         0.9768948402         1.5062929011         3.4550938859         4.3838417229        64.2677940227
        2.1757453000     -1012.9361209161         0.9229133507         1.4935312668         3.4704051506         4.0514051018        65.3100857101
        2.1806992000     -1027.3763119517         0.8903654979         1.4782173056         3.4857164154         3.6524811564        66.3523773976
        2.1858383000     -1006.2050567841         0.9378315450         1.4603510177         3.4959239252         3.1870698868        67.0472385226
        2.1907013000     -1053.8499955170         0.8287250729         1.4501417102         3.5137870674         2.9211205899        68.2632454913
        2.1956652000      -732.0685349411         1.4278747756         1.4016475000         3.4882682929         1.6578614296        66.5260926788
        2.2006542000      -279.2355597085         1.9546109921         1.3174207137         3.4653013957        -0.5362202699        64.9626551477
        2.2056079000       326.3092167342         3.0620631986         1.2204322931         3.4219194789        -3.0627385905        62.0094953665
        2.2106022000       720.5920144633         3.4948261564         1.1413101606         3.4066082142        -5.1238456415        60.9672036791
        2.2156592000      1129.3150032281         4.2776812615         1.0775019892         3.3759856847        -6.7860287472        58.8826203041
        2.2205814000      1109.9112241931         4.2246206808         1.1106822383         3.3530187875        -5.9216935322        57.3191827730
        2.2257612000      1241.4517702355         4.6288124341         1.1157868920         3.3223962580        -5.7887188838        55.2345993980
        2.2306077000      1179.2164494794         4.4241536546         1.1438624875         3.3121887482        -5.0573583173        54.5397382731
        2.2356501000      1290.2249627277         4.8080037389         1.1540717949         3.2815662187        -4.7914090204        52.4551548981
        2.2407240000      1238.2556583687         4.6176669276         1.1795950634         3.2713587088        -4.1265357781        51.7602937732
        2.2456107000      1217.0844032011         4.5456144312         1.1974613514         3.2611511990        -3.6611245085        51.0654326482
        2.2507394000      1310.6068045344         4.8881657293         1.2025660052         3.2381843019        -3.5281498601        49.5019951170
        2.2555896000      1105.9256989653         4.2139791558         1.2408509080         3.2483918117        -2.5308399967        50.1968562420
        2.2606430000       666.4046610092         3.4268933392         1.3123160600         3.2790143412        -0.6691949183        52.2814396169
        2.2655747000       252.2290528591         2.9843355837         1.3837812120         3.3045331158         1.1924501600        54.0185924293
        2.2705477000      -212.6374149031         2.0289842507         1.4552463639         3.3402594002         3.0540952384        56.4506063667
        2.2756268000      -771.6655063721         1.3693116335         1.5343684965         3.3887450720         5.1152022894        59.7511967104
        2.2806520000     -1083.8201729242         0.7557689842         1.5930720142         3.4040563367         6.6444107466        60.7934883978
        2.2857261000     -1190.0152891606         0.4682160701         1.5879673605         3.4295751113         6.5114360981        62.5306412102
        2.2913928000     -1267.8190547115         0.2263580876         1.5726533993         3.4576457633         6.1125121528        64.4415093039
        2.2957390000     -1238.7884816528         0.3198565879         1.5496824576         3.4704051506         5.5141262347        65.3100857101
        2.3008490000     -1360.0630112981         0.0000000000         1.5420254771         3.5010276801         5.3146642621        67.3946690851
        2.3056385000     -1282.7482771330         0.1767203959         1.5165022085         3.5061314351         4.6497910198        67.7420996475
        2.3105685000     -1489.1968588347         0.0000000000         1.5394731502         3.5290983322         5.2481769378        69.3055371787
        2.3157455000     -1382.8515516108         0.0000000000         1.4909789399         3.5469614744         3.9849177775        70.5215441474
        2.3207606000     -1274.7387682543         0.2034838088         1.4577986908         3.5520652293         3.1205825626        70.8689747099
        2.3255602000      -832.8110317922         1.2717202358         1.3888858657         3.5188908224         1.3254248085        68.6106760538
        2.3305554000      -250.2049866497         1.9865891090         1.2944497720         3.4780607830        -1.1346061879        65.8312315539
        2.3355202000       227.9734183890         2.9583285338         1.2102229857         3.4499901310        -3.3286878874        63.9203634602
        2.3405319000       770.1546203163         3.5617522335         1.1132345652         3.4193676015        -5.8552062080        61.8357800853
        2.3455512000      1125.1408285895         4.2660891847         1.0596357012         3.3912969494        -7.2514400168        59.9249119916
        2.3505376000      1138.9417972518         4.3047941501         1.0877112966         3.3657781748        -6.5200794503        58.1877591792
        2.3555313000      1201.6661493938         4.4950378987         1.1004729309         3.3428112777        -6.1876428292        56.6243216480
        2.3605681000      1231.1857538384         4.5932646633         1.1183392189         3.3223962580        -5.7222315596        55.2345993980
        2.3655716000      1286.0507880892         4.7919803076         1.1362055069         3.2968774834        -5.2568202900        53.4974465856
        2.3706279000      1279.9589463306         4.7688315923         1.1566241217         3.2815662187        -4.7249216962        52.4551548981
        2.3753991000      1227.9896419716         4.5823460641         1.1821473903         3.2713587088        -4.0600484539        51.7602937732
        2.3804651000      1145.2222884212         4.3227708227         1.2153276394         3.2611511990        -3.1957132390        51.0654326482
        2.3854021000       956.2598186345         3.8706604105         1.2434032349         3.2764624638        -2.4643526725        52.1077243357
        2.3904171000       511.2861612931         3.2531036523         1.3225253674         3.3019812383        -0.4032456214        53.8448771481
        2.3954066000        59.0924084339         2.7659749534         1.3939905194         3.3351556453         1.4583994569        56.1031758043
        2.4004555000      -426.3060921226         1.7972924581         1.4705603251         3.3708819297         3.4530191837        58.5351897417
        2.4054667000      -794.6042376723         1.3337681619         1.5369208233         3.3912969494         5.1816896136        59.9249119916
        2.4104354000     -1049.9762028536         0.8379065389         1.5752057262         3.4117119691         6.1789994770        61.3146342415
        2.4154486000     -1138.0459848016         0.6147880649         1.5624440919         3.4397826211         5.8465628559        63.2255023352
        2.4204363000     -1139.8134609342         0.6099913203         1.5471301308         3.4525420084         5.4476389105        64.0940787414
        2.4254464000     -1306.9654531799         0.0939060174         1.5445778039         3.4882682929         5.3811515863        66.5260926788
        2.4304544000     -1254.9961488210         0.2681448416         1.5190545354         3.4984758027         4.7162783440        67.2209538038
        2.4354073000     -1348.5185501542         0.0000000000         1.5139498816         3.5214426998         4.5833036956        68.7843913350
        2.4403876000     -1319.4879770955         0.0499514957         1.4909789399         3.5342020871         3.9849177775        69.6529677412
        2.4454410000     -1288.0507055307         0.1588322940         1.4705603251         3.5444095970         3.4530191837        70.3478288662
        2.4504527000     -1032.6787403494         0.8782254478         1.4322754222         3.5239945773         2.4557093203        68.9581066162
        2.4554545000      -500.7635548192         1.7163841419         1.3378393285         3.4933720478        -0.0043216761        66.8735232413
        2.4604355000        43.8243456141         2.7474326440         1.2434032349         3.4601976408        -2.4643526725        64.6152245852
        2.4654748000       619.2102952388         3.3713316621         1.1413101606         3.4270232338        -5.1238456415        62.3569259290
        2.4704399000      1018.3064899798         4.0005504243         1.0672926818         3.4066082142        -7.0519780441        60.9672036791
        2.4754286000      1055.0461899423         4.0854479582         1.0928159503         3.3785375621        -6.3871048018        59.0563355854
        2.4804057000      1038.6883317865         4.0468682270         1.1157868920         3.3632262974        -5.7887188838        58.0140438979
        2.4854153000      1137.0241301317         4.2993508021         1.1259961995         3.3351556453        -5.5227695869        56.1031758043
        2.4903876000      1100.1342391818         4.1986688147         1.1540717949         3.3198443806        -4.7914090204        55.0608841168
        2.4954567000      1208.7360539241         4.5180344008         1.1617287755         3.2917737285        -4.5919470477        53.1500160231
        2.5004231000      1238.2556583687         4.6176669276         1.1795950634         3.2713587088        -4.1265357781        51.7602937732
        2.5054193000      1250.2891508984         4.6600035676         1.1923566977         3.2585993215        -3.7940991570        50.8917173670
        2.5104677000       997.3238842230         3.9548126865         1.2331939274         3.2764624638        -2.7303019694        52.1077243357
        2.5154866000       527.0047970755         3.2697608804         1.3123160600         3.3070849933        -0.6691949183        54.1923077106
        2.5204428000       -29.6165958875         2.2627428884         1.3939905194         3.3530187875         1.4583994569        57.3191827730
        2.5254528000      -471.5443323496         1.7484930005         1.4629033445         3.3861931945         3.2535572110        59.5774814291
        2.5304330000      -844.6558749111         1.2517231004         1.5241591891         3.4117119691         4.8492529925        61.3146342415
        2.5354440000     -1054.1503774921         0.8280107770         1.5573394382         3.4270232338         5.7135882074        62.3569259290
        2.5404376000     -1070.9972670336         0.7874041395         1.5394731502         3.4448863760         5.2481769378        63.5729328977
        2.5454586000     -1131.3149206697         0.6329368156         1.5292638428         3.4653013957         4.9822276409        64.9626551477
        2.5504831000     -1086.5657118285         0.7489126330         1.4960835936         3.4831645379         4.1178924260        66.1786621164
        2.5553977000     -1249.5435294357         0.2856787435         1.5113975548         3.5035795576         4.5168163713        67.5683843663
        2.5604670000     -1268.7971174832         0.2231388052         1.4909789399         3.5239945773         3.9849177775        68.9581066162
        2.5654083000     -1234.9531474126         0.3319148778         1.4731126519         3.5316502097         3.5195065079        69.4792524600
        2.5704368000     -1285.0047846514         0.1691245482         1.4603510177         3.5520652293         3.1870698868        70.8689747099
        2.5754594000      -881.7344152719         1.1866562658         1.4041998268         3.5163389449         1.7243487538        68.4369607725
        2.5804682000      -365.5378655240         1.8619740221         1.3199730405         3.4806126605        -0.4697329457        66.0049468351
        2.5854002000       148.2519857179         2.8702422635         1.2331939274         3.4474382535        -2.7303019694        63.7466481790
        2.5904373000       662.0418369599         3.4216287056         1.1464148143         3.4142638465        -4.9908709931        61.4883495228
        2.5953929000      1107.0154943013         4.2168803835         1.0672926818         3.3887450720        -7.0519780441        59.7511967104
        2.6004741000      1222.8374045614         4.5648917075         1.0826066429         3.3530187875        -6.6530540987        57.3191827730
        2.6053995000      1277.7024388121         4.7603275797         1.1004729309         3.3275000129        -6.1876428292        55.5820299605
        2.6103871000      1246.2651672474         4.6457327806         1.1208915457         3.3172925031        -5.6557442353        54.8871688355
        2.6154270000      1311.3962178953         4.8913355934         1.1362055069         3.2917737285        -5.2568202900        53.1500160231
        2.6204342000      1259.4269135363         4.6928387185         1.1617287755         3.2815662187        -4.5919470477        52.4551548981
        2.6254076000      1288.9465179809         4.8030821193         1.1795950634         3.2611511990        -4.1265357781        51.0654326482
        2.6303870000      1326.3254403168         4.9522157264         1.1923566977         3.2432880568        -3.7940991570        49.8494256795
        2.6354033000      1307.5608836551         4.8759808680         1.2127753126         3.2305286695        -3.2622005632        48.9808492733
        2.6404078000       957.3880723937         3.8728822715         1.2714788303         3.2534955666        -1.7329921060        50.5442868045
        2.6454404000       433.3322047547         3.1720936222         1.3608102703         3.2866699736         0.5940642420        52.8025854606
        2.6504006000        -6.1888332015         2.4291258098         1.4322754222         3.3172925031         2.4557093203        54.8871688355
        2.6554351000      -425.1778383634         1.7984993096         1.4986359205         3.3479150326         4.1843797502        56.9717522105
        2.6604006000      -854.4328599224         1.2349344303         1.5675487456         3.3785375621         5.9795375043        59.0563355854
        2.6654848000     -1019.8173760356         0.9074962685         1.5803103799         3.4015044592         6.3119741255        60.6197731166
        2.6704531000     -1039.0709640831         0.8634540543         1.5598917651         3.4219194789         5.7800755316        62.0094953665
        2.6754304000     -1104.2020147309         0.7041633259         1.5445778039         3.4474382535         5.3811515863        63.7466481790
        2.6804534000     -1143.9876355727         0.5986113568         1.5292638428         3.4678532732         4.9822276409        65.1363704289
        2.6853936000     -1181.3665579085         0.4934154159         1.5165022085         3.4857164154         4.6497910198        66.3523773976
        2.6904566000     -1149.9292863438         0.5822869204         1.4960835936         3.4959239252         4.1178924260        67.0472385226
        2.6954362000     -1156.5101594882         0.5640326171         1.4756649788         3.5137870674         3.5859938322        68.2632454913
        2.7004212000     -1109.9934745145         0.6891987980         1.4577986908         3.5188908224         3.1205825626        68.6106760538
        2.7054321000      -701.2704857497         1.4711643788         1.3939905194         3.4882682929         1.4583994569        66.5260926788
        2.7104555000      -131.3371555103         2.1261762954         1.2995544257         3.4499901310        -1.0016315395        63.9203634602
        2.7164317000       581.6811819155         3.3290550847         1.1821473903         3.4015044592        -4.0600484539        60.6197731166
        2.7204426000       927.0405961650         3.8147954786         1.1183392189         3.3836413170        -5.7222315596        59.4037661479
        2.7254801000      1256.6813746320         4.6829101094         1.0647403549         3.3606744199        -7.1184653683        57.8403286167
        2.7304255000      1283.1550581974         4.7809418709         1.0928159503         3.3326037679        -6.3871048018        55.9294605230
        2.7354703000      1404.4295878427         5.0000000000         1.1004729309         3.3019812383        -6.1876428292        53.8448771481
        2.7404562000      1426.0898743962         5.0000000000         1.1234438726         3.2790143412        -5.5892569111        52.2814396169
        2.7454356000      1397.0593013374         5.0000000000         1.1464148143         3.2662549539        -4.9908709931        51.4128632107
        2.7504867000      1426.5789057820         5.0000000000         1.1642811023         3.2458399342        -4.5254597235        50.0231409607
        2.7554382000      1403.0009521085         5.0000000000         1.1795950634         3.2381843019        -4.1265357781        49.5019951170
        2.7604545000      1470.5387012623         5.0000000000         1.1974613514         3.2101136498        -3.6611245085        47.5911270233
        2.7653942000      1382.9579507001         5.0000000000         1.2255369469         3.2050098949        -2.9297639420        47.2436964608
        2.7704878000       846.2293681579         3.6755715854         1.3148683868         3.2407361793        -0.6027075941        49.6757103983
        2.7754093000       419.3810451049         3.1577618551         1.3863335388         3.2688068314         1.2589374842        51.5865784919
        2.7804522000      -122.1609344491         2.1377290145         1.4705603251         3.3096368707         3.4530191837        54.3660229918
        2.7854054000      -538.7432411051         1.6736724422         1.5394731502         3.3377075228         5.2481769378        56.2768910855
        2.7903994000      -876.2433374634         1.1965348973         1.5981766679         3.3581225424         6.7773853950        57.6666133354
        2.7954352000      -900.9495448961         1.1514000210         1.5854150336         3.3734338072         6.4449487739        58.7089050229
        2.8004004000     -1072.9149341538         0.7827134166         1.5777580530         3.4142638465         6.2454868012        61.4883495228
        2.8053858000     -1077.0891087923         0.7724542628         1.5598917651         3.4295751113         5.7800755316        62.5306412102
        2.8104504000     -1050.4652342394         0.8367505534         1.5343684965         3.4448863760         5.1152022894        63.5729328977
        2.8154102000     -1156.6603504758         0.5636138708         1.5292638428         3.4704051506         4.9822276409        65.3100857101
        2.8203984000     -1186.1799549204         0.4794313316         1.5113975548         3.4908201703         4.5168163713        66.6998079601
        2.8254178000     -1210.8861623532         0.4060438015         1.4986359205         3.5061314351         4.1843797502        67.7420996475
        2.8304089000      -901.7774166803         1.1498566263         1.4501417102         3.4831645379         2.9211205899        66.1786621164
        2.8354216000      -278.1073059493         1.9558432355         1.3454963091         3.4423344986         0.1951402966        63.3992176165
        2.8404721000       235.6825452926         2.9666297743         1.2587171960         3.4091600916        -2.0654287271        61.1409189603
        2.8454580000       731.9862846196         3.5097720102         1.1668334292         3.3836413170        -4.4589723993        59.4037661479
        2.8504465000      1126.2690823488         4.2692127465         1.0877112966         3.3683300523        -6.5200794503        58.3614744604
        2.8554264000      1208.8862449116         4.5185264952         1.1081299115         3.3351556453        -5.9881808565        56.1031758043
        2.8604703000      1235.9991508503         4.6098408514         1.1234438726         3.3172925031        -5.5892569111        54.8871688355
        2.8654261000      1267.9254538008         4.7239179188         1.1438624875         3.2943256060        -5.0573583173        53.3237313044
        2.8704559000      1241.3015792480         4.6282870893         1.1693857560         3.2790143412        -4.3924850750        52.2814396169
        2.8754744000      1347.4966954844         5.0000000000         1.1744904097         3.2534955666        -4.2595104266        50.5442868045
        2.8804003000      1361.9368865200         5.0000000000         1.1898043709         3.2381843019        -3.8605864812        49.5019951170
        2.8854493000      1320.2335985581         4.9271586850         1.2127753126         3.2279767920        -3.2622005632        48.8071339920
        2.8903996000      1268.2642941992         4.7251679804         1.2382985811         3.2177692822        -2.5973273209        48.1122728671
        2.8954380000       959.1555485263         3.8763728844         1.2867927914         3.2407361793        -1.3340681606        49.6757103983
        2.9004405000       458.0384121874         3.1975569869         1.3735719045         3.2713587088         0.9265008631        51.7602937732
        2.9055031000       -73.2375509695         2.2017523771         1.4552463639         3.3121887482         3.0540952384        54.5397382731
        2.9105236000      -599.7001171145         1.6020581297         1.5420254771         3.3479150326         5.3146642621        56.9717522105
        2.9154643000      -893.7294493783         1.1647743294         1.5930720142         3.3657781748         6.6444107466        58.1877591792
        2.9204967000      -964.3131194114         1.0271620161         1.5854150336         3.3861931945         6.4449487739        59.5774814291
        2.9254372000     -1042.1168849624         0.8563626859         1.5701010725         3.4142638465         6.0460248286        61.4883495228
        2.9304275000     -1196.5961623051         0.4488212974         1.5675487456         3.4474382535         5.9795375043        63.7466481790
        2.9354692000     -1088.4833789486         0.7441062340         1.5343684965         3.4525420084         5.1152022894        64.0940787414
        2.9404661000     -1265.9013875914         0.2326568515         1.5343684965         3.4882682929         5.1152022894        66.5260926788
        2.9454728000     -1213.9320832325         0.3968074227         1.5088452279         3.4984758027         4.4503290471        67.2209538038
        2.9504486000     -1248.9043070623         0.2877251588         1.4986359205         3.5137870674         4.1843797502        68.2632454913
        2.9556056000      -965.1409911956         1.0254539662         1.4501417102         3.4959239252         2.9211205899        67.0472385226
        2.9604750000      -377.0823266679         1.8497084960         1.3480486360         3.4601976408         0.2616276208        64.6152245852
        2.9654560000       124.0348096710         2.8425710918         1.2612695229         3.4295751113        -1.9989414029        62.5306412102
        2.9706430000       674.0753294896         3.4362186110         1.1591764486         3.4015044592        -4.6584343719        60.6197731166
        2.9755964000      1081.0308421218         4.1494277782         1.0800543160         3.3836413170        -6.7195414230        59.4037661479
        2.9804568000      1115.3638435783         4.2393200085         1.1030252578         3.3581225424        -6.1211555049        57.6666133354
        2.9855750000      1162.3695599378         4.3730360376         1.1259961995         3.3300518904        -5.5227695869        55.7557452418
        2.9905804000      1202.1551807796         4.4966180543         1.1413101606         3.3096368707        -5.1238456415        54.3660229918
        2.9954207000      1185.7973226239         4.4446002976         1.1642811023         3.2943256060        -4.5254597235        53.3237313044
        3.0004785000      1238.2556583687         4.6176669276         1.1795950634         3.2713587088        -4.1265357781        51.7602937732
        3.0055794000      1194.1456719009         4.4709331486         1.2000136783         3.2637030765        -3.5946371843        51.2391479294
        3.0106341000      1264.7293419340         4.7121680424         1.2076706589         3.2432880568        -3.3951752116        49.8494256795
        3.0154153000      1210.3533390691         4.5233412051         1.2306416006         3.2356324244        -2.7967892936        49.3282798358
        3.0204584000       770.8323011129         3.5627034704         1.3021067526         3.2662549539        -0.9351442152        51.4128632107
        3.0254191000       252.2290528591         2.9843355837         1.3837812120         3.3045331158         1.1924501600        54.0185924293
        3.0307676000      -368.3951369925         1.8589377951         1.4782173056         3.3530187875         3.6524811564        57.3191827730
        3.0356415000      -713.7545512420         1.4538430167         1.5420254771         3.3708819297         5.3146642621        58.5351897417
        3.0404332000     -1135.1502549098         0.6226187222         1.6058336485         3.4040563367         6.9768473677        60.7934883978
        3.0454314000     -1231.0793547491         0.3440252351         1.5981766679         3.4295751113         6.7773853950        62.5306412102
        3.0504551000     -1365.0265992975         0.0000000000         1.5905196873         3.4627495183         6.5779234224        64.7889398664
        3.0556792000     -1417.4849350423         0.0000000000         1.5752057262         3.4857164154         6.1789994770        66.3523773976
        3.0605967000     -1398.7203783807         0.0000000000         1.5547871113         3.4984758027         5.6471008832        67.2209538038
        3.0656713000     -1451.1787141255         0.0000000000         1.5394731502         3.5214426998         5.2481769378        68.7843913350
        3.0706714000     -1513.9030662674         0.0000000000         1.5267115159         3.5444095970         4.9157403167        70.3478288662
        3.0755278000     -1510.2179230148         0.0000000000         1.5037405742         3.5622727392         4.3173543987        71.5638358349
        3.0805845000     -1338.7415651429         0.0000000000         1.4705603251         3.5546171068         3.4530191837        71.0426899912
        3.0856288000      -852.7038422131         1.2379222816         1.3812288851         3.5290983322         1.1259628358        69.3055371787
        3.0905762000      -308.1159417798         1.9233067463         1.2867927914         3.4959239252        -1.3340681606        67.0472385226
        3.0956066000       198.4538139443         2.9262101215         1.1923566977         3.4704051506        -3.7940991570        65.3100857101
        3.1006284000       786.5124784721         3.5850072817         1.0902636235         3.4346788662        -6.4535921261        62.8780717727
        3.1055770000      1049.1045391712         4.0712865328         1.0596357012         3.4066082142        -7.2514400168        60.9672036791
        3.1105479000      1029.7007601362         4.0262087665         1.0928159503         3.3836413170        -6.3871048018        59.4037661479
        3.1155845000      1054.4069675689         4.0839162190         1.1055775846         3.3683300523        -6.0546681807        58.3614744604
        3.1206835000      1155.1494644200         4.3516576140         1.1183392189         3.3377075228        -5.7222315596        56.2768910855
        3.1255770000      1197.3417837677         4.4811326778         1.1362055069         3.3147406256        -5.2568202900        54.7134535543
        3.1306081000      1191.2499420091         4.4617488921         1.1566241217         3.2994293609        -4.7249216962        53.6711618668
        3.1356237000      1139.2806376501         4.3057581664         1.1821473903         3.2892218510        -4.0600484539        52.9763007419
        3.1406149000      1084.9046347852         4.1592587374         1.2051183320         3.2815662187        -3.4616625359        52.4551548981
        3.1457059000       655.6496132262         3.4139651810         1.2740311571         3.3121887482        -1.6665047817        54.5397382731
        3.1505365000       149.7190798754         2.8719039514         1.3557056165         3.3479150326         0.4610895935        56.9717522105
        3.1556321000      -341.1320400663         1.8879461663         1.4399324028         3.3785375621         2.6551712930        59.0563355854
        3.1606140000      -803.5918093226         1.3194998373         1.5139498816         3.4117119691         4.5833036956        61.3146342415
        3.1655848000     -1069.8690132744         0.7901573260         1.5675487456         3.4219194789         5.9795375043        62.0094953665
        3.1705399000     -1232.2076085083         0.3405051827         1.5701010725         3.4525420084         6.0460248286        64.0940787414
        3.1755751000     -1203.1770354495         0.4292345472         1.5471301308         3.4653013957         5.4476389105        64.9626551477
        3.1807187000     -1253.2286726884         0.2738437661         1.5343684965         3.4857164154         5.1152022894        66.3523773976
        3.1856035000     -1293.0142935301         0.1419636687         1.5190545354         3.5061314351         4.7162783440        67.7420996475
        3.1905602000     -1388.9433933694         0.0000000000         1.5113975548         3.5316502097         4.5168163713        69.4792524600
        3.1956012000     -1451.6677455113         0.0000000000         1.4986359205         3.5546171068         4.1843797502        71.0426899912
        3.2005368000     -1397.2917426464         0.0000000000         1.4756649788         3.5622727392         3.5859938322        71.5638358349
        3.2055577000     -1391.1999008878         0.0000000000         1.4552463639         3.5775840039         3.0540952384        72.6061275224
        3.2105413000      -847.2512228279         1.2472916224         1.3735719045         3.5342020871         0.9265008631        69.6529677412
        3.2155101000      -325.6020536947         1.9045353945         1.2816881377         3.5035795576        -1.4670428091        67.5683843663
        3.2205366000       180.9677020294         2.9069181769         1.1872520440         3.4780607830        -3.9270738054        65.8312315539
        3.2255413000       735.8216188598         3.5148594228         1.0902636235         3.4448863760        -6.4535921261        63.5729328977
        3.2305159000      1105.8872405421         4.2138768902         1.0392170863         3.4117119691        -7.7833386106        61.3146342415
        3.2355503000      1055.6854123157         4.0869816854         1.0800543160         3.3887450720        -6.7195414230        59.7511967104
        3.2405481000      1126.2690823488         4.2692127465         1.0877112966         3.3683300523        -6.5200794503        58.3614744604
        3.2455328000      1160.6020838053         4.3677736095         1.1106822383         3.3428112777        -5.9216935322        56.6243216480
        3.2505538000      1223.3264359472         4.5665406649         1.1234438726         3.3198443806        -5.5892569111        55.0608841168
        3.2555542000      1244.9867225007         4.6412228226         1.1464148143         3.2968774834        -4.9908709931        53.4974465856
        3.2605172000      1379.5731894224         5.0000000000         1.1413101606         3.2739105863        -5.1238456415        51.9340090544
        3.2655336000      1324.5579641842         4.9449149753         1.1770427366         3.2560474441        -4.1930231024        50.7180020857
        3.2705017000       971.9784544169         3.9020649759         1.2331939274         3.2815662187        -2.7303019694        52.4551548981
        3.2755709000       450.3292852838         3.1895970453         1.3250776943         3.3121887482        -0.3367582972        54.5397382731
        3.2805280000       -19.9898018637         2.2768551148         1.4041998268         3.3428112777         1.7243487538        56.6243216480
        3.2855414000      -457.1041413140         1.7641710699         1.4782173056         3.3708819297         3.6524811564        58.5351897417
        3.2905052000      -850.7477166697         1.2412927870         1.5445778039         3.3964007043         5.3811515863        60.2723425541
        3.2955167000     -1036.6642655771         0.8690330981         1.5624440919         3.4193676015         5.8465628559        61.8357800853
        3.3005523000     -1099.3886177191         0.7164986769         1.5496824576         3.4423344986         5.5141262347        63.3992176165
        3.3054399000     -1162.1129698610         0.5483465008         1.5369208233         3.4653013957         5.1816896136        64.9626551477
        3.3104302000     -1222.4306234970         0.3708148190         1.5267115159         3.4857164154         4.9157403167        66.3523773976
        3.3154072000     -1262.2162443388         0.2447120284         1.5113975548         3.5061314351         4.5168163713        67.7420996475
        3.3204712000     -1355.7386456721         0.0000000000         1.5062929011         3.5290983322         4.3838417229        69.3055371787
        3.3254345000     -1336.9740890104         0.0000000000         1.4858742862         3.5418577195         3.8519431291        70.1741135849
        3.3304123000     -1328.4755487458         0.0179226108         1.4680079982         3.5546171068         3.3865318595        71.0426899912
        3.3354503000      -953.5965300517         1.0490692446         1.4220661148         3.5163389449         2.1897600234        68.4369607725
        3.3404096000      -296.0824492501         1.9362983332         1.2995544257         3.4831645379        -1.0016315395        66.1786621164
        3.3454304000       281.7101988805         3.0155394674         1.2000136783         3.4474382535        -3.5946371843        63.7466481790
        3.3504361000       875.2214827935         3.7231223063         1.0902636235         3.4168157240        -6.4535921261        61.6620648040
        3.3554284000      1257.9598193788         4.6875265544         1.0392170863         3.3810894396        -7.7833386106        59.2300508666
        3.3603884000      1238.5560403437         4.6187113893         1.0723973355         3.3581225424        -6.9190033957        57.6666133354
        3.3654677000      1339.2985371949         5.0000000000         1.0851589698         3.3275000129        -6.5865667745        55.5820299605
        3.3712588000      1391.7568729397         5.0000000000         1.1004729309         3.3045331158        -6.1876428292        54.0185924293
        3.3754018000      1403.1511430960         5.0000000000         1.1259961995         3.2815662187        -5.5227695869        52.4551548981
        3.3804263000      1442.9367639377         5.0000000000         1.1413101606         3.2611511990        -5.1238456415        51.0654326482
        3.3853940000      1492.9884011766         5.0000000000         1.1540717949         3.2407361793        -4.7914090204        49.6757103983
        3.3904356000      1486.8965594180         5.0000000000         1.1744904097         3.2254249146        -4.2595104266        48.6334187108
        3.3954473000      1307.5608836551         4.8759808680         1.2127753126         3.2305286695        -3.2622005632        48.9808492733
        3.4004636000       831.7891771223         3.6528014077         1.2995544257         3.2560474441        -1.0016315395        50.7180020857
        3.4054457000       343.3447556865         3.0796704288         1.3863335388         3.2841180961         1.2589374842        52.6288701794
        3.4104342000      -193.3838268556         2.0512552006         1.4756649788         3.3198443806         3.5859938322        55.0608841168
        3.4154065000      -620.2321499087         1.5768933314         1.5471301308         3.3479150326         5.4476389105        56.9717522105
        3.4204078000      -873.1974165841         1.2019775779         1.5879673605         3.3657781748         6.5114360981        58.1877591792
        3.4254311000      -976.3466119411         1.0021108313         1.5726533993         3.3989525818         6.1125121528        60.4460578353
        3.4304624000     -1082.5417281775         0.7589515819         1.5675487456         3.4244713564         5.9795375043        62.1832106478
        3.4354617000     -1043.2451387216         0.8537272583         1.5420254771         3.4372307437         5.3146642621        63.0517870540
        3.4404283000     -1185.6909235345         0.4808567131         1.5522347845         3.4576457633         5.5806135590        64.4415093039
        3.4454732000     -1120.4096818992         0.6619443194         1.5139498816         3.4755089056         4.5833036956        65.6575162726
        3.4504043000     -1147.5225878379         0.5889170879         1.4986359205         3.4933720478         4.1843797502        66.8735232413
        3.4554595000     -1220.5129563769         0.3767085905         1.4884266131         3.5163389449         3.9184304533        68.4369607725
        3.4604366000      -763.5058065058         1.3816616816         1.4220661148         3.4780607830         2.1897600234        65.8312315539
        3.4654541000      -154.9151091839         2.0970827328         1.3148683868         3.4423344986        -0.6027075941        63.3992176165
        3.4704716000       453.6755881381         3.1930503625         1.2076706589         3.4066082142        -3.3951752116        60.9672036791
        3.4754365000      1003.7161079567         3.9685429000         1.1055775846         3.3785375621        -6.0546681807        59.0563355854
        3.4804103000      1346.0296013269         5.0000000000         1.0519787206         3.3530187875        -7.4509019895        57.3191827730
        3.4854148000      1270.4823432943         4.7333716981         1.0928159503         3.3351556453        -6.3871048018        56.1031758043
        3.4904078000      1340.4267909541         5.0000000000         1.1132345652         3.3045331158        -5.8552062080        54.0185924293
        3.4954501000      1321.6622342924         4.9330082112         1.1336531800         3.2917737285        -5.3233076142        53.1500160231
        3.5004086000      1397.0593013374         5.0000000000         1.1464148143         3.2662549539        -4.9908709931        51.4128632107
        3.5054794000      1424.1722072761         5.0000000000         1.1617287755         3.2483918117        -4.5919470477        50.1968562420
        3.5104215000      1451.2851132148         5.0000000000         1.1770427366         3.2305286695        -4.1930231024        48.9808492733
        3.5154057000      1434.9272550591         5.0000000000         1.2000136783         3.2152174047        -3.5946371843        47.9385575858
        3.5204333000      1367.8785372911         5.0000000000         1.2229846200         3.2101136498        -2.9962512663        47.5911270233
        3.5254169000       802.7586040635         3.6087332038         1.3225253674         3.2432880568        -0.4032456214        49.8494256795
        3.5304235000       278.7027364245         3.0123746895         1.4118568074         3.2764624638         1.9238107265        52.1077243357
        3.5353986000      -191.6163507230         2.0533204535         1.4909789399         3.3070849933         3.9849177775        54.1923077106
        3.5404169000      -713.2655198562         1.4545272382         1.5828627068         3.3377075228         6.3784614497        56.2768910855
        3.5454310000      -993.9829148436         0.9645141593         1.6211476096         3.3632262974         7.3757713131        58.0140438979
        3.5504490000     -1117.6641429949         0.6691707989         1.6109383022         3.3964007043         7.1098220162        60.2723425541
        3.5554058000     -1172.5291772456         0.5188274496         1.5930720142         3.4219194789         6.6444107466        62.0094953665
        3.5604677000     -1179.1100503901         0.4999362949         1.5726533993         3.4397826211         6.1125121528        63.2255023352
        3.5654722000     -1300.3845800355         0.1166941957         1.5649964188         3.4704051506         5.9130501801        65.3100857101
        3.5704378000     -1306.9654531799         0.0939060174         1.5445778039         3.4882682929         5.3811515863        66.5260926788
        3.5754058000     -1402.8945530192         0.0000000000         1.5369208233         3.5137870674         5.1816896136        68.2632454913
        3.5803858000     -1325.5798188541         0.0282863245         1.5113975548         3.5188908224         4.5168163713        68.6106760538
        3.5854682000      -801.5239512150         1.3228001345         1.4220661148         3.4857164154         2.1897600234        66.3523773976
        3.5904378000      -289.5015761057         1.9434331800         1.3199730405         3.4653013957        -0.4697329457        64.9626551477
        3.5954018000       304.0097078073         3.0388900174         1.2102229857         3.4346788662        -3.3286878874        62.8780717727
        3.6004674000       986.8692184151         3.9327315904         1.0877112966         3.3964007043        -6.5200794503        60.2723425541
        3.6054543000      1185.4584822256         4.4435408653         1.0698450086         3.3708819297        -6.9854907199        58.5351897417
        3.6103859000      1140.7092733844         4.3098300126         1.1030252578         3.3530187875        -6.1211555049        57.3191827730
        3.6154137000      1223.9656583206         4.5686984927         1.1106822383         3.3300518904        -5.9216935322        55.7557452418
        3.6204410000      1199.7484822737         4.4888565639         1.1387578337         3.3121887482        -5.1903329658        54.5397382731
        3.6253997000      1254.6135165244         4.6754679596         1.1566241217         3.2866699736        -4.7249216962        52.8025854606
        3.6304511000      1269.0537075601         4.7280835775         1.1719380829         3.2713587088        -4.3259977508        51.7602937732
        3.6354694000      1288.3072956076         4.8006259661         1.1923566977         3.2509436892        -3.7940991570        50.3705715232
        3.6404369000      1308.2001060284         4.8785319659         1.2000136783         3.2407361793        -3.5946371843        49.6757103983
        3.6454106000      1016.5774722705         3.9967081614         1.2536125423         3.2560474441        -2.1984033756        50.7180020857
        3.6504550000       385.0480436484         3.1225456231         1.3633625971         3.2943256060         0.6605515662        53.3237313044
        3.6554438000      -126.3351090877         2.1324571690         1.4526940371         3.3249481355         2.9876079141        55.4083146793
        3.6604310000      -673.3297080269         1.5088755782         1.5445778039         3.3606744199         5.3811515863        57.8403286167
        3.6654058000      -969.7657387967         1.0158705398         1.5930720142         3.3810894396         6.6444107466        59.2300508666
        3.6703890000     -1063.2881401300         0.8061192647         1.5879673605         3.4040563367         6.5114360981        60.7934883978
        3.6754678000     -1072.2757117804         0.7842785587         1.5649964188         3.4244713564         5.9130501801        62.1832106478
        3.6804505000     -1180.8775265227         0.4948305070         1.5573394382         3.4525420084         5.7135882074        64.0940787414
        3.6854100000     -1185.0517011612         0.4827182768         1.5394731502         3.4678532732         5.2481769378        65.1363704289
        3.6903943000     -1260.4487682062         0.2504711242         1.5267115159         3.4933720478         4.9157403167        66.8735232413
        3.6955238000     -1369.0505829485         0.0000000000         1.5190545354         3.5214426998         4.7162783440        68.7843913350
        3.7004475000     -1312.2678815777         0.0753893227         1.4986359205         3.5265464547         4.1843797502        69.1318218975
        3.7054684000     -1053.8499955170         0.8287250729         1.4501417102         3.5137870674         2.9211205899        68.2632454913
        3.7103930000      -460.3387116040         1.7606686937         1.3403916554         3.4831645379         0.0621656482        66.1786621164
        3.7154417000       227.3341960156         2.9576386712         1.2229846200         3.4397826211        -2.9962512663        63.2255023352
        3.7203903000       718.8245383307         3.4925298167         1.1259961995         3.4193676015        -5.5227695869        61.8357800853
        3.7254616000      1102.2020972894         4.2041147067         1.0621880280         3.3938488269        -7.1849526926        60.0986272728
        3.7304437000      1164.2872270579         4.3787670288         1.0877112966         3.3606744199        -6.5200794503        57.8403286167
        3.7355819000      1242.0909926089         4.6310501011         1.1030252578         3.3326037679        -6.1211555049        55.9294605230
        3.7404538000      1246.2651672474         4.6457327806         1.1208915457         3.3172925031        -5.6557442353        54.8871688355
        3.7454512000      1199.1092599003         4.4868014287         1.1515194680         3.3019812383        -4.8578963446        53.8448771481
        3.7504458000      1261.8336120422         4.7015867537         1.1642811023         3.2790143412        -4.5254597235        52.2814396169
        3.7554385000      1278.6805015838         4.7640088997         1.1821473903         3.2611511990        -4.0600484539        51.0654326482
        3.7604587000      1316.0594239196         4.9101609988         1.1949090246         3.2432880568        -3.7276118328        49.8494256795
        3.7654963000      1108.9716198446         4.2221041112         1.2306416006         3.2560474441        -2.7967892936        50.7180020857
        3.7704497000       441.8307450192         3.1808382298         1.3429439823         3.2994293609         0.1286529724        53.6711618668
        3.7754122000       -13.4089287193         2.3494640854         1.4246184417         3.3249481355         2.2562473476        55.4083146793
        3.7804217000      -514.5260650582         1.7010484809         1.5113975548         3.3555706650         4.5168163713        57.4928980542
        3.7855998000      -990.2977715909         0.9724578120         1.5981766679         3.3810894396         6.7773853950        59.2300508666
        3.7904542000     -1091.6794908154         0.7360635399         1.5981766679         3.4015044592         6.7773853950        60.6197731166
        3.7954060000     -1115.7464758748         0.6742001009         1.5726533993         3.4270232338         6.1125121528        62.3569259290
        3.8004391000     -1178.4708280167         0.5017794973         1.5598917651         3.4499901310         5.7800755316        63.9203634602
        3.8054094000     -1253.8678950617         0.2717843971         1.5471301308         3.4755089056         5.4476389105        65.6575162726
        3.8104295000     -1316.5922472037         0.0601848969         1.5343684965         3.4984758027         5.1152022894        67.2209538038
        3.8154741000     -1433.0533798371         0.0000000000         1.5318161696         3.5239945773         5.0487149652        68.9581066162
        3.8205597000     -1460.1662857759         0.0000000000         1.5165022085         3.5418577195         4.6497910198        70.1741135849
        3.8254402000     -1359.9128203106         0.0000000000         1.4884266131         3.5444095970         3.9184304533        70.3478288662
        3.8305792000      -669.8332141850         1.5134964604         1.3735719045         3.4984758027         0.9265008631        67.2209538038
        3.8354556000       -63.6492153690         2.2148216902         1.2638218497         3.4653013957        -1.9324540786        64.9626551477
        3.8404367000       463.4525731494         3.2031568909         1.1642811023         3.4397826211        -4.5254597235        63.2255023352
        3.8454203000      1120.9666539511         4.2545951762         1.0417694132         3.4066082142        -7.7168512864        60.9672036791
        3.8504619000      1250.1005014876         4.6593319702         1.0443217401         3.3785375621        -7.6503639621        59.0563355854
        3.8554610000      1207.7579911524         4.5148334593         1.0800543160         3.3581225424        -6.7195414230        57.6666133354
        3.8603870000      1283.1550581974         4.7809418709         1.0928159503         3.3326037679        -6.3871048018        55.9294605230
        3.8654053000      1345.8794103393         5.0000000000         1.1055775846         3.3096368707        -6.0546681807        54.3660229918
        3.8704371000      1344.6009655926         5.0000000000         1.1311008532         3.2892218510        -5.3897949384        52.9763007419
        3.8754638000      1399.4659998433         5.0000000000         1.1489671412         3.2637030765        -4.9243836688        51.2391479294
        3.8804405000      1401.2334759759         5.0000000000         1.1642811023         3.2509436892        -4.5254597235        50.3705715232
        3.8854858000      1418.0803655175         5.0000000000         1.1821473903         3.2330805470        -4.0600484539        49.1545645545
        3.8904373000      1037.1095050647         4.0432117851         1.2485078886         3.2560474441        -2.3313780240        50.7180020857
        3.8974843000       428.5188077428         3.1671460779         1.3557056165         3.2917737285         0.4610895935        53.1500160231
        3.9004673000       -21.9074689839         2.2739489711         1.4424847297         3.3121887482         2.7216586172        54.5397382731
        3.9067397000      -533.2906217198         1.6798830168         1.5318161696         3.3428112777         5.0487149652        56.6243216480
        3.9105872000      -957.7322462670         1.0406593644         1.6058336485         3.3683300523         6.9768473677        58.3614744604
        3.9179239000     -1033.1293133120         0.8771891381         1.5930720142         3.3938488269         6.6444107466        60.0986272728
        3.9206013000     -1039.7101864564         0.8619686783         1.5726533993         3.4117119691         6.1125121528        61.3146342415
        3.9254161000     -1125.3732698986         0.6488017870         1.5624440919         3.4372307437         5.8465628559        63.0517870540
        3.9304275000     -1236.3817831468         0.3274311879         1.5522347845         3.4678532732         5.5806135590        65.1363704289
        3.9354040000     -1253.2286726884         0.2738437661         1.5343684965         3.4857164154         5.1152022894        66.3523773976
        3.9404080000     -1267.6688637240         0.2268520360         1.5190545354         3.5010276801         4.7162783440        67.3946690851
        3.9454373000     -1373.8639799604         0.0000000000         1.5139498816         3.5265464547         4.5833036956        69.1318218975
        3.9504625000     -1054.4892178904         0.8272046226         1.4629033445         3.5035795576         3.2535572110        67.5683843663
        3.9554353000      -473.6506488805         1.7461965466         1.3531532897         3.4755089056         0.3946022693        65.6575162726
        3.9604153000       188.6768289331         2.9154490351         1.2357462543         3.4372307437        -2.6638146451        63.0517870540
        3.9654039000       779.7814143401         3.5753630461         1.1234438726         3.4091600916        -5.5892569111        61.1409189603
        3.9704050000      1133.0001464807         4.2879974122         1.0545310475         3.3938488269        -7.3844146652        60.0986272728
        3.9754278000      1059.8595869542         4.0970461210         1.0979206040         3.3734338072        -6.2541301534        58.7089050229
        3.9804107000      1193.8068315026         4.4698556858         1.1055775846         3.3402594002        -6.0546681807        56.4506063667
        3.9855473000      1246.2651672474         4.6457327806         1.1208915457         3.3172925031        -5.6557442353        54.8871688355
        3.9904984000      1199.1092599003         4.4868014287         1.1515194680         3.3019812383        -4.8578963446        53.8448771481
        3.9954170000      1215.9561494419         4.5418599385         1.1693857560         3.2841180961        -4.3924850750        52.6288701794
        4.0004654000      1232.8030389834         4.5988163775         1.1872520440         3.2662549539        -3.9270738054        51.4128632107
        4.0054608000      1234.5705151160         4.6049042752         1.2025660052         3.2534955666        -3.5281498601        50.5442868045
        4.0104347000       984.0119469466         3.9267765562         1.2459555617         3.2688068314        -2.3978653482        51.5865784919
        4.0153958000       377.8279481305         3.1151374818         1.3557056165         3.3019812383         0.4610895935        53.8448771481
        4.0204762000      -131.1485060995         2.1264124610         1.4475893834         3.3300518904         2.8546332657        55.7557452418
        4.0254351000      -706.5344557242         1.4638974418         1.5496824576         3.3632262974         5.5141262347        58.0140438979
        4.0304271000     -1087.5053161769         0.7465594270         1.6160429559         3.3861931945         7.2427966646        59.5774814291
        4.0354453000     -1173.1683996190         0.5170007132         1.6058336485         3.4117119691         6.9768473677        61.3146342415
        4.0404685000     -1192.4219876665         0.4611453680         1.5854150336         3.4321269888         6.4449487739        62.7043564915
        4.0453945000     -1267.8190547115         0.2263580876         1.5726533993         3.4576457633         6.1125121528        64.4415093039
        4.0504636000     -1299.7453576621         0.1188963416         1.5522347845         3.4806126605         5.5806135590        66.0049468351
        4.0554353000     -1349.7969949010         0.0000000000         1.5394731502         3.5010276801         5.2481769378        67.3946690851
        4.0603982000     -1399.8486321399         0.0000000000         1.5267115159         3.5214426998         4.9157403167        68.7843913350
        4.0654207000     -1485.5117155820         0.0000000000         1.5165022085         3.5469614744         4.6497910198        70.5215441474
        4.0704683000     -1178.8096684151         0.5008026699         1.4654556714         3.5265464547         3.3200445353        69.1318218975
        4.0753892000      -607.5978934289         1.5924471273         1.3454963091         3.5086833125         0.1951402966        67.9158149288
        4.0804569000       -14.0866095159         2.3419870069         1.2357462543         3.4780607830        -2.6638146451        65.8312315539
        4.0854521000       589.6906907942         3.3379551844         1.1234438726         3.4474382535        -5.5892569111        63.7466481790
        4.0904804000      1185.6086732131         4.4440103690         1.0162461446         3.4142638465        -8.3817245286        61.4883495228
        4.0953856000      1135.4068449867         4.2947765714         1.0570833743         3.3912969494        -7.3179273410        59.9249119916
        4.1004678000      1271.7607880411         4.7381166195         1.0672926818         3.3555706650        -7.0519780441        57.4928980542
        4.1054444000      1405.7080325895         5.0000000000         1.0749496623         3.3223962580        -6.8525160714        55.2345993980
        4.1104773000      1414.6956042399         5.0000000000         1.0979206040         3.3019812383        -6.2541301534        53.8448771481
        4.1154206000      1411.0104609872         5.0000000000         1.1208915457         3.2841180961        -5.6557442353        52.6288701794
        4.1204820000      1404.9186192286         5.0000000000         1.1413101606         3.2688068314        -5.1238456415        51.5865784919
        4.1254142000      1503.2544175738         5.0000000000         1.1515194680         3.2407361793        -4.8578963446        49.6757103983
        4.1304513000      1382.4689193142         5.0000000000         1.1846997172         3.2381843019        -3.9935611297        49.5019951170
        4.1353948000       776.2849204982         3.5703949990         1.2944497720         3.2713587088        -1.1346061879        51.7602937732
        4.1468351000       330.6720407835         3.0665794564         1.3863335388         3.2866699736         1.2589374842        52.8025854606
        4.1484224000      -523.6638276961         1.6907804213         1.5420254771         3.3326037679         5.3146642621        55.9294605230
        4.1504284000      -820.0998584659         1.2927721665         1.5905196873         3.3530187875         6.5779234224        57.3191827730
        4.1554373000     -1190.1654801481         0.4677755667         1.6415662245         3.3861931945         7.9076699069        59.5774814291
        4.1604806000     -1155.6822877041         0.5663390816         1.6109383022         3.4040563367         7.1098220162        60.7934883978
        4.1654394000     -1210.5473219549         0.4070687106         1.5930720142         3.4295751113         6.6444107466        62.5306412102
        4.1704058000     -1321.5558352031         0.0426181419         1.5828627068         3.4601976408         6.3784614497        64.6152245852
        4.1754364000     -1453.0963812456         0.0000000000         1.5777580530         3.4908201703         6.2454868012        66.6998079601
        4.1803994000     -1457.2705558841         0.0000000000         1.5598917651         3.5061314351         5.7800755316        67.7420996475
        4.1854530000     -1440.9126977284         0.0000000000         1.5369208233         3.5214426998         5.1816896136        68.7843913350
        4.1904346000     -1541.6551945795         0.0000000000         1.5241591891         3.5520652293         4.8492529925        70.8689747099
        4.1953867000      -956.6424509310         1.0428808425         1.4322754222         3.5086833125         2.4557093203        67.9158149288
        4.2004694000      -339.5532133445         1.8896298655         1.3072114063         3.4857164154        -0.8021695668        66.3523773976
        4.2053885000       185.1418766679         2.9115423688         1.2051183320         3.4627495183        -3.4616625359        64.7889398664
        4.2104040000       852.9219738667         3.6863263910         1.0800543160         3.4295751113        -6.7195414230        62.5306412102
        4.2154594000      1030.9792048829         4.0291246412         1.0672926818         3.4040563367        -7.0519780441        60.7934883978
        4.2204039000       953.0252483444         3.8643178565         1.1055775846         3.3887450720        -6.0546681807        59.7511967104
        4.2254672000      1038.6883317865         4.0468682270         1.1157868920         3.3632262974        -5.7887188838        58.0140438979
        4.2305015000      1030.1897915220         4.0273232592         1.1336531800         3.3504669101        -5.3233076142        57.1454674917
        4.2354592000      1130.9322883731         4.2821991489         1.1464148143         3.3198443806        -4.9908709931        55.0608841168
        4.2404255000      1068.6969676170         4.1186377142         1.1744904097         3.3096368707        -4.2595104266        54.3660229918
        4.2454361000      1121.1553033619         4.2551125368         1.1898043709         3.2866699736        -3.8605864812        52.8025854606
        4.2504574000      1020.9018378966         4.0063430469         1.2178799663         3.2841180961        -3.1292259147        52.6288701794
        4.2554264000       560.8487671462         3.3061823733         1.2944497720         3.3147406256        -1.1346061879        54.7134535543
        4.2604282000       -22.3965003697         2.2732340949         1.4016475000         3.3453631551         1.6578614296        56.7980369292
        4.2654591000      -612.8618634034         1.5859939889         1.5011882474         3.3836413170         4.2508670744        59.4037661479
        4.2703989000     -1048.2087267210         0.8420771155         1.5905196873         3.3989525818         6.5779234224        60.4460578353
        4.2754045000     -1164.6698593545         0.5411435098         1.5879673605         3.4244713564         6.5114360981        62.1832106478
        4.2804518000     -1204.4554801962         0.4254071103         1.5726533993         3.4448863760         6.1125121528        63.5729328977
        4.2854300000     -1256.9138159411         0.2619450346         1.5573394382         3.4678532732         5.7135882074        65.1363704289
        4.2904043000     -1378.1883455864         0.0000000000         1.5496824576         3.4984758027         5.5141262347        67.2209538038
        4.2954418000     -1359.4237889248         0.0000000000         1.5292638428         3.5112351900         4.9822276409        68.0895302100
        4.3004926000     -1358.7845665514         0.0000000000         1.5165022085         3.5214426998         4.6497910198        68.7843913350
        4.3053871000     -1344.8334069016         0.0000000000         1.4909789399         3.5393058420         3.9849177775        70.0003983037
        4.3104521000     -1336.3348666370         0.0000000000         1.4731126519         3.5520652293         3.5195065079        70.8689747099
        4.3154763000      -640.8026411262         1.5510717334         1.3506009628         3.5112351900         0.3281149451        68.0895302100
        4.3204032000       -52.1047542251         2.2308031197         1.2357462543         3.4857164154        -2.6638146451        66.3523773976
        4.3254183000       505.7950834846         3.2473174762         1.1285485263         3.4601976408        -5.4562822627        64.6152245852
        4.3304562000      1084.2269539886         4.1575333136         1.0162461446         3.4346788662        -8.3817245286        62.8780717727
        4.3354711000      1250.7397238610         4.6616086443         1.0315601058         3.3887450720        -7.9828005833        59.7511967104
        4.3404715000      1259.7272955114         4.6939282797         1.0545310475         3.3683300523        -7.3844146652        58.3614744604
        4.3454380000      1291.6535984619         4.8135182671         1.0749496623         3.3453631551        -6.8525160714        56.7980369292
        4.3504301000      1423.1941445044         5.0000000000         1.0800543160         3.3147406256        -6.7195414230        54.7134535543
        4.3554348000      1391.1176505663         5.0000000000         1.1132345652         3.2943256060        -5.8552062080        53.3237313044
        4.3603945000      1535.3309115118         5.0000000000         1.1183392189         3.2611511990        -5.7222315596        51.0654326482
        4.3654439000      1477.9089877676         5.0000000000         1.1515194680         3.2458399342        -4.8578963446        50.0231409607
        4.3704632000      1372.8421252905         5.0000000000         1.1744904097         3.2483918117        -4.2595104266        50.1968562420
        4.3754389000       804.6762711836         3.6115767920         1.2842404646         3.2739105863        -1.4005554848        51.9340090544
        4.3804486000       247.4156558473         2.9792001423         1.3786765582         3.3096368707         1.0594755116        54.3660229918
        4.3854467000      -279.6861326711         1.9541191070         1.4782173056         3.3351556453         3.6524811564        56.1031758043
        4.3905005000      -686.6416453033         1.4910858417         1.5573394382         3.3530187875         5.7135882074        57.3191827730
        4.3954466000     -1005.3771849999         0.9396553583         1.5956243410         3.3861931945         6.7108980708        59.5774814291
        4.4003980000      -953.4078806410         1.0494515325         1.5701010725         3.3964007043         6.0460248286        60.2723425541
        4.4054357000     -1064.4163938892         0.8033943891         1.5598917651         3.4270232338         5.7800755316        62.3569259290
        4.4104614000     -1114.4680311281         0.6775446941         1.5471301308         3.4474382535         5.4476389105        63.7466481790
        4.4154524000     -1156.6603504758         0.5636138708         1.5292638428         3.4704051506         4.9822276409        65.3100857101
        4.4204048000     -1237.5100369060         0.3238835698         1.5241591891         3.4908201703         4.8492529925        66.6998079601
        4.4253989000     -1231.4181951474         0.3429686974         1.5037405742         3.5061314351         4.3173543987        67.7420996475
        4.4303975000     -1187.3082086796         0.4761388056         1.4833219594         3.5137870674         3.7854558048        68.2632454913
        4.4354543000      -584.1701307429         1.6207186545         1.3837812120         3.4729570281         1.1924501600        65.4838009914
        4.4403955000         9.3411531701         2.6004733344         1.2740311571         3.4423344986        -1.6665047817        63.3992176165
        4.4454135000       613.1184534802         3.3643652409         1.1617287755         3.4117119691        -4.5919470477        61.3146342415
        4.4504635000      1171.0182911900         4.3990603361         1.0545310475         3.3861931945        -7.3844146652        59.5774814291
        4.4554638000      1195.0852762493         4.4739248134         1.0800543160         3.3606744199        -6.7195414230        57.8403286167
        4.4604714000      1262.6230254031         4.7044653079         1.0979206040         3.3326037679        -6.2541301534        55.9294605230
        4.4654284000      1373.6315386514         5.0000000000         1.1081299115         3.3019812383        -5.9881808565        53.8448771481
        4.4703981000      1324.0689327983         4.9428994265         1.1362055069         3.2892218510        -5.2568202900        52.9763007419
        4.4754367000      1330.6498059428         4.9701845559         1.1566241217         3.2713587088        -4.7249216962        51.7602937732
        4.4804142000      1370.4354267846         5.0000000000         1.1719380829         3.2509436892        -4.3259977508        50.3705715232
        4.4854653000      1364.3435850259         5.0000000000         1.1923566977         3.2356324244        -3.7940991570        49.3282798358
        4.4904583000      1378.7837760615         5.0000000000         1.2076706589         3.2203211597        -3.3951752116        48.2859881483
        4.4954578000       931.4034202142         3.8229363180         1.2842404646         3.2483918117        -1.4005554848        50.1968562420
        4.5004436000       356.0174705896         3.0927264774         1.3863335388         3.2815662187         1.2589374842        52.4551548981
        4.5054433000      -232.0411939382         2.0069265920         1.4884266131         3.3172925031         3.9184304533        54.8871688355
        4.5104192000      -661.9354378706         1.5238568205         1.5701010725         3.3377075228         6.0460248286        56.2768910855
        4.5154731000      -978.2642790613         0.9980739332         1.6109383022         3.3683300523         7.1098220162        58.3614744604
        4.5204151000     -1074.1933789005         0.7795784224         1.6032813216         3.3938488269         6.9103600435        60.0986272728
        4.5254323000     -1126.6517146453         0.6454004176         1.5879673605         3.4168157240         6.5114360981        61.6620648040
        4.5304535000     -1247.9262442907         0.2908526455         1.5803103799         3.4474382535         6.3119741255        63.7466481790
        4.5354899000     -1290.1185636384         0.1518192922         1.5624440919         3.4704051506         5.8465628559        65.3100857101
        4.5404570000     -1238.1492592794         0.3218710238         1.5369208233         3.4806126605         5.1816896136        66.0049468351
        4.5454770000     -1280.3415786271         0.1847947208         1.5190545354         3.5035795576         4.7162783440        67.5683843663
        4.5504467000     -1312.9071039510         0.0731476755         1.5113975548         3.5163389449         4.5168163713        68.4369607725
        4.5554453000      -803.9306497209         1.3189580477         1.4195137880         3.4882682929         2.1232726992        66.5260926788
        4.5604533000      -179.6213166166         2.0674345785         1.3021067526         3.4576457633        -0.9351442152        64.4415093039
        4.5654644000       424.1559836935         3.1626643849         1.1898043709         3.4270232338        -3.8605864812        62.3569259290
        4.5704497000      1112.4681136865         4.2314932991         1.0596357012         3.3938488269        -7.2514400168        60.0986272728
        4.5754719000      1203.5838165139         4.5012431924         1.0621880280         3.3734338072        -7.1849526926        58.7089050229
        4.5804047000      1148.5685912756         4.3324430960         1.0979206040         3.3555706650        -6.2541301534        57.4928980542
        4.5854571000      1280.1091373181         4.7693989616         1.1030252578         3.3249481355        -6.1211555049        55.4083146793
        4.5904817000      1196.7025613944         4.4790875023         1.1489671412         3.3045331158        -4.9243836688        54.0185924293
        4.5955226000      1331.2890283162         4.9728535684         1.1438624875         3.2815662187        -5.0573583173        52.4551548981
        4.6004866000      1404.2793968552         5.0000000000         1.1540717949         3.2585993215        -4.7914090204        50.8917173670
        4.6054445000      1406.0468729878         5.0000000000         1.1693857560         3.2458399342        -4.3924850750        50.0231409607
        4.6104801000      1387.2823163261         5.0000000000         1.1898043709         3.2330805470        -3.8605864812        49.1545645545
        4.6154999000      1008.7181543793         3.9794105219         1.2587171960         3.2534955666        -2.0654287271        50.5442868045
        4.6205128000       382.0021227691         3.1194208016         1.3735719045         3.2866699736         0.9265008631        52.8025854606
        4.6255304000      -160.1790791583         2.0906971748         1.4705603251         3.3172925031         3.4530191837        54.8871688355
        4.6305954000      -646.2168020882         1.5441678254         1.5598917651         3.3428112777         5.7800755316        56.6243216480
        4.6354895000     -1013.8757252645         0.9208181480         1.6134906290         3.3734338072         7.1763093404        58.7089050229
        4.6404224000     -1076.6000774064         0.7736596614         1.6007289948         3.3964007043         6.8438727193        60.2723425541
        4.6455578000     -1141.7311280543         0.6047722569         1.5854150336         3.4219194789         6.4449487739        62.0094953665
        4.6505133000     -1217.1281950993         0.3870705823         1.5726533993         3.4474382535         6.1125121528        63.7466481790
        4.6554756000     -1256.9138159411         0.2619450346         1.5573394382         3.4678532732         5.7135882074        65.1363704289
        4.6604592000     -1284.0267218797         0.1724199219         1.5420254771         3.4857164154         5.3146642621        66.3523773976
        4.6655466000     -1300.8736114213         0.1150081097         1.5241591891         3.5035795576         4.8492529925        67.5683843663
        4.6705884000     -1315.3138024569         0.0646895769         1.5088452279         3.5188908224         4.4503290471        68.6106760538
        4.6755476000      -837.1353974182         1.2644625759         1.4246184417         3.4908201703         2.2562473476        66.6998079601
        4.6806259000      -177.2146181106         2.0702876820         1.3046590794         3.4550938859        -0.8686568910        64.2677940227
        4.6855406000       426.5626821994         3.1651363602         1.1923566977         3.4244713564        -3.7940991570        62.1832106478
        4.6905113000       989.9151392944         3.9391172832         1.0775019892         3.4040563367        -6.7860287472        60.7934883978
        4.6955111000      1213.8498329110         4.5348735097         1.0596357012         3.3734338072        -7.2514400168        58.7089050229
        4.7005466000      1105.0978271811         4.2117795136         1.1055775846         3.3581225424        -6.0546681807        57.6666133354
        4.7055499000      1249.3110881267         4.6565243774         1.1106822383         3.3249481355        -5.9216935322        55.4083146793
        4.7104946000      1334.9741715688         4.9883055409         1.1208915457         3.2994293609        -5.6557442353        53.6711618668
        4.7154200000      1254.6135165244         4.6754679596         1.1566241217         3.2866699736        -4.7249216962        52.8025854606
        4.7204652000      1258.7876911629         4.6905222659         1.1744904097         3.2713587088        -4.2595104266        51.7602937732
        4.7254090000      1398.1875550966         5.0000000000         1.1744904097         3.2432880568        -4.2595104266        49.8494256795
        4.7309553000      1323.2795194375         4.9396499113         1.2025660052         3.2356324244        -3.5281498601        49.3282798358
        4.7354682000       817.3489860867         3.6306044455         1.2842404646         3.2713587088        -1.4005554848        51.7602937732
        4.7404125000       223.8377021737         2.9538609219         1.3939905194         3.3019812383         1.4583994569        53.8448771481
        4.7453882000      -297.8114669594         1.9344274430         1.4858742862         3.3326037679         3.8519431291        55.9294605230
        4.7504483000      -710.2195989769         1.4587783423         1.5726533993         3.3453631551         6.1125121528        56.7980369292
        4.7553883000      -983.0776760731         0.9878865370         1.6058336485         3.3734338072         6.9768473677        58.7089050229
        4.7604438000     -1094.0861893214         0.7299808186         1.5956243410         3.4040563367         6.7108980708        60.7934883978
        4.7654261000     -1340.9596142381         0.0000000000         1.6160429559         3.4372307437         7.2427966646        63.0517870540
        4.7703973000     -1237.0210055202         0.3254219749         1.5649964188         3.4576457633         5.9130501801        64.4415093039
        4.7754711000     -1322.6840889623         0.0386079389         1.5547871113         3.4831645379         5.6471008832        66.1786621164
        4.7804181000     -1362.4697098041         0.0000000000         1.5394731502         3.5035795576         5.2481769378        67.5683843663
        4.7854541000     -1412.5213470429         0.0000000000         1.5267115159         3.5239945773         4.9157403167        68.9581066162
        4.7904100000     -1347.8793277809         0.0000000000         1.5011882474         3.5316502097         4.2508670744        69.4792524600
        4.7953896000      -803.2914273476         1.3199798977         1.4067521537         3.4984758027         1.7908360780        67.2209538038
        4.8004660000      -153.6366644371         2.0986394207         1.2893451183         3.4627495183        -1.2675808364        64.7889398664
        4.8054443000       427.2019045728         3.1657930406         1.1795950634         3.4346788662        -4.1265357781        62.8780717727
        4.8103994000      1072.0432704714         4.1269151798         1.0570833743         3.4040563367        -7.3179273410        60.7934883978
        4.8153899000      1224.1158493081         4.5692058956         1.0570833743         3.3734338072        -7.3179273410        58.7089050229
        4.8204644000      1151.6145121549         4.3413045012         1.0877112966         3.3632262974        -6.5200794503        58.0140438979
        4.8254682000      1216.7455628028         4.5444859759         1.1030252578         3.3377075228        -6.1211555049        56.2768910855
        4.8304710000      1271.6105970535         4.7375585643         1.1208915457         3.3121887482        -5.6557442353        54.5397382731
        4.8353925000      1303.5369000041         4.8599947616         1.1413101606         3.2892218510        -5.1238456415        52.9763007419
        4.8404240000      1330.6498059428         4.9701845559         1.1566241217         3.2713587088        -4.7249216962        51.7602937732
        4.8454336000      1334.8239805813         4.9876736127         1.1744904097         3.2560474441        -4.2595104266        50.7180020857
        4.8504060000      1361.9368865200         5.0000000000         1.1898043709         3.2381843019        -3.8605864812        49.5019951170
        4.8554410000       848.1470352781         3.6786399574         1.2765834840         3.2713587088        -1.6000174575        51.7602937732
        4.8603929000       243.7305125946         2.9752601309         1.4016475000         3.2917737285         1.6578614296        53.1500160231
        4.8654018000      -239.2612894560         1.9988087342         1.4807696325         3.3249481355         3.7189684806        55.4083146793
        4.8703949000      -766.3630779743         1.3773542101         1.5803103799         3.3504669101         6.3119741255        57.1454674917
        4.8754641000     -1016.2824237704         0.9154372036         1.6109383022         3.3759856847         7.1098220162        58.8826203041
        4.8804393000     -1094.0861893214         0.7299808186         1.5956243410         3.4040563367         6.7108980708        60.7934883978
        4.8853936000     -1136.2785086691         0.6195718255         1.5777580530         3.4270232338         6.2454868012        62.3569259290
        4.8904349000     -1211.6755757140         0.4036540158         1.5649964188         3.4525420084         5.9130501801        64.0940787414
        4.8954782000     -1215.8497503526         0.3909708610         1.5471301308         3.4678532732         5.4476389105        65.1363704289
        4.9004052000     -1255.6353711943         0.2660801624         1.5318161696         3.4882682929         5.0487149652        66.5260926788
        4.9054536000     -1295.4209920361         0.1337413632         1.5165022085         3.5086833125         4.6497910198        67.9158149288
        4.9103847000     -1276.6564353744         0.1971040915         1.4960835936         3.5214426998         4.1178924260        68.7843913350
        4.9153982000      -736.8819319530         1.4209358582         1.3965428462         3.4933720478         1.5248867811        66.8735232413
        4.9204344000       -97.4931854396         2.1694765584         1.2816881377         3.4576457633        -1.4670428091        64.4415093039
        4.9254084000       483.3453835703         3.2238136824         1.1719380829         3.4295751113        -4.3259977508        62.5306412102
        4.9304245000      1082.3092868685         4.1526636685         1.0545310475         3.4040563367        -7.3844146652        60.7934883978
        4.9354839000      1251.8679776202         4.6656341622         1.0596357012         3.3657781748        -7.2514400168        58.1877591792
        4.9404655000      1286.2009790767         4.7925545573         1.0826066429         3.3402594002        -6.6530540987        56.4506063667
        4.9454203000      1292.7818522211         4.8178843251         1.1030252578         3.3223962580        -6.1211555049        55.2345993980
        4.9504102000      1324.7081551717         4.9455343759         1.1234438726         3.2994293609        -5.5892569111        53.6711618668
        4.9554037000      1331.2890283162         4.9728535684         1.1438624875         3.2815662187        -5.0573583173        52.4551548981
        4.9603862000      1427.2181281554         5.0000000000         1.1515194680         3.2560474441        -4.8578963446        50.7180020857
        4.9654193000      1456.7377326000         5.0000000000         1.1693857560         3.2356324244        -4.3924850750        49.3282798358
        4.9704375000      1392.0957133380         5.0000000000         1.1949090246         3.2279767920        -3.7276118328        48.8071339920
        4.9754655000      1008.0789320060         3.9780156342         1.2714788303         3.2432880568        -1.7329921060        49.8494256795
        4.9804135000       378.9562018898         3.1162953673         1.3837812120         3.2790143412         1.1924501600        52.2814396169
        4.9854092000       -63.6107569457         2.2148744790         1.4654556714         3.3019812383         3.3200445353        53.8448771481
        4.9904164000      -642.0426274497         1.5494946230         1.5777580530         3.3275000129         6.2454868012        55.5820299605
        4.9954675000      -943.2920552314         1.0697825404         1.6211476096         3.3530187875         7.3757713131        57.3191827730
        5.0004619000      -995.7503909762         0.9606876021         1.6058336485         3.3759856847         6.9768473677        58.8826203041
