% Designation Loop  psi_cmd=-20.000deg  (absolute, NEUTRAL ref)
% Kp=49.8893  Kd=1.6487  K_pot=68.073520deg/V
% Vg_offset=1.338694V  K_gimbal=26.049690  samples=1001

Time[s]              OmegaCmd[deg/s]      Vc[V]                Vg[V]                Pot[V]               Omega[rad/s]         Psi[deg]            
        0.0005871000     -1991.9911316575         0.0000000000         1.3378393285         2.8043651338        -0.0222732536        19.9703973057
        0.0054423000     -1994.3770366497         0.0000000000         1.3352870017         2.8069170113        -0.0887605778        20.1441125869
        0.0105945000     -1983.3245978770         0.0000000000         1.3378393285         2.8018132564        -0.0222732536        19.7966820244
        0.0156301000     -1440.5592635131         0.0000000000         1.1489671412         2.7788463592        -4.9423352464        18.2332444932
        0.0205299000      -881.3379477763         1.0109356447         0.9498856464         2.7584313396       -10.1283465361        16.8435222433
        0.0255256000      -755.2346648646         1.2565101493         0.9549903001         2.7176013002        -9.9953718876        14.0640777434
        0.0304635000      -665.3063358791         1.4107314427         0.9677519344         2.6818750158        -9.6629352665        11.6320638060
        0.0355259000      -619.3424084122         1.4827451238         0.9983798566         2.6461487314        -8.8650873758         9.2000498686
        0.0404808000      -344.0128533837         1.8386076988         0.9498856464         2.6002149371       -10.1283465361         6.0731748062
        0.0454843000      -321.6626222661         1.8642981414         0.9830658955         2.5695924076        -9.2640113211         3.9885914313
        0.0505615000      -207.4888643153         1.9984657228         0.9754089149         2.5415217556        -9.4634732938         2.0777233376
        0.0554681000       -49.1053512736         2.2218949061         0.9779612418         2.4930360838        -9.3969859696        -1.2228670060
        0.0604836000        43.2088827040         2.7743394971         0.9932752029         2.4547579220        -8.9980620242        -3.8285962247
        0.0654634000        82.0150951945         2.8195347842         1.0162461446         2.4266872699        -8.3996761062        -5.7394643183
        0.0705131000        62.7868297857         2.7972910257         1.0698450086         2.3935128629        -7.0034422974        -7.9977629745
        0.0755173000        55.2427357654         2.7884854830         1.1081299115         2.3679940883        -6.0061324340        -9.7349157869
        0.0804723000       -75.7733826022         2.1789860764         1.1719380829         2.3603384560        -4.3439493284       -10.2560616306
        0.0854964000      -123.3871543448         2.1085458425         1.2229846200         2.3373715588        -3.0142028438       -11.8194991618
        0.0905930000      -208.0529662016         1.9977724332         1.2714788303         2.3271640490        -1.7509436835       -12.5143602868
        0.0955198000      -338.4373519533         1.8450227888         1.3174207137         2.3322678039        -0.5541718474       -12.1669297243
        0.1005131000      -297.4905880428         1.8920915258         1.3148683868         2.3220602941        -0.6206591717       -12.8617908493
        0.1055003000       144.5393321350         2.8902999504         1.1387578337         2.3195084166        -5.2082845433       -13.0355061305
        0.1106121000       -31.0729203671         2.2525421247         1.2382985811         2.2990933970        -2.6152788985       -14.4252283805
        0.1155060000      -126.7911709966         2.1037732720         1.2842404646         2.2939896420        -1.4185070624       -14.7726589430
        0.1204496000      -195.8780876686         2.0128431504         1.3123160600         2.2939896420        -0.6871464959       -14.7726589430
        0.1254532000        69.6624938190         2.8052767740         1.2255369469         2.2786783773        -2.9477155196       -15.8149506304
        0.1305040000       -40.1258331914         2.2369823351         1.2842404646         2.2684708674        -1.4185070624       -16.5098117554
        0.1354491000      -117.8792836439         2.1163366389         1.3123160600         2.2710227449        -0.6871464959       -16.3360964742
        0.1405003000       -69.1430721411         2.1894008139         1.2995544257         2.2659189900        -1.0195831170       -16.6835270366
        0.1454815000       -24.3015844344         2.2644180566         1.2918974451         2.2582633576        -1.2190450897       -17.2046728804
        0.1505428000       -13.2491456617         2.3521709858         1.2944497720         2.2531596027        -1.1525577655       -17.5521034429
        0.1554228000       -59.5994521724         2.2046811615         1.3097637331         2.2557114802        -0.7536338201       -17.3783881616
        0.1604586000       -74.5466147413         2.1809009264         1.3123160600         2.2582633576        -0.6871464959       -17.2046728804
        0.1655113000       -54.8276421881         2.2124538263         1.3148683868         2.2506077252        -0.6206591717       -17.7258187241
        0.1704712000       -21.0385932541         2.2702155009         1.3046590794         2.2480558478        -0.8866084686       -17.8995340053
        0.1754859000       -48.5470133997         2.2228232360         1.3123160600         2.2506077252        -0.6871464959       -17.7258187241
        0.1807733000       -26.4421358543         2.2606414216         1.3174207137         2.2404002154        -0.5541718474       -18.4206798491
        0.1855268000       -43.7752034154         2.2308098422         1.3174207137         2.2455039703        -0.5541718474       -18.0732492866
        0.1907134000       -36.6174884389         2.2429699727         1.3250776943         2.2378483379        -0.3547098747       -18.5943951303
        0.1955534000        -2.8284395049         2.4758141405         1.3148683868         2.2352964605        -0.6206591717       -18.7681104116
        0.2006517000        23.1711618367         2.7504880161         1.3148683868         2.2276408281        -0.6206591717       -19.2892562553
        0.2054493000       -59.3540986002         2.2050786233         1.3378393285         2.2352964605        -0.0222732536       -18.7681104116
        0.2105503000       -78.1959849653         2.1752205933         1.3454963091         2.2352964605         0.1771887191       -18.7681104116
        0.2155787000        -1.9513533168         2.4862208923         1.3250776943         2.2276408281        -0.3547098747       -19.2892562553
        0.2206108000       -36.6174884389         2.2429699727         1.3250776943         2.2378483379        -0.3547098747       -18.5943951303
        0.2254351000       -99.4237763226         2.1430933941         1.3506009628         2.2378483379         0.3101633675       -18.5943951303
        0.2304722000       -33.3544972586         2.2485868298         1.3378393285         2.2276408281        -0.0222732536       -19.2892562553
        0.2354586000        10.6099042599         2.6352619927         1.3199730405         2.2276408281        -0.4876845232       -19.2892562553
        0.2404985000         0.4345516753         2.5145299930         1.3276300211         2.2250889506        -0.2882225505       -19.4629715365
        0.2454648000       -60.8629174043         2.2026381239         1.3454963091         2.2301927056         0.1771887191       -19.1155409741
        0.2504196000       -29.4597734624         2.2553526085         1.3327346748         2.2301927056        -0.1552479021       -19.1155409741
        0.2554047000       -29.4597734624         2.2553526085         1.3327346748         2.2301927056        -0.1552479021       -19.1155409741
        0.2604717000        -3.4601721209         2.4683185435         1.3327346748         2.2225370732        -0.1552479021       -19.6366868178
        0.2654575000        32.7147818053         2.7618964795         1.3250776943         2.2174333183        -0.3547098747       -19.9841173803
        0.2704572000       -43.5298498432         2.2312230630         1.3454963091         2.2250889506         0.1771887191       -19.4629715365
        0.2755247000       -24.6879634781         2.2637348100         1.3378393285         2.2250889506        -0.0222732536       -19.4629715365
        0.2804770000       -12.1267059014         2.3654888926         1.3327346748         2.2250889506        -0.1552479021       -19.4629715365
        0.2855038000        26.4341530169         2.7543988406         1.3276300211         2.2174333183        -0.2882225505       -19.9841173803
        0.2904908000       -48.3016598275         2.2232315828         1.3403916554         2.2301927056         0.0442140706       -19.1155409741
        0.2955208000       -30.9685922665         2.2527235378         1.3403916554         2.2250889506         0.0442140706       -19.4629715365
        0.3005744000       -60.8629174043         2.2026381239         1.3454963091         2.2301927056         0.1771887191       -19.1155409741
        0.3054672000        27.9429718210         2.7562035898         1.3199730405         2.2225370732        -0.4876845232       -19.6366868178
        0.3106377000        32.7147818053         2.7618964795         1.3250776943         2.2174333183        -0.3547098747       -19.9841173803
        0.3156075000       -43.5298498432         2.2312230630         1.3454963091         2.2250889506         0.1771887191       -19.4629715365
        0.3208499000       -16.0214296976         2.3192774431         1.3378393285         2.2225370732        -0.0222732536       -19.6366868178
        0.3266794000        -9.7408009092         2.3937979933         1.3352870017         2.2225370732        -0.0887605778       -19.6366868178
        0.3307326000       -39.6351260470         2.2378166329         1.3403916554         2.2276408281         0.0442140706       -19.2892562553
        0.3357451000         1.3116378635         2.5249367449         1.3378393285         2.2174333183        -0.0222732536       -19.9841173803
        0.3406337000         2.8204566675         2.5428390937         1.3301823480         2.2225370732        -0.2217352263       -19.6366868178
        0.3456207000         9.9781716440         2.6277663958         1.3378393285         2.2148814408        -0.0222732536       -20.1578326615
        0.3507723000       -52.1963836237         2.2167786123         1.3454963091         2.2276408281         0.1771887191       -19.2892562553
        0.3554681000       -60.8629174043         2.2026381239         1.3454963091         2.2301927056         0.1771887191       -19.1155409741
        0.3606278000        -3.4601721209         2.4683185435         1.3327346748         2.2225370732        -0.1552479021       -19.6366868178
        0.3656162000        12.9958092521         2.6635710934         1.3225253674         2.2250889506        -0.4211971990       -19.4629715365
        0.3706099000       -64.7576412005         2.1963791727         1.3506009628         2.2276408281         0.3101633675       -19.2892562553
        0.3755531000         9.9781716440         2.6277663958         1.3378393285         2.2148814408        -0.0222732536       -20.1578326615
        0.3807091000        41.3813155858         2.7721799026         1.3250776943         2.2148814408        -0.3547098747       -20.1578326615
        0.3854674000       -13.6355247054         2.3475865438         1.3403916554         2.2199851957         0.0442140706       -19.8104020990
        0.3910763000       -22.3020584860         2.2679648371         1.3403916554         2.2225370732         0.0442140706       -19.6366868178
        0.3956019000       -39.6351260470         2.2378166329         1.3403916554         2.2276408281         0.0442140706       -19.2892562553
        0.4005855000        13.8728954402         2.6739778453         1.3327346748         2.2174333183        -0.1552479021       -19.9841173803
        0.4054663000         5.2063616597         2.5711481944         1.3327346748         2.2199851957        -0.1552479021       -19.8104020990
        0.4106612000        -7.3548959171         2.4221070940         1.3378393285         2.2199851957        -0.0222732536       -19.8104020990
        0.4156329000        13.8728954402         2.6739778453         1.3327346748         2.2174333183        -0.1552479021       -19.9841173803
        0.4206976000       -13.6355247054         2.3475865438         1.3403916554         2.2199851957         0.0442140706       -19.8104020990
        0.4256627000       -45.9157548354         2.2272154672         1.3429439823         2.2276408281         0.1107013948       -19.2892562553
        0.4306669000        16.2588004323         2.7022869460         1.3352870017         2.2148814408        -0.0887605778       -20.1578326615
        0.4355539000       -24.6879634781         2.2637348100         1.3378393285         2.2250889506        -0.0222732536       -19.4629715365
        0.4405842000        16.2588004323         2.7022869460         1.3352870017         2.2148814408        -0.0887605778       -20.1578326615
        0.4456459000        -9.7408009092         2.3937979933         1.3352870017         2.2225370732        -0.0887605778       -19.6366868178
        0.4505300000        22.5394292207         2.7497296061         1.3327346748         2.2148814408        -0.1552479021       -20.1578326615
        0.4555127000        -3.4601721209         2.4683185435         1.3327346748         2.2225370732        -0.1552479021       -19.6366868178
        0.4606288000       -52.1963836237         2.2167786123         1.3454963091         2.2276408281         0.1771887191       -19.2892562553
        0.4654904000       -45.9157548354         2.2272154672         1.3429439823         2.2276408281         0.1107013948       -19.2892562553
        0.4707377000        28.8200580091         2.7572516587         1.3301823480         2.2148814408        -0.2217352263       -20.1578326615
        0.4755951000       -71.9153561770         2.1850265203         1.3429439823         2.2352964605         0.1107013948       -18.7681104116
        0.4805975000       -22.3020584860         2.2679648371         1.3403916554         2.2225370732         0.0442140706       -19.6366868178
        0.4855284000        17.7676192364         2.7201892948         1.3276300211         2.2199851957        -0.2882225505       -19.8104020990
        0.4907238000        20.1535242286         2.7468615592         1.3301823480         2.2174333183        -0.2217352263       -19.9841173803
        0.4961476000       -43.5298498432         2.2312230630         1.3454963091         2.2250889506         0.1771887191       -19.4629715365
        0.5006245000       -13.6355247054         2.3475865438         1.3403916554         2.2199851957         0.0442140706       -19.8104020990
        0.5055442000       -19.9161534938         2.2730659936         1.3429439823         2.2199851957         0.1107013948       -19.8104020990
        0.5106732000       -52.1963836237         2.2167786123         1.3454963091         2.2276408281         0.1771887191       -19.2892562553
        0.5157234000         5.2063616597         2.5711481944         1.3327346748         2.2199851957        -0.1552479021       -19.8104020990
        0.5207365000        42.8901343899         2.7739630589         1.3174207137         2.2199851957        -0.5541718474       -19.8104020990
        0.5256723000       -26.1967822822         2.2610732467         1.3454963091         2.2199851957         0.1771887191       -19.8104020990
        0.5306533000       -13.6355247054         2.3475865438         1.3403916554         2.2199851957         0.0442140706       -19.8104020990
        0.5356129000         5.2063616597         2.5711481944         1.3327346748         2.2199851957        -0.1552479021       -19.8104020990
        0.5405607000        37.4865917896         2.7675673132         1.3301823480         2.2123295633        -0.2217352263       -20.3315479428
        0.5456349000       -34.8633160627         2.2459837851         1.3454963091         2.2225370732         0.1771887191       -19.6366868178
        0.5507109000       -19.9161534938         2.2730659936         1.3429439823         2.2199851957         0.1107013948       -19.8104020990
        0.5555375000       -52.1963836237         2.2167786123         1.3454963091         2.2276408281         0.1771887191       -19.2892562553
        0.5606379000       -30.9685922665         2.2527235378         1.3403916554         2.2250889506         0.0442140706       -19.4629715365
        0.5660193000        38.9954105936         2.7693559091         1.3225253674         2.2174333183        -0.4211971990       -19.9841173803
        0.5706748000         1.3116378635         2.5249367449         1.3378393285         2.2174333183        -0.0222732536       -19.9841173803
        0.5754645000       -53.7052024278         2.2142952845         1.3531532897         2.2225370732         0.3766506917       -19.6366868178
        0.5805517000        50.0478493663         2.7823943110         1.3250776943         2.2123295633        -0.3547098747       -20.3315479428
        0.5855356000         7.5922666518         2.5994572951         1.3352870017         2.2174333183        -0.0887605778       -19.9841173803
        0.5905113000        -4.9689909249         2.4504161947         1.3403916554         2.2174333183         0.0442140706       -19.9841173803
        0.5958902000        -1.0742671287         2.4966276442         1.3352870017         2.2199851957        -0.0887605778       -19.8104020990
        0.6004806000       -34.8633160627         2.2459837851         1.3454963091         2.2225370732         0.1771887191       -19.6366868178
        0.6054546000        24.0482480248         2.7515403017         1.3250776943         2.2199851957        -0.3547098747       -19.8104020990
        0.6105470000         7.5922666518         2.5994572951         1.3352870017         2.2174333183        -0.0887605778       -19.9841173803
        0.6156434000        31.2059630012         2.7600988348         1.3327346748         2.2123295633        -0.1552479021       -20.3315479428
        0.6206042000       -37.2492210548         2.2418878825         1.3429439823         2.2250889506         0.1107013948       -19.4629715365
        0.6257559000        46.1531255701         2.7778122758         1.3301823480         2.2097776859        -0.2217352263       -20.5052632240
        0.6305545000        45.2760393820         2.7767785543         1.3199730405         2.2174333183        -0.4876845232       -19.9841173803
        0.6356957000        -7.3548959171         2.4221070940         1.3378393285         2.2199851957        -0.0222732536       -19.8104020990
        0.6406358000         7.5922666518         2.5994572951         1.3352870017         2.2174333183        -0.0887605778       -19.9841173803
        0.6456897000        -4.9689909249         2.4504161947         1.3403916554         2.2174333183         0.0442140706       -19.9841173803
        0.6506312000        31.2059630012         2.7600988348         1.3327346748         2.2123295633        -0.1552479021       -20.3315479428
        0.6555618000       -43.5298498432         2.2312230630         1.3454963091         2.2250889506         0.1771887191       -19.4629715365
        0.6606588000        -4.9689909249         2.4504161947         1.3403916554         2.2174333183         0.0442140706       -19.9841173803
        0.6656254000         1.3116378635         2.5249367449         1.3378393285         2.2174333183        -0.0222732536       -19.9841173803
        0.6706861000        22.5394292207         2.7497296061         1.3327346748         2.2148814408        -0.1552479021       -20.1578326615
        0.6756802000       -37.2492210548         2.2418878825         1.3429439823         2.2250889506         0.1107013948       -19.4629715365
        0.6806496000         7.5922666518         2.5994572951         1.3352870017         2.2174333183        -0.0887605778       -19.9841173803
        0.6856596000        -1.0742671287         2.4966276442         1.3352870017         2.2199851957        -0.0887605778       -19.8104020990
        0.6906402000         1.3116378635         2.5249367449         1.3378393285         2.2174333183        -0.0222732536       -19.9841173803
        0.6956311000        -7.3548959171         2.4221070940         1.3378393285         2.2199851957        -0.0222732536       -19.8104020990
        0.7006747000        18.6447054245         2.7305960467         1.3378393285         2.2123295633        -0.0222732536       -20.3315479428
        0.7054915000       -13.6355247054         2.3475865438         1.3403916554         2.2199851957         0.0442140706       -19.8104020990
        0.7109889000        -4.9689909249         2.4504161947         1.3403916554         2.2174333183         0.0442140706       -19.9841173803
        0.7156232000         1.3116378635         2.5249367449         1.3378393285         2.2174333183        -0.0222732536       -19.9841173803
        0.7211154000       -28.5826872743         2.2568855889         1.3429439823         2.2225370732         0.1107013948       -19.6366868178
        0.7256051000        37.4865917896         2.7675673132         1.3301823480         2.2123295633        -0.2217352263       -20.3315479428
        0.7386194000        -7.3548959171         2.4221070940         1.3378393285         2.2199851957        -0.0222732536       -19.8104020990
        0.7410483000       -28.5826872743         2.2568855889         1.3429439823         2.2225370732         0.1107013948       -19.6366868178
        0.7464464000        18.6447054245         2.7305960467         1.3378393285         2.2123295633        -0.0222732536       -20.3315479428
        0.7484949000         1.3116378635         2.5249367449         1.3378393285         2.2174333183        -0.0222732536       -19.9841173803
        0.7521745000        -7.3548959171         2.4221070940         1.3378393285         2.2199851957        -0.0222732536       -19.8104020990
        0.7554704000       -34.8633160627         2.2459837851         1.3454963091         2.2225370732         0.1771887191       -19.6366868178
        0.7604768000        -4.9689909249         2.4504161947         1.3403916554         2.2174333183         0.0442140706       -19.9841173803
        0.7657194000        39.8724967818         2.7703946546         1.3327346748         2.2097776859        -0.1552479021       -20.5052632240
        0.7709848000       -37.2492210548         2.2418878825         1.3429439823         2.2250889506         0.1107013948       -19.4629715365
        0.7755437000        -7.3548959171         2.4221070940         1.3378393285         2.2199851957        -0.0222732536       -19.8104020990
        0.7806660000        13.8728954402         2.6739778453         1.3327346748         2.2174333183        -0.1552479021       -19.9841173803
        0.7856705000        31.2059630012         2.7600988348         1.3327346748         2.2123295633        -0.1552479021       -20.3315479428
        0.7907049000       -36.3721348667         2.2433907041         1.3531532897         2.2174333183         0.3766506917       -19.9841173803
        0.7956505000         1.3116378635         2.5249367449         1.3378393285         2.2174333183        -0.0222732536       -19.9841173803
        0.8006154000        -1.0742671287         2.4966276442         1.3352870017         2.2199851957        -0.0887605778       -19.8104020990
        0.8063102000       -34.8633160627         2.2459837851         1.3454963091         2.2225370732         0.1771887191       -19.6366868178
        0.8104875000         1.3116378635         2.5249367449         1.3378393285         2.2174333183        -0.0222732536       -19.9841173803
        0.8155344000        18.6447054245         2.7305960467         1.3378393285         2.2123295633        -0.0222732536       -20.3315479428
        0.8206814000       -49.8104786316         2.2207243424         1.3480486360         2.2250889506         0.2436760433       -19.4629715365
        0.8255982000         1.3116378635         2.5249367449         1.3378393285         2.2174333183        -0.0222732536       -19.9841173803
        0.8306273000        24.9253342129         2.7525918035         1.3352870017         2.2123295633        -0.0887605778       -20.3315479428
        0.8356943000       -34.8633160627         2.2459837851         1.3454963091         2.2225370732         0.1771887191       -19.6366868178
        0.8406364000        31.2059630012         2.7600988348         1.3327346748         2.2123295633        -0.1552479021       -20.3315479428
        0.8456804000       -34.8633160627         2.2459837851         1.3454963091         2.2225370732         0.1771887191       -19.6366868178
        0.8506172000        39.8724967818         2.7703946546         1.3327346748         2.2097776859        -0.1552479021       -20.5052632240
        0.8554952000         7.5922666518         2.5994572951         1.3352870017         2.2174333183        -0.0887605778       -19.9841173803
        0.8606255000        18.6447054245         2.7305960467         1.3378393285         2.2123295633        -0.0222732536       -20.3315479428
        0.8656103000       -37.2492210548         2.2418878825         1.3429439823         2.2250889506         0.1107013948       -19.4629715365
        0.8706362000        39.8724967818         2.7703946546         1.3327346748         2.2097776859        -0.1552479021       -20.5052632240
        0.8756256000        31.2059630012         2.7600988348         1.3327346748         2.2123295633        -0.1552479021       -20.3315479428
        0.8805937000        -7.3548959171         2.4221070940         1.3378393285         2.2199851957        -0.0222732536       -19.8104020990
        0.8855687000       -37.2492210548         2.2418878825         1.3429439823         2.2250889506         0.1107013948       -19.4629715365
        0.8905710000         6.0834478478         2.5815549462         1.3429439823         2.2123295633         0.1107013948       -20.3315479428
        0.8955763000        -4.9689909249         2.4504161947         1.3403916554         2.2174333183         0.0442140706       -19.9841173803
        0.9005754000        -7.3548959171         2.4221070940         1.3378393285         2.2199851957        -0.0222732536       -19.8104020990
        0.9060128000       -34.8633160627         2.2459837851         1.3454963091         2.2225370732         0.1771887191       -19.6366868178
        0.9106907000        -4.9689909249         2.4504161947         1.3403916554         2.2174333183         0.0442140706       -19.9841173803
        0.9157432000         5.2063616597         2.5711481944         1.3327346748         2.2199851957        -0.1552479021       -19.8104020990
        0.9206534000       -28.5826872743         2.2568855889         1.3429439823         2.2225370732         0.1107013948       -19.6366868178
        0.9257225000         1.3116378635         2.5249367449         1.3378393285         2.2174333183        -0.0222732536       -19.9841173803
        0.9305797000        -1.0742671287         2.4966276442         1.3352870017         2.2199851957        -0.0887605778       -19.8104020990
        0.9356558000        -4.9689909249         2.4504161947         1.3403916554         2.2174333183         0.0442140706       -19.9841173803
        0.9406833000        -7.3548959171         2.4221070940         1.3378393285         2.2199851957        -0.0222732536       -19.8104020990
        0.9470493000         1.3116378635         2.5249367449         1.3378393285         2.2174333183        -0.0222732536       -19.9841173803
        0.9505737000        -7.3548959171         2.4221070940         1.3378393285         2.2199851957        -0.0222732536       -19.8104020990
        0.9561395000       -37.2492210548         2.2418878825         1.3429439823         2.2250889506         0.1107013948       -19.4629715365
        0.9606665000       -28.5826872743         2.2568855889         1.3429439823         2.2225370732         0.1107013948       -19.6366868178
        0.9655439000        31.2059630012         2.7600988348         1.3327346748         2.2123295633        -0.1552479021       -20.3315479428
        0.9705755000         1.3116378635         2.5249367449         1.3378393285         2.2174333183        -0.0222732536       -19.9841173803
        0.9757089000        31.2059630012         2.7600988348         1.3327346748         2.2123295633        -0.1552479021       -20.3315479428
        0.9806344000         9.9781716440         2.6277663958         1.3378393285         2.2148814408        -0.0222732536       -20.1578326615
        0.9856638000         7.5922666518         2.5994572951         1.3352870017         2.2174333183        -0.0887605778       -19.9841173803
        0.9906973000        37.4865917896         2.7675673132         1.3301823480         2.2123295633        -0.2217352263       -20.3315479428
        0.9956354000        31.2059630012         2.7600988348         1.3327346748         2.2123295633        -0.1552479021       -20.3315479428
        1.0006908000       -43.5298498432         2.2312230630         1.3454963091         2.2250889506         0.1771887191       -19.4629715365
        1.0055649000         1.3116378635         2.5249367449         1.3378393285         2.2174333183        -0.0222732536       -19.9841173803
        1.0105897000        -4.9689909249         2.4504161947         1.3403916554         2.2174333183         0.0442140706       -19.9841173803
        1.0155775000        31.2059630012         2.7600988348         1.3327346748         2.2123295633        -0.1552479021       -20.3315479428
        1.0204977000        -7.3548959171         2.4221070940         1.3378393285         2.2199851957        -0.0222732536       -19.8104020990
        1.0256150000        -7.3548959171         2.4221070940         1.3378393285         2.2199851957        -0.0222732536       -19.8104020990
        1.0305294000         1.3116378635         2.5249367449         1.3378393285         2.2174333183        -0.0222732536       -19.9841173803
        1.0356081000        39.8724967818         2.7703946546         1.3327346748         2.2097776859        -0.1552479021       -20.5052632240
        1.0405710000        -7.3548959171         2.4221070940         1.3378393285         2.2199851957        -0.0222732536       -19.8104020990
        1.0456012000         1.3116378635         2.5249367449         1.3378393285         2.2174333183        -0.0222732536       -19.9841173803
        1.0505420000        39.8724967818         2.7703946546         1.3327346748         2.2097776859        -0.1552479021       -20.5052632240
        1.0555494000         1.3116378635         2.5249367449         1.3378393285         2.2174333183        -0.0222732536       -19.9841173803
        1.0606932000        31.2059630012         2.7600988348         1.3327346748         2.2123295633        -0.1552479021       -20.3315479428
        1.0656310000       -34.8633160627         2.2459837851         1.3454963091         2.2225370732         0.1771887191       -19.6366868178
        1.0705714000        24.9253342129         2.7525918035         1.3352870017         2.2123295633        -0.0887605778       -20.3315479428
        1.0756216000       -28.5826872743         2.2568855889         1.3429439823         2.2225370732         0.1107013948       -19.6366868178
        1.0807644000        27.3112392050         2.7554482302         1.3378393285         2.2097776859        -0.0222732536       -20.5052632240
        1.0856519000       -42.6527636551         2.2327023131         1.3557056165         2.2174333183         0.4431380160       -19.9841173803
        1.0906018000        -7.3548959171         2.4221070940         1.3378393285         2.2199851957        -0.0222732536       -19.8104020990
        1.0956509000         1.3116378635         2.5249367449         1.3378393285         2.2174333183        -0.0222732536       -19.9841173803
        1.1050817000         1.3116378635         2.5249367449         1.3378393285         2.2174333183        -0.0222732536       -19.9841173803
        1.1068666000         1.3116378635         2.5249367449         1.3378393285         2.2174333183        -0.0222732536       -19.9841173803
        1.1121241000       -37.2492210548         2.2418878825         1.3429439823         2.2250889506         0.1107013948       -19.4629715365
        1.1155176000        -7.3548959171         2.4221070940         1.3378393285         2.2199851957        -0.0222732536       -19.8104020990
        1.1205487000        37.4865917896         2.7675673132         1.3301823480         2.2123295633        -0.2217352263       -20.3315479428
        1.1256236000        -7.3548959171         2.4221070940         1.3378393285         2.2199851957        -0.0222732536       -19.8104020990
        1.1305590000        -7.3548959171         2.4221070940         1.3378393285         2.2199851957        -0.0222732536       -19.8104020990
        1.1356773000        13.8728954402         2.6739778453         1.3327346748         2.2174333183        -0.1552479021       -19.9841173803
        1.1405926000        31.2059630012         2.7600988348         1.3327346748         2.2123295633        -0.1552479021       -20.3315479428
        1.1456597000         1.3116378635         2.5249367449         1.3378393285         2.2174333183        -0.0222732536       -19.9841173803
        1.1506601000        -6.4778097290         2.4325138458         1.3480486360         2.2123295633         0.2436760433       -20.3315479428
        1.1555857000         7.5922666518         2.5994572951         1.3352870017         2.2174333183        -0.0887605778       -19.9841173803
        1.1606024000        -7.3548959171         2.4221070940         1.3378393285         2.2199851957        -0.0222732536       -19.8104020990
        1.1656973000        -7.3548959171         2.4221070940         1.3378393285         2.2199851957        -0.0222732536       -19.8104020990
        1.1706338000        -4.9689909249         2.4504161947         1.3403916554         2.2174333183         0.0442140706       -19.9841173803
        1.1757167000       -30.9685922665         2.2527235378         1.3403916554         2.2250889506         0.0442140706       -19.4629715365
        1.1806182000       -28.5826872743         2.2568855889         1.3429439823         2.2225370732         0.1107013948       -19.6366868178
        1.1856315000       -43.5298498432         2.2312230630         1.3454963091         2.2250889506         0.1771887191       -19.4629715365
        1.1906530000         7.5922666518         2.5994572951         1.3352870017         2.2174333183        -0.0887605778       -19.9841173803
        1.1957452000       -37.2492210548         2.2418878825         1.3429439823         2.2250889506         0.1107013948       -19.4629715365
        1.2006854000        16.2588004323         2.7022869460         1.3352870017         2.2148814408        -0.0887605778       -20.1578326615
        1.2056126000        -1.0742671287         2.4966276442         1.3352870017         2.2199851957        -0.0887605778       -19.8104020990
        1.2106247000        31.2059630012         2.7600988348         1.3327346748         2.2123295633        -0.1552479021       -20.3315479428
        1.2156370000         7.5922666518         2.5994572951         1.3352870017         2.2174333183        -0.0887605778       -19.9841173803
        1.2206100000        31.2059630012         2.7600988348         1.3327346748         2.2123295633        -0.1552479021       -20.3315479428
        1.2255812000        -1.0742671287         2.4966276442         1.3352870017         2.2199851957        -0.0887605778       -19.8104020990
        1.2305277000        -7.3548959171         2.4221070940         1.3378393285         2.2199851957        -0.0222732536       -19.8104020990
        1.2355315000        28.8200580091         2.7572516587         1.3301823480         2.2148814408        -0.2217352263       -20.1578326615
        1.2405938000       -59.9858312162         2.2040557217         1.3557056165         2.2225370732         0.4431380160       -19.6366868178
        1.2456020000        -7.3548959171         2.4221070940         1.3378393285         2.2199851957        -0.0222732536       -19.8104020990
        1.2505132000         7.5922666518         2.5994572951         1.3352870017         2.2174333183        -0.0887605778       -19.9841173803
        1.2555738000        31.2059630012         2.7600988348         1.3327346748         2.2123295633        -0.1552479021       -20.3315479428
        1.2604756000       -37.2492210548         2.2418878825         1.3429439823         2.2250889506         0.1107013948       -19.4629715365
        1.2655966000        22.5394292207         2.7497296061         1.3327346748         2.2148814408        -0.1552479021       -20.1578326615
        1.2706096000       -13.6355247054         2.3475865438         1.3403916554         2.2199851957         0.0442140706       -19.8104020990
        1.2757118000        -7.3548959171         2.4221070940         1.3378393285         2.2199851957        -0.0222732536       -19.8104020990
        1.2807015000        17.7676192364         2.7201892948         1.3276300211         2.2199851957        -0.2882225505       -19.8104020990
        1.2855738000        -7.3548959171         2.4221070940         1.3378393285         2.2199851957        -0.0222732536       -19.8104020990
        1.2907165000        -1.0742671287         2.4966276442         1.3352870017         2.2199851957        -0.0887605778       -19.8104020990
        1.2956218000        -7.3548959171         2.4221070940         1.3378393285         2.2199851957        -0.0222732536       -19.8104020990
        1.3006276000        -1.0742671287         2.4966276442         1.3352870017         2.2199851957        -0.0887605778       -19.8104020990
        1.3057022000        37.4865917896         2.7675673132         1.3301823480         2.2123295633        -0.2217352263       -20.3315479428
        1.3105890000        37.4865917896         2.7675673132         1.3301823480         2.2123295633        -0.2217352263       -20.3315479428
        1.3155770000        16.2588004323         2.7022869460         1.3352870017         2.2148814408        -0.0887605778       -20.1578326615
        1.3205180000       -74.9329937850         2.1802972427         1.3582579434         2.2250889506         0.5096253402       -19.4629715365
        1.3256961000       -38.7580398589         2.2393104221         1.3506009628         2.2199851957         0.3101633675       -19.8104020990
        1.3305629000        -1.0742671287         2.4966276442         1.3352870017         2.2199851957        -0.0887605778       -19.8104020990
        1.3355267000       -45.9157548354         2.2272154672         1.3429439823         2.2276408281         0.1107013948       -19.2892562553
        1.3405525000        60.2232019509         2.7943039455         1.3174207137         2.2148814408        -0.5541718474       -20.1578326615
        1.3455860000        -7.3548959171         2.4221070940         1.3378393285         2.2199851957        -0.0222732536       -19.8104020990
        1.3505283000        39.8724967818         2.7703946546         1.3327346748         2.2097776859        -0.1552479021       -20.5052632240
        1.3556851000       -13.6355247054         2.3475865438         1.3403916554         2.2199851957         0.0442140706       -19.8104020990
        1.3605751000       -22.3020584860         2.2679648371         1.3403916554         2.2225370732         0.0442140706       -19.6366868178
        1.3655968000        37.4865917896         2.7675673132         1.3301823480         2.2123295633        -0.2217352263       -20.3315479428
        1.3705106000       -34.8633160627         2.2459837851         1.3454963091         2.2225370732         0.1771887191       -19.6366868178
        1.3768814000        -1.0742671287         2.4966276442         1.3352870017         2.2199851957        -0.0887605778       -19.8104020990
        1.3805908000         1.3116378635         2.5249367449         1.3378393285         2.2174333183        -0.0222732536       -19.9841173803
        1.3856519000       -22.3020584860         2.2679648371         1.3403916554         2.2225370732         0.0442140706       -19.6366868178
        1.3904845000        -9.7408009092         2.3937979933         1.3352870017         2.2225370732        -0.0887605778       -19.6366868178
        1.3955903000        -7.3548959171         2.4221070940         1.3378393285         2.2199851957        -0.0222732536       -19.8104020990
        1.4005531000        50.0478493663         2.7823943110         1.3250776943         2.2123295633        -0.3547098747       -20.3315479428
        1.4057060000        -1.0742671287         2.4966276442         1.3352870017         2.2199851957        -0.0887605778       -19.8104020990
        1.4106322000        22.5394292207         2.7497296061         1.3327346748         2.2148814408        -0.1552479021       -20.1578326615
        1.4154374000        -1.0742671287         2.4966276442         1.3352870017         2.2199851957        -0.0887605778       -19.8104020990
        1.4204862000       -45.9157548354         2.2272154672         1.3429439823         2.2276408281         0.1107013948       -19.2892562553
        1.4255225000       -37.2492210548         2.2418878825         1.3429439823         2.2250889506         0.1107013948       -19.4629715365
        1.4305852000        -7.3548959171         2.4221070940         1.3378393285         2.2199851957        -0.0222732536       -19.8104020990
        1.4355220000       -16.0214296976         2.3192774431         1.3378393285         2.2225370732        -0.0222732536       -19.6366868178
        1.4406089000         1.3116378635         2.5249367449         1.3378393285         2.2174333183        -0.0222732536       -19.9841173803
        1.4454638000        -7.3548959171         2.4221070940         1.3378393285         2.2199851957        -0.0222732536       -19.8104020990
        1.4516142000        17.7676192364         2.7201892948         1.3276300211         2.2199851957        -0.2882225505       -19.8104020990
        1.4557016000         1.3116378635         2.5249367449         1.3378393285         2.2174333183        -0.0222732536       -19.9841173803
        1.4606074000        -7.3548959171         2.4221070940         1.3378393285         2.2199851957        -0.0222732536       -19.8104020990
        1.4656239000       -37.2492210548         2.2418878825         1.3429439823         2.2250889506         0.1107013948       -19.4629715365
        1.4706269000        11.4869904480         2.6456687446         1.3301823480         2.2199851957        -0.2217352263       -19.8104020990
        1.4755988000        22.5394292207         2.7497296061         1.3327346748         2.2148814408        -0.1552479021       -20.1578326615
        1.4805214000         1.3116378635         2.5249367449         1.3378393285         2.2174333183        -0.0222732536       -19.9841173803
        1.4879834000        -1.0742671287         2.4966276442         1.3352870017         2.2199851957        -0.0887605778       -19.8104020990
        1.4931768000       -63.8805550124         2.1977835947         1.3608102703         2.2199851957         0.5761126644       -19.8104020990
        1.4955233000       -37.2492210548         2.2418878825         1.3429439823         2.2250889506         0.1107013948       -19.4629715365
        1.5005290000       -37.2492210548         2.2418878825         1.3429439823         2.2250889506         0.1107013948       -19.4629715365
        1.5055627000        22.5394292207         2.7497296061         1.3327346748         2.2148814408        -0.1552479021       -20.1578326615
        1.5105549000        -7.3548959171         2.4221070940         1.3378393285         2.2199851957        -0.0222732536       -19.8104020990
        1.5157357000         5.2063616597         2.5711481944         1.3327346748         2.2199851957        -0.1552479021       -19.8104020990
        1.5205365000         7.5922666518         2.5994572951         1.3352870017         2.2174333183        -0.0887605778       -19.9841173803
        1.5255378000       -37.2492210548         2.2418878825         1.3429439823         2.2250889506         0.1107013948       -19.4629715365
        1.5305047000        46.1531255701         2.7778122758         1.3301823480         2.2097776859        -0.2217352263       -20.5052632240
        1.5355919000        24.9253342129         2.7525918035         1.3352870017         2.2123295633        -0.0887605778       -20.3315479428
        1.5404639000        -4.9689909249         2.4504161947         1.3403916554         2.2174333183         0.0442140706       -19.9841173803
        1.5454677000       -34.8633160627         2.2459837851         1.3454963091         2.2225370732         0.1771887191       -19.6366868178
        1.5504578000        23.1711618367         2.7504880161         1.3148683868         2.2276408281        -0.6206591717       -19.2892562553
        1.5555603000       -34.8633160627         2.2459837851         1.3454963091         2.2225370732         0.1771887191       -19.6366868178
        1.5604623000       -43.5298498432         2.2312230630         1.3454963091         2.2250889506         0.1771887191       -19.4629715365
        1.5654448000        -7.3548959171         2.4221070940         1.3378393285         2.2199851957        -0.0222732536       -19.8104020990
        1.5704142000        -7.3548959171         2.4221070940         1.3378393285         2.2199851957        -0.0222732536       -19.8104020990
        1.5754849000        -1.0742671287         2.4966276442         1.3352870017         2.2199851957        -0.0887605778       -19.8104020990
        1.5805892000        37.4865917896         2.7675673132         1.3301823480         2.2123295633        -0.2217352263       -20.3315479428
        1.5855525000        -1.0742671287         2.4966276442         1.3352870017         2.2199851957        -0.0887605778       -19.8104020990
        1.5905466000       -43.5298498432         2.2312230630         1.3454963091         2.2250889506         0.1771887191       -19.4629715365
        1.5955531000        37.4865917896         2.7675673132         1.3301823480         2.2123295633        -0.2217352263       -20.3315479428
        1.6005126000        -1.0742671287         2.4966276442         1.3352870017         2.2199851957        -0.0887605778       -19.8104020990
        1.6055005000         7.5922666518         2.5994572951         1.3352870017         2.2174333183        -0.0887605778       -19.9841173803
        1.6105508000        46.1531255701         2.7778122758         1.3301823480         2.2097776859        -0.2217352263       -20.5052632240
        1.6155189000       -28.5826872743         2.2568855889         1.3429439823         2.2225370732         0.1107013948       -19.6366868178
        1.6205127000        -1.0742671287         2.4966276442         1.3352870017         2.2199851957        -0.0887605778       -19.8104020990
        1.6256318000        -7.3548959171         2.4221070940         1.3378393285         2.2199851957        -0.0222732536       -19.8104020990
        1.6306044000        -7.3548959171         2.4221070940         1.3378393285         2.2199851957        -0.0222732536       -19.8104020990
        1.6356571000        -9.7408009092         2.3937979933         1.3352870017         2.2225370732        -0.0887605778       -19.6366868178
        1.6405431000        31.2059630012         2.7600988348         1.3327346748         2.2123295633        -0.1552479021       -20.3315479428
        1.6456442000       -37.2492210548         2.2418878825         1.3429439823         2.2250889506         0.1107013948       -19.4629715365
        1.6505894000       -26.1967822822         2.2610732467         1.3454963091         2.2199851957         0.1771887191       -19.8104020990
        1.6555055000       -52.1963836237         2.2167786123         1.3454963091         2.2276408281         0.1771887191       -19.2892562553
        1.6606630000        -7.3548959171         2.4221070940         1.3378393285         2.2199851957        -0.0222732536       -19.8104020990
        1.6656810000        -1.0742671287         2.4966276442         1.3352870017         2.2199851957        -0.0887605778       -19.8104020990
        1.6707184000        -1.0742671287         2.4966276442         1.3352870017         2.2199851957        -0.0887605778       -19.8104020990
        1.6755140000       -43.5298498432         2.2312230630         1.3454963091         2.2250889506         0.1771887191       -19.4629715365
        1.6807321000       -28.5826872743         2.2568855889         1.3429439823         2.2225370732         0.1107013948       -19.6366868178
        1.6855528000         1.3116378635         2.5249367449         1.3378393285         2.2174333183        -0.0222732536       -19.9841173803
        1.6906199000        -7.3548959171         2.4221070940         1.3378393285         2.2199851957        -0.0222732536       -19.8104020990
        1.6956606000        37.4865917896         2.7675673132         1.3301823480         2.2123295633        -0.2217352263       -20.3315479428
        1.7005631000         7.5922666518         2.5994572951         1.3352870017         2.2174333183        -0.0887605778       -19.9841173803
        1.7055353000       -13.6355247054         2.3475865438         1.3403916554         2.2199851957         0.0442140706       -19.8104020990
        1.7106009000        22.5394292207         2.7497296061         1.3327346748         2.2148814408        -0.1552479021       -20.1578326615
        1.7155999000         1.3116378635         2.5249367449         1.3378393285         2.2174333183        -0.0222732536       -19.9841173803
        1.7205526000       -13.6355247054         2.3475865438         1.3403916554         2.2199851957         0.0442140706       -19.8104020990
        1.7255956000        43.7672205780         2.7749986656         1.3276300211         2.2123295633        -0.2882225505       -20.3315479428
        1.7306789000        20.1535242286         2.7468615592         1.3301823480         2.2174333183        -0.2217352263       -19.9841173803
        1.7357423000       -49.8104786316         2.2207243424         1.3480486360         2.2250889506         0.2436760433       -19.4629715365
        1.7407497000       -26.1967822822         2.2610732467         1.3454963091         2.2199851957         0.1771887191       -19.8104020990
        1.7457744000        28.8200580091         2.7572516587         1.3301823480         2.2148814408        -0.2217352263       -20.1578326615
        1.7506833000        22.5394292207         2.7497296061         1.3327346748         2.2148814408        -0.1552479021       -20.1578326615
        1.7611782000         1.3116378635         2.5249367449         1.3378393285         2.2174333183        -0.0222732536       -19.9841173803
        1.7628451000        -7.3548959171         2.4221070940         1.3378393285         2.2199851957        -0.0222732536       -19.8104020990
        1.7655645000       -43.5298498432         2.2312230630         1.3454963091         2.2250889506         0.1771887191       -19.4629715365
        1.7707508000        31.2059630012         2.7600988348         1.3327346748         2.2123295633        -0.1552479021       -20.3315479428
        1.7756914000       -30.9685922665         2.2527235378         1.3403916554         2.2250889506         0.0442140706       -19.4629715365
        1.7807466000        -1.0742671287         2.4966276442         1.3352870017         2.2199851957        -0.0887605778       -19.8104020990
        1.7855889000        -7.3548959171         2.4221070940         1.3378393285         2.2199851957        -0.0222732536       -19.8104020990
        1.7907097000       -62.3717362083         2.2002064689         1.3531532897         2.2250889506         0.3766506917       -19.4629715365
        1.7957042000       -43.5298498432         2.2312230630         1.3454963091         2.2250889506         0.1771887191       -19.4629715365
        1.8007107000        31.2059630012         2.7600988348         1.3327346748         2.2123295633        -0.1552479021       -20.3315479428
        1.8056874000       -37.2492210548         2.2418878825         1.3429439823         2.2250889506         0.1107013948       -19.4629715365
        1.8106982000        -1.0742671287         2.4966276442         1.3352870017         2.2199851957        -0.0887605778       -19.8104020990
        1.8158518000         7.5922666518         2.5994572951         1.3352870017         2.2174333183        -0.0887605778       -19.9841173803
        1.8205049000        -7.3548959171         2.4221070940         1.3378393285         2.2199851957        -0.0222732536       -19.8104020990
        1.8256329000         1.3116378635         2.5249367449         1.3378393285         2.2174333183        -0.0222732536       -19.9841173803
        1.8304601000         1.3116378635         2.5249367449         1.3378393285         2.2174333183        -0.0222732536       -19.9841173803
        1.8356023000        -7.3548959171         2.4221070940         1.3378393285         2.2199851957        -0.0222732536       -19.8104020990
        1.8405559000         1.3116378635         2.5249367449         1.3378393285         2.2174333183        -0.0222732536       -19.9841173803
        1.8454600000       -41.1439448511         2.2352546283         1.3480486360         2.2225370732         0.2436760433       -19.6366868178
        1.8507280000       -16.0214296976         2.3192774431         1.3378393285         2.2225370732        -0.0222732536       -19.6366868178
        1.8556825000        -1.0742671287         2.4966276442         1.3352870017         2.2199851957        -0.0887605778       -19.8104020990
        1.8606998000        31.2059630012         2.7600988348         1.3327346748         2.2123295633        -0.1552479021       -20.3315479428
        1.8656242000       -37.2492210548         2.2418878825         1.3429439823         2.2250889506         0.1107013948       -19.4629715365
        1.8705684000        48.5390305623         2.7806208106         1.3327346748         2.2072258084        -0.1552479021       -20.6789785052
        1.8762544000        31.2059630012         2.7600988348         1.3327346748         2.2123295633        -0.1552479021       -20.3315479428
        1.8806017000        -7.3548959171         2.4221070940         1.3378393285         2.2199851957        -0.0222732536       -19.8104020990
        1.8855739000        37.4865917896         2.7675673132         1.3301823480         2.2123295633        -0.2217352263       -20.3315479428
        1.8907010000         1.3116378635         2.5249367449         1.3378393285         2.2174333183        -0.0222732536       -19.9841173803
        1.8955243000        -4.9689909249         2.4504161947         1.3403916554         2.2174333183         0.0442140706       -19.9841173803
        1.9005817000       -24.6879634781         2.2637348100         1.3378393285         2.2250889506        -0.0222732536       -19.4629715365
        1.9056756000         1.3116378635         2.5249367449         1.3378393285         2.2174333183        -0.0222732536       -19.9841173803
        1.9105284000       -18.4073346898         2.2909683424         1.3352870017         2.2250889506        -0.0887605778       -19.4629715365
        1.9155242000        14.7499816283         2.6843845971         1.3429439823         2.2097776859         0.1107013948       -20.5052632240
        1.9206043000       -34.8633160627         2.2459837851         1.3454963091         2.2225370732         0.1771887191       -19.6366868178
        1.9254206000        -4.9689909249         2.4504161947         1.3403916554         2.2174333183         0.0442140706       -19.9841173803
        1.9305434000        20.1535242286         2.7468615592         1.3301823480         2.2174333183        -0.2217352263       -19.9841173803
        1.9357921000        42.8901343899         2.7739630589         1.3174207137         2.2199851957        -0.5541718474       -19.8104020990
        1.9405196000        -1.0742671287         2.4966276442         1.3352870017         2.2199851957        -0.0887605778       -19.8104020990
        1.9455580000        -1.0742671287         2.4966276442         1.3352870017         2.2199851957        -0.0887605778       -19.8104020990
        1.9506373000        31.2059630012         2.7600988348         1.3327346748         2.2123295633        -0.1552479021       -20.3315479428
        1.9559634000        28.8200580091         2.7572516587         1.3301823480         2.2148814408        -0.2217352263       -20.1578326615
        1.9606028000        31.2059630012         2.7600988348         1.3327346748         2.2123295633        -0.1552479021       -20.3315479428
        1.9656449000        -4.9689909249         2.4504161947         1.3403916554         2.2174333183         0.0442140706       -19.9841173803
        1.9705862000        22.5394292207         2.7497296061         1.3327346748         2.2148814408        -0.1552479021       -20.1578326615
        1.9755655000       -30.9685922665         2.2527235378         1.3403916554         2.2250889506         0.0442140706       -19.4629715365
        1.9806420000        22.5394292207         2.7497296061         1.3327346748         2.2148814408        -0.1552479021       -20.1578326615
        1.9856767000        22.5394292207         2.7497296061         1.3327346748         2.2148814408        -0.1552479021       -20.1578326615
        1.9905825000       -56.0911074199         2.2103870275         1.3506009628         2.2250889506         0.3101633675       -19.4629715365
        1.9955872000       -13.6355247054         2.3475865438         1.3403916554         2.2199851957         0.0442140706       -19.8104020990
        2.0006139000        43.7672205780         2.7749986656         1.3276300211         2.2123295633        -0.2882225505       -20.3315479428
        2.0055798000        -4.9689909249         2.4504161947         1.3403916554         2.2174333183         0.0442140706       -19.9841173803
        2.0105005000        22.5394292207         2.7497296061         1.3327346748         2.2148814408        -0.1552479021       -20.1578326615
        2.0156047000        31.2059630012         2.7600988348         1.3327346748         2.2123295633        -0.1552479021       -20.3315479428
        2.0207379000        31.2059630012         2.7600988348         1.3327346748         2.2123295633        -0.1552479021       -20.3315479428
        2.0256053000       -19.9161534938         2.2730659936         1.3429439823         2.2199851957         0.1107013948       -19.8104020990
        2.0305380000       -37.2492210548         2.2418878825         1.3429439823         2.2250889506         0.1107013948       -19.4629715365
        2.0355978000        11.4869904480         2.6456687446         1.3301823480         2.2199851957        -0.2217352263       -19.8104020990
        2.0405974000        16.2588004323         2.7022869460         1.3352870017         2.2148814408        -0.0887605778       -20.1578326615
        2.0456138000       -19.9161534938         2.2730659936         1.3429439823         2.2199851957         0.1107013948       -19.8104020990
        2.0505278000       -30.9685922665         2.2527235378         1.3403916554         2.2250889506         0.0442140706       -19.4629715365
        2.0556325000       -32.4774110705         2.2501046022         1.3480486360         2.2199851957         0.2436760433       -19.8104020990
        2.0605945000        13.8728954402         2.6739778453         1.3327346748         2.2174333183        -0.1552479021       -19.9841173803
        2.0656288000        -9.7408009092         2.3937979933         1.3352870017         2.2225370732        -0.0887605778       -19.6366868178
        2.0705958000       -43.5298498432         2.2312230630         1.3454963091         2.2250889506         0.1771887191       -19.4629715365
        2.0755604000       -39.6351260470         2.2378166329         1.3403916554         2.2276408281         0.0442140706       -19.2892562553
        2.0805432000       -19.9161534938         2.2730659936         1.3429439823         2.2199851957         0.1107013948       -19.8104020990
        2.0854578000       -45.9157548354         2.2272154672         1.3429439823         2.2276408281         0.1107013948       -19.2892562553
        2.0906615000        -9.7408009092         2.3937979933         1.3352870017         2.2225370732        -0.0887605778       -19.6366868178
        2.0955889000       -22.3020584860         2.2679648371         1.3403916554         2.2225370732         0.0442140706       -19.6366868178
        2.1006221000       -60.8629174043         2.2026381239         1.3454963091         2.2301927056         0.1771887191       -19.1155409741
        2.1057376000       -18.4073346898         2.2909683424         1.3352870017         2.2250889506        -0.0887605778       -19.4629715365
        2.1105240000        82.9598121122         2.8206207562         1.3046590794         2.2174333183        -0.8866084686       -19.9841173803
        2.1155909000        36.6095056015         2.7665266073         1.3199730405         2.2199851957        -0.4876845232       -19.8104020990
        2.1206218000       -55.2140212318         2.2118211050         1.3608102703         2.2174333183         0.5761126644       -19.9841173803
        2.1255421000        13.8728954402         2.6739778453         1.3327346748         2.2174333183        -0.1552479021       -19.9841173803
        2.1307144000       -28.5826872743         2.2568855889         1.3429439823         2.2225370732         0.1107013948       -19.6366868178
        2.1356241000       -72.5470887929         2.1840337035         1.3608102703         2.2225370732         0.5761126644       -19.6366868178
        2.1405679000         7.5922666518         2.5994572951         1.3352870017         2.2174333183        -0.0887605778       -19.9841173803
        2.1455397000         7.5922666518         2.5994572951         1.3352870017         2.2174333183        -0.0887605778       -19.9841173803
        2.1507559000       -28.5826872743         2.2568855889         1.3429439823         2.2225370732         0.1107013948       -19.6366868178
        2.1557731000         1.3116378635         2.5249367449         1.3378393285         2.2174333183        -0.0222732536       -19.9841173803
        2.1606268000        39.8724967818         2.7703946546         1.3327346748         2.2097776859        -0.1552479021       -20.5052632240
        2.1656496000         1.3116378635         2.5249367449         1.3378393285         2.2174333183        -0.0222732536       -19.9841173803
        2.1705695000        -4.9689909249         2.4504161947         1.3403916554         2.2174333183         0.0442140706       -19.9841173803
        2.1756040000         7.5922666518         2.5994572951         1.3352870017         2.2174333183        -0.0887605778       -19.9841173803
        2.1806231000        48.5390305623         2.7806208106         1.3327346748         2.2072258084        -0.1552479021       -20.6789785052
        2.1856325000         3.6975428556         2.5532458456         1.3403916554         2.2148814408         0.0442140706       -20.1578326615
        2.1905302000        37.4865917896         2.7675673132         1.3301823480         2.2123295633        -0.2217352263       -20.3315479428
        2.1955828000        39.8724967818         2.7703946546         1.3327346748         2.2097776859        -0.1552479021       -20.5052632240
        2.2005135000         3.6975428556         2.5532458456         1.3403916554         2.2148814408         0.0442140706       -20.1578326615
        2.2056193000        16.2588004323         2.7022869460         1.3352870017         2.2148814408        -0.0887605778       -20.1578326615
        2.2105996000        39.8724967818         2.7703946546         1.3327346748         2.2097776859        -0.1552479021       -20.5052632240
        2.2156702000         1.3116378635         2.5249367449         1.3378393285         2.2174333183        -0.0222732536       -19.9841173803
        2.2207386000        39.8724967818         2.7703946546         1.3327346748         2.2097776859        -0.1552479021       -20.5052632240
        2.2257361000         7.5922666518         2.5994572951         1.3352870017         2.2174333183        -0.0887605778       -19.9841173803
        2.2306794000        31.2059630012         2.7600988348         1.3327346748         2.2123295633        -0.1552479021       -20.3315479428
        2.2356918000        27.3112392050         2.7554482302         1.3378393285         2.2097776859        -0.0222732536       -20.5052632240
        2.2407084000       -40.2668586629         2.2367427549         1.3582579434         2.2148814408         0.5096253402       -20.1578326615
        2.2457031000       -62.3717362083         2.2002064689         1.3531532897         2.2250889506         0.3766506917       -19.4629715365
        2.2509772000        15.3817142442         2.6918801941         1.3250776943         2.2225370732        -0.3547098747       -19.6366868178
        2.2557212000        31.2059630012         2.7600988348         1.3327346748         2.2123295633        -0.1552479021       -20.3315479428
        2.2606596000       -19.9161534938         2.2730659936         1.3429439823         2.2199851957         0.1107013948       -19.8104020990
        2.2657092000       -14.5126108935         2.3371797919         1.3301823480         2.2276408281        -0.2217352263       -19.2892562553
        2.2708681000        -7.3548959171         2.4221070940         1.3378393285         2.2199851957        -0.0222732536       -19.8104020990
        2.2755740000       -19.9161534938         2.2730659936         1.3429439823         2.2199851957         0.1107013948       -19.8104020990
        2.2812473000        -1.0742671287         2.4966276442         1.3352870017         2.2199851957        -0.0887605778       -19.8104020990
        2.2855461000        -7.3548959171         2.4221070940         1.3378393285         2.2199851957        -0.0222732536       -19.8104020990
        2.2907219000       -52.1963836237         2.2167786123         1.3454963091         2.2276408281         0.1771887191       -19.2892562553
        2.2955620000        28.8200580091         2.7572516587         1.3301823480         2.2148814408        -0.2217352263       -20.1578326615
        2.3008678000        22.5394292207         2.7497296061         1.3327346748         2.2148814408        -0.1552479021       -20.1578326615
        2.3056695000        -7.3548959171         2.4221070940         1.3378393285         2.2199851957        -0.0222732536       -19.8104020990
        2.3105682000        -9.7408009092         2.3937979933         1.3352870017         2.2225370732        -0.0887605778       -19.6366868178
        2.3156284000       -22.3020584860         2.2679648371         1.3403916554         2.2225370732         0.0442140706       -19.6366868178
        2.3206586000        -7.3548959171         2.4221070940         1.3378393285         2.2199851957        -0.0222732536       -19.8104020990
        2.3255837000        -7.3548959171         2.4221070940         1.3378393285         2.2199851957        -0.0222732536       -19.8104020990
        2.3305894000       -52.1963836237         2.2167786123         1.3454963091         2.2276408281         0.1771887191       -19.2892562553
        2.3355944000       -16.0214296976         2.3192774431         1.3378393285         2.2225370732        -0.0222732536       -19.6366868178
        2.3405537000        -7.3548959171         2.4221070940         1.3378393285         2.2199851957        -0.0222732536       -19.8104020990
        2.3456521000       -26.1967822822         2.2610732467         1.3454963091         2.2199851957         0.1771887191       -19.8104020990
        2.3506632000        -9.7408009092         2.3937979933         1.3352870017         2.2225370732        -0.0887605778       -19.6366868178
        2.3555812000       -45.9157548354         2.2272154672         1.3429439823         2.2276408281         0.1107013948       -19.2892562553
        2.3605901000       -43.5298498432         2.2312230630         1.3454963091         2.2250889506         0.1771887191       -19.4629715365
        2.3656984000        -7.3548959171         2.4221070940         1.3378393285         2.2199851957        -0.0222732536       -19.8104020990
        2.3706393000         5.2063616597         2.5711481944         1.3327346748         2.2199851957        -0.1552479021       -19.8104020990
        2.3755465000        42.8901343899         2.7739630589         1.3174207137         2.2199851957        -0.5541718474       -19.8104020990
        2.3805967000        24.9253342129         2.7525918035         1.3352870017         2.2123295633        -0.0887605778       -20.3315479428
        2.3856418000        12.3640766361         2.6560754965         1.3403916554         2.2123295633         0.0442140706       -20.3315479428
        2.3906717000         7.5922666518         2.5994572951         1.3352870017         2.2174333183        -0.0887605778       -19.9841173803
        2.3956244000        -7.3548959171         2.4221070940         1.3378393285         2.2199851957        -0.0222732536       -19.8104020990
        2.4005665000        24.9253342129         2.7525918035         1.3352870017         2.2123295633        -0.0887605778       -20.3315479428
        2.4056080000        -1.0742671287         2.4966276442         1.3352870017         2.2199851957        -0.0887605778       -19.8104020990
        2.4106220000        -4.0919047368         2.4608229465         1.3506009628         2.2097776859         0.3101633675       -20.5052632240
        2.4155911000        16.2588004323         2.7022869460         1.3352870017         2.2148814408        -0.0887605778       -20.1578326615
        2.4206446000        16.2588004323         2.7022869460         1.3352870017         2.2148814408        -0.0887605778       -20.1578326615
        2.4255784000        39.8724967818         2.7703946546         1.3327346748         2.2097776859        -0.1552479021       -20.5052632240
        2.4306313000        57.8372969588         2.7915191520         1.3148683868         2.2174333183        -0.6206591717       -19.9841173803
        2.4355660000       -37.2492210548         2.2418878825         1.3429439823         2.2250889506         0.1107013948       -19.4629715365
        2.4407393000        -7.3548959171         2.4221070940         1.3378393285         2.2199851957        -0.0222732536       -19.8104020990
        2.4456540000        -4.9689909249         2.4504161947         1.3403916554         2.2174333183         0.0442140706       -19.9841173803
        2.4506210000        37.4865917896         2.7675673132         1.3301823480         2.2123295633        -0.2217352263       -20.3315479428
        2.4557187000        -1.0742671287         2.4966276442         1.3352870017         2.2199851957        -0.0887605778       -19.8104020990
        2.4606604000       -13.6355247054         2.3475865438         1.3403916554         2.2199851957         0.0442140706       -19.8104020990
        2.4656300000        -7.3548959171         2.4221070940         1.3378393285         2.2199851957        -0.0222732536       -19.8104020990
        2.4706377000        -1.0742671287         2.4966276442         1.3352870017         2.2199851957        -0.0887605778       -19.8104020990
        2.4755707000       -28.5826872743         2.2568855889         1.3429439823         2.2225370732         0.1107013948       -19.6366868178
        2.4805797000       -43.5298498432         2.2312230630         1.3454963091         2.2250889506         0.1771887191       -19.4629715365
        2.4855082000       -13.6355247054         2.3475865438         1.3403916554         2.2199851957         0.0442140706       -19.8104020990
        2.4923011000        31.2059630012         2.7600988348         1.3327346748         2.2123295633        -0.1552479021       -20.3315479428
        2.4955997000       -37.2492210548         2.2418878825         1.3429439823         2.2250889506         0.1107013948       -19.4629715365
        2.5004784000        -7.3548959171         2.4221070940         1.3378393285         2.2199851957        -0.0222732536       -19.8104020990
        2.5057259000        31.2059630012         2.7600988348         1.3327346748         2.2123295633        -0.1552479021       -20.3315479428
        2.5108177000         1.3116378635         2.5249367449         1.3378393285         2.2174333183        -0.0222732536       -19.9841173803
        2.5156822000        31.2059630012         2.7600988348         1.3327346748         2.2123295633        -0.1552479021       -20.3315479428
        2.5205952000        31.2059630012         2.7600988348         1.3327346748         2.2123295633        -0.1552479021       -20.3315479428
        2.5254863000         3.6975428556         2.5532458456         1.3403916554         2.2148814408         0.0442140706       -20.1578326615
        2.5307380000         1.3116378635         2.5249367449         1.3378393285         2.2174333183        -0.0222732536       -19.9841173803
        2.5355012000       -34.8633160627         2.2459837851         1.3454963091         2.2225370732         0.1771887191       -19.6366868178
        2.5405923000        31.2059630012         2.7600988348         1.3327346748         2.2123295633        -0.1552479021       -20.3315479428
        2.5455579000       -37.2492210548         2.2418878825         1.3429439823         2.2250889506         0.1107013948       -19.4629715365
        2.5506843000         7.5922666518         2.5994572951         1.3352870017         2.2174333183        -0.0887605778       -19.9841173803
        2.5554778000        -1.0742671287         2.4966276442         1.3352870017         2.2199851957        -0.0887605778       -19.8104020990
        2.5606752000       -34.8633160627         2.2459837851         1.3454963091         2.2225370732         0.1771887191       -19.6366868178
        2.5656296000       -19.9161534938         2.2730659936         1.3429439823         2.2199851957         0.1107013948       -19.8104020990
        2.5705962000        37.4865917896         2.7675673132         1.3301823480         2.2123295633        -0.2217352263       -20.3315479428
        2.5755739000        -7.3548959171         2.4221070940         1.3378393285         2.2199851957        -0.0222732536       -19.8104020990
        2.5806022000       -49.8104786316         2.2207243424         1.3480486360         2.2250889506         0.2436760433       -19.4629715365
        2.5856254000        -1.0742671287         2.4966276442         1.3352870017         2.2199851957        -0.0887605778       -19.8104020990
        2.5905217000         6.0834478478         2.5815549462         1.3429439823         2.2123295633         0.1107013948       -20.3315479428
        2.5956993000       -28.5826872743         2.2568855889         1.3429439823         2.2225370732         0.1107013948       -19.6366868178
        2.6005883000       -19.9161534938         2.2730659936         1.3429439823         2.2199851957         0.1107013948       -19.8104020990
        2.6056838000        37.4865917896         2.7675673132         1.3301823480         2.2123295633        -0.2217352263       -20.3315479428
        2.6107426000         7.5922666518         2.5994572951         1.3352870017         2.2174333183        -0.0887605778       -19.9841173803
        2.6155859000       -43.5298498432         2.2312230630         1.3454963091         2.2250889506         0.1771887191       -19.4629715365
        2.6205139000       -37.2492210548         2.2418878825         1.3429439823         2.2250889506         0.1107013948       -19.4629715365
        2.6255450000       -30.0915060784         2.2542505960         1.3506009628         2.2174333183         0.3101633675       -19.9841173803
        2.6305916000        16.2588004323         2.7022869460         1.3352870017         2.2148814408        -0.0887605778       -20.1578326615
        2.6357017000        -7.3548959171         2.4221070940         1.3378393285         2.2199851957        -0.0222732536       -19.8104020990
        2.6406310000         7.5922666518         2.5994572951         1.3352870017         2.2174333183        -0.0887605778       -19.9841173803
        2.6456491000       -56.0911074199         2.2103870275         1.3506009628         2.2250889506         0.3101633675       -19.4629715365
        2.6505902000         1.3116378635         2.5249367449         1.3378393285         2.2174333183        -0.0222732536       -19.9841173803
        2.6557330000        18.6447054245         2.7305960467         1.3378393285         2.2123295633        -0.0222732536       -20.3315479428
        2.6607216000       -28.5826872743         2.2568855889         1.3429439823         2.2225370732         0.1107013948       -19.6366868178
        2.6656810000        39.8724967818         2.7703946546         1.3327346748         2.2097776859        -0.1552479021       -20.5052632240
        2.6705390000       -24.6879634781         2.2637348100         1.3378393285         2.2250889506        -0.0222732536       -19.4629715365
        2.6756900000       -34.8633160627         2.2459837851         1.3454963091         2.2225370732         0.1771887191       -19.6366868178
        2.6807656000        70.3985545355         2.8061295144         1.3097637331         2.2174333183        -0.7536338201       -19.9841173803
        2.6855214000        -7.3548959171         2.4221070940         1.3378393285         2.2199851957        -0.0222732536       -19.8104020990
        2.6905741000       -43.5298498432         2.2312230630         1.3454963091         2.2250889506         0.1771887191       -19.4629715365
        2.6955371000       -19.9161534938         2.2730659936         1.3429439823         2.2199851957         0.1107013948       -19.8104020990
        2.7008666000       -19.9161534938         2.2730659936         1.3429439823         2.2199851957         0.1107013948       -19.8104020990
        2.7072821000        28.8200580091         2.7572516587         1.3301823480         2.2148814408        -0.2217352263       -20.1578326615
        2.7105954000        16.2588004323         2.7022869460         1.3352870017         2.2148814408        -0.0887605778       -20.1578326615
        2.7155836000       -19.9161534938         2.2730659936         1.3429439823         2.2199851957         0.1107013948       -19.8104020990
        2.7206413000        46.1531255701         2.7778122758         1.3301823480         2.2097776859        -0.2217352263       -20.5052632240
        2.7256152000       -30.9685922665         2.2527235378         1.3403916554         2.2250889506         0.0442140706       -19.4629715365
        2.7306770000        -2.5830859327         2.4787252953         1.3429439823         2.2148814408         0.1107013948       -20.1578326615
        2.7356830000        -7.3548959171         2.4221070940         1.3378393285         2.2199851957        -0.0222732536       -19.8104020990
        2.7407270000         1.3116378635         2.5249367449         1.3378393285         2.2174333183        -0.0222732536       -19.9841173803
        2.7456290000        -4.9689909249         2.4504161947         1.3403916554         2.2174333183         0.0442140706       -19.9841173803
        2.7507313000        -4.9689909249         2.4504161947         1.3403916554         2.2174333183         0.0442140706       -19.9841173803
        2.7556218000        46.1531255701         2.7778122758         1.3301823480         2.2097776859        -0.2217352263       -20.5052632240
        2.7607062000       -34.8633160627         2.2459837851         1.3454963091         2.2225370732         0.1771887191       -19.6366868178
        2.7656672000        -7.3548959171         2.4221070940         1.3378393285         2.2199851957        -0.0222732536       -19.8104020990
        2.7705461000         1.3116378635         2.5249367449         1.3378393285         2.2174333183        -0.0222732536       -19.9841173803
        2.7755270000        24.9253342129         2.7525918035         1.3352870017         2.2123295633        -0.0887605778       -20.3315479428
        2.7805887000         1.3116378635         2.5249367449         1.3378393285         2.2174333183        -0.0222732536       -19.9841173803
        2.7857068000        -7.3548959171         2.4221070940         1.3378393285         2.2199851957        -0.0222732536       -19.8104020990
        2.7905903000         1.3116378635         2.5249367449         1.3378393285         2.2174333183        -0.0222732536       -19.9841173803
        2.7955853000       -28.5826872743         2.2568855889         1.3429439823         2.2225370732         0.1107013948       -19.6366868178
        2.8006558000       -47.4245736394         2.2246933648         1.3506009628         2.2225370732         0.3101633675       -19.6366868178
        2.8055754000         1.3116378635         2.5249367449         1.3378393285         2.2174333183        -0.0222732536       -19.9841173803
        2.8106909000        16.2588004323         2.7022869460         1.3352870017         2.2148814408        -0.0887605778       -20.1578326615
        2.8156679000        -0.1971809406         2.5070343960         1.3454963091         2.2123295633         0.1771887191       -20.3315479428
        2.8206552000         1.3116378635         2.5249367449         1.3378393285         2.2174333183        -0.0222732536       -19.9841173803
        2.8255867000       -37.2492210548         2.2418878825         1.3429439823         2.2250889506         0.1107013948       -19.4629715365
        2.8306109000         9.9781716440         2.6277663958         1.3378393285         2.2148814408        -0.0222732536       -20.1578326615
        2.8357279000         1.3116378635         2.5249367449         1.3378393285         2.2174333183        -0.0222732536       -19.9841173803
        2.8405917000        39.8724967818         2.7703946546         1.3327346748         2.2097776859        -0.1552479021       -20.5052632240
        2.8456157000         7.5922666518         2.5994572951         1.3352870017         2.2174333183        -0.0887605778       -19.9841173803
        2.8506042000        39.8724967818         2.7703946546         1.3327346748         2.2097776859        -0.1552479021       -20.5052632240
        2.8556231000       -55.2140212318         2.2118211050         1.3608102703         2.2174333183         0.5761126644       -19.9841173803
        2.8605315000       -41.1439448511         2.2352546283         1.3480486360         2.2225370732         0.2436760433       -19.6366868178
        2.8656387000         3.6975428556         2.5532458456         1.3403916554         2.2148814408         0.0442140706       -20.1578326615
        2.8706087000        31.2059630012         2.7600988348         1.3327346748         2.2123295633        -0.1552479021       -20.3315479428
        2.8755640000         1.3116378635         2.5249367449         1.3378393285         2.2174333183        -0.0222732536       -19.9841173803
        2.8806575000        46.1531255701         2.7778122758         1.3301823480         2.2097776859        -0.2217352263       -20.5052632240
        2.8856114000       -37.2492210548         2.2418878825         1.3429439823         2.2250889506         0.1107013948       -19.4629715365
        2.8906369000       -17.5302485016         2.3013750942         1.3454963091         2.2174333183         0.1771887191       -19.9841173803
        2.8956316000       -34.8633160627         2.2459837851         1.3454963091         2.2225370732         0.1771887191       -19.6366868178
        2.9005446000         1.3116378635         2.5249367449         1.3378393285         2.2174333183        -0.0222732536       -19.9841173803
        2.9054739000        31.2059630012         2.7600988348         1.3327346748         2.2123295633        -0.1552479021       -20.3315479428
        2.9105724000        16.2588004323         2.7022869460         1.3352870017         2.2148814408        -0.0887605778       -20.1578326615
        2.9156693000        -7.3548959171         2.4221070940         1.3378393285         2.2199851957        -0.0222732536       -19.8104020990
        2.9205876000        -4.9689909249         2.4504161947         1.3403916554         2.2174333183         0.0442140706       -19.9841173803
        2.9256316000       -37.2492210548         2.2418878825         1.3429439823         2.2250889506         0.1107013948       -19.4629715365
        2.9306039000        31.2059630012         2.7600988348         1.3327346748         2.2123295633        -0.1552479021       -20.3315479428
        2.9357141000       -37.2492210548         2.2418878825         1.3429439823         2.2250889506         0.1107013948       -19.4629715365
        2.9407607000        -1.0742671287         2.4966276442         1.3352870017         2.2199851957        -0.0887605778       -19.8104020990
        2.9455763000        -7.3548959171         2.4221070940         1.3378393285         2.2199851957        -0.0222732536       -19.8104020990
        2.9505876000        -2.5830859327         2.4787252953         1.3429439823         2.2148814408         0.1107013948       -20.1578326615
        2.9557200000         9.9781716440         2.6277663958         1.3378393285         2.2148814408        -0.0222732536       -20.1578326615
        2.9605622000         1.3116378635         2.5249367449         1.3378393285         2.2174333183        -0.0222732536       -19.9841173803
        2.9656432000        37.4865917896         2.7675673132         1.3301823480         2.2123295633        -0.2217352263       -20.3315479428
        2.9706790000         7.5922666518         2.5994572951         1.3352870017         2.2174333183        -0.0887605778       -19.9841173803
        2.9756849000        18.6447054245         2.7305960467         1.3378393285         2.2123295633        -0.0222732536       -20.3315479428
        2.9807224000        -1.0742671287         2.4966276442         1.3352870017         2.2199851957        -0.0887605778       -19.8104020990
        2.9856963000         7.5922666518         2.5994572951         1.3352870017         2.2174333183        -0.0887605778       -19.9841173803
        2.9905684000         1.3116378635         2.5249367449         1.3378393285         2.2174333183        -0.0222732536       -19.9841173803
        2.9956087000         7.5922666518         2.5994572951         1.3352870017         2.2174333183        -0.0887605778       -19.9841173803
        3.0009180000       -24.6879634781         2.2637348100         1.3378393285         2.2250889506        -0.0222732536       -19.4629715365
        3.0056744000        37.4865917896         2.7675673132         1.3301823480         2.2123295633        -0.2217352263       -20.3315479428
        3.0106909000         1.3116378635         2.5249367449         1.3378393285         2.2174333183        -0.0222732536       -19.9841173803
        3.0157185000        27.3112392050         2.7554482302         1.3378393285         2.2097776859        -0.0222732536       -20.5052632240
        3.0206817000        46.1531255701         2.7778122758         1.3301823480         2.2097776859        -0.2217352263       -20.5052632240
        3.0256622000        -7.3548959171         2.4221070940         1.3378393285         2.2199851957        -0.0222732536       -19.8104020990
        3.0305175000         7.5922666518         2.5994572951         1.3352870017         2.2174333183        -0.0887605778       -19.9841173803
        3.0356275000         1.3116378635         2.5249367449         1.3378393285         2.2174333183        -0.0222732536       -19.9841173803
        3.0406199000         3.6975428556         2.5532458456         1.3403916554         2.2148814408         0.0442140706       -20.1578326615
        3.0456257000        22.5394292207         2.7497296061         1.3327346748         2.2148814408        -0.1552479021       -20.1578326615
        3.0506554000         1.3116378635         2.5249367449         1.3378393285         2.2174333183        -0.0222732536       -19.9841173803
        3.0556177000         1.3116378635         2.5249367449         1.3378393285         2.2174333183        -0.0222732536       -19.9841173803
        3.0605871000        37.4865917896         2.7675673132         1.3301823480         2.2123295633        -0.2217352263       -20.3315479428
        3.0655564000       -13.6355247054         2.3475865438         1.3403916554         2.2199851957         0.0442140706       -19.8104020990
        3.0705889000        39.8724967818         2.7703946546         1.3327346748         2.2097776859        -0.1552479021       -20.5052632240
        3.0756766000       -34.8633160627         2.2459837851         1.3454963091         2.2225370732         0.1771887191       -19.6366868178
        3.0806482000        -1.0742671287         2.4966276442         1.3352870017         2.2199851957        -0.0887605778       -19.8104020990
        3.0856222000       -51.3192974356         2.2182264170         1.3557056165         2.2199851957         0.4431380160       -19.8104020990
        3.0906871000        39.8724967818         2.7703946546         1.3327346748         2.2097776859        -0.1552479021       -20.5052632240
        3.0956466000        31.2059630012         2.7600988348         1.3327346748         2.2123295633        -0.1552479021       -20.3315479428
        3.1009386000         1.3116378635         2.5249367449         1.3378393285         2.2174333183        -0.0222732536       -19.9841173803
        3.1056857000         1.3116378635         2.5249367449         1.3378393285         2.2174333183        -0.0222732536       -19.9841173803
        3.1106979000       -28.5826872743         2.2568855889         1.3429439823         2.2225370732         0.1107013948       -19.6366868178
        3.1157138000       -22.3020584860         2.2679648371         1.3403916554         2.2225370732         0.0442140706       -19.6366868178
        3.1204813000       -43.5298498432         2.2312230630         1.3454963091         2.2250889506         0.1771887191       -19.4629715365
        3.1256079000       -43.5298498432         2.2312230630         1.3454963091         2.2250889506         0.1771887191       -19.4629715365
        3.1306320000        31.2059630012         2.7600988348         1.3327346748         2.2123295633        -0.1552479021       -20.3315479428
        3.1355523000        31.2059630012         2.7600988348         1.3327346748         2.2123295633        -0.1552479021       -20.3315479428
        3.1405340000         1.3116378635         2.5249367449         1.3378393285         2.2174333183        -0.0222732536       -19.9841173803
        3.1456771000        37.4865917896         2.7675673132         1.3301823480         2.2123295633        -0.2217352263       -20.3315479428
        3.1506848000        39.8724967818         2.7703946546         1.3327346748         2.2097776859        -0.1552479021       -20.5052632240
        3.1556733000         3.6975428556         2.5532458456         1.3403916554         2.2148814408         0.0442140706       -20.1578326615
        3.1609949000        28.8200580091         2.7572516587         1.3301823480         2.2148814408        -0.2217352263       -20.1578326615
        3.1660066000        24.9253342129         2.7525918035         1.3352870017         2.2123295633        -0.0887605778       -20.3315479428
        3.1704244000         1.3116378635         2.5249367449         1.3378393285         2.2174333183        -0.0222732536       -19.9841173803
        3.1755047000       -74.9329937850         2.1802972427         1.3582579434         2.2250889506         0.5096253402       -19.4629715365
        3.1805124000       -32.4774110705         2.2501046022         1.3480486360         2.2199851957         0.2436760433       -19.8104020990
        3.1857486000       -27.0738684703         2.2595308222         1.3352870017         2.2276408281        -0.0887605778       -19.2892562553
        3.1908989000       -13.6355247054         2.3475865438         1.3403916554         2.2199851957         0.0442140706       -19.8104020990
        3.1954980000       -13.6355247054         2.3475865438         1.3403916554         2.2199851957         0.0442140706       -19.8104020990
        3.2006436000         7.5922666518         2.5994572951         1.3352870017         2.2174333183        -0.0887605778       -19.9841173803
        3.2055863000       -13.6355247054         2.3475865438         1.3403916554         2.2199851957         0.0442140706       -19.8104020990
        3.2106313000        -7.3548959171         2.4221070940         1.3378393285         2.2199851957        -0.0222732536       -19.8104020990
        3.2155683000        28.8200580091         2.7572516587         1.3301823480         2.2148814408        -0.2217352263       -20.1578326615
        3.2206272000       -71.0382699888         2.1864073666         1.3531532897         2.2276408281         0.3766506917       -19.2892562553
        3.2254954000       -13.6355247054         2.3475865438         1.3403916554         2.2199851957         0.0442140706       -19.8104020990
        3.2305355000         7.5922666518         2.5994572951         1.3352870017         2.2174333183        -0.0887605778       -19.9841173803
        3.2355043000       -43.5298498432         2.2312230630         1.3454963091         2.2250889506         0.1771887191       -19.4629715365
        3.2406886000        -7.3548959171         2.4221070940         1.3378393285         2.2199851957        -0.0222732536       -19.8104020990
        3.2456713000        -1.0742671287         2.4966276442         1.3352870017         2.2199851957        -0.0887605778       -19.8104020990
        3.2507294000       -37.2492210548         2.2418878825         1.3429439823         2.2250889506         0.1107013948       -19.4629715365
        3.2555098000       -52.1963836237         2.2167786123         1.3454963091         2.2276408281         0.1771887191       -19.2892562553
        3.2607077000        -1.0742671287         2.4966276442         1.3352870017         2.2199851957        -0.0887605778       -19.8104020990
        3.2656681000        11.4869904480         2.6456687446         1.3301823480         2.2199851957        -0.2217352263       -19.8104020990
        3.2707179000         1.3116378635         2.5249367449         1.3378393285         2.2174333183        -0.0222732536       -19.9841173803
        3.2755015000        31.2059630012         2.7600988348         1.3327346748         2.2123295633        -0.1552479021       -20.3315479428
        3.2806504000        39.8724967818         2.7703946546         1.3327346748         2.2097776859        -0.1552479021       -20.5052632240
        3.2856487000        13.8728954402         2.6739778453         1.3327346748         2.2174333183        -0.1552479021       -19.9841173803
        3.2906150000        33.5918679934         2.7629404473         1.3352870017         2.2097776859        -0.0887605778       -20.5052632240
        3.2956082000        22.5394292207         2.7497296061         1.3327346748         2.2148814408        -0.1552479021       -20.1578326615
        3.3006460000        72.7844595276         2.8088908308         1.3123160600         2.2148814408        -0.6871464959       -20.1578326615
        3.3056286000       -13.6355247054         2.3475865438         1.3403916554         2.2199851957         0.0442140706       -19.8104020990
        3.3106321000        37.4865917896         2.7675673132         1.3301823480         2.2123295633        -0.2217352263       -20.3315479428
        3.3158416000        16.2588004323         2.7022869460         1.3352870017         2.2148814408        -0.0887605778       -20.1578326615
        3.3205003000       -19.9161534938         2.2730659936         1.3429439823         2.2199851957         0.1107013948       -19.8104020990
        3.3255019000       -43.5298498432         2.2312230630         1.3454963091         2.2250889506         0.1771887191       -19.4629715365
        3.3305684000       -34.8633160627         2.2459837851         1.3454963091         2.2225370732         0.1771887191       -19.6366868178
        3.3364595000        24.9253342129         2.7525918035         1.3352870017         2.2123295633        -0.0887605778       -20.3315479428
        3.3406173000        -1.0742671287         2.4966276442         1.3352870017         2.2199851957        -0.0887605778       -19.8104020990
        3.3456477000        37.4865917896         2.7675673132         1.3301823480         2.2123295633        -0.2217352263       -20.3315479428
        3.3507917000        31.2059630012         2.7600988348         1.3327346748         2.2123295633        -0.1552479021       -20.3315479428
        3.3555940000       -45.9157548354         2.2272154672         1.3429439823         2.2276408281         0.1107013948       -19.2892562553
        3.3606415000         1.3116378635         2.5249367449         1.3378393285         2.2174333183        -0.0222732536       -19.9841173803
        3.3657183000        -7.3548959171         2.4221070940         1.3378393285         2.2199851957        -0.0222732536       -19.8104020990
        3.3706593000        37.4865917896         2.7675673132         1.3301823480         2.2123295633        -0.2217352263       -20.3315479428
        3.3756636000        -7.3548959171         2.4221070940         1.3378393285         2.2199851957        -0.0222732536       -19.8104020990
        3.3806764000        -4.9689909249         2.4504161947         1.3403916554         2.2174333183         0.0442140706       -19.9841173803
        3.3857302000        28.8200580091         2.7572516587         1.3301823480         2.2148814408        -0.2217352263       -20.1578326615
        3.3906174000        -7.3548959171         2.4221070940         1.3378393285         2.2199851957        -0.0222732536       -19.8104020990
        3.3956449000         5.2063616597         2.5711481944         1.3327346748         2.2199851957        -0.1552479021       -19.8104020990
        3.4005681000        16.2588004323         2.7022869460         1.3352870017         2.2148814408        -0.0887605778       -20.1578326615
        3.4056619000        28.8200580091         2.7572516587         1.3301823480         2.2148814408        -0.2217352263       -20.1578326615
        3.4107062000       -13.6355247054         2.3475865438         1.3403916554         2.2199851957         0.0442140706       -19.8104020990
        3.4156612000        16.2588004323         2.7022869460         1.3352870017         2.2148814408        -0.0887605778       -20.1578326615
        3.4206763000        -1.0742671287         2.4966276442         1.3352870017         2.2199851957        -0.0887605778       -19.8104020990
        3.4256360000        -4.9689909249         2.4504161947         1.3403916554         2.2174333183         0.0442140706       -19.9841173803
        3.4306772000        -4.9689909249         2.4504161947         1.3403916554         2.2174333183         0.0442140706       -19.9841173803
        3.4357083000       -26.1967822822         2.2610732467         1.3454963091         2.2199851957         0.1771887191       -19.8104020990
        3.4405305000        -1.0742671287         2.4966276442         1.3352870017         2.2199851957        -0.0887605778       -19.8104020990
        3.4455752000        31.2059630012         2.7600988348         1.3327346748         2.2123295633        -0.1552479021       -20.3315479428
        3.4506078000        -1.0742671287         2.4966276442         1.3352870017         2.2199851957        -0.0887605778       -19.8104020990
        3.4555873000         1.3116378635         2.5249367449         1.3378393285         2.2174333183        -0.0222732536       -19.9841173803
        3.4606995000       -52.1963836237         2.2167786123         1.3454963091         2.2276408281         0.1771887191       -19.2892562553
        3.4655992000        -7.3548959171         2.4221070940         1.3378393285         2.2199851957        -0.0222732536       -19.8104020990
        3.4706521000        28.8200580091         2.7572516587         1.3301823480         2.2148814408        -0.2217352263       -20.1578326615
        3.4757030000       -13.6355247054         2.3475865438         1.3403916554         2.2199851957         0.0442140706       -19.8104020990
        3.4807264000        -7.3548959171         2.4221070940         1.3378393285         2.2199851957        -0.0222732536       -19.8104020990
        3.4857564000        -1.0742671287         2.4966276442         1.3352870017         2.2199851957        -0.0887605778       -19.8104020990
        3.4905262000      -111.7396803271         2.1251238874         1.3837812120         2.2174333183         1.1744985825       -19.9841173803
        3.4955893000        28.8200580091         2.7572516587         1.3301823480         2.2148814408        -0.2217352263       -20.1578326615
        3.5005016000        22.5394292207         2.7497296061         1.3327346748         2.2148814408        -0.1552479021       -20.1578326615
        3.5056980000        -7.3548959171         2.4221070940         1.3378393285         2.2199851957        -0.0222732536       -19.8104020990
        3.5104948000       -43.5298498432         2.2312230630         1.3454963091         2.2250889506         0.1771887191       -19.4629715365
        3.5156361000        -9.7408009092         2.3937979933         1.3352870017         2.2225370732        -0.0887605778       -19.6366868178
        3.5205594000        -7.3548959171         2.4221070940         1.3378393285         2.2199851957        -0.0222732536       -19.8104020990
        3.5255878000       -32.4774110705         2.2501046022         1.3480486360         2.2199851957         0.2436760433       -19.8104020990
        3.5307119000       -34.8633160627         2.2459837851         1.3454963091         2.2225370732         0.1771887191       -19.6366868178
        3.5356003000        -7.3548959171         2.4221070940         1.3378393285         2.2199851957        -0.0222732536       -19.8104020990
        3.5406819000         1.3116378635         2.5249367449         1.3378393285         2.2174333183        -0.0222732536       -19.9841173803
        3.5456314000        31.2059630012         2.7600988348         1.3327346748         2.2123295633        -0.1552479021       -20.3315479428
        3.5509852000        -7.3548959171         2.4221070940         1.3378393285         2.2199851957        -0.0222732536       -19.8104020990
        3.5556256000       -11.2496197133         2.3758956444         1.3429439823         2.2174333183         0.1107013948       -19.9841173803
        3.5607189000         9.9781716440         2.6277663958         1.3378393285         2.2148814408        -0.0222732536       -20.1578326615
        3.5655627000       -26.1967822822         2.2610732467         1.3454963091         2.2199851957         0.1771887191       -19.8104020990
        3.5707020000        22.5394292207         2.7497296061         1.3327346748         2.2148814408        -0.1552479021       -20.1578326615
        3.5756987000       -13.6355247054         2.3475865438         1.3403916554         2.2199851957         0.0442140706       -19.8104020990
        3.5808193000        -7.3548959171         2.4221070940         1.3378393285         2.2199851957        -0.0222732536       -19.8104020990
        3.5871164000         1.3116378635         2.5249367449         1.3378393285         2.2174333183        -0.0222732536       -19.9841173803
        3.5904753000        31.2059630012         2.7600988348         1.3327346748         2.2123295633        -0.1552479021       -20.3315479428
        3.5955386000       -13.6355247054         2.3475865438         1.3403916554         2.2199851957         0.0442140706       -19.8104020990
        3.6006082000        28.8200580091         2.7572516587         1.3301823480         2.2148814408        -0.2217352263       -20.1578326615
        3.6056402000        -7.3548959171         2.4221070940         1.3378393285         2.2199851957        -0.0222732536       -19.8104020990
        3.6105725000       -37.2492210548         2.2418878825         1.3429439823         2.2250889506         0.1107013948       -19.4629715365
        3.6156675000        39.8724967818         2.7703946546         1.3327346748         2.2097776859        -0.1552479021       -20.5052632240
        3.6207310000        22.5394292207         2.7497296061         1.3327346748         2.2148814408        -0.1552479021       -20.1578326615
        3.6255457000       -43.5298498432         2.2312230630         1.3454963091         2.2250889506         0.1771887191       -19.4629715365
        3.6305056000       -43.5298498432         2.2312230630         1.3454963091         2.2250889506         0.1771887191       -19.4629715365
        3.6356539000        -7.3548959171         2.4221070940         1.3378393285         2.2199851957        -0.0222732536       -19.8104020990
        3.6407433000        31.2059630012         2.7600988348         1.3327346748         2.2123295633        -0.1552479021       -20.3315479428
        3.6456905000       -43.5298498432         2.2312230630         1.3454963091         2.2250889506         0.1771887191       -19.4629715365
        3.6505961000         6.7151804637         2.5890505432         1.3250776943         2.2250889506        -0.3547098747       -19.4629715365
        3.6555404000        41.3813155858         2.7721799026         1.3250776943         2.2148814408        -0.3547098747       -20.1578326615
        3.6607195000        28.8200580091         2.7572516587         1.3301823480         2.2148814408        -0.2217352263       -20.1578326615
        3.6656485000        28.8200580091         2.7572516587         1.3301823480         2.2148814408        -0.2217352263       -20.1578326615
        3.6705725000       -43.5298498432         2.2312230630         1.3454963091         2.2250889506         0.1771887191       -19.4629715365
        3.6757226000        -7.3548959171         2.4221070940         1.3378393285         2.2199851957        -0.0222732536       -19.8104020990
        3.6807195000        12.3640766361         2.6560754965         1.3403916554         2.2123295633         0.0442140706       -20.3315479428
        3.6857613000       -37.2492210548         2.2418878825         1.3429439823         2.2250889506         0.1107013948       -19.4629715365
        3.6905611000       -54.5822886159         2.2128559187         1.3429439823         2.2301927056         0.1107013948       -19.1155409741
        3.6956386000        -7.3548959171         2.4221070940         1.3378393285         2.2199851957        -0.0222732536       -19.8104020990
        3.7006327000        31.2059630012         2.7600988348         1.3327346748         2.2123295633        -0.1552479021       -20.3315479428
        3.7056136000       -43.5298498432         2.2312230630         1.3454963091         2.2250889506         0.1771887191       -19.4629715365
        3.7106321000        22.5394292207         2.7497296061         1.3327346748         2.2148814408        -0.1552479021       -20.1578326615
        3.7157817000        -1.0742671287         2.4966276442         1.3352870017         2.2199851957        -0.0887605778       -19.8104020990
        3.7206235000       -74.9329937850         2.1802972427         1.3582579434         2.2250889506         0.5096253402       -19.4629715365
        3.7256981000        11.4869904480         2.6456687446         1.3301823480         2.2199851957        -0.2217352263       -19.8104020990
        3.7307287000         1.3116378635         2.5249367449         1.3378393285         2.2174333183        -0.0222732536       -19.9841173803
        3.7357491000         1.3116378635         2.5249367449         1.3378393285         2.2174333183        -0.0222732536       -19.9841173803
        3.7405954000        22.5394292207         2.7497296061         1.3327346748         2.2148814408        -0.1552479021       -20.1578326615
        3.7454898000       -19.9161534938         2.2730659936         1.3429439823         2.2199851957         0.1107013948       -19.8104020990
        3.7507821000       -28.5826872743         2.2568855889         1.3429439823         2.2225370732         0.1107013948       -19.6366868178
        3.7555528000       -28.5826872743         2.2568855889         1.3429439823         2.2225370732         0.1107013948       -19.6366868178
        3.7607333000       -49.8104786316         2.2207243424         1.3480486360         2.2250889506         0.2436760433       -19.4629715365
        3.7657387000       -37.2492210548         2.2418878825         1.3429439823         2.2250889506         0.1107013948       -19.4629715365
        3.7706484000        39.8724967818         2.7703946546         1.3327346748         2.2097776859        -0.1552479021       -20.5052632240
        3.7755514000       -43.5298498432         2.2312230630         1.3454963091         2.2250889506         0.1771887191       -19.4629715365
        3.7806533000       -30.9685922665         2.2527235378         1.3403916554         2.2250889506         0.0442140706       -19.4629715365
        3.7856505000        58.7143831469         2.7925434163         1.3250776943         2.2097776859        -0.3547098747       -20.5052632240
        3.7905523000        13.8728954402         2.6739778453         1.3327346748         2.2174333183        -0.1552479021       -19.9841173803
        3.7956535000       -11.2496197133         2.3758956444         1.3429439823         2.2174333183         0.1107013948       -19.9841173803
        3.8005700000         9.9781716440         2.6277663958         1.3378393285         2.2148814408        -0.0222732536       -20.1578326615
        3.8055331000       -28.5826872743         2.2568855889         1.3429439823         2.2225370732         0.1107013948       -19.6366868178
        3.8106788000        33.5918679934         2.7629404473         1.3352870017         2.2097776859        -0.0887605778       -20.5052632240
        3.8156765000       -16.0214296976         2.3192774431         1.3378393285         2.2225370732        -0.0222732536       -19.6366868178
        3.8204710000         1.3116378635         2.5249367449         1.3378393285         2.2174333183        -0.0222732536       -19.9841173803
        3.8254273000        -7.3548959171         2.4221070940         1.3378393285         2.2199851957        -0.0222732536       -19.8104020990
        3.8304246000        31.2059630012         2.7600988348         1.3327346748         2.2123295633        -0.1552479021       -20.3315479428
        3.8354870000       -13.6355247054         2.3475865438         1.3403916554         2.2199851957         0.0442140706       -19.8104020990
        3.8404514000       -56.0911074199         2.2103870275         1.3506009628         2.2250889506         0.3101633675       -19.4629715365
        3.8454033000       -30.0915060784         2.2542505960         1.3506009628         2.2174333183         0.3101633675       -19.9841173803
        3.8504098000       -37.2492210548         2.2418878825         1.3429439823         2.2250889506         0.1107013948       -19.4629715365
        3.8553993000        35.1006867974         2.7647346142         1.3276300211         2.2148814408        -0.2882225505       -20.1578326615
        3.8604480000        16.2588004323         2.7022869460         1.3352870017         2.2148814408        -0.0887605778       -20.1578326615
        3.8653999000       -34.8633160627         2.2459837851         1.3454963091         2.2225370732         0.1771887191       -19.6366868178
        3.8706154000         1.3116378635         2.5249367449         1.3378393285         2.2174333183        -0.0222732536       -19.9841173803
        3.8756614000         7.5922666518         2.5994572951         1.3352870017         2.2174333183        -0.0887605778       -19.9841173803
        3.8806528000        24.9253342129         2.7525918035         1.3352870017         2.2123295633        -0.0887605778       -20.3315479428
        3.8856411000       -28.5826872743         2.2568855889         1.3429439823         2.2225370732         0.1107013948       -19.6366868178
        3.8906454000       -19.9161534938         2.2730659936         1.3429439823         2.2199851957         0.1107013948       -19.8104020990
        3.8956512000       -38.7580398589         2.2393104221         1.3506009628         2.2199851957         0.3101633675       -19.8104020990
        3.9005468000         7.5922666518         2.5994572951         1.3352870017         2.2174333183        -0.0887605778       -19.9841173803
        3.9055969000        77.5562695120         2.8144008742         1.3174207137         2.2097776859        -0.5541718474       -20.5052632240
        3.9107371000        21.0306104167         2.7479165713         1.3403916554         2.2097776859         0.0442140706       -20.5052632240
        3.9155798000        -4.9689909249         2.4504161947         1.3403916554         2.2174333183         0.0442140706       -19.9841173803
        3.9211288000        50.0478493663         2.7823943110         1.3250776943         2.2123295633        -0.3547098747       -20.3315479428
        3.9255586000       -17.5302485016         2.3013750942         1.3454963091         2.2174333183         0.1771887191       -19.9841173803
        3.9306356000        22.5394292207         2.7497296061         1.3327346748         2.2148814408        -0.1552479021       -20.1578326615
        3.9355785000        39.8724967818         2.7703946546         1.3327346748         2.2097776859        -0.1552479021       -20.5052632240
        3.9418553000        33.5918679934         2.7629404473         1.3352870017         2.2097776859        -0.0887605778       -20.5052632240
        3.9456337000       -37.2492210548         2.2418878825         1.3429439823         2.2250889506         0.1107013948       -19.4629715365
        3.9505759000        39.8724967818         2.7703946546         1.3327346748         2.2097776859        -0.1552479021       -20.5052632240
        3.9555445000       -26.1967822822         2.2610732467         1.3454963091         2.2199851957         0.1771887191       -19.8104020990
        3.9605543000       -17.5302485016         2.3013750942         1.3454963091         2.2174333183         0.1771887191       -19.9841173803
        3.9656590000         9.9781716440         2.6277663958         1.3378393285         2.2148814408        -0.0222732536       -20.1578326615
        3.9706240000       -34.8633160627         2.2459837851         1.3454963091         2.2225370732         0.1771887191       -19.6366868178
        3.9757035000        33.5918679934         2.7629404473         1.3352870017         2.2097776859        -0.0887605778       -20.5052632240
        3.9805805000       -19.9161534938         2.2730659936         1.3429439823         2.2199851957         0.1107013948       -19.8104020990
        3.9856663000         3.6975428556         2.5532458456         1.3403916554         2.2148814408         0.0442140706       -20.1578326615
        3.9905695000         1.3116378635         2.5249367449         1.3378393285         2.2174333183        -0.0222732536       -19.9841173803
        3.9955034000         9.9781716440         2.6277663958         1.3378393285         2.2148814408        -0.0222732536       -20.1578326615
        4.0006013000        -4.9689909249         2.4504161947         1.3403916554         2.2174333183         0.0442140706       -19.9841173803
        4.0057441000         7.5922666518         2.5994572951         1.3352870017         2.2174333183        -0.0887605778       -19.9841173803
        4.0107338000        39.8724967818         2.7703946546         1.3327346748         2.2097776859        -0.1552479021       -20.5052632240
        4.0156784000         3.6975428556         2.5532458456         1.3403916554         2.2148814408         0.0442140706       -20.1578326615
        4.0206147000        46.1531255701         2.7778122758         1.3301823480         2.2097776859        -0.2217352263       -20.5052632240
        4.0256088000       -34.8633160627         2.2459837851         1.3454963091         2.2225370732         0.1771887191       -19.6366868178
        4.0306612000        27.3112392050         2.7554482302         1.3378393285         2.2097776859        -0.0222732536       -20.5052632240
        4.0355116000       -34.8633160627         2.2459837851         1.3454963091         2.2225370732         0.1771887191       -19.6366868178
        4.0405478000         9.9781716440         2.6277663958         1.3378393285         2.2148814408        -0.0222732536       -20.1578326615
        4.0455081000       -28.5826872743         2.2568855889         1.3429439823         2.2225370732         0.1107013948       -19.6366868178
        4.0505398000        39.8724967818         2.7703946546         1.3327346748         2.2097776859        -0.1552479021       -20.5052632240
        4.0555757000         1.3116378635         2.5249367449         1.3378393285         2.2174333183        -0.0222732536       -19.9841173803
        4.0605140000       -22.3020584860         2.2679648371         1.3403916554         2.2225370732         0.0442140706       -19.6366868178
        4.0656196000         1.3116378635         2.5249367449         1.3378393285         2.2174333183        -0.0222732536       -19.9841173803
        4.0706324000         9.9781716440         2.6277663958         1.3378393285         2.2148814408        -0.0222732536       -20.1578326615
        4.0756213000       -28.5826872743         2.2568855889         1.3429439823         2.2225370732         0.1107013948       -19.6366868178
        4.0806220000       -19.9161534938         2.2730659936         1.3429439823         2.2199851957         0.1107013948       -19.8104020990
        4.0854741000         1.3116378635         2.5249367449         1.3378393285         2.2174333183        -0.0222732536       -19.9841173803
        4.0906884000        46.1531255701         2.7778122758         1.3301823480         2.2097776859        -0.2217352263       -20.5052632240
        4.0956053000        13.8728954402         2.6739778453         1.3327346748         2.2174333183        -0.1552479021       -19.9841173803
        4.1005081000         9.9781716440         2.6277663958         1.3378393285         2.2148814408        -0.0222732536       -20.1578326615
        4.1054814000        16.2588004323         2.7022869460         1.3352870017         2.2148814408        -0.0887605778       -20.1578326615
        4.1106088000         1.3116378635         2.5249367449         1.3378393285         2.2174333183        -0.0222732536       -19.9841173803
        4.1156919000       -28.5826872743         2.2568855889         1.3429439823         2.2225370732         0.1107013948       -19.6366868178
        4.1206972000       -34.8633160627         2.2459837851         1.3454963091         2.2225370732         0.1771887191       -19.6366868178
        4.1256426000       -34.8633160627         2.2459837851         1.3454963091         2.2225370732         0.1771887191       -19.6366868178
        4.1305275000        39.8724967818         2.7703946546         1.3327346748         2.2097776859        -0.1552479021       -20.5052632240
        4.1356123000         7.5922666518         2.5994572951         1.3352870017         2.2174333183        -0.0887605778       -19.9841173803
        4.1405870000        46.1531255701         2.7778122758         1.3301823480         2.2097776859        -0.2217352263       -20.5052632240
        4.1454813000         3.6975428556         2.5532458456         1.3403916554         2.2148814408         0.0442140706       -20.1578326615
        4.1505006000         7.5922666518         2.5994572951         1.3352870017         2.2174333183        -0.0887605778       -19.9841173803
        4.1555318000         7.5922666518         2.5994572951         1.3352870017         2.2174333183        -0.0887605778       -19.9841173803
        4.1606027000         1.3116378635         2.5249367449         1.3378393285         2.2174333183        -0.0222732536       -19.9841173803
        4.1654992000       -28.5826872743         2.2568855889         1.3429439823         2.2225370732         0.1107013948       -19.6366868178
        4.1705237000       -17.5302485016         2.3013750942         1.3454963091         2.2174333183         0.1771887191       -19.9841173803
        4.1758185000       -28.5826872743         2.2568855889         1.3429439823         2.2225370732         0.1107013948       -19.6366868178
        4.1806159000         9.9781716440         2.6277663958         1.3378393285         2.2148814408        -0.0222732536       -20.1578326615
        4.1855768000        54.8196593507         2.7879902708         1.3301823480         2.2072258084        -0.2217352263       -20.6789785052
        4.1905751000         1.3116378635         2.5249367449         1.3378393285         2.2174333183        -0.0222732536       -19.9841173803
        4.1955362000         1.3116378635         2.5249367449         1.3378393285         2.2174333183        -0.0222732536       -19.9841173803
        4.2006558000         1.3116378635         2.5249367449         1.3378393285         2.2174333183        -0.0222732536       -19.9841173803
        4.2056256000        31.2059630012         2.7600988348         1.3327346748         2.2123295633        -0.1552479021       -20.3315479428
        4.2106590000         1.3116378635         2.5249367449         1.3378393285         2.2174333183        -0.0222732536       -19.9841173803
        4.2156846000        39.8724967818         2.7703946546         1.3327346748         2.2097776859        -0.1552479021       -20.5052632240
        4.2205850000       -26.1967822822         2.2610732467         1.3454963091         2.2199851957         0.1771887191       -19.8104020990
        4.2257255000       -28.5826872743         2.2568855889         1.3429439823         2.2225370732         0.1107013948       -19.6366868178
        4.2306207000        48.5390305623         2.7806208106         1.3327346748         2.2072258084        -0.1552479021       -20.6789785052
        4.2355549000       -28.5826872743         2.2568855889         1.3429439823         2.2225370732         0.1107013948       -19.6366868178
        4.2405945000        39.8724967818         2.7703946546         1.3327346748         2.2097776859        -0.1552479021       -20.5052632240
        4.2457439000        27.3112392050         2.7554482302         1.3378393285         2.2097776859        -0.0222732536       -20.5052632240
        4.2506962000        -4.9689909249         2.4504161947         1.3403916554         2.2174333183         0.0442140706       -19.9841173803
        4.2554870000        37.4865917896         2.7675673132         1.3301823480         2.2123295633        -0.2217352263       -20.3315479428
        4.2606291000        -7.3548959171         2.4221070940         1.3378393285         2.2199851957        -0.0222732536       -19.8104020990
        4.2655989000       -22.3020584860         2.2679648371         1.3403916554         2.2225370732         0.0442140706       -19.6366868178
        4.2706674000        -1.0742671287         2.4966276442         1.3352870017         2.2199851957        -0.0887605778       -19.8104020990
        4.2755816000       -34.8633160627         2.2459837851         1.3454963091         2.2225370732         0.1771887191       -19.6366868178
        4.2805894000        -7.3548959171         2.4221070940         1.3378393285         2.2199851957        -0.0222732536       -19.8104020990
        4.2855951000         7.5922666518         2.5994572951         1.3352870017         2.2174333183        -0.0887605778       -19.9841173803
        4.2906887000        -4.9689909249         2.4504161947         1.3403916554         2.2174333183         0.0442140706       -19.9841173803
        4.2956598000         1.3116378635         2.5249367449         1.3378393285         2.2174333183        -0.0222732536       -19.9841173803
        4.3005213000        18.6447054245         2.7305960467         1.3378393285         2.2123295633        -0.0222732536       -20.3315479428
        4.3056488000         9.9781716440         2.6277663958         1.3378393285         2.2148814408        -0.0222732536       -20.1578326615
        4.3107509000         1.3116378635         2.5249367449         1.3378393285         2.2174333183        -0.0222732536       -19.9841173803
        4.3155843000        31.2059630012         2.7600988348         1.3327346748         2.2123295633        -0.1552479021       -20.3315479428
        4.3206978000         3.6975428556         2.5532458456         1.3403916554         2.2148814408         0.0442140706       -20.1578326615
        4.3254616000       -28.5826872743         2.2568855889         1.3429439823         2.2225370732         0.1107013948       -19.6366868178
        4.3306108000        13.8728954402         2.6739778453         1.3327346748         2.2174333183        -0.1552479021       -19.9841173803
        4.3357152000       -19.9161534938         2.2730659936         1.3429439823         2.2199851957         0.1107013948       -19.8104020990
        4.3405948000         7.5922666518         2.5994572951         1.3352870017         2.2174333183        -0.0887605778       -19.9841173803
        4.3459777000         1.3116378635         2.5249367449         1.3378393285         2.2174333183        -0.0222732536       -19.9841173803
        4.3505934000       -40.2668586629         2.2367427549         1.3582579434         2.2148814408         0.5096253402       -20.1578326615
        4.3555800000        52.4337543585         2.7851947270         1.3276300211         2.2097776859        -0.2882225505       -20.5052632240
        4.3605979000         1.3116378635         2.5249367449         1.3378393285         2.2174333183        -0.0222732536       -19.9841173803
        4.3655408000       -28.5826872743         2.2568855889         1.3429439823         2.2225370732         0.1107013948       -19.6366868178
        4.3707643000       -28.5826872743         2.2568855889         1.3429439823         2.2225370732         0.1107013948       -19.6366868178
        4.3757738000       -17.5302485016         2.3013750942         1.3454963091         2.2174333183         0.1771887191       -19.9841173803
        4.3805201000         9.9781716440         2.6277663958         1.3378393285         2.2148814408        -0.0222732536       -20.1578326615
        4.3856186000        46.1531255701         2.7778122758         1.3301823480         2.2097776859        -0.2217352263       -20.5052632240
        4.3906260000        96.3981558771         2.8360044037         1.3097637331         2.2097776859        -0.7536338201       -20.5052632240
        4.3957625000       -28.5826872743         2.2568855889         1.3429439823         2.2225370732         0.1107013948       -19.6366868178
        4.4005617000       -26.1967822822         2.2610732467         1.3454963091         2.2199851957         0.1771887191       -19.8104020990
        4.4055778000        39.8724967818         2.7703946546         1.3327346748         2.2097776859        -0.1552479021       -20.5052632240
        4.4107193000         9.9781716440         2.6277663958         1.3378393285         2.2148814408        -0.0222732536       -20.1578326615
        4.4155279000         9.9781716440         2.6277663958         1.3378393285         2.2148814408        -0.0222732536       -20.1578326615
        4.4206017000        39.8724967818         2.7703946546         1.3327346748         2.2097776859        -0.1552479021       -20.5052632240
        4.4254346000       -37.2492210548         2.2418878825         1.3429439823         2.2250889506         0.1107013948       -19.4629715365
        4.4307113000         1.3116378635         2.5249367449         1.3378393285         2.2174333183        -0.0222732536       -19.9841173803
        4.4354776000        20.1535242286         2.7468615592         1.3301823480         2.2174333183        -0.2217352263       -19.9841173803
        4.4404698000         3.6975428556         2.5532458456         1.3403916554         2.2148814408         0.0442140706       -20.1578326615
        4.4454673000         9.9781716440         2.6277663958         1.3378393285         2.2148814408        -0.0222732536       -20.1578326615
        4.4505002000        18.6447054245         2.7305960467         1.3378393285         2.2123295633        -0.0222732536       -20.3315479428
        4.4554372000        -4.9689909249         2.4504161947         1.3403916554         2.2174333183         0.0442140706       -19.9841173803
        4.4605116000         1.3116378635         2.5249367449         1.3378393285         2.2174333183        -0.0222732536       -19.9841173803
        4.4654359000        26.4341530169         2.7543988406         1.3276300211         2.2174333183        -0.2882225505       -19.9841173803
        4.4705576000        39.8724967818         2.7703946546         1.3327346748         2.2097776859        -0.1552479021       -20.5052632240
        4.4754698000       -23.8108772900         2.2652867760         1.3480486360         2.2174333183         0.2436760433       -19.9841173803
        4.4804674000        24.9253342129         2.7525918035         1.3352870017         2.2123295633        -0.0887605778       -20.3315479428
        4.4854521000       -26.1967822822         2.2610732467         1.3454963091         2.2199851957         0.1771887191       -19.8104020990
        4.4904588000         7.5922666518         2.5994572951         1.3352870017         2.2174333183        -0.0887605778       -19.9841173803
        4.4954392000       -34.8633160627         2.2459837851         1.3454963091         2.2225370732         0.1771887191       -19.6366868178
        4.5004549000        -7.3548959171         2.4221070940         1.3378393285         2.2199851957        -0.0222732536       -19.8104020990
        4.5054332000         1.3116378635         2.5249367449         1.3378393285         2.2174333183        -0.0222732536       -19.9841173803
        4.5104686000         1.3116378635         2.5249367449         1.3378393285         2.2174333183        -0.0222732536       -19.9841173803
        4.5154362000       -28.5826872743         2.2568855889         1.3429439823         2.2225370732         0.1107013948       -19.6366868178
        4.5208598000        16.2588004323         2.7022869460         1.3352870017         2.2148814408        -0.0887605778       -20.1578326615
        4.5255125000        18.6447054245         2.7305960467         1.3378393285         2.2123295633        -0.0222732536       -20.3315479428
        4.5305015000        37.4865917896         2.7675673132         1.3301823480         2.2123295633        -0.2217352263       -20.3315479428
        4.5355004000         1.3116378635         2.5249367449         1.3378393285         2.2174333183        -0.0222732536       -19.9841173803
        4.5406465000        39.8724967818         2.7703946546         1.3327346748         2.2097776859        -0.1552479021       -20.5052632240
        4.5455691000        31.2059630012         2.7600988348         1.3327346748         2.2123295633        -0.1552479021       -20.3315479428
        4.5506056000       -38.7580398589         2.2393104221         1.3506009628         2.2199851957         0.3101633675       -19.8104020990
        4.5555432000       -56.0911074199         2.2103870275         1.3506009628         2.2250889506         0.3101633675       -19.4629715365
        4.5605414000        13.8728954402         2.6739778453         1.3327346748         2.2174333183        -0.1552479021       -19.9841173803
        4.5654984000       -74.9329937850         2.1802972427         1.3582579434         2.2250889506         0.5096253402       -19.4629715365
        4.5705437000        22.5394292207         2.7497296061         1.3327346748         2.2148814408        -0.1552479021       -20.1578326615
        4.5754994000       -28.5826872743         2.2568855889         1.3429439823         2.2225370732         0.1107013948       -19.6366868178
        4.5804656000        31.2059630012         2.7600988348         1.3327346748         2.2123295633        -0.1552479021       -20.3315479428
        4.5855162000       -43.5298498432         2.2312230630         1.3454963091         2.2250889506         0.1771887191       -19.4629715365
        4.5906316000        -1.0742671287         2.4966276442         1.3352870017         2.2199851957        -0.0887605778       -19.8104020990
        4.5955437000        -7.3548959171         2.4221070940         1.3378393285         2.2199851957        -0.0222732536       -19.8104020990
        4.6004824000       -13.6355247054         2.3475865438         1.3403916554         2.2199851957         0.0442140706       -19.8104020990
        4.6055998000       -30.9685922665         2.2527235378         1.3403916554         2.2250889506         0.0442140706       -19.4629715365
        4.6106219000        22.5394292207         2.7497296061         1.3327346748         2.2148814408        -0.1552479021       -20.1578326615
        4.6155558000         7.5922666518         2.5994572951         1.3352870017         2.2174333183        -0.0887605778       -19.9841173803
        4.6207410000       -37.2492210548         2.2418878825         1.3429439823         2.2250889506         0.1107013948       -19.4629715365
        4.6256315000        31.2059630012         2.7600988348         1.3327346748         2.2123295633        -0.1552479021       -20.3315479428
        4.6305826000        31.2059630012         2.7600988348         1.3327346748         2.2123295633        -0.1552479021       -20.3315479428
        4.6355709000         1.3116378635         2.5249367449         1.3378393285         2.2174333183        -0.0222732536       -19.9841173803
        4.6404969000       -43.5298498432         2.2312230630         1.3454963091         2.2250889506         0.1771887191       -19.4629715365
        4.6455061000        -7.3548959171         2.4221070940         1.3378393285         2.2199851957        -0.0222732536       -19.8104020990
        4.6506241000        39.8724967818         2.7703946546         1.3327346748         2.2097776859        -0.1552479021       -20.5052632240
        4.6556624000        -7.3548959171         2.4221070940         1.3378393285         2.2199851957        -0.0222732536       -19.8104020990
        4.6605883000        -7.3548959171         2.4221070940         1.3378393285         2.2199851957        -0.0222732536       -19.8104020990
        4.6655937000       -37.2492210548         2.2418878825         1.3429439823         2.2250889506         0.1107013948       -19.4629715365
        4.6707969000        -7.3548959171         2.4221070940         1.3378393285         2.2199851957        -0.0222732536       -19.8104020990
        4.6755702000        -7.3548959171         2.4221070940         1.3378393285         2.2199851957        -0.0222732536       -19.8104020990
        4.6805274000        46.1531255701         2.7778122758         1.3301823480         2.2097776859        -0.2217352263       -20.5052632240
        4.6856276000        28.8200580091         2.7572516587         1.3301823480         2.2148814408        -0.2217352263       -20.1578326615
        4.6906085000        -7.3548959171         2.4221070940         1.3378393285         2.2199851957        -0.0222732536       -19.8104020990
        4.6956092000       -43.5298498432         2.2312230630         1.3454963091         2.2250889506         0.1771887191       -19.4629715365
        4.7004448000        -7.3548959171         2.4221070940         1.3378393285         2.2199851957        -0.0222732536       -19.8104020990
        4.7055714000       -16.0214296976         2.3192774431         1.3378393285         2.2225370732        -0.0222732536       -19.6366868178
        4.7105191000         1.3116378635         2.5249367449         1.3378393285         2.2174333183        -0.0222732536       -19.9841173803
        4.7155356000         7.5922666518         2.5994572951         1.3352870017         2.2174333183        -0.0887605778       -19.9841173803
        4.7206912000        -7.3548959171         2.4221070940         1.3378393285         2.2199851957        -0.0222732536       -19.8104020990
        4.7257029000       -11.2496197133         2.3758956444         1.3429439823         2.2174333183         0.1107013948       -19.9841173803
        4.7305387000        -7.3548959171         2.4221070940         1.3378393285         2.2199851957        -0.0222732536       -19.8104020990
        4.7356204000       -43.5298498432         2.2312230630         1.3454963091         2.2250889506         0.1771887191       -19.4629715365
        4.7406068000        12.3640766361         2.6560754965         1.3403916554         2.2123295633         0.0442140706       -20.3315479428
        4.7456177000       -13.6355247054         2.3475865438         1.3403916554         2.2199851957         0.0442140706       -19.8104020990
        4.7507959000       -37.2492210548         2.2418878825         1.3429439823         2.2250889506         0.1107013948       -19.4629715365
        4.7555722000        -1.0742671287         2.4966276442         1.3352870017         2.2199851957        -0.0887605778       -19.8104020990
        4.7608161000        28.8200580091         2.7572516587         1.3301823480         2.2148814408        -0.2217352263       -20.1578326615
        4.7656284000        -7.3548959171         2.4221070940         1.3378393285         2.2199851957        -0.0222732536       -19.8104020990
        4.7705635000        24.9253342129         2.7525918035         1.3352870017         2.2123295633        -0.0887605778       -20.3315479428
        4.7757035000        17.7676192364         2.7201892948         1.3276300211         2.2199851957        -0.2882225505       -19.8104020990
        4.7805217000         1.3116378635         2.5249367449         1.3378393285         2.2174333183        -0.0222732536       -19.9841173803
        4.7856938000       -37.2492210548         2.2418878825         1.3429439823         2.2250889506         0.1107013948       -19.4629715365
        4.7906972000       -43.5298498432         2.2312230630         1.3454963091         2.2250889506         0.1771887191       -19.4629715365
        4.7955186000        39.8724967818         2.7703946546         1.3327346748         2.2097776859        -0.1552479021       -20.5052632240
        4.8005479000       -13.6355247054         2.3475865438         1.3403916554         2.2199851957         0.0442140706       -19.8104020990
        4.8055630000        28.8200580091         2.7572516587         1.3301823480         2.2148814408        -0.2217352263       -20.1578326615
        4.8105115000        -1.0742671287         2.4966276442         1.3352870017         2.2199851957        -0.0887605778       -19.8104020990
        4.8155465000        -7.3548959171         2.4221070940         1.3378393285         2.2199851957        -0.0222732536       -19.8104020990
        4.8205990000        22.5394292207         2.7497296061         1.3327346748         2.2148814408        -0.1552479021       -20.1578326615
        4.8256490000       -13.6355247054         2.3475865438         1.3403916554         2.2199851957         0.0442140706       -19.8104020990
        4.8305366000       -45.9157548354         2.2272154672         1.3429439823         2.2276408281         0.1107013948       -19.2892562553
        4.8355806000        -1.0742671287         2.4966276442         1.3352870017         2.2199851957        -0.0887605778       -19.8104020990
        4.8407009000        -7.3548959171         2.4221070940         1.3378393285         2.2199851957        -0.0222732536       -19.8104020990
        4.8456423000         1.3116378635         2.5249367449         1.3378393285         2.2174333183        -0.0222732536       -19.9841173803
        4.8506204000       -34.8633160627         2.2459837851         1.3454963091         2.2225370732         0.1771887191       -19.6366868178
        4.8556704000        22.5394292207         2.7497296061         1.3327346748         2.2148814408        -0.1552479021       -20.1578326615
        4.8606769000       -16.0214296976         2.3192774431         1.3378393285         2.2225370732        -0.0222732536       -19.6366868178
        4.8656868000        31.2059630012         2.7600988348         1.3327346748         2.2123295633        -0.1552479021       -20.3315479428
        4.8706220000        -7.3548959171         2.4221070940         1.3378393285         2.2199851957        -0.0222732536       -19.8104020990
        4.8756616000         1.3116378635         2.5249367449         1.3378393285         2.2174333183        -0.0222732536       -19.9841173803
        4.8806330000       -37.2492210548         2.2418878825         1.3429439823         2.2250889506         0.1107013948       -19.4629715365
        4.8856091000        -4.9689909249         2.4504161947         1.3403916554         2.2174333183         0.0442140706       -19.9841173803
        4.8905840000        -7.3548959171         2.4221070940         1.3378393285         2.2199851957        -0.0222732536       -19.8104020990
        4.8956281000        22.5394292207         2.7497296061         1.3327346748         2.2148814408        -0.1552479021       -20.1578326615
        4.9005641000       -19.9161534938         2.2730659936         1.3429439823         2.2199851957         0.1107013948       -19.8104020990
        4.9055777000       -26.1967822822         2.2610732467         1.3454963091         2.2199851957         0.1771887191       -19.8104020990
        4.9105158000        22.5394292207         2.7497296061         1.3327346748         2.2148814408        -0.1552479021       -20.1578326615
        4.9155002000       -13.6355247054         2.3475865438         1.3403916554         2.2199851957         0.0442140706       -19.8104020990
        4.9205601000       -45.9157548354         2.2272154672         1.3429439823         2.2276408281         0.1107013948       -19.2892562553
        4.9256996000        -1.0742671287         2.4966276442         1.3352870017         2.2199851957        -0.0887605778       -19.8104020990
        4.9306184000        31.2059630012         2.7600988348         1.3327346748         2.2123295633        -0.1552479021       -20.3315479428
        4.9356606000         7.5922666518         2.5994572951         1.3352870017         2.2174333183        -0.0887605778       -19.9841173803
        4.9407475000        -1.0742671287         2.4966276442         1.3352870017         2.2199851957        -0.0887605778       -19.8104020990
        4.9456180000       -34.8633160627         2.2459837851         1.3454963091         2.2225370732         0.1771887191       -19.6366868178
        4.9506297000        -4.9689909249         2.4504161947         1.3403916554         2.2174333183         0.0442140706       -19.9841173803
        4.9557026000        -7.3548959171         2.4221070940         1.3378393285         2.2199851957        -0.0222732536       -19.8104020990
        4.9606399000       -37.2492210548         2.2418878825         1.3429439823         2.2250889506         0.1107013948       -19.4629715365
        4.9656744000         1.3116378635         2.5249367449         1.3378393285         2.2174333183        -0.0222732536       -19.9841173803
        4.9704745000        31.2059630012         2.7600988348         1.3327346748         2.2123295633        -0.1552479021       -20.3315479428
        4.9757541000        -7.3548959171         2.4221070940         1.3378393285         2.2199851957        -0.0222732536       -19.8104020990
        4.9806123000        -9.7408009092         2.3937979933         1.3352870017         2.2225370732        -0.0887605778       -19.6366868178
        4.9856337000       -43.5298498432         2.2312230630         1.3454963091         2.2250889506         0.1771887191       -19.4629715365
        4.9907619000       -19.9161534938         2.2730659936         1.3429439823         2.2199851957         0.1107013948       -19.8104020990
        4.9957004000       -19.9161534938         2.2730659936         1.3429439823         2.2199851957         0.1107013948       -19.8104020990
        5.0005729000         7.5922666518         2.5994572951         1.3352870017         2.2174333183        -0.0887605778       -19.9841173803
