% Designation Loop  psi_cmd=+180.000deg  (absolute, NEUTRAL ref)
% Kp=90.4059  Kd=2.5786  K_pot=68.073520deg/V
% Vg_offset=1.337482V  K_gimbal=26.049690  samples=1001

Time[s]              OmegaCmd[deg/s]      Vc[V]                Vg[V]                Pot[V]               Omega[deg/s]         Psi[deg]            
        0.0004849000     16240.8979213970         5.0000000000         1.3378393285         2.5160029810         0.5333220297         0.3405705252
        0.0054476000     16217.3107225893         5.0000000000         1.3480486360         2.5134511035        15.7710943069         0.1668552439
        0.0104619000     15737.9831170101         5.0000000000         1.4603510177         2.5211067359       183.3865893564         0.6880010877
        0.0155371000     15125.1341032756         5.0000000000         1.5828627068         2.5440736330       366.2398566832         2.2514386189
        0.0204756000     14498.5806486640         5.0000000000         1.6926127616         2.5772480400       530.0459086634         4.5097372750
        0.0254882000     13946.7299463544         5.0000000000         1.7666302404         2.6206299568       640.5197576733         7.4628970562
        0.0304389000     13477.4045716384         5.0000000000         1.8151244507         2.6665637511       712.8991759901        10.5897721185
        0.0354301000     12917.7312940370         5.0000000000         1.8789326221         2.7176013002       808.1352527228        14.0640777434
        0.0404420000     12360.0584626084         5.0000000000         1.9299791592         2.7762944818       884.3241141090        18.0595292120
        0.0454216000     11808.2674967650         5.0000000000         1.9835780232         2.8324357859       964.3224185644        21.8812653993
        0.0504264000     11372.4120787872         5.0000000000         1.9988919844         2.8936808449       987.1790769803        26.0504321492
        0.0554363000     10789.2710753108         5.0000000000         2.0320722335         2.9676852912      1036.7018368812        31.0881753052
        0.0604522000     10241.4810018127         5.0000000000         2.0601478289         3.0391378601      1078.6057106436        35.9522031800
        0.0654295000      9683.8679068503         5.0000000000         2.0907757512         3.1105904289      1124.3190274753        40.8162310548
        0.0704382000      9077.1994410325         5.0000000000         2.1137466929         3.1948023851      1158.6040150991        46.5488353359
        0.0754238000      8551.0558566358         5.0000000000         2.1239560003         3.2739105863      1173.8417873763        51.9340090544
        0.0804339000      8123.0827504159         5.0000000000         2.1290606540         3.3402594002      1181.4606735149        56.4506063667
        0.0854232000      7431.9482472983         5.0000000000         2.1698978837         3.4270232338      1242.4117626238        62.3569259290
        0.0904515000      7039.3858075230         5.0000000000         2.1494792689         3.5035795576      1211.9362180694        67.5683843663
        0.0954344000      6462.1864060983         5.0000000000         2.1647932300         3.5877915138      1234.7928764852        73.3009886473
        0.1004523000      5829.9900317665         5.0000000000         2.1903164986         3.6745553474      1272.8873071783        79.2073082096
        0.1054311000      5366.7257320347         5.0000000000         2.1801071912         3.7562154260      1257.6495349011        84.7661972094
        0.1104542000      4785.6449111972         5.0000000000         2.1801071912         3.8506348920      1257.6495349011        91.1936626154
        0.1154521000      4249.6783053361         5.0000000000         2.1928688255         3.9297430933      1276.6967502476        96.5788363339
        0.1204406000      3619.4823771770         5.0000000000         2.2056304597         4.0241625592      1295.7439655941       103.0063017399
        0.1254245000      3152.2769215662         5.0000000000         2.2005258060         4.1032707605      1288.1250794555       108.3914754585
        0.1304540000      2618.3107618777         5.0000000000         2.2005258060         4.1900345941      1288.1250794555       114.2977950207
        0.1354514000      2090.2264677746         5.0000000000         2.2030781329         4.2742465502      1291.9345225248       120.0303993017
        0.1404542000      1434.5026311015         5.0000000000         2.2183920940         4.3712178937      1314.7911809407       126.6315799890
        0.1454352000       945.7104228556         4.0293616652         2.2107351134         4.4554298498      1303.3628517327       132.3641842700
        0.1504225000       441.2133275601         3.2270923368         2.2030781329         4.5421936834      1291.9345225248       138.2705038323
        0.1554355000       -37.7558592214         2.2410213147         2.1928688255         4.6264056396      1276.6967502476       144.0031081133
        0.1604438000      -524.5476212946         1.6178341076         2.1724502106         4.7182732281      1246.2212056931       150.2568582381
        0.1654240000      -985.8114748538         0.7853090026         2.1494792689         4.8075889392      1211.9362180694       156.3368930816
        0.1704456000      -895.1648896372         0.9820954583         2.0320722335         4.8662821207      1036.7018368812       160.3323445502
        0.1754398000      -384.3080370260         1.7919172828         1.8789326221         4.8790415080       808.1352527228       161.2009209564
        0.1804454000       -12.9141946218         2.3561452274         1.7538686061         4.8969046502       621.4725423268       162.4169279251
        0.1855899000       382.0668465902         3.1565839065         1.6185952828         4.9173196699       419.5720596535       163.8066501750
        0.1904717000       796.6341942644         3.7451081659         1.4986359205         4.9249753023       240.5282353961       164.3277960188
        0.1954621000      1167.9683002023         4.5433004593         1.3939905194         4.9300790572        84.3410695545       164.6752265812
        0.2004386000      1057.9743543884         4.2749952771         1.4144091342         4.9351828121       114.8166141089       165.0226571437
        0.2054316000       839.9869089332         3.8230553152         1.4424847297         4.9530459543       156.7204878713       166.2386641124
        0.2104322000        34.6186217912         2.7641616182         1.6109383022         4.9785647289       408.1437304456       167.9758169249
        0.2154425000      -499.6462202287         1.6506483032         1.7130313764         5.0015316260       560.5214532178       169.5392544561
        0.2204323000      -391.5929841211         1.7833841059         1.6849557810         5.0015316260       518.6175794555       169.5392544561
        0.2254468000      -381.7699626568         1.7948821021         1.6824034542         5.0015316260       514.8081363862       169.5392544561
        0.2304213000       -16.3177223042         2.3157618893         1.5752057262         5.0091872584       354.8115274753       170.0604002998
        0.2354417000       351.0752277548         3.1207168073         1.4756649788         5.0117391359       206.2432477723       170.2341155810
        0.2404212000       759.7009733774         3.6816001723         1.3735719045         5.0091872584        53.8655250000       170.0604002998
        0.2454297000       830.4028333341         3.8055002176         1.3633625971         5.0040835035        38.6277527228       169.7129697373
        0.2504321000       810.7567904054         3.7700904466         1.3684672508         5.0040835035        46.2466388614       169.7129697373
        0.2554508000       518.0665926483         3.3238413965         1.4322754222         5.0117391359       141.4827155941       170.2341155810
        0.2604550000     24073.0383021698         5.0000000000         1.5675487456         1.0997109912       343.3831982673       -96.0714105648
        0.2654485000     23862.8734320062         5.0000000000         1.6058336485         1.1099185011       400.5248443069       -95.3765494398
        0.2704258000     30407.6909664371         5.0000000000         1.6721941467         0.0049555613       499.5703641089      -170.5952662181
        0.2754403000     30001.0059305209         5.0000000000         1.7819442016         0.0024036839       663.3764160891      -170.7689814994
        0.2804206000     29804.5455012344         5.0000000000         1.8329907387         0.0024036839       739.5652774753      -170.7689814994
        0.2854581000     29411.7441155940         5.0000000000         1.8942465832         0.0279224584       830.9919111387      -169.0318286869
        0.2904420000     28877.6584829729         5.0000000000         1.9350838130         0.0891675175       891.9430002476      -164.8626619371
        0.2954330000     28233.5789045380         5.0000000000         1.9963396575         0.1555163314       983.3696339109      -160.3460646248
        0.3004300000     27754.5499812901         5.0000000000         2.0065489649         0.2269689002       998.6074061882      -155.4820367500
        0.3054278000     27153.7036445915         5.0000000000         2.0524908483         0.2958695916      1067.1773814357      -150.7917241564
        0.3104302000     26576.5042431667         5.0000000000         2.0678048095         0.3800815478      1090.0340398515      -145.0591198754
        0.3154623000     26124.9439381392         5.0000000000         2.0831187706         0.4438784843      1112.8906982674      -140.7162378443
        0.3204409000     25490.7471176349         5.0000000000         2.1214036735         0.5229866855      1170.0323443070      -135.3310641257
        0.3254337000     24964.6035332381         5.0000000000         2.1316129809         0.6020948867      1185.2701165842      -129.9458904072
        0.3304205000     24422.7550617916         5.0000000000         2.1418222883         0.6837549654      1200.5078888614      -124.3870014074
        0.3354282000     23784.6768218746         5.0000000000         2.1647932300         0.7730706765      1234.7928764852      -118.3069665639
        0.3404428000     23231.0646192575         5.0000000000         2.1698978837         0.8598345101      1242.4117626238      -112.4006470016
        0.3454719000     22765.7998733529         5.0000000000         2.1724502106         0.9338389564      1246.2212056931      -107.3629038456
        0.3504294000     22167.0137192932         5.0000000000         2.1852118449         1.0231546675      1265.2684210397      -101.2828690021
        0.3554568000     21623.2245381403         5.0000000000         2.1877641717         1.1099185011      1269.0778641090       -95.3765494398
        0.3604293000     21116.7269966722         5.0000000000         2.1928688255         1.1890267023      1276.6967502476       -89.9913757213
        0.3654391000     20610.2294552041         5.0000000000         2.1979734792         1.2681349035      1284.3156363862       -84.6062020027
        0.3704195000     20056.6172525869         5.0000000000         2.2030781329         1.3548987371      1291.9345225248       -78.6998824405
        0.3754330000     19461.7722544062         5.0000000000         2.2107351134         1.4467663256      1303.3628517327       -72.4461323157
        0.3804359000     18925.8653850114         5.0000000000         2.2030781329         1.5386339142      1291.9345225248       -66.1923821910
        0.3854620000     18439.0138864719         5.0000000000         2.2030781329         1.6177421154      1291.9345225248       -60.8072084724
        0.3904369000     17810.7586680191         5.0000000000         2.2234967477         1.7070578265      1322.4100670793       -54.7271736289
        0.3954440000     17424.0780938292         5.0000000000         2.2056304597         1.7810622728      1295.7439655941       -49.6894304729
        0.4004286000     16860.6428697477         5.0000000000         2.2132874403         1.8678261064      1307.1722948020       -43.7831109106
        0.4054433000     16310.9718230096         5.0000000000         2.2132874403         1.9571418174      1307.1722948020       -37.7030760671
        0.4104300000     15828.0614803491         5.0000000000         2.2081827866         2.0388018961      1299.5534086634       -32.1441870673
        0.4156881000     15127.1636922334         5.0000000000         2.2311537283         2.1383251170      1333.8383962872       -25.3692910988
        0.4204190000     14667.8405483805         5.0000000000         2.2158397672         2.2225370732      1310.9817378713       -19.6366868178
        0.4254727000     14106.4057704717         5.0000000000         2.2107351134         2.3169565392      1303.3628517327       -13.2092214118
        0.4304431000     13588.1444978329         5.0000000000         2.2107351134         2.4011684953      1303.3628517327        -7.4766171308
        0.4354249000     12950.0662579158         5.0000000000         2.2337060552         2.4904842064      1337.6478393565        -1.3965822872
        0.4404323000     12443.6284529140         5.0000000000         2.2183920940         2.5823517949      1314.7911809407         4.8571678375
        0.4454440000     11939.1313576185         5.0000000000         2.2107351134         2.6691156285      1303.3628517327        10.7634873998
        0.4504514000     11318.7584509237         5.0000000000         2.2209444209         2.7635350945      1318.6006240100        17.1909528058
        0.4554343000     10788.7334471142         5.0000000000         2.2158397672         2.8528508056      1310.9817378713        23.2709876493
        0.4604442000     10205.6521801041         5.0000000000         2.2286014014         2.9396146392      1330.0289532179        29.1773072116
        0.4654331000      9665.8041548303         5.0000000000         2.2260490746         3.0289303502      1326.2195101486        35.2573420551
        0.4704417000      9135.7791510208         5.0000000000         2.2209444209         3.1182460613      1318.6006240100        41.3373768986
        0.4754214000      8591.9899698680         5.0000000000         2.2234967477         3.2050098949      1322.4100670793        47.2436964608
        0.4804369000      8018.7317243222         5.0000000000         2.2337060552         3.2917737285      1337.6478393565        53.1500160231
        0.4854431000      7549.5855590050         5.0000000000         2.2209444209         3.3759856847      1318.6006240100        58.8826203041
        0.4904544000      6990.0914908025         5.0000000000         2.2234967477         3.4653013957      1322.4100670793        64.9626551477
        0.4954324000      6365.7774282288         5.0000000000         2.2388107089         3.5571689842      1345.2667254951        71.2164052724
        0.5004282000      5973.2149884535         5.0000000000         2.2183920940         3.6337253080      1314.7911809407        76.4278637097
        0.5054273000      5335.1964850028         5.0000000000         2.2209444209         3.7358004064      1318.6006240100        83.3764749594
        0.5104449000      4919.0468464199         5.0000000000         2.2107351134         3.8098048527      1303.3628517327        88.4142181155
        0.5154266000      4308.4969611895         5.0000000000         2.2183920940         3.9042243187      1314.7911809407        94.8416835215
        0.5204414000      3835.4096399933         5.0000000000         2.2107351134         3.9858843974      1303.3628517327       100.4005725213
        0.5254221000      3250.3876632768         5.0000000000         2.2158397672         4.0777519859      1310.9817378713       106.6543226460
        0.5304358000      2726.2445250527         5.0000000000         2.2132874403         4.1645158195      1307.1722948020       112.5606422083
        0.5354444000      2115.6946398222         5.0000000000         2.2209444209         4.2589352855      1318.6006240100       118.9881076143
        0.5404521000      1524.7907975205         5.0000000000         2.2234967477         4.3533547515      1322.4100670793       125.4155730203
        0.5454332000      1030.1167236893         4.2114158736         2.2132874403         4.4401185851      1307.1722948020       131.3218925826
        0.5504519000       445.0947469728         3.2318286128         2.2183920940         4.5319861736      1314.7911809407       137.5756427073
        0.5554286000       -18.1695527590         2.2937896587         2.2081827866         4.6136462523      1299.5534086634       143.1345317071
        0.5604456000      -544.2534006895         1.5911317531         2.1979734792         4.7055138408      1284.3156363862       149.3882818318
        0.5654437000     -1046.7500498124         0.6471674212         2.1775548643         4.7999333068      1253.8400918317       155.8157472378
        0.5704620000     -1018.9827492607         0.7105526229         2.0805664438         4.8560746109      1109.0812551981       159.6374834252
        0.5754397000      -712.4089012277         1.3321802896         1.9682640621         4.8764896306       941.4657601486       161.0272056751
        0.5804372000      -333.1924835317         1.8510524303         1.8534093535         4.8866971404       770.0408220297       161.7220668001
        0.5854397000       -81.6753448720         2.1698491458         1.7717348941         4.8969046502       648.1386438119       162.4169279251
        0.5904684000       160.0187723234         2.9075549919         1.6926127616         4.9071121601       530.0459086634       163.1117890501
        0.5954553000       564.7033620670         3.3859942064         1.5956243410         4.9020084051       385.2870720297       162.7643584876
        0.6004592000       861.3944521694         3.8629419884         1.5062929011         4.9096640375       251.9565646040       163.2855043313
        0.6054493000      1215.0232248850         4.6665496526         1.4144091342         4.9096640375       114.8166141089       163.2855043313
        0.6104308000      1189.4953163711         4.5990551189         1.4169614611         4.9122159150       118.6260571782       163.4592196125
        0.6154500000       965.6857417968         4.0710248018         1.4220661148         4.9453903219       126.2449433168       165.7175182687
        0.6204300000       329.3092657210         3.0958837461         1.5343684965         4.9785647289       293.8604383664       167.9758169249
        0.6254607000       -96.9023401914         2.1468309210         1.6083859753         5.0015316260       404.3342873763       169.5392544561
        0.6305554000      -426.9439140994         1.7413808766         1.6900604347         5.0040835035       526.2364655941       169.7129697373
        0.6354389000      -366.0053391408         1.8132148783         1.6619848393         5.0117391359       484.3325918317       170.2341155810
        0.6404407000      -220.6604633486         1.9823941731         1.6364615707         5.0040835035       446.2381611386       169.7129697373
        0.6454600000        83.8532020454         2.8216471641         1.5573394382         5.0040835035       328.1454259901       169.7129697373
        0.6504358000       514.0657003030         3.3186387272         1.4577986908         4.9964278711       179.5771462871       169.1918238936
        0.6554472000       771.4647045481         3.7015454687         1.3786765582         5.0040835035        61.4844111386       169.7129697373
        0.6604378000       810.7567904054         3.7700904466         1.3684672508         5.0040835035        46.2466388614       169.7129697373
        0.6655620000       850.0488762627         3.8416861540         1.3582579434         5.0040835035        31.0088665842       169.7129697373
        0.6704252000     24450.3737466256         5.0000000000         1.4246184417         1.1277816433       130.0543863861       -94.1605424711
        0.6754437000     24190.9742962079         5.0000000000         1.5165022085         1.1124703785       267.1943368812       -95.2028341586
        0.6804648000     30757.3785832738         5.0000000000         1.5854150336         0.0024036839       370.0492997525      -170.7689814994
        0.6854513000     30443.0418964154         5.0000000000         1.6670894930         0.0024036839       491.9514779703      -170.7689814994
        0.6904422000     30234.7579994920         5.0000000000         1.7334499913        -0.0052519485       590.9969977723      -171.2901273431
        0.6954492000     29759.4910227243         5.0000000000         1.7998104896         0.0304743359       690.0425175743      -168.8581134057
        0.7004296000     29148.7619280950         5.0000000000         1.8687233147         0.0866156400       792.8974804456      -165.0363772183
        0.7054499000     28433.9804897034         5.0000000000         1.9401884667         0.1580682088       899.5618863862      -160.1723493435
        0.7104311000     27785.9597553895         5.0000000000         2.0065489649         0.2218651453       998.6074061882      -155.8294673124
        0.7154442000     27118.3527146131         5.0000000000         2.0575955021         0.2984214691      1074.7962675743      -150.6180088751
        0.7204418000     26531.3302917241         5.0000000000         2.0754617901         0.3826334252      1101.4623690595      -144.8854045941
        0.7254597000     26042.4783470119         5.0000000000         2.0882234243         0.4540859941      1120.5095844060      -140.0213767193
        0.7304356000     25508.4524508572         5.0000000000         2.1086420392         0.5280904404      1150.9851289604      -134.9836335633
        0.7354572000     24962.6628235317         5.0000000000         2.1239560003         0.6071986416      1173.8417873763      -129.5984598447
        0.7405042000     24412.9320403273         5.0000000000         2.1443746152         0.6837549654      1204.3173319308      -124.3870014074
        0.7455981000     23763.0900692396         5.0000000000         2.1622409032         0.7781744314      1230.9834334159      -117.9595360014
        0.7504351000     23358.7041618274         5.0000000000         2.1571362495         0.8470751228      1223.3645472773      -113.2692234079
        0.7554590000     22730.4489433747         5.0000000000         2.1775548643         0.9363908338      1253.8400918317      -107.1891885643
        0.7604568000     22182.7186063428         5.0000000000         2.1852118449         1.0206027900      1265.2684210397      -101.4565842833
        0.7656266000     21619.2833822614         5.0000000000         2.1928688255         1.1073666236      1276.6967502476       -95.5502647211
        0.7704427000     21085.3172225729         5.0000000000         2.1928688255         1.1941304572      1276.6967502476       -89.6439451588
        0.7754331000     20498.2947996838         5.0000000000         2.2107351134         1.2783424134      1303.3628517327       -83.9113408778
        0.7804674000     20060.5584084659         5.0000000000         2.1979734792         1.3574506146      1284.3156363862       -78.5261671592
        0.7854451000     19479.4178511622         5.0000000000         2.2183920940         1.4391106933      1314.7911809407       -72.9672781594
        0.7904322000     18996.5075085017         5.0000000000         2.2132874403         1.5207707720      1307.1722948020       -67.4083891597
        0.7954223000     18425.2497091286         5.0000000000         2.2107351134         1.6151902379      1303.3628517327       -60.9809237537
        0.8004474000     17928.5751891247         5.0000000000         2.2132874403         1.6942984392      1307.1722948020       -55.5957500351
        0.8054332000     17318.0253038943         5.0000000000         2.2209444209         1.7887179052      1318.6006240100       -49.1682846291
        0.8104439000     16760.4719453982         5.0000000000         2.2311537283         1.8729298613      1333.8383962872       -43.4356803481
        0.8154324000     16297.2076456663         5.0000000000         2.2209444209         1.9545899400      1318.6006240100       -37.8767913483
        0.8204246000     15763.2414859778         5.0000000000         2.2209444209         2.0413537736      1318.6006240100       -31.9704717860
        0.8254216000     15191.9836866047         5.0000000000         2.2183920940         2.1357732396      1314.7911809407       -25.5430063800
        0.8304384000     14542.1417155170         5.0000000000         2.2362583820         2.2301927056      1341.4572824258       -19.1155409741
        0.8354393000     14006.2348461221         5.0000000000         2.2286014014         2.3220602941      1330.0289532179       -12.8617908493
        0.8404610000     13533.1475249259         5.0000000000         2.2209444209         2.4037203728      1318.6006240100        -7.3029018495
        0.8454347000     12906.8927526458         5.0000000000         2.2286014014         2.5006917162      1330.0289532179        -0.7017211623
        0.8504504000     12398.4545014713         5.0000000000         2.2260490746         2.5849036724      1326.2195101486         5.0308831188
        0.8554290000     11868.4294976619         5.0000000000         2.2209444209         2.6742193834      1318.6006240100        11.1109179623
        0.8604467000     11346.2270691440         5.0000000000         2.2260490746         2.7558794621      1326.2195101486        16.6698069620
        0.8654550000     10737.6776300862         5.0000000000         2.2209444209         2.8579545605      1318.6006240100        23.6184182118
        0.8704377000     10178.1835618838         5.0000000000         2.2234967477         2.9472702715      1322.4100670793        29.6984530553
        0.8754224000      9634.3943807310         5.0000000000         2.2260490746         3.0340341051      1326.2195101486        35.6047726176
        0.8804302000      9084.7233339928         5.0000000000         2.2260490746         3.1233498162      1326.2195101486        41.6848074611
        0.8854469000      8643.0457868960         5.0000000000         2.2183920940         3.1999061400      1314.7911809407        46.8962658984
        0.8904776000      7971.6170631732         5.0000000000         2.2337060552         3.2994293609      1337.6478393565        53.6711618668
        0.8954384000      7502.4708978560         5.0000000000         2.2209444209         3.3836413170      1318.6006240100        59.4037661479
        0.9004268000      7035.2654422452         5.0000000000         2.2158397672         3.4627495183      1310.9817378713        64.7889398664
        0.9054552000      6409.0106699651         5.0000000000         2.2234967477         3.5597208617      1322.4100670793        71.3901205537
        0.9104373000      5798.4607847347         5.0000000000         2.2311537283         3.6541403277      1333.8383962872        77.8175859596
        0.9154453000      5321.4323076594         5.0000000000         2.2286014014         3.7332485289      1330.0289532179        83.2027596782
        0.9204303000      4761.9382394570         5.0000000000         2.2311537283         3.8225642400      1333.8383962872        89.2827945217
        0.9254466000      4273.1460312112         5.0000000000         2.2234967477         3.9067761961      1322.4100670793        95.0153988027
        0.9304268000      3676.3603233240         5.0000000000         2.2234967477         4.0037475396      1322.4100670793       101.6165794900
        0.9354617000      3146.3353195146         5.0000000000         2.2183920940         4.0930632506      1314.7911809407       107.6966143335
        0.9404655000      2618.2510254114         5.0000000000         2.2209444209         4.1772752068      1318.6006240100       113.4292186145
        0.9454510000      1982.1732316670         5.0000000000         2.2311537283         4.2742465502      1333.8383962872       120.0303993017
        0.9504412000      1416.7972978792         5.0000000000         2.2311537283         4.3661141388      1333.8383962872       126.2841494265
        0.9555077000       851.4213640914         3.8442434652         2.2311537283         4.4579817273      1333.8383962872       132.5378995513
        0.9604360000       295.8684517679         3.0581932024         2.2286014014         4.5498493158      1330.0289532179       138.7916496760
        0.9654538000      -259.6844605556         1.9359634376         2.2260490746         4.6417169043      1326.2195101486       145.0453998008
        0.9704373000      -728.8306258728         1.3036432890         2.2132874403         4.7259288605      1307.1722948020       150.7780040818
        0.9754503000     -1107.6288883047         0.5066144302         2.1852118449         4.8050370617      1265.2684210397       156.1631778003
        0.9804503000     -1262.5578396961         0.1540549133         2.1316129809         4.8637302433      1185.2701165842       160.1586292689
        0.9854370000     -1038.5093192567         0.6660434489         2.0448338678         4.8815933855      1055.7490522278       161.3746362376
        0.9904187000      -686.8212562474         1.3754571067         1.9452931204         4.8866971404       907.1807725248       161.7220668001
        0.9954631000      -376.3659888018         1.8011817051         1.8483046998         4.8969046502       762.4219358911       162.4169279251
        1.0004347000        53.8465094559         2.7868506231         1.7487639524         4.8892490178       613.8536561882       161.8957820814
        1.0054450000       383.8880833639         3.1587124582         1.6670894930         4.8866971404       491.9514779703       161.7220668001
        1.0104301000       766.9261840063         3.6938194461         1.5879673605         4.8739377531       373.8587428218       160.8534903939
        1.0154655000       981.0919465151         4.1037557487         1.5241591891         4.8790415080       278.6226660891       161.2009209564
        1.0204255000      1173.6709563888         4.5579666932         1.4577986908         4.8892490178       179.5771462871       161.8957820814
        1.0254387000      1044.0907041125         4.2430895602         1.4629033445         4.9071121601       187.1960324258       163.1117890501
        1.0304470000       969.5074247432         4.0790953552         1.4577986908         4.9224234248       179.5771462871       164.1540807375
        1.0354693000       612.0569690811         3.4521701594         1.5139498816         4.9453903219       263.3848938119       165.7175182687
        1.0404409000       146.6130137778         2.8926160181         1.5777580530         4.9811166064       358.6209705446       168.1495322061
        1.0454443000      -322.7720974045         1.8630237825         1.6466708782         5.0142910133       461.4759334159       170.4078308623
        1.0504352000      -417.1208926351         1.7531635240         1.6875081079         5.0040835035       522.4270225248       169.7129697373
        1.0554178000      -314.9495221129         1.8720096572         1.6568801856         5.0066353810       476.7137056931       169.8866850185
        1.0604513000      -216.7193074697         1.9871782594         1.6313569170         5.0066353810       438.6192750000       169.8866850185
        1.0654337000        17.0924979678         2.7121788853         1.5624440919         5.0117391359       335.7643121287       170.2341155810
        1.0704546000       319.6057171892         3.0848945210         1.4960835936         5.0040835035       236.7187923267       169.7129697373
        1.0754295000       622.1189364106         3.4666596962         1.4297230954         4.9964278711       137.6732725248       169.1918238936
        1.0804423000       771.4647045481         3.7015454687         1.3786765582         5.0040835035        61.4844111386       169.7129697373
        1.0854397000       757.7005272048         3.6782343809         1.3863335388         5.0015316260        72.9127403465       169.5392544561
        1.0904411000     24825.4697990437         5.0000000000         1.3761242314         1.0971591138        57.6749680693       -96.2451258460
        1.0954380000     24550.4849345089         5.0000000000         1.4271707685         1.1099185011       133.8638294555       -95.3765494398
        1.1004353000     24389.3754352007         5.0000000000         1.4731126519         1.1073666236       202.4338047030       -95.5502647211
        1.1054333000     30973.4850554889         5.0000000000         1.5292638428         0.0024036839       286.2415522277      -170.7689814994
        1.1104251000     30804.4932444228         5.0000000000         1.5854150336        -0.0052519485       370.0492997525      -171.2901273431
        1.1154378000     30340.9899988258         5.0000000000         1.6568801856         0.0253705810       476.7137056931      -169.2055439682
        1.1204250000     29710.6148612678         5.0000000000         1.7308976644         0.0815118851       587.1875547030      -165.3838077808
        1.1254331000     29084.1808795889         5.0000000000         1.7998104896         0.1402050666       690.0425175743      -161.3883563122
        1.1304373000     28263.3466512624         5.0000000000         1.8865896027         0.2193132679       819.5635819307      -156.0031825937
        1.1354247000     27576.0338310911         5.0000000000         1.9631594084         0.2831102043       933.8468740099      -151.6603005626
        1.1404619000     26880.8984356282         5.0000000000         2.0295199066         0.3545627732      1032.8923938119      -146.7962726878
        1.1454433000     26205.4090830939         5.0000000000         2.0907757512         0.4260153420      1124.3190274753      -141.9322448130
        1.1504337000     25579.0945743475         5.0000000000         2.1188513466         0.5102272982      1166.2229012377      -136.1996405320
        1.1554350000     25060.8333017087         5.0000000000         2.1188513466         0.5944392543      1166.2229012377      -130.4670362509
        1.1604606000     24540.5715828972         5.0000000000         2.1316129809         0.6709955781      1185.2701165842      -125.2555778136
        1.1654343000     23833.7321927299         5.0000000000         2.1724502106         0.7603112892      1246.2212056931      -119.1755429701
        1.1704496000     23433.2874411967         5.0000000000         2.1622409032         0.8317638580      1230.9834334159      -114.3115150953
        1.1754495000     22911.0850126789         5.0000000000         2.1673455569         0.9134239367      1238.6023195545      -108.7526260955
        1.1804709000     22251.4200201268         5.0000000000         2.1877641717         1.0078434027      1269.0778641090      -102.3251606895
        1.1854506000     21760.6273657083         5.0000000000         2.1928688255         1.0843997265      1276.6967502476       -97.1137022522
        1.1904313000     21242.3660930695         5.0000000000         2.1928688255         1.1686116826      1276.6967502476       -91.3810979712
        1.1954440000     20745.6915730657         5.0000000000         2.1954211523         1.2477198838      1280.5061933169       -85.9959242527
        1.2004451000     20160.6695963492         5.0000000000         2.2005258060         1.3395874724      1288.1250794555       -79.7421741279
        1.2054357000     19536.3555337755         5.0000000000         2.2158397672         1.4314550609      1310.9817378713       -73.4884240032
        1.2104574000     19084.8549652143         5.0000000000         2.2107351134         1.5080113847      1303.3628517327       -68.2769655659
        1.2154557000     18486.0688111545         5.0000000000         2.2234967477         1.5973270957      1322.4100670793       -62.1969307224
        1.2204416000     18007.0996243730         5.0000000000         2.2132874403         1.6815390519      1307.1722948020       -56.4643264413
        1.2254449000     17396.5497391426         5.0000000000         2.2209444209         1.7759585179      1318.6006240100       -50.0368610353
        1.2304307000     16878.2884665037         5.0000000000         2.2209444209         1.8601704740      1318.6006240100       -44.3042567543
        1.2354460000     16342.3218606426         5.0000000000         2.2337060552         1.9392786752      1337.6478393565       -38.9190830358
        1.2404320000     15841.7659212261         5.0000000000         2.2209444209         2.0285943863      1318.6006240100       -32.8390481923
        1.2454622000     15321.5639388810         5.0000000000         2.2132874403         2.1179100974      1307.1722948020       -26.7590133488
        1.2504466000     14748.3056933352         5.0000000000         2.2234967477         2.2046739310      1322.4100670793       -20.8526937865
        1.2554350000     14182.9297595474         5.0000000000         2.2234967477         2.2965415195      1322.4100670793       -14.5989436617
        1.2604428000     13688.2556857162         5.0000000000         2.2132874403         2.3833053531      1307.1722948020        -8.6926240995
        1.2654519000     13148.4076604424         5.0000000000         2.2107351134         2.4726210642      1303.3628517327        -2.6125892559
        1.2704297000     12498.5656893546         5.0000000000         2.2286014014         2.5670405302      1330.0289532179         3.8148761501
        1.2755214000     12047.0651207934         5.0000000000         2.2234967477         2.6435968539      1322.4100670793         9.0263345873
        1.2804251000     11450.2794129064         5.0000000000         2.2234967477         2.7405681974      1322.4100670793        15.6275152746
        1.2854718000     10971.3102261248         5.0000000000         2.2132874403         2.8247801535      1307.1722948020        21.3601195556
        1.2904426000     10370.5833623587         5.0000000000         2.2183920940         2.9191996195      1314.7911809407        27.7875849616
        1.2954459000      9769.8564985926         5.0000000000         2.2234967477         3.0136190855      1322.4100670793        34.2150503676
        1.3004415000      9267.3001130034         5.0000000000         2.2234967477         3.0952791642      1322.4100670793        39.7739393674
        1.3054330000      8707.8060448010         5.0000000000         2.2260490746         3.1845948752      1326.2195101486        45.8539742109
        1.3104413000      8177.7810409915         5.0000000000         2.2209444209         3.2739105863      1318.6006240100        51.9340090544
        1.3154453000      7657.5790586463         5.0000000000         2.2132874403         3.3632262974      1307.1722948020        58.0140438979
        1.3204324000      7029.3238401936         5.0000000000         2.2337060552         3.4525420084      1337.6478393565        64.0940787414
        1.3254397000      6438.4199978918         5.0000000000         2.2362583820         3.5469614744      1341.4572824258        70.5215441474
        1.3304270000      5975.1556981599         5.0000000000         2.2260490746         3.6286215531      1326.2195101486        76.0804331472
        1.3354557000      5419.6027858364         5.0000000000         2.2234967477         3.7204891416      1322.4100670793        82.3341832720
        1.3404471000      4911.1645346619         5.0000000000         2.2209444209         3.8047010978      1318.6006240100        88.0667875530
        1.3454381000      4284.9097623818         5.0000000000         2.2286014014         3.9016724412      1330.0289532179        94.6679682402
        1.3504395000      3782.3533767927         5.0000000000         2.2286014014         3.9833325199      1330.0289532179       100.2268572400
        1.3554531000      3248.3872171042         5.0000000000         2.2286014014         4.0700963535      1330.0289532179       106.1331768023
        1.3604306000      2718.3622132947         5.0000000000         2.2234967477         4.1594120646      1322.4100670793       112.2132116458
        1.3654497000      2092.1074410146         5.0000000000         2.2311537283         4.2563834080      1333.8383962872       118.8143923330
        1.3704303000      1542.4363942765         5.0000000000         2.2311537283         4.3456991191      1333.8383962872       124.8944271766
        1.3754436000      1053.6441860306         4.2649973960         2.2234967477         4.4299110752      1322.4100670793       130.6270314576
        1.3804301000       498.0912737071         3.2980580585         2.2209444209         4.5217786637      1318.6006240100       136.8807815823
        1.3854458000       -88.8714127157         2.1588736174         2.2183920940         4.6187500072      1314.7911809407       143.4819622696
        1.3904199000      -644.4243250391         1.4440064037         2.2158397672         4.7106175957      1310.9817378713       149.7357123943
        1.3954490000     -1084.1014259634         0.5610978858         2.1954211523         4.7948295519      1280.5061933169       155.4683166754
        1.4004737000     -1032.8066630702         0.6790754914         2.1086420392         4.8407633461      1150.9851289604       158.5951917377
        1.4054707000      -971.7486151791         0.8166175219         2.0397292141         4.8739377531      1048.1301660892       160.8534903939
        1.4104522000      -737.9368097417         1.2875618275         1.9708163889         4.8790415080       945.2752032179       161.2009209564
        1.4154632000      -498.2431387189         1.6524679955         1.9044558907         4.8815933855       846.2296834159       161.3746362376
        1.4204528000      -225.1989838905         1.9769095705         1.8457523730         4.8739377531       758.6124928218       160.8534903939
        1.4254675000        43.9040150590         2.7751601208         1.7921535090         4.8637302433       678.6141883664       160.1586292689
        1.4304239000       138.2528102895         2.8832690833         1.7513162793         4.8739377531       617.6630992575       160.8534903939
        1.4354804000       474.1165133166         3.2677230599         1.6926127616         4.8560746109       530.0459086634       159.6374834252
        1.4404405000       513.4683356402         3.3178636050         1.6619848393         4.8688339982       484.3325918317       160.5060598314
        1.4458085000       623.5220179204         3.4686925452         1.6211476096         4.8764896306       423.3815027228       161.0272056751
        1.4504612000       819.9824472069         3.7866228148         1.5701010725         4.8764896306       347.1926413367       161.0272056751
        1.4554496000       847.5705383598         3.8370780978         1.5343684965         4.8943527728       293.8604383664       162.2432126438
        1.4604570000       912.4502691973         3.9619095813         1.5011882474         4.9045602826       244.3376784654       162.9380737688
        1.4654377000       790.7523286790         3.7348184553         1.4960835936         4.9275271797       236.7187923267       164.5015113000
        1.4704513000       729.9332266530         3.6322822777         1.4833219594         4.9453903219       217.6715769802       165.7175182687
        1.4754514000       309.6632227923         3.0736811842         1.5394731502         4.9785647289       301.4793245050       167.9758169249
        1.4804489000       -30.0818996475         2.2542673404         1.5828627068         5.0066353810       366.2398566832       169.8866850185
        1.4854320000      -218.6600171760         1.9848199305         1.6236999365         5.0117391359       427.1909457921       170.2341155810
        1.4904435000       -32.0823458201         2.2507893619         1.5956243410         4.9989797486       385.2870720297       169.3655391748
        1.4954477000       -30.0818996475         2.2542673404         1.5828627068         5.0066353810       366.2398566832       169.8866850185
        1.5004335000       132.9683093670         2.8773470619         1.5445778039         5.0040835035       309.0982106436       169.7129697373
        1.5054209000       337.2513139452         3.1049141976         1.5037405742         4.9964278711       248.1471215347       169.1918238936
        1.5104260000       400.1903350764         3.1778780861         1.4629033445         5.0117391359       187.1960324258       170.2341155810
        1.5154363000       661.4110222679         3.5247659893         1.4195137880         4.9964278711       122.4355002475       169.1918238936
        1.5204466000     24521.0756065822         5.0000000000         1.4144091342         1.1226778884       114.8166141089       -94.5079730336
        1.5254311000     24636.9514179815         5.0000000000         1.3965428462         1.1150222560        88.1505126238       -95.0291188773
        1.5304448000     24589.7770203662         5.0000000000         1.4169614611         1.1099185011       118.6260571782       -95.3765494398
        1.5354381000     31205.2964147537         5.0000000000         1.4731126519        -0.0001481936       202.4338047030      -170.9426967806
        1.5404341000     31128.6529527455         5.0000000000         1.5011882474        -0.0052519485       244.3376784654      -171.2901273431
        1.5454198000     30981.3076307806         5.0000000000         1.5394731502        -0.0052519485       301.4793245050      -171.2901273431
        1.5504763000     30427.5759552309         5.0000000000         1.5854150336         0.0559931105       370.0492997525      -167.1209605932
        1.5554392000     29954.3691611022         5.0000000000         1.6185952828         0.1121344146       419.5720596535      -163.2992244059
        1.5604855000     29363.3458458678         5.0000000000         1.6619848393         0.1810351060       484.3325918317      -158.6089118123
        1.5654497000     28715.3848480201         5.0000000000         1.7079267227         0.2575914298       552.9025670792      -153.3974533750
        1.5704409000     28053.6596728292         5.0000000000         1.7615255867         0.3315958761       632.9008715347      -148.3597102190
        1.5754348000     27415.5216964458         5.0000000000         1.8049151433         0.4081521998       697.6614037129      -143.1482517817
        1.5804585000     26895.2002411680         5.0000000000         1.8380953924         0.4719491363       747.1841636139      -138.8053697506
        1.5854442000     26151.0094748498         5.0000000000         1.8967989101         0.5561610925       834.8013542080      -133.0727654696
        1.5904576000     25365.5859129679         5.0000000000         1.9580547547         0.6454768035       926.2279878713      -126.9927306261
        1.5954423000     24601.7491037210         5.0000000000         2.0218629261         0.7296887597      1021.4640646040      -121.2601263450
        1.6004347000     23888.9681115020         5.0000000000         2.0805664438         0.8087969609      1109.0812551981      -115.8749526265
        1.6054324000     23191.8920063327         5.0000000000         2.1392699615         0.8853532847      1196.6984457921      -110.6634941892
        1.6104771000     22512.5212343857         5.0000000000         2.1852118449         0.9670133634      1265.2684210397      -105.1046051894
        1.6154502000     22055.1388002392         5.0000000000         2.1775548643         1.0461215646      1253.8400918317       -99.7194314709
        1.6204468000     21597.7563660927         5.0000000000         2.1698978837         1.1252297658      1242.4117626238       -94.3342577524
        1.6254500000     20908.6223091476         5.0000000000         2.1979734792         1.2196492318      1284.3156363862       -87.9067923464
        1.6305340000     20392.3017462152         5.0000000000         2.2056304597         1.2987574330      1295.7439655941       -82.5216186278
        1.6354478000     19821.0439468420         5.0000000000         2.2030781329         1.3931768990      1291.9345225248       -76.0941532218
        1.6404290000     19330.2512924235         5.0000000000         2.2081827866         1.4697332228      1299.5534086634       -70.8826947845
        1.6454710000     18725.5832727784         5.0000000000         2.2183920940         1.5616008113      1314.7911809407       -64.6289446598
        1.6504426000     18181.7940916257         5.0000000000         2.2209444209         1.6483646449      1318.6006240100       -58.7226250975
        1.6554565000     17718.5297918938         5.0000000000         2.2107351134         1.7300247236      1303.3628517327       -53.1637360977
        1.6604399000     17180.6224763263         5.0000000000         2.2158397672         1.8142366797      1310.9817378713       -47.4311318167
        1.6654589000     16575.9544566812         5.0000000000         2.2260490746         1.9061042683      1326.2195101486       -41.1773816919
        1.6704346000     16038.0471411138         5.0000000000         2.2311537283         1.9903162244      1333.8383962872       -35.4447774109
        1.6754434000     15533.5500458182         5.0000000000         2.2234967477         2.0770800580      1322.4100670793       -29.5384578486
        1.6804288000     15015.2887731794         5.0000000000         2.2234967477         2.1612920142      1322.4100670793       -23.8058535676
        1.6854490000     14485.2637693699         5.0000000000         2.2183920940         2.2506077252      1314.7911809407       -17.7258187241
        1.6904283000     13892.3594808955         5.0000000000         2.2337060552         2.3373715588      1337.6478393565       -11.8194991618
        1.6954368000     13252.3405312721         5.0000000000         2.2490200163         2.4317910248      1360.5044977723        -5.3920337558
        1.7004176000     12779.3129465422         5.0000000000         2.2209444209         2.5262104908      1318.6006240100         1.0354316502
        1.7054539000     12235.5237653894         5.0000000000         2.2234967477         2.6129743244      1322.4100670793         6.9417512124
        1.7104167000     11705.4987615799         5.0000000000         2.2183920940         2.7022900355      1314.7911809407        13.0217860559
        1.7154501000     11208.8242415761         5.0000000000         2.2209444209         2.7813982367      1318.6006240100        18.4069597745
        1.7204277000     10566.8645822463         5.0000000000         2.2286014014         2.8809214576      1330.0289532179        25.1818557430
        1.7254416000     10025.0758472662         5.0000000000         2.2183920940         2.9753409236      1314.7911809407        31.6093211490
        1.7304330000      9445.9357361350         5.0000000000         2.2260490746         3.0646566347      1326.2195101486        37.6893559925
        1.7354368000      8913.9102861529         5.0000000000         2.2337060552         3.1463167133      1337.6478393565        43.2482449923
        1.7404298000      8352.4755082441         5.0000000000         2.2286014014         3.2407361793      1330.0289532179        49.6757103983
        1.7454590000      7893.1523643912         5.0000000000         2.2132874403         3.3249481355      1307.1722948020        55.4083146793
        1.7504381000      7319.8941188455         5.0000000000         2.2234967477         3.4117119691      1322.4100670793        61.3146342415
        1.7554495000      6683.8163251010         5.0000000000         2.2337060552         3.5086833125      1337.6478393565        67.9158149288
        1.7604364000      6134.1452783628         5.0000000000         2.2337060552         3.5979990236      1337.6478393565        73.9958497723
        1.7654418000      5631.5888927737         5.0000000000         2.2337060552         3.6796591023      1337.6478393565        79.5547387721
        1.7704536000      5095.6820233789         5.0000000000         2.2260490746         3.7715266908      1326.2195101486        85.8084888968
        1.7754367000      4542.0698207618         5.0000000000         2.2311537283         3.8582905244      1333.8383962872        91.7148084591
        1.7804292000      4039.5134351726         5.0000000000         2.2311537283         3.9399506031      1333.8383962872        97.2736974589
        1.7854367000      3375.9670232078         5.0000000000         2.2362583820         4.0445775789      1341.4572824258       104.3960239899
        1.7904394000      2938.2306319900         5.0000000000         2.2234967477         4.1236857801      1322.4100670793       109.7811977084
        1.7954430000      2351.2679455671         5.0000000000         2.2209444209         4.2206571236      1318.6006240100       116.3823783956
        1.8004369000      1713.1897056501         5.0000000000         2.2439153626         4.3099728347      1352.8856116337       122.4624132391
        1.8054476000      1181.2239921343         4.5775066903         2.2311537283         4.4043923006      1333.8383962872       128.8898786451
        1.8104275000       545.1461983898         3.3595835358         2.2413630357         4.5013636441      1349.0761685644       135.4910593324
        1.8154666000        81.8818986580         2.8193816225         2.2311537283         4.5830237228      1333.8383962872       141.0499483322
        1.8204549000      -560.0777606718         1.5691891788         2.2388107089         4.6825469437      1345.2667254951       147.8248443007
        1.8255008000      -993.8729960107         0.7672524913         2.2209444209         4.7642070224      1318.6006240100       153.3837333004
        1.8304409000     -1376.6124143216         0.0000000000         2.1979734792         4.8407633461      1284.3156363862       158.5951917377
        1.8354393000     -1453.0169304647         0.0000000000         2.1443746152         4.8866971404      1204.3173319308       161.7220668001
        1.8404407000     -1305.6118720336         0.0621785341         2.0856710975         4.8994565277      1116.7001413367       162.5906432063
        1.8454262000     -1252.4958723667         0.1760960969         2.0473861946         4.9147677924      1059.5584952971       163.6329348938
        1.8504634000     -1018.7438033955         0.7110951875         1.9988919844         4.9071121601       987.1790769803       163.1117890501
        1.8554376000      -898.9268361173         0.9741895769         1.9759210427         4.9020084051       952.8940893565       162.7643584876
        1.8604514000      -459.0107893279         1.7021960199         1.9146651981         4.8688339982       861.4674556931       160.5060598314
        1.8654378000       -64.2686939812         2.1971617300         1.8610663341         4.8382114687       781.4691512377       158.4214764565
        1.8704531000       246.0671005319         3.0027839482         1.8049151433         4.8229002039       697.6614037129       157.3791847690
        1.8754316000       630.9861744143         3.4795584286         1.7538686061         4.7922776744       621.4725423268       155.2946013941
        1.8804452000       970.7910333204         4.0818132557         1.6900604347         4.7769664097       526.2364655941       154.2523097067
        1.8854268000      1126.0186670433         4.4377074130         1.6415662245         4.7820701646       453.8570472773       154.5997402691
        1.8904570000      1369.5937574787         5.0000000000         1.5905196873         4.7744145322       377.6681858911       154.0785944254
        1.8954434000      1359.8902089470         5.0000000000         1.5522347845         4.7999333068       320.5265398515       155.8157472378
        1.9004315000      1228.3692469643         4.7024299340         1.5496824576         4.8229002039       316.7170967822       157.3791847690
        1.9054218000      1118.4350376167         4.4190491378         1.5496824576         4.8407633461       316.7170967822       158.5951917377
        1.9104504000       466.4731474238         3.2581848982         1.6211476096         4.9020084051       423.3815027228       162.7643584876
        1.9154377000        52.1447456147         2.7848557687         1.6594325125         4.9453903219       480.5231487624       165.7175182687
        1.9204556000      -468.2364461294         1.6906928499         1.7130313764         4.9964278711       560.5214532178       169.1918238936
        1.9254495000      -591.9945692866         1.5234990217         1.7411069719         4.9989797486       602.4253269802       169.3655391748
        1.9304620000      -560.5250587210         1.5685622608         1.7206883570         5.0066353810       571.9497824258       169.8866850185
        1.9354203000      -460.3541343714         1.7005278709         1.7028220690         5.0015316260       545.2836809406       169.5392544561
        1.9404641000      -366.0053391408         1.8132148783         1.6619848393         5.0117391359       484.3325918317       170.2341155810
        1.9454366000       -63.4921199194         2.1984065113         1.5956243410         5.0040835035       385.2870720297       169.7129697373
        1.9504526000        97.6173793887         2.8373944552         1.5496824576         5.0066353810       316.7170967822       169.8866850185
        1.9554338000       313.7238516039         3.0782554223         1.4935312668         5.0066353810       232.9093492574       169.8866850185
        1.9604568000       500.3612594260         3.3009641751         1.4450370565         5.0066353810       160.5299309406       169.8866850185
        1.9654626000       718.4084413475         3.6136233591         1.3965428462         5.0015316260        88.1505126238       169.5392544561
        1.9704344000       681.1168016628         3.5548569304         1.3939905194         5.0091872584        84.3410695545       170.0604002998
        1.9754535000       830.4028333341         3.8055002176         1.3633625971         5.0040835035        38.6277527228       169.7129697373
        1.9804287000       883.3993600684         3.9049263694         1.3659149240         4.9938759937        42.4371957921       169.0181086123
        1.9854748000     24442.4914348676         5.0000000000         1.4348277491         1.1226778884       145.2921586634       -94.5079730336
        1.9904285000     24342.2607740518         5.0000000000         1.4731126519         1.1150222560       202.4338047030       -95.0291188773
        1.9954423000     31042.2462057392         5.0000000000         1.5113975548         0.0024036839       259.5754507426      -170.7689814994
        2.0004447000     30894.9008837743         5.0000000000         1.5496824576         0.0024036839       316.7170967822      -170.7689814994
        2.0054683000     30661.1488148032         5.0000000000         1.5981766679         0.0100593162       389.0965150990      -170.2478356556
        2.0104470000     30199.7057518451         5.0000000000         1.6364615707         0.0610968654       446.2381611386      -166.7735300308
        2.0154270000     29645.9740762954         5.0000000000         1.6824034542         0.1223419244       514.8081363862      -162.6043632809
        2.0204332000     29111.8884436744         5.0000000000         1.7232406839         0.1835869834       575.7592254951      -158.4351965311
        2.0254486000     28542.4518810750         5.0000000000         1.7691825673         0.2473839199       644.3292007426      -154.0923145000
        2.0304278000     27900.3727488127         5.0000000000         1.8176767776         0.3213883662       716.7086190594      -149.0545713440
        2.0354372000     27181.7098910084         5.0000000000         1.8738279684         0.4030484449       800.5163665842      -143.4956823442
        2.0404274000     26543.5719146250         5.0000000000         1.9172175250         0.4796047687       865.2768987624      -138.2842239069
        2.0454345000     25848.4962556284         5.0000000000         1.9631594084         0.5638167248       933.8468740099      -132.5516196259
        2.0504166000     25275.1782736163         5.0000000000         1.9937873306         0.6378211711       979.5601908416      -127.5138764698
        2.0554365000     24625.2765660623         5.0000000000         2.0320722335         0.7194812498      1036.7018368812      -121.9549874700
        2.0604402000     24046.0767184649         5.0000000000         2.0601478289         0.7960375736      1078.6057106436      -116.7435290327
        2.0654476000     23405.9980323752         5.0000000000         2.0958804049         0.8776976523      1131.9379136139      -111.1846400329
        2.0704288000     22769.8605021645         5.0000000000         2.1265083272         0.9619096084      1177.6512304456      -105.4520357519
        2.0754419000     22112.1362193188         5.0000000000         2.1545839226         1.0512253195      1219.5551042080       -99.3720009084
        2.0804287000     21517.2314846717         5.0000000000         2.1826595180         1.1303335207      1261.4589779704       -93.9868271899
        2.0854355000     20857.5664921197         5.0000000000         2.2030781329         1.2247529867      1291.9345225248       -87.5593617839
        2.0904231000     20380.5380150445         5.0000000000         2.2005258060         1.3038611879      1288.1250794555       -82.1741880653
        2.0954578000     19848.5125650623         5.0000000000         2.2081827866         1.3855212666      1299.5534086634       -76.6152990655
        2.1004408000     19294.9003624452         5.0000000000         2.2132874403         1.4722851002      1307.1722948020       -70.7089795033
        2.1054484000     18758.9934930504         5.0000000000         2.2056304597         1.5641526888      1295.7439655941       -64.4552293785
        2.1104337000     18266.2601289256         5.0000000000         2.2030781329         1.6458127674      1291.9345225248       -58.8963403787
        2.1154474000     17679.2377060365         5.0000000000         2.2209444209         1.7300247236      1318.6006240100       -53.1637360977
        2.1204337000     17155.0945678123         5.0000000000         2.2183920940         1.8167885572      1314.7911809407       -47.2574165354
        2.1254766000     16627.0102737092         5.0000000000         2.2209444209         1.9010005134      1318.6006240100       -41.5248122544
        2.1305781000     16153.9229525130         5.0000000000         2.2132874403         1.9826605920      1307.1722948020       -35.9659232546
        2.1354471000     15513.9040028896         5.0000000000         2.2286014014         2.0770800580      1330.0289532179       -29.5384578486
        2.1404441000     15030.9936602291         5.0000000000         2.2234967477         2.1587401367      1322.4100670793       -23.9795688489
        2.1454461000     14444.0309738063         5.0000000000         2.2209444209         2.2557114802      1318.6006240100       -17.3783881616
        2.1504383000     13949.3568999751         5.0000000000         2.2107351134         2.3424753138      1303.3628517327       -11.4720685994
        2.1554608000     13389.8628317726         5.0000000000         2.2132874403         2.4317910248      1307.1722948020        -5.3920337558
        2.1604399000     12679.1420221926         5.0000000000         2.2388107089         2.5313142457      1345.2667254951         1.3828622126
        2.1654149000     12213.9370127544         5.0000000000         2.2209444209         2.6180780793      1318.6006240100         7.2891817749
        2.1704523000     11807.6103956358         5.0000000000         2.2081827866         2.6920825256      1299.5534086634        12.3269249310
        2.1754151000     11167.5914460124         5.0000000000         2.2234967477         2.7865019916      1322.4100670793        18.7543903370
        2.1804453000     10557.0415607820         5.0000000000         2.2311537283         2.8809214576      1333.8383962872        25.1818557430
        2.1854311000     10036.8395784368         5.0000000000         2.2234967477         2.9702371687      1322.4100670793        31.2618905865
        2.1904428000      9516.6375960917         5.0000000000         2.2158397672         3.0595528797      1310.9817378713        37.3419254300
        2.1954330000      8978.7302805242         5.0000000000         2.2209444209         3.1437648359      1318.6006240100        43.0745297110
        2.2004327000      8480.1150508140         5.0000000000         2.2158397672         3.2279767920      1310.9817378713        48.8071339920
        2.2054215000      7881.3288967543         5.0000000000         2.2286014014         3.3172925031      1330.0289532179        54.8871688355
        2.2104507000      7243.3103933035         5.0000000000         2.2311537283         3.4193676015      1333.8383962872        61.8357800853
        2.2154412000      6746.6358732996         5.0000000000         2.2337060552         3.4984758027      1337.6478393565        67.2209538038
        2.2204508000      6277.4897079825         5.0000000000         2.2209444209         3.5826877588      1318.6006240100        72.9535580848
        2.2254317000      5672.8216883374         5.0000000000         2.2311537283         3.6745553474      1333.8383962872        79.2073082096
        2.2304399000      5091.7408674999         5.0000000000         2.2311537283         3.7689748133      1333.8383962872        85.6347736156
        2.2354300000      4557.7747078114         5.0000000000         2.2311537283         3.8557386469      1333.8383962872        91.5410931779
        2.2404401000      3941.3429569957         5.0000000000         2.2362583820         3.9527099904      1341.4572824258        98.1422738651
        2.2454454000      3452.5507487498         5.0000000000         2.2286014014         4.0369219465      1330.0289532179       103.8748781461
        2.2504306000      2928.4076105256         5.0000000000         2.2260490746         4.1236857801      1326.2195101486       109.7811977084
        2.2554214000      2378.7365637875         5.0000000000         2.2260490746         4.2130014912      1326.2195101486       115.8612325519
        2.2604518000      1833.0066729283         5.0000000000         2.2209444209         4.3048690797      1318.6006240100       122.1149826767
        2.2654403000      1283.3356261902         4.8544851595         2.2209444209         4.3941847908      1318.6006240100       128.1950175202
        2.2704501000       657.0808539101         3.5182403467         2.2286014014         4.4911561342      1330.0289532179       134.7961982074
        2.2754364000       101.5279415866         2.8418469151         2.2260490746         4.5830237228      1326.2195101486       141.0499483322
        2.2804445000      -326.3854281669         1.8588733401         2.2107351134         4.6621319240      1303.3628517327       146.4351220507
        2.2854327000      -868.1741631471         1.0380660052         2.2005258060         4.7565513900      1288.1250794555       152.8625874567
        2.2904377000     -1356.9663713929         0.0000000000         2.1928688255         4.8407633461      1276.6967502476       158.5951917377
        2.2954418000     -1578.7157633283         0.0000000000         2.1647932300         4.8943527728      1234.7928764852       162.2432126438
        2.3004553000     -1537.3634948321         0.0000000000         2.1214036735         4.9147677924      1170.0323443070       163.6329348938
        2.3054416000     -1368.3716837659         0.0000000000         2.0652524826         4.9224234248      1086.2245967822       164.1540807375
        2.3104281000     -1283.8459099997         0.1080951266         2.0269675798         4.9326309346      1029.0829507426       164.8489418625
        2.3154322000     -1030.5075345662         0.6843221292         1.9937873306         4.9122159150       979.5601908416       163.4592196125
        2.3204541000      -696.6442777117         1.3590141697         1.9478454472         4.8866971404       910.9902155941       161.7220668001
        2.3254305000      -296.0203167796         1.8937857973         1.8967989101         4.8535227334       834.8013542080       159.4637681439
        2.3304378000        65.3115582951         2.8002276584         1.8559616804         4.8203483265       773.8502650990       157.2054694878
        2.3354469000       397.1743689769         3.1743167258         1.8227814313         4.7871739195       724.3275051981       154.9471708316
        2.3404281000       701.5685614384         3.5867853140         1.7844965284         4.7616551449       667.1858591585       153.2100180192
        2.3454877000       819.4448190103         3.7856547442         1.7538686061         4.7616551449       621.4725423268       153.2100180192
        2.3504232000      1094.4296835451         4.3608557064         1.7028220690         4.7488957576       545.2836809406       152.3414416130
        2.3554415000      1063.0796459120         4.2868374304         1.6824034542         4.7667588998       514.8081363862       153.5574485817
        2.3604440000      1239.9537687362         4.7339045187         1.6160429559         4.7795182871       415.7626165842       154.4260249879
        2.3654668000      1245.9551072540         4.7503302797         1.5777580530         4.8024851842       358.6209705446       155.9894625191
        2.3704447000      1051.6145970728         4.2603259154         1.5752057262         4.8356595912       354.8115274753       158.2477611752
        2.3754547000       869.0378180622         3.8774112238         1.5777580530         4.8637302433       358.6209705446       160.1586292689
        2.3804337000       350.5973360245         3.1201686321         1.6390138976         4.9096640375       450.0476042079       163.2855043313
        2.3854511000       -22.4982702209         2.2676159797         1.6747464736         4.9479421994       503.3798071782       165.8912335499
        2.3904276000      -466.2957364230         1.6931218697         1.7206883570         4.9913241162       571.9497824258       168.8443933311
        2.3954804000      -481.9408870064         1.6733947017         1.7002697422         5.0066353810       541.4742378713       169.8866850185
        2.4004272000      -407.2978711708         1.7648562544         1.6849557810         5.0040835035       518.6175794555       169.7129697373
        2.4054422000      -269.7755706703         1.9241758837         1.6492232050         5.0040835035       465.2853764852       169.7129697373
        2.4104405000       -43.8460769908         2.2306905251         1.5905196873         5.0040835035       377.6681858911       169.7129697373
        2.4154633000       187.9652822740         2.9385526646         1.5343684965         5.0015316260       293.8604383664       169.5392544561
        2.4204429000       362.8389589255         3.1342556285         1.4807696325         5.0066353810       213.8621339109       169.8866850185
        2.4254481000       604.4733396546         3.4413512118         1.4220661148         5.0040835035       126.2449433168       169.7129697373
        2.4304285000       755.7598174984         3.6749762636         1.3786765582         5.0066353810        61.4844111386       169.8866850185
        2.4354480000       861.8126074334         3.8637304548         1.3633625971         4.9989797486        38.6277527228       169.3655391748
        2.4404335000       840.2258547984         3.8234953640         1.3608102703         5.0040835035        34.8183096535       169.7129697373
        2.4454671000       590.7091623113         3.4219339395         1.4297230954         5.0015316260       137.6732725248       169.5392544561
        2.4504481000     24230.3261185315         5.0000000000         1.4858742862         1.1252297658       221.4810200495       -94.3342577524
        2.4554366000     24183.0919844499         5.0000000000         1.5267115159         1.1073666236       282.4321091584       -95.5502647211
        2.4604385000     30863.4313732087         5.0000000000         1.5701010725        -0.0052519485       347.1926413367      -171.2901273431
        2.4654334000     30690.5581427299         5.0000000000         1.6109383022        -0.0027000711       408.1437304456      -171.1164120618
        2.4704337000     30472.5109608084         5.0000000000         1.6594325125         0.0024036839       480.5231487624      -170.7689814994
        2.4754472000     29950.1890593581         5.0000000000         1.7053743959         0.0585449879       549.0931240099      -166.9472453120
        2.4804330000     29486.8052866936         5.0000000000         1.7360023181         0.1146862920       594.8064408416      -163.1255091247
        2.4854536000     29001.8347613942         5.0000000000         1.7640779136         0.1759313511       636.7103146040      -158.9563423748
        2.4904501000     28383.3428279395         5.0000000000         1.8023628164         0.2524876748       693.8519606436      -153.7448839375
        2.4954422000     27727.5592548001         5.0000000000         1.8380953924         0.3366996310       747.1841636139      -148.0122796565
        2.5004360000     27252.4117509650         5.0000000000         1.8636186610         0.3979446900       785.2785943070      -143.8431129067
        2.5054522000     26622.1560863396         5.0000000000         1.8967989101         0.4796047687       834.8013542080      -138.2842239069
        2.5104362000     26017.4283302283         5.0000000000         1.9274268324         0.5587129699       880.5146710396      -132.8990501883
        2.5154545000     25422.5235955812         5.0000000000         1.9555024278         0.6378211711       922.4185448020      -127.5138764698
        2.5204332000     24709.8023398285         5.0000000000         1.9937873306         0.7296887597       979.5601908416      -121.2601263450
        2.5254434000     24171.8352877948         5.0000000000         2.0193105992         0.8011413285      1017.6546215347      -116.3960984702
        2.5304552000     23464.9958976274         5.0000000000         2.0601478289         0.8904570396      1078.6057106436      -110.3160636267
        2.5354299000     22889.7372059090         5.0000000000         2.0831187706         0.9695652408      1112.8906982674      -104.9308899082
        2.5404438000     22198.6027027914         5.0000000000         2.1239560003         1.0563290744      1173.8417873763       -99.0245703459
        2.5454305000     21597.8161025590         5.0000000000         2.1494792689         1.1379891531      1211.9362180694       -93.4656813461
        2.5504380000     20930.2687982489         5.0000000000         2.1801071912         1.2273048642      1257.6495349011       -87.3856465026
        2.5554326000     20343.2463753598         5.0000000000         2.1979734792         1.3115168203      1284.3156363862       -81.6530422216
        2.5604628000     19893.6865165050         5.0000000000         2.2005258060         1.3829693892      1288.1250794555       -76.7890143468
        2.5654407000     19283.1366312746         5.0000000000         2.2081827866         1.4773888552      1299.5534086634       -70.3615489408
        2.5704516000     18758.9934930504         5.0000000000         2.2056304597         1.5641526888      1295.7439655941       -64.4552293785
        2.5754402000     18226.9680430683         5.0000000000         2.2132874403         1.6458127674      1307.1722948020       -58.8963403787
        2.5804999000     17643.8867760582         5.0000000000         2.2260490746         1.7325766011      1326.2195101486       -52.9900208165
        2.5854797000     17113.8617722487         5.0000000000         2.2209444209         1.8218923121      1318.6006240100       -46.9099859730
        2.5905988000     16595.6004996099         5.0000000000         2.2209444209         1.9061042683      1318.6006240100       -41.1773816919
        2.5954478000     16036.1064314074         5.0000000000         2.2234967477         1.9954199793      1322.4100670793       -35.0973468484
        2.6004406000     15496.1986696673         5.0000000000         2.2413630357         2.0719763031      1349.0761685644       -29.8858884111
        2.6054417000     14848.3571447522         5.0000000000         2.2464676894         2.1740514015      1356.6950547030       -22.9372771614
        2.6104326000     14418.5030652923         5.0000000000         2.2234967477         2.2582633576      1322.4100670793       -17.2046728804
        2.6154433000     13878.6550400185         5.0000000000         2.2209444209         2.3475790687      1318.6006240100       -11.1246380369
        2.6204328000     13344.6888803300         5.0000000000         2.2209444209         2.4343429023      1318.6006240100        -5.2183184746
        2.6254369000     12708.6110865856         5.0000000000         2.2311537283         2.5313142457      1333.8383962872         1.3828622126
        2.6304461000     12261.0516739034         5.0000000000         2.2209444209         2.6104224470      1318.6006240100         6.7680359312
        2.6354403000     11593.5641060596         5.0000000000         2.2311537283         2.7124975453      1333.8383962872        13.7166471809
        2.6404803000     11122.4772310361         5.0000000000         2.2107351134         2.8018132564      1303.3628517327        19.7966820244
        2.6454545000     10690.6227054036         5.0000000000         2.2005258060         2.8783695801      1288.1250794555        25.0081404617
        2.6504313000      9895.4358585236         5.0000000000         2.2439153626         2.9804446785      1352.8856116337        31.9567517114
        2.6554421000      9504.8738649210         5.0000000000         2.2107351134         3.0646566347      1303.3628517327        37.6893559925
        2.6604339000      8951.2616623039         5.0000000000         2.2158397672         3.1514204683      1310.9817378713        43.5956755547
        2.6654591000      8383.8852823434         5.0000000000         2.2286014014         3.2356324244      1330.0289532179        49.3282798358
        2.6704278000      7834.2142356052         5.0000000000         2.2286014014         3.3249481355      1330.0289532179        55.4083146793
        2.6754899000      7298.3073662104         5.0000000000         2.2209444209         3.4168157240      1318.6006240100        61.6620648040
        2.6804444000      6805.5740020856         5.0000000000         2.2183920940         3.4984758027      1314.7911809407        67.2209538038
        2.6854503000      6271.6078423971         5.0000000000         2.2183920940         3.5852396363      1314.7911809407        73.1272733661
        2.6904331000      5635.5300486527         5.0000000000         2.2286014014         3.6822109797      1330.0289532179        79.7284540533
        2.6954555000      5095.6820233789         5.0000000000         2.2260490746         3.7715266908      1326.2195101486        85.8084888968
        2.7004567000      4532.2467992974         5.0000000000         2.2337060552         3.8582905244      1337.6478393565        91.7148084591
        2.7054429000      4043.4545910516         5.0000000000         2.2260490746         3.9425024806      1326.2195101486        97.4474127401
        2.7104505000      3446.6688831644         5.0000000000         2.2260490746         4.0394738240      1326.2195101486       104.0485934274
        2.7154556000      2877.3517934977         5.0000000000         2.2311537283         4.1287895351      1333.8383962872       110.1286282709
        2.7204432000      2372.8546982022         5.0000000000         2.2234967477         4.2155533687      1322.4100670793       116.0349478332
        2.7254303000      1838.8885385137         5.0000000000         2.2234967477         4.3023172023      1322.4100670793       121.9412673954
        2.7304375000      1206.7519006482         4.6445171240         2.2286014014         4.4018404232      1330.0289532179       128.7161633639
        2.7354581000       554.9692198542         3.3727844070         2.2388107089         4.5013636441      1345.2667254951       135.4910593324
        2.7404265000         9.2393289950         2.6189999231         2.2337060552         4.5932312326      1337.6478393565       141.7448094571
        2.7454485000      -418.6740407585         1.7513067247         2.2183920940         4.6723394338      1314.7911809407       147.1299831757
        2.7504264000      -899.5839372464         0.9728060970         2.2005258060         4.7616551449      1288.1250794555       153.2100180192
        2.7554347000     -1378.5531240279         0.0000000000         2.1903164986         4.8458671010      1272.8873071783       158.9426223002
        2.7604280000     -1529.6006560067         0.0000000000         2.1520315957         4.8943527728      1215.7456611387       162.2432126438
        2.7654335000     -1558.9502474670         0.0000000000         2.1188513466         4.9198715474      1166.2229012377       163.9803654563
        2.7704498000     -1472.4837639945         0.0000000000         2.0882234243         4.9249753023      1120.5095844060       164.3277960188
        2.7754536000     -1389.9584364009         0.0000000000         2.0627001558         4.9275271797      1082.4151537129       164.5015113000
        2.7804385000     -1158.2068136024         0.3895332096         2.0269675798         4.9122159150      1029.0829507426       163.4592196125
        2.7854444000      -845.9303093830         1.0831581664         1.9784733695         4.8918008953       956.7035324258       162.0694973626
        2.7904274000      -398.1916873019         1.7756225219         1.9274268324         4.8509708560       880.5146710396       159.2900528627
        2.7954436000        -1.5088822488         2.4914708742         1.8814849490         4.8152445715       811.9446957921       156.8580389253
        2.8004198000       444.2890301259         3.2308442392         1.8227814313         4.7795182871       724.3275051981       154.4260249879
        2.8054373000       901.9104101376         3.9410292603         1.7487639524         4.7514476351       613.8536561882       152.5151568942
        2.8104435000      1341.8861933932         5.0000000000         1.6670894930         4.7310326154       491.9514779703       151.1254346443
        2.8154293000      1707.2786972796         5.0000000000         1.5803103799         4.7259288605       362.4304136139       150.7780040818
        2.8204324000      1990.2056100386         5.0000000000         1.4986359205         4.7310326154       240.5282353961       151.1254346443
        2.8254545000      1897.9767339133         5.0000000000         1.4858742862         4.7539995125       221.4810200495       152.6888721755
        2.8304386000      1793.9243901510         5.0000000000         1.4884266131         4.7693107773       225.2904631188       153.7311638629
        2.8354499000      1100.6699679281         4.3758565772         1.5828627068         4.8229002039       366.2398566832       157.3791847690
        2.8404264000       491.8815830052         3.2901387148         1.6594325125         4.8739377531       480.5231487624       160.8534903939
        2.8454502000       -65.8509848898         2.1946325774         1.7308976644         4.9198715474       587.1875547030       163.9803654563
        2.8504755000      -598.0556442708         1.5145973995         1.7998104896         4.9632534642       690.0425175743       166.9335252374
        2.8554543000      -729.5168697871         1.3024377734         1.7768395479         4.9989797486       655.7575299505       169.3655391748
        2.8604378000      -707.8703806859         1.3399618880         1.7589732599         5.0066353810       629.0914284654       169.8866850185
        2.8654298000      -423.0027582205         1.7461195804         1.6849557810         5.0066353810       518.6175794555       169.8866850185
        2.8704624000      -112.6072272411         2.1238754999         1.6083859753         5.0040835035       404.3342873763       169.7129697373
        2.8754459000       186.0245725676         2.9364047266         1.5267115159         5.0066353810       282.4321091584       169.8866850185
        2.8804336000       567.1219635036         3.3892965424         1.4399324028         4.9989797486       152.9110448020       169.3655391748
        2.8854395000       734.1730648634         3.6392071353         1.3761242314         5.0117391359        57.6749680693       170.2341155810
        2.8904439000       844.1670106773         3.8307702161         1.3557056165         5.0066353810        27.1994235149       169.8866850185
        2.8954290000       844.1670106773         3.8307702161         1.3557056165         5.0066353810        27.1994235149       169.8866850185
        2.9005089000       726.2907531055         3.6263591376         1.3863335388         5.0066353810        72.9127403465       169.8866850185
        2.9054560000       431.6001091757         3.2154238368         1.4629033445         5.0066353810       187.1960324258       169.8866850185
        2.9104686000       256.7264325242         3.0145937195         1.5165022085         5.0015316260       267.1943368812       169.5392544561
        2.9154528000     24008.2183077985         5.0000000000         1.5803103799         1.1022628687       362.4304136139       -95.8976952835
        2.9204548000     23931.6345822565         5.0000000000         1.5879673605         1.1099185011       373.8587428218       -95.3765494398
        2.9254401000     30527.5079337154         5.0000000000         1.6492232050        -0.0001481936       465.2853764852      -170.9426967806
        2.9304540000     30248.5819133016         5.0000000000         1.7053743959         0.0100593162       549.0931240099      -170.2478356556
        2.9354347000     30008.8882422788         5.0000000000         1.7717348941         0.0075074388       648.1386438119      -170.4215509369
        2.9404422000     29612.2054372257         5.0000000000         1.8176767776         0.0432337232       716.7086190594      -167.9895369995
        2.9454344000     28909.1877300048         5.0000000000         1.8942465832         0.1095825371       830.9919111387      -163.4729396871
        2.9504425000     28363.2786297468         5.0000000000         1.9503977741         0.1631719638       914.7996586634      -159.8249187810
        2.9554238000     27676.0255460418         5.0000000000         2.0065489649         0.2397282875       998.6074061882      -154.6134603437
        2.9604591000     27100.7071178572         5.0000000000         2.0499385215         0.3060771015      1063.3679383664      -150.0968630314
        2.9654394000     26545.0944690674         5.0000000000         2.0678048095         0.3851853027      1090.0340398515      -144.7116893129
        2.9704690000     25969.8357773490         5.0000000000         2.0907757512         0.4642935039      1124.3190274753      -139.3265155943
        2.9755136000     25390.6359297516         5.0000000000         2.1188513466         0.5408498277      1166.2229012377      -134.1150571570
        2.9804678000     24817.3776842058         5.0000000000         2.1290606540         0.6276136613      1181.4606735149      -128.2087375948
        2.9854308000     24212.6499280944         5.0000000000         2.1596885763         0.7067218625      1227.1739903466      -122.8235638762
        2.9904598000     23715.9754080906         5.0000000000         2.1622409032         0.7858300638      1230.9834334159      -117.4383901577
        2.9954510000     23193.7729795728         5.0000000000         2.1673455569         0.8674901425      1238.6023195545      -111.8795011579
        3.0004614000     22671.5705510550         5.0000000000         2.1724502106         0.9491502211      1246.2212056931      -106.3206121581
        3.0054496000     22100.2530152156         5.0000000000         2.1903164986         1.0308102998      1272.8873071783      -100.7617231584
        3.0104346000     21558.4045437691         5.0000000000         2.2005258060         1.1124703785      1288.1250794555       -95.2028341586
        3.0154346000     21048.0255828883         5.0000000000         2.1903164986         1.2017860896      1272.8873071783       -89.1227993151
        3.0204473000     20419.7703644355         5.0000000000         2.2107351134         1.2911018006      1303.3628517327       -83.0427644715
        3.0254290000     19875.9811832827         5.0000000000         2.2132874403         1.3778656343      1307.1722948020       -77.1364449093
        3.0304813000     19353.7787547649         5.0000000000         2.2183920940         1.4595257129      1314.7911809407       -71.5775559095
        3.0354540000     18866.9272562254         5.0000000000         2.2183920940         1.5386339142      1314.7911809407       -66.1923821910
        3.0404645000     18266.2003924593         5.0000000000         2.2234967477         1.6330533802      1322.4100670793       -59.7649167850
        3.0454223000     17767.5851627491         5.0000000000         2.2183920940         1.7172653363      1314.7911809407       -54.0323125039
        3.0504310000     17223.7959815963         5.0000000000         2.2209444209         1.8040291699      1318.6006240100       -48.1259929417
        3.0554439000     16623.0691178302         5.0000000000         2.2260490746         1.8984486359      1326.2195101486       -41.6985275357
        3.0604296000     16094.9848237271         5.0000000000         2.2286014014         1.9826605920      1330.0289532179       -35.9659232546
        3.0654353000     15612.0744810665         5.0000000000         2.2234967477         2.0643206707      1322.4100670793       -30.4070342549
        3.0704473000     15103.6362298920         5.0000000000         2.2209444209         2.1485326269      1318.6006240100       -24.6744299738
        3.0754332000     14497.0275005406         5.0000000000         2.2234967477         2.2455039703      1322.4100670793       -18.0732492866
        3.0804599000     13841.3036638675         5.0000000000         2.2388107089         2.3424753138      1345.2667254951       -11.4720685994
        3.0854280000     13336.8065685720         5.0000000000         2.2311537283         2.4292391474      1333.8383962872        -5.5657490371
        3.0904377000     12802.8404088835         5.0000000000         2.2311537283         2.5160029810      1333.8383962872         0.3405705252
        3.0954464000     12349.3991306160         5.0000000000         2.2183920940         2.5976630597      1314.7911809407         5.8994595250
        3.1005068000     11770.2590194849         5.0000000000         2.2260490746         2.6869787707      1326.2195101486        11.9794943685
        3.1054350000     11193.1193545264         5.0000000000         2.2209444209         2.7839501142      1318.6006240100        18.5806750557
        3.1104261000     10653.2713292526         5.0000000000         2.2183920940         2.8732658252      1314.7911809407        24.6607098992
        3.1154337000     10170.3609865921         5.0000000000         2.2132874403         2.9549259039      1307.1722948020        30.2195988990
        3.1204196000      9601.0438969253         5.0000000000         2.2183920940         3.0442416150      1314.7911809407        36.2996337425
        3.1254658000      8990.4940116949         5.0000000000         2.2260490746         3.1386610810      1326.2195101486        42.7270991485
        3.1306096000      8358.3573738294         5.0000000000         2.2311537283         3.2381843019      1333.8383962872        49.5019951170
        3.1354494000      7932.3847137822         5.0000000000         2.2234967477         3.3121887482      1322.4100670793        54.5397382731
        3.1404308000      7317.8936726728         5.0000000000         2.2362583820         3.4040563367      1341.4572824258        60.7934883978
        3.1454461000      6801.6328462066         5.0000000000         2.2234967477         3.4959239252      1322.4100670793        67.0472385226
        3.1504851000      6338.3685464747         5.0000000000         2.2132874403         3.5775840039      1307.1722948020        72.6061275224
        3.1554406000      5666.9398227520         5.0000000000         2.2286014014         3.6771072248      1330.0289532179        79.3810234908
        3.1604208000      5058.3306472279         5.0000000000         2.2439153626         3.7664229359      1352.8856116337        85.4610583344
        3.1654506000      4646.1221645240         5.0000000000         2.2286014014         3.8429792597      1330.0289532179        90.6725167716
        3.1704359000      4116.0971607146         5.0000000000         2.2234967477         3.9322949707      1322.4100670793        96.7525516152
        3.1754450000      3509.4884313631         5.0000000000         2.2260490746         4.0292663142      1326.2195101486       103.3537323024
        3.1804309000      2914.6434331823         5.0000000000         2.2337060552         4.1211339027      1337.6478393565       109.6074824272
        3.1854505000      2345.3263435155         5.0000000000         2.2388107089         4.2104496138      1345.2667254951       115.6875172707
        3.1904314000      1785.8322753131         5.0000000000         2.2413630357         4.2997653248      1349.0761685644       121.7675521142
        3.1954453000      1320.6272658749         4.9615379416         2.2234967477         4.3865291584      1322.4100670793       127.6738716764
        3.2004249000       790.6022620654         3.7345568089         2.2183920940         4.4758448695      1314.7911809407       133.7539065200
        3.2054344000       142.7607371503         2.8883122450         2.2234967477         4.5779199678      1322.4100670793       140.7025177697
        3.2104400000      -412.7921751732         1.7583267702         2.2209444209         4.6697875564      1318.6006240100       146.9562678944
        3.2154548000      -887.8202060758         0.9974580165         2.2056304597         4.7565513900      1295.7439655941       152.8625874567
        3.2204436000     -1311.7924199503         0.0493612986         2.1852118449         4.8382114687      1265.2684210397       158.4214764565
        3.2254784000     -1246.7932161802         0.1886701335         2.1111943660         4.8739377531      1154.7945720298       160.8534903939
        3.2304364000     -1173.9714371184         0.3532346008         2.0473861946         4.9020084051      1059.5584952971       162.7643584876
        3.2354374000      -983.3331369509         0.7908445042         1.9733687158         4.9173196699       949.0846462872       163.8066501750
        3.2404309000      -637.5866759932         1.4546987731         1.8916942564         4.9122159150       827.1824680694       163.4592196125
        3.2454413000      -376.3062523355         1.8012512474         1.8278860850         4.9096640375       731.9463913367       163.2855043313
        3.2504404000        75.4332620909         2.8119514687         1.7513162793         4.8841452629       617.6630992575       161.5483515189
        3.2554339000       403.4743898263         3.1817643658         1.6824034542         4.8739377531       514.8081363862       160.8534903939
        3.2604872000       615.6397061624         3.4573116444         1.6313569170         4.8713858756       438.6192750000       160.6797751127
        3.2654545000       869.0378180622         3.8774112238         1.5777580530         4.8637302433       358.6209705446       160.1586292689
        3.2704358000      1043.9114947137         4.2426805726         1.5241591891         4.8688339982       278.6226660891       160.5060598314
        3.2754731000      1116.6735373092         4.4147341097         1.4807696325         4.8841452629       213.8621339109       161.5483515189
        3.2804254000       916.3914250763         3.9697781384         1.4960835936         4.9071121601       236.7187923267       163.1117890501
        3.2860407000       898.7458283203         3.9348060044         1.4884266131         4.9147677924       225.2904631188       163.6329348938
        3.2904467000       555.0595500015         3.3729063984         1.5369208233         4.9402865670       297.6698814357       165.3700877062
        3.2954374000        34.6186217912         2.7641616182         1.6109383022         4.9785647289       408.1437304456       167.9758169249
        3.3004393000      -444.5895108554         1.7199642452         1.6824034542         5.0117391359       514.8081363862       170.2341155810
        3.3054641000      -454.4125323198         1.7078889278         1.6849557810         5.0117391359       518.6175794555       170.2341155810
        3.3104416000      -328.7136994562         1.8561987006         1.6645371662         5.0040835035       488.1420349010       169.7129697373
        3.3154218000      -220.6604633486         1.9823941731         1.6364615707         5.0040835035       446.2381611386       169.7129697373
        3.3204303000        50.4429817734         2.7828584309         1.5701010725         5.0015316260       347.1926413367       169.5392544561
        3.3255903000       260.6675884033         3.0189655646         1.5113975548         5.0040835035       259.5754507426       169.7129697373
        3.3304530000       406.0722006618         3.1848448144         1.4654556714         5.0091872584       191.0054754951       170.0604002998
        3.3354344000       553.4175226266         3.3706905470         1.4271707685         5.0091872584       133.8638294555       170.0604002998
        3.3404413000       728.2314628118         3.6295119969         1.3939905194         5.0015316260        84.3410695545       169.5392544561
        3.3454322000       702.7035542978         3.5885784577         1.3965428462         5.0040835035        88.1505126238       169.7129697373
        3.3504751000     24798.0011808234         5.0000000000         1.3710195777         1.1048147461        50.0560819307       -95.7239800023
        3.3554272000     24450.3140101593         5.0000000000         1.4450370565         1.1150222560       160.5299309406       -95.0291188773
        3.3604523000     24300.9682420218         5.0000000000         1.4960835936         1.1073666236       236.7187923267       -95.5502647211
        3.3654237000     30894.9008837743         5.0000000000         1.5496824576         0.0024036839       316.7170967822      -170.7689814994
        3.3704462000     30688.6174330235         5.0000000000         1.6032813216         0.0024036839       396.7154012376      -170.7689814994
        3.3754321000     30407.7507029034         5.0000000000         1.6517755319         0.0177149486       469.0948195545      -169.7266898119
        3.3804517000     29718.4971730258         5.0000000000         1.7206883570         0.0866156400       571.9497824258      -165.0363772183
        3.3854281000     29151.0013201328         5.0000000000         1.7742872210         0.1453088216       651.9480868812      -161.0409257497
        3.3904737000     28504.9810319915         5.0000000000         1.8278860850         0.2167613904       731.9463913367      -156.1768978749
        3.3954518000     27784.3177280146         5.0000000000         1.8967989101         0.2907658367       834.8013542080      -151.1391547189
        3.4004388000     27112.7695313592         5.0000000000         1.9529501009         0.3647702830       918.6091017327      -146.1014115628
        3.4054450000     26476.5722646823         5.0000000000         2.0039966381         0.4362228519       994.7979631189      -141.2373836880
        3.4104519000     25789.3191809773         5.0000000000         2.0601478289         0.5127791757      1078.6057106436      -136.0259252507
        3.4154381000     25080.4793446373         5.0000000000         2.1137466929         0.5944392543      1158.6040150991      -130.4670362509
        3.4204462000     24385.4036856407         5.0000000000         2.1596885763         0.6786512105      1227.1739903466      -124.7344319699
        3.4254380000     23818.0273056802         5.0000000000         2.1724502106         0.7628631666      1246.2212056931      -119.0018276889
        3.4304418000     23380.2909144623         5.0000000000         2.1596885763         0.8419713679      1227.1739903466      -113.6166539703
        3.4354279000     22818.7964000873         5.0000000000         2.1750025375         0.9236314466      1250.0306487624      -108.0577649706
        3.4404592000     22280.8890845198         5.0000000000         2.1801071912         1.0078434027      1257.6495349011      -102.3251606895
        3.4454764000     21713.5127045593         5.0000000000         2.1928688255         1.0920553588      1276.6967502476       -96.5925564085
        3.4504574000     21222.7200501409         5.0000000000         2.1979734792         1.1686116826      1284.3156363862       -91.3810979712
        3.4554404000     20588.5829661028         5.0000000000         2.2158397672         1.2604792711      1310.9817378713       -85.1273478465
        3.4604666000     20052.6760967079         5.0000000000         2.2081827866         1.3523468597      1299.5534086634       -78.8735977217
        3.4654330000     19534.4148240691         5.0000000000         2.2081827866         1.4365588158      1299.5534086634       -73.1409934407
        3.4704522000     18988.6251967437         5.0000000000         2.2234967477         1.5156670170      1322.4100670793       -67.7558197221
        3.4754597000     18464.4820585195         5.0000000000         2.2209444209         1.6024308506      1318.6006240100       -61.8495001599
        3.4805009000     17940.3389202954         5.0000000000         2.2183920940         1.6891946843      1314.7911809407       -55.9431805976
        3.4854632000     17457.4285776349         5.0000000000         2.2132874403         1.7708547629      1307.1722948020       -50.3842915978
        3.4904492000     16852.7605579898         5.0000000000         2.2234967477         1.8627223515      1322.4100670793       -44.1305414731
        3.4954497000     16257.9155598090         5.0000000000         2.2311537283         1.9545899400      1333.8383962872       -37.8767913483
        3.5004357000     15723.9494001205         5.0000000000         2.2311537283         2.0413537736      1333.8383962872       -31.9704717860
        3.5054384000     15182.1009286741         5.0000000000         2.2413630357         2.1230138523      1349.0761685644       -26.4115827863
        3.5104533000     14681.5449892575         5.0000000000         2.2286014014         2.2123295633      1330.0289532179       -20.3315479428
        3.5154406000     14177.0478939621         5.0000000000         2.2209444209         2.2990933970      1318.6006240100       -14.4252283805
        3.5204191000     13637.1998686882         5.0000000000         2.2183920940         2.3884091080      1314.7911809407        -8.3451935370
        3.5254388000     12979.5353223088         5.0000000000         2.2260490746         2.4904842064      1326.2195101486        -1.3965822872
        3.5305198000     12459.3333399636         5.0000000000         2.2183920940         2.5797999174      1314.7911809407         4.6834525563
        3.5354528000     11952.8357984955         5.0000000000         2.2234967477         2.6589081187      1322.4100670793        10.0686262748
        3.5404299000     11338.3447573861         5.0000000000         2.2362583820         2.7507757072      1341.4572824258        16.3223763996
        3.5454608000     10802.4378879912         5.0000000000         2.2286014014         2.8426432957      1330.0289532179        22.5761265243
        3.5504253000     10240.9433736161         5.0000000000         2.2439153626         2.9243033744      1352.8856116337        28.1350155241
        3.5554353000      9728.6237030289         5.0000000000         2.2260490746         3.0187228404      1326.2195101486        34.5624809301
        3.5604461000      9098.4277748699         5.0000000000         2.2388107089         3.1131423064      1345.2667254951        40.9899463361
        3.5654610000      8527.1102390304         5.0000000000         2.2566769969         3.1948023851      1371.9328269803        46.5488353359
        3.5704341000      8024.6135899075         5.0000000000         2.2362583820         3.2892218510      1341.4572824258        52.9763007419
        3.5754524000      7555.4674245904         5.0000000000         2.2234967477         3.3734338072      1322.4100670793        58.7089050229
        3.5804296000      7052.9110390012         5.0000000000         2.2234967477         3.4550938859      1322.4100670793        64.2677940227
        3.5854514000      6446.3023096498         5.0000000000         2.2260490746         3.5520652293      1326.2195101486        70.8689747099
        3.5904285000      5845.5754458836         5.0000000000         2.2311537283         3.6464846953      1333.8383962872        77.2964401159
        3.5954428000      5388.1930117371         5.0000000000         2.2234967477         3.7255928965      1322.4100670793        82.6816138345
        3.6004228000      4777.6431265067         5.0000000000         2.2311537283         3.8200123625      1333.8383962872        89.1090792405
        3.6054412000      4214.2079024252         5.0000000000         2.2388107089         3.9067761961      1345.2667254951        95.0153988027
        3.6104462000      3678.3010330304         5.0000000000         2.2311537283         3.9986437847      1333.8383962872       101.2691489275
        3.6154486000      3112.9250992426         5.0000000000         2.2311537283         4.0905113732      1333.8383962872       107.5228990522
        3.6204347000      2563.2540525044         5.0000000000         2.2311537283         4.1798270842      1333.8383962872       113.6029338957
        3.6254507000      1997.8781187167         5.0000000000         2.2311537283         4.2716946728      1333.8383962872       119.8566840205
        3.6305758000      1422.6791634645         5.0000000000         2.2337060552         4.3635622613      1337.6478393565       126.1104341453
        3.6354530000       882.8311381907         3.9038295398         2.2311537283         4.4528779724      1333.8383962872       132.1904689888
        3.6404250000       286.0454303036         3.0472083893         2.2311537283         4.5498493158      1333.8383962872       138.7916496760
        3.6454635000      -228.2746864563         1.9732070656         2.2260490746         4.6366131494      1326.2195101486       144.6979692383
        3.6504391000      -799.5324858294         1.1740141044         2.2234967477         4.7310326154      1322.4100670793       151.1254346443
        3.6554311000     -1207.7998126543         0.2760054599         2.2030781329         4.8101408166      1291.9345225248       156.5106083628
        3.6604345000     -1180.0922485688         0.3391860181         2.1265083272         4.8535227334      1177.6512304456       159.4637681439
        3.6654533000     -1219.2648614935         0.2501061905         2.0958804049         4.8790415080      1131.9379136139       161.2009209564
        3.6704359000     -1030.6270074987         0.6840495993         2.0346245604         4.8866971404      1040.5112799505       161.7220668001
        3.6754730000      -869.5175081906         1.0353122945         1.9886826769         4.8892490178       971.9413047030       161.8957820814
        3.6804465000      -655.4114821481         1.4266158460         1.9452931204         4.8815933855       907.1807725248       161.3746362376
        3.6855155000      -284.1968491427         1.9074377456         1.8814849490         4.8611783658       811.9446957921       159.9849139877
        3.6904456000         8.4336121481         2.6094399786         1.8380953924         4.8407633461       747.1841636139       158.5951917377
        3.6954416000       324.6512722465         3.0906027429         1.7844965284         4.8229002039       667.1858591585       157.3791847690
        3.7004429000       642.8096420513         3.4969498264         1.7385546450         4.7999333068       598.6158839109       155.8157472378
        3.7054307000       778.3912328455         3.7134122297         1.6951650884         4.8050370617       533.8553517327       156.1631778003
        3.7104338000       951.2644633243         4.0408584775         1.6543278587         4.8024851842       472.9042626238       155.9894625191
        3.7154557000      1094.7283658765         4.3615716751         1.6007289948         4.8126926941       392.9059581683       156.6843236441
        3.7204343000      1202.8413384503         4.6341550294         1.5522347845         4.8254520814       320.5265398515       157.5529000503
        3.7255257000      1089.0257096900         4.3479370593         1.5369208233         4.8535227334       297.6698814357       159.4637681439
        3.7304451000       957.5047477074         4.0538560313         1.5343684965         4.8764896306       293.8604383664       161.0272056751
        3.7354369000       515.6479912117         3.3206939610         1.5879673605         4.9147677924       373.8587428218       163.6329348938
        3.7404455000       -12.6155122903         2.3596891355         1.6517755319         4.9607015867       469.0948195545       166.7598099562
        3.7454309000      -387.7115647084         1.7879350167         1.7002697422         4.9913241162       541.4742378713       168.8443933311
        3.7504624000      -481.9408870064         1.6733947017         1.7002697422         5.0066353810       541.4742378713       169.8866850185
        3.7554283000      -405.2974249981         1.7672271766         1.6721941467         5.0117391359       499.5703641089       170.2341155810
        3.7604372000      -226.5423289340         1.9752910692         1.6339092439         5.0066353810       442.4287180693       169.8866850185
        3.7654412000        40.6199603091         2.7712793228         1.5726533993         5.0015316260       351.0020844060       169.5392544561
        3.7704560000       191.9064381530         2.9429131344         1.5292638428         5.0040835035       286.2415522277       169.7129697373
        3.7754303000       353.0159374611         3.1229443720         1.4833219594         5.0066353810       217.6715769802       169.8866850185
        3.7804458000       525.8891679400         3.3340707996         1.4424847297         5.0040835035       156.7204878713       169.7129697373
        3.7854306000       734.1133283971         3.6391093414         1.3965428462         4.9989797486        88.1505126238       169.3655391748
        3.7904396000       655.5888931488         3.5159990655         1.3965428462         5.0117391359        88.1505126238       170.2341155810
        3.7954304000       775.4058604271         3.7082863582         1.3735719045         5.0066353810        53.8655250000       169.8866850185
        3.8004317000       683.0575113692         3.5578558161         1.4016475000         5.0040835035        95.7693987624       169.7129697373
        3.8054251000     24405.0803222504         5.0000000000         1.4731126519         1.1048147461       202.4338047030       -95.7239800023
        3.8104541000     24196.8561617933         5.0000000000         1.5190545354         1.1099185011       271.0037799505       -95.3765494398
        3.8154426000     30759.3790294464         5.0000000000         1.5726533993         0.0100593162       351.0020844060      -170.2478356556
        3.8204215000     30625.7381483586         5.0000000000         1.6236999365        -0.0001481936       427.1909457921      -170.9426967806
        3.8254295000     30480.3335361001         5.0000000000         1.6696418199        -0.0052519485       495.7609210396      -171.2901273431
        3.8304520000     30048.2998010687         5.0000000000         1.7206883570         0.0330262134       571.9497824258      -168.6843981244
        3.8354311000     29474.9220825903         5.0000000000         1.7717348941         0.0942712724       648.1386438119      -164.5152313746
        3.8404456000     28879.9576114770         5.0000000000         1.8202291044         0.1606200863       720.5180621287      -159.9986340623
        3.8454494000     28237.8784792147         5.0000000000         1.8687233147         0.2346245326       792.8974804456      -154.9608909062
        3.8504322000     27589.9174813670         5.0000000000         1.9146651981         0.3111808564       861.4674556931      -149.7494324689
        3.8554424000     26955.7206608626         5.0000000000         1.9529501009         0.3902890576       918.6091017327      -144.3642587504
        3.8604557000     26358.8154800429         5.0000000000         1.9937873306         0.4617416265       979.5601908416      -139.5002308756
        3.8654413000     25756.0284336379         5.0000000000         2.0320722335         0.5357460728      1036.7018368812      -134.4624877195
        3.8704429000     25023.6611349566         5.0000000000         2.0754617901         0.6276136613      1101.4623690595      -128.2087375948
        3.8754327000     24393.4054703312         5.0000000000         2.1086420392         0.7092737400      1150.9851289604      -122.6498485950
        3.8804444000     23829.9105097835         5.0000000000         2.1367176346         0.7832781863      1192.8890027228      -117.6121054389
        3.8854333000     23183.9499581085         5.0000000000         2.1698978837         0.8674901425      1242.4117626238      -111.8795011579
        3.8904454000     22683.3342822256         5.0000000000         2.1775548643         0.9440464662      1253.8400918317      -106.6680427206
        3.8954408000     22088.4892840449         5.0000000000         2.1852118449         1.0359140547      1265.2684210397      -100.4142925959
        3.9004315000     21581.9917425767         5.0000000000         2.1903164986         1.1150222560      1272.8873071783       -95.0291188773
        3.9054380000     20932.1497714890         5.0000000000         2.2081827866         1.2094417220      1299.5534086634       -88.6016534713
        3.9104569000     20441.3571170705         5.0000000000         2.2132874403         1.2859980457      1307.1722948020       -83.3901950340
        3.9154308000     19917.2139788464         5.0000000000         2.2107351134         1.3727618793      1303.3628517327       -77.4838754718
        3.9204528000     19424.4806147215         5.0000000000         2.2081827866         1.4544219580      1299.5534086634       -71.9249864720
        3.9254530000     18874.8095679834         5.0000000000         2.2081827866         1.5437376691      1299.5534086634       -65.8449516285
        3.9304330000     18315.3154997809         5.0000000000         2.2107351134         1.6330533802      1303.3628517327       -59.7649167850
        3.9354334000     17844.1688882911         5.0000000000         2.2107351134         1.7096097039      1303.3628517327       -54.5534583477
        3.9404273000     17259.1469115746         5.0000000000         2.2158397672         1.8014772924      1310.9817378713       -48.2997082229
        3.9454480000     16664.3019133938         5.0000000000         2.2234967477         1.8933448810      1322.4100670793       -42.0459580982
        3.9504276000     16142.0994848760         5.0000000000         2.2286014014         1.9750049597      1330.0289532179       -36.4870690984
        3.9554707000     15588.4872822589         5.0000000000         2.2337060552         2.0617687933      1337.6478393565       -30.5807495361
        3.9604401000     15123.2822728207         5.0000000000         2.2158397672         2.1485326269      1310.9817378713       -24.6744299738
        3.9654578000     14522.5554090546         5.0000000000         2.2209444209         2.2429520929      1318.6006240100       -18.2469645678
        3.9704383000     13953.2383193878         5.0000000000         2.2260490746         2.3322678039      1326.2195101486       -12.1669297243
        3.9755075000     13317.1605256434         5.0000000000         2.2362583820         2.4292391474      1341.4572824258        -5.5657490371
        3.9804572000     12789.0762315402         5.0000000000         2.2388107089         2.5134511035      1345.2667254951         0.1668552439
        3.9856604000     12257.1105180244         5.0000000000         2.2260490746         2.6078705695      1326.2195101486         6.5943206499
        3.9904675000     11799.7280838779         5.0000000000         2.2183920940         2.6869787707      1314.7911809407        11.9794943685
        3.9954983000     11179.3551771831         5.0000000000         2.2286014014         2.7813982367      1330.0289532179        18.4069597745
        4.0004531000     10594.3332004667         5.0000000000         2.2337060552         2.8732658252      1337.6478393565        24.6607098992
        4.0054612000     10180.1840080564         5.0000000000         2.2107351134         2.9549259039      1303.3628517327        30.2195988990
        4.0104405000      9563.7522572406         5.0000000000         2.2158397672         3.0518972474      1310.9817378713        36.8207795863
        4.0154502000      8904.0872646886         5.0000000000         2.2362583820         3.1463167133      1341.4572824258        43.2482449923
        4.0204398000      8430.9999434924         5.0000000000         2.2286014014         3.2279767920      1330.0289532179        48.8071339920
        4.0254577000      7861.6828538256         5.0000000000         2.2337060552         3.3172925031      1337.6478393565        54.8871688355
        4.0304296000      7290.4250544525         5.0000000000         2.2311537283         3.4117119691      1333.8383962872        61.3146342415
        4.0354412000      6848.7475073556         5.0000000000         2.2234967477         3.4882682929      1322.4100670793        66.5260926788
        4.0404285000      6193.0236706825         5.0000000000         2.2388107089         3.5852396363      1345.2667254951        73.1272733661
        4.0454426000      5566.7688984024         5.0000000000         2.2464676894         3.6822109797      1356.6950547030        79.7284540533
        4.0504483000      5097.6227330852         5.0000000000         2.2337060552         3.7664229359      1337.6478393565        85.4610583344
        4.0554709000      4654.0044762820         5.0000000000         2.2183920940         3.8480830146      1314.7911809407        91.0199473341
        4.0604396000      4041.4541448790         5.0000000000         2.2388107089         3.9348468482      1345.2667254951        96.9262668964
        4.0654520000      3334.6744911779         5.0000000000         2.2592293237         4.0369219465      1375.7422700496       103.8748781461
        4.0704391000      2861.6469064480         5.0000000000         2.2311537283         4.1313414125      1333.8383962872       110.3023435521
        4.0754416000      2374.7954079085         5.0000000000         2.2311537283         4.2104496138      1333.8383962872       115.6875172707
        4.0804270000      1805.4783182417         5.0000000000         2.2362583820         4.2997653248      1341.4572824258       121.7675521142
        4.0854445000      1183.1647018406         4.5825485252         2.2388107089         4.3992885457      1345.2667254951       128.5424480827
        4.0904283000       641.3759668604         3.4948291589         2.2286014014         4.4937080117      1330.0289532179       134.9699134887
        4.0954486000       187.9346885929         2.9385188081         2.2158397672         4.5753680904      1310.9817378713       140.5288024884
        4.1004884000      -328.3261378733         1.8566439411         2.2030781329         4.6672356789      1291.9345225248       146.7825526132
        4.1054755000      -824.9409214108         1.1248079673         2.1852118449         4.7591032674      1265.2684210397       153.0363027380
        4.1104379000     -1227.3263826504         0.2319980729         2.1673455569         4.8356595912      1238.6023195545       158.2477611752
        4.1154265000     -1348.9048502361         0.0000000000         2.1214036735         4.8841452629      1170.0323443070       161.5483515189
        4.1204429000     -1399.8411943315         0.0000000000         2.0856710975         4.9147677924      1116.7001413367       163.6329348938
        4.1254356000     -1209.2626306304         0.2726920643         2.0320722335         4.9173196699      1036.7018368812       163.8066501750
        4.1304344000     -1026.5663786872         0.6933054805         1.9886826769         4.9147677924       971.9413047030       163.6329348938
        4.1354388000      -784.9917344244         1.2015605248         1.9503977741         4.8994565277       914.7996586634       162.5906432063
        4.1404440000      -521.8303375265         1.6214639923         1.9146651981         4.8790415080       861.4674556931       161.2009209564
        4.1454243000      -231.2003224084         1.9696955373         1.8840372758         4.8509708560       815.7541388614       159.2900528627
        4.1504425000       153.7187514741         2.9005413635         1.8329907387         4.8203483265       739.5652774753       157.2054694878
        4.1554304000       550.4612929934         3.3667103564         1.7666302404         4.7973814293       640.5197576733       155.6420319566
        4.1604380000       894.2073077785         3.9259178227         1.6977174153         4.7846220420       537.6647948020       154.7734555504
        4.1654456000      1063.1991188446         4.2871152659         1.6415662245         4.7922776744       453.8570472773       155.2946013941
        4.1704338000      1389.3592733399         5.0000000000         1.5445778039         4.7999333068       309.0982106436       155.8157472378
        4.1754344000      1587.8201487991         5.0000000000         1.4807696325         4.8075889392       213.8621339109       156.3368930816
        4.1804455000      1444.4757191794         5.0000000000         1.4935312668         4.8229002039       232.9093492574       157.3791847690
        4.1854351000      1122.4359299620         4.4288762559         1.5241591891         4.8560746109       278.6226660891       159.6374834252
        4.1904381000       380.0664004175         3.1542487160         1.6313569170         4.9096640375       438.6192750000       163.2855043313
        4.1954459000      -197.3122104061         2.0110558100         1.7079267227         4.9555978318       552.9025670792       166.4123793937
        4.2004369000      -794.3368641584         1.1839086773         1.7896011821         5.0015316260       674.8047452971       169.5392544561
        4.2054480000      -676.4606065865         1.3925701023         1.7589732599         5.0015316260       629.0914284654       169.5392544561
        4.2104499000      -639.1092304356         1.4523264860         1.7411069719         5.0066353810       602.4253269802       169.8866850185
        4.2154341000      -277.6578824282         1.9150134946         1.6594325125         4.9989797486       480.5231487624       169.3655391748
        4.2204488000       -49.7279425761         2.2208612532         1.5879673605         5.0066353810       373.8587428218       169.8866850185
        4.2254620000       331.3694483599         3.0982230386         1.5011882474         4.9989797486       244.3376784654       169.3655391748
        4.2304478000       578.9454311406         3.4055577013         1.4246184417         5.0066353810       130.0543863861       169.8866850185
        4.2354374000       838.2851450920         3.8199246496         1.3531532897         5.0091872584        23.3899804455       170.0604002998
        4.2404431000       822.5802580424         3.7913086385         1.3531532897         5.0117391359        23.3899804455       170.2341155810
        4.2454244000       912.9281609276         3.9628619296         1.3378393285         5.0066353810         0.5333220297       169.8866850185
        4.2504357000       722.3495972265         3.6199772895         1.3914381925         5.0040835035        80.5316264852       169.7129697373
        4.2554196000       398.1898889038         3.1755150750         1.4756649788         5.0040835035       206.2432477723       169.7129697373
        4.2604505000     24094.6847912710         5.0000000000         1.5496824576         1.1073666236       316.7170967822       -95.5502647211
        4.2654345000     23890.3420502266         5.0000000000         1.6109383022         1.1022628687       408.1437304456       -95.8976952835
        4.2704358000     30429.2777190721         5.0000000000         1.6747464736        -0.0001481936       503.3798071782      -170.9426967806
        4.2754353000     30118.8821880927         5.0000000000         1.7513162793         0.0024036839       617.6630992575      -170.7689814994
        4.2804444000     29963.6545543699         5.0000000000         1.7998104896        -0.0027000711       690.0425175743      -171.1164120618
        4.2854292000     29398.0994111833         5.0000000000         1.8610663341         0.0508893556       781.4691512377      -167.4683911557
        4.2904424000     28704.9047254267         5.0000000000         1.9350838130         0.1172381695       891.9430002476      -162.9517938434
        4.2954254000     28090.2942113847         5.0000000000         1.9886826769         0.1835869834       971.9413047030      -158.4351965311
        4.3004575000     27575.8546216923         5.0000000000         2.0244152529         0.2448320425      1025.2735076733      -154.2660297813
        4.3054351000     27032.0057040731         5.0000000000         2.0473861946         0.3188364888      1059.5584952971      -149.2282866252
        4.3104217000     26407.6319050331         5.0000000000         2.0831187706         0.3979446900      1112.8906982674      -143.8431129067
        4.3154383000     25989.4818202776         5.0000000000         2.0856710975         0.4642935039      1116.7001413367      -139.3265155943
        4.3204428000     25319.9340697950         5.0000000000         2.1290606540         0.5459535826      1181.4606735149      -133.7676265946
        4.3254501000     24817.3776842058         5.0000000000         2.1290606540         0.6276136613      1181.4606735149      -128.2087375948
        4.3304324000     24114.4794499175         5.0000000000         2.1647932300         0.7194812498      1234.7928764852      -121.9549874700
        4.3354464000     23694.3886554556         5.0000000000         2.1596885763         0.7909338187      1227.1739903466      -117.0909595952
        4.3404262000     23152.5401840091         5.0000000000         2.1698978837         0.8725938974      1242.4117626238      -111.5320705954
        4.3454449000     22477.1703044074         5.0000000000         2.1903164986         0.9695652408      1272.8873071783      -104.9308899082
        4.3504467000     21878.3244138814         5.0000000000         2.2234967477         1.0461215646      1322.4100670793       -99.7194314709
        4.3554607000     21430.8247376655         5.0000000000         2.1928688255         1.1379891531      1276.6967502476       -93.4656813461
        4.3604424000     20949.8551047113         5.0000000000         2.1954211523         1.2145454769      1280.5061933169       -88.2542229088
        4.3654358000     20380.5380150445         5.0000000000         2.2005258060         1.3038611879      1288.1250794555       -82.1741880653
        4.3704416000     19866.1581618184         5.0000000000         2.2158397672         1.3778656343      1310.9817378713       -77.1364449093
        4.3754460000     19289.0184968599         5.0000000000         2.2107351134         1.4748369777      1303.3628517327       -70.5352642220
        4.3804366000     18770.7572242211         5.0000000000         2.2107351134         1.5590489338      1303.3628517327       -64.8026599410
        4.3854479000     18274.0827042173         5.0000000000         2.2132874403         1.6381571351      1307.1722948020       -59.4174862225
        4.3904277000     17681.1784157428         5.0000000000         2.2286014014         1.7249209687      1330.0289532179       -53.5111666602
        4.3954464000     17119.7436378340         5.0000000000         2.2234967477         1.8193404347      1322.4100670793       -47.0837012542
        4.4004415000     16683.9479563225         5.0000000000         2.2183920940         1.8933448810      1314.7911809407       -42.0459580982
        4.4054340000     16146.0406407550         5.0000000000         2.2234967477         1.9775568371      1322.4100670793       -36.3133538171
        4.4104156000     15508.0221373043         5.0000000000         2.2260490746         2.0796319355      1326.2195101486       -29.3647425674
        4.4154706000     14899.4129617801         5.0000000000         2.2413630357         2.1689476465      1349.0761685644       -23.2847077239
        4.4204171000     14465.6177264413         5.0000000000         2.2234967477         2.2506077252      1322.4100670793       -17.7258187241
        4.4254462000     13957.1794752668         5.0000000000         2.2209444209         2.3348196814      1318.6006240100       -11.9932144431
        4.4304264000     13366.2756329650         5.0000000000         2.2234967477         2.4292391474      1322.4100670793        -5.5657490371
        4.4354446000     12710.5517962919         5.0000000000         2.2388107089         2.5262104908      1345.2667254951         1.0354316502
        4.4404313000     12243.3463406811         5.0000000000         2.2337060552         2.6053186920      1337.6478393565         6.4206053687
        4.4454376000     11575.8587728374         5.0000000000         2.2439153626         2.7073937904      1352.8856116337        13.3692166184
        4.4504189000     11028.1284358055         5.0000000000         2.2515723431         2.7916057465      1364.3139408417        19.1018208995
        4.4554523000     10500.1038781687         5.0000000000         2.2337060552         2.8885770900      1337.6478393565        25.7030015867
        4.4604418000      9972.0195840656         5.0000000000         2.2362583820         2.9727890461      1341.4572824258        31.4356058677
        4.4654503000      9518.5783057980         5.0000000000         2.2234967477         3.0544491248      1322.4100670793        36.9944948675
        4.4704309000      8886.4416679325         5.0000000000         2.2286014014         3.1539723457      1330.0289532179        43.7693908360
        4.4754752000      8454.5871423000         5.0000000000         2.2183920940         3.2305286695      1314.7911809407        48.9808492733
        4.4804318000      7840.0961011906         5.0000000000         2.2311537283         3.3223962580      1333.8383962872        55.2345993980
        4.4854421000      7239.3692374245         5.0000000000         2.2362583820         3.4168157240      1341.4572824258        61.6620648040
        4.4904420000      6754.5181850576         5.0000000000         2.2234967477         3.5035795576      1322.4100670793        67.5683843663
        4.4954385000      6128.2634127775         5.0000000000         2.2311537283         3.6005509010      1333.8383962872        74.1695650535
        4.5004395000      5666.9398227520         5.0000000000         2.2286014014         3.6771072248      1330.0289532179        79.3810234908
        4.5054776000      5060.3310934006         5.0000000000         2.2311537283         3.7740785683      1333.8383962872        85.9822041781
        4.5104477000      4457.6037834619         5.0000000000         2.2490200163         3.8608424019      1360.5044977723        91.8885237403
        4.5154780000      3941.3429569957         5.0000000000         2.2362583820         3.9527099904      1341.4572824258        98.1422738651
        4.5204363000      3401.4949317218         5.0000000000         2.2337060552         4.0420257015      1337.6478393565       104.2223087086
        4.5254661000      2794.8862023704         5.0000000000         2.2362583820         4.1389970449      1341.4572824258       110.8234893959
        4.5304488000      2363.0316767378         5.0000000000         2.2260490746         4.2155533687      1326.2195101486       116.0349478332
        4.5355006000      1709.3082862374         5.0000000000         2.2286014014         4.3201803445      1330.0289532179       123.1572743641
        4.5404493000      1100.6991107133         4.3759268416         2.2439153626         4.4094960556      1352.8856116337       129.2373092076
        4.5454588000       621.7299239318         3.4660966162         2.2337060552         4.4937080117      1337.6478393565       134.9699134887
        4.5504421000       156.5249144936         2.9036668158         2.2158397672         4.5804718453      1310.9817378713       140.8762330509
        4.5554236000      -344.0310249229         1.8385867799         2.2030781329         4.6697875564      1291.9345225248       146.9562678944
        4.5604372000      -927.0525554667         0.9143145425         2.1954211523         4.7693107773      1280.5061933169       153.7311638629
        4.5654223000     -1370.6708122700         0.0000000000         2.1801071912         4.8509708560      1257.6495349011       159.2900528627
        4.5704553000     -1364.5500008195         0.0000000000         2.1009850586         4.8994565277      1139.5567997525       162.5906432063
        4.5754391000     -1152.2652115507         0.4032495501         2.0091012918         4.9224234248      1002.4168492575       164.1540807375
        4.5804503000      -830.0462129344         1.1147595674         1.9172175250         4.9275271797       865.2768987624       164.5015113000
        4.5854329000      -529.4737034194         1.6112218494         1.8432000461         4.9249753023       754.8030497525       164.3277960188
        4.5904439000      -211.1958606820         1.9939182082         1.7564209330         4.9275271797       625.2819853961       164.5015113000
        4.5954238000       167.9010840814         2.9163148814         1.6824034542         4.9122159150       514.8081363862       163.4592196125
        4.6005650000       442.9456850824         3.2292044302         1.6109383022         4.9122159150       408.1437304456       163.4592196125
        4.6054228000       765.1049472325         3.6907300871         1.5394731502         4.9045602826       301.4793245050       162.9380737688
        4.6104565000       981.2114194476         4.1040116176         1.4833219594         4.9045602826       217.6715769802       162.9380737688
        4.6154349000      1136.4390531704         4.4635600675         1.4348277491         4.9096640375       145.2921586634       163.2855043313
        4.6204257000      1132.5576337578         4.4539012886         1.4195137880         4.9198715474       122.4355002475       163.9803654563
        4.6254404000       971.5676073822         4.0834593258         1.4246184417         4.9428384445       130.0543863861       165.5438029875
        4.6304410000       368.6013515783         3.1409203414         1.5241591891         4.9785647289       278.6226660891       167.9758169249
        4.6354390000      -140.0758454614         2.0854434952         1.6032813216         5.0117391359       396.7154012376       170.2341155810
        4.6404440000      -364.0646294345         1.8154630466         1.6696418199         5.0066353810       495.7609210396       169.8866850185
        4.6454452000      -179.4276677850         2.0335971763         1.6339092439         4.9989797486       442.4287180693       169.3655391748
        4.6505529000      -153.8997592710         2.0668385195         1.6313569170         4.9964278711       438.6192750000       169.1918238936
        4.6554461000       -26.1407437685         2.2611719135         1.5777580530         5.0091872584       358.6209705446       170.0604002998
        4.6604571000       380.4845556815         3.1547366015         1.4884266131         4.9989797486       225.2904631188       169.3655391748
        4.6654398000       573.0038290890         3.3973615099         1.4424847297         4.9964278711       156.7204878713       169.1918238936
        4.6704539000       635.9428502202         3.4868223327         1.4016475000         5.0117391359        95.7693987624       170.2341155810
        4.6754282000       808.7563442327         3.7665278928         1.3812288851         4.9964278711        65.2938542079       169.1918238936
        4.6804468000     24735.1816326247         5.0000000000         1.3710195777         1.1150222560        50.0560819307       -95.0291188773
        4.6854595000     24591.7177300726         5.0000000000         1.4246184417         1.1048147461       130.0543863861       -95.7239800023
        4.6904682000     24169.3875435729         5.0000000000         1.5139498816         1.1175741334       263.3848938119       -94.8554035961
        4.6954445000     30676.8537018529         5.0000000000         1.5981766679         0.0075074388       389.0965150990      -170.4215509369
        4.7004339000     30509.8026004931         5.0000000000         1.6619848393        -0.0052519485       484.3325918317      -171.2901273431
        4.7054391000     29977.5382046458         5.0000000000         1.7513162793         0.0253705810       617.6630992575      -169.2055439682
        4.7104437000     29439.4516796795         5.0000000000         1.8176767776         0.0713043752       716.7086190594      -166.0786689058
        4.7154341000     28604.8532740096         5.0000000000         1.9121128712         0.1478606990       857.6580126238      -160.8672104685
        4.7204197000     27978.4192923307         5.0000000000         1.9810256964         0.2065538806       960.5129754951      -156.8717589999
        4.7255039000     27226.3462142544         5.0000000000         2.0499385215         0.2856620818      1063.3679383664      -151.4865852814
        4.7304365000     26739.4349792486         5.0000000000         2.0703571363         0.3520108957      1093.8434829208      -146.9699879690
        4.7354447000     26230.9369916079         5.0000000000         2.0882234243         0.4234634646      1120.5095844060      -142.1059600942
        4.7404258000     25659.6194557684         5.0000000000         2.1060897123         0.5051235433      1147.1756858911      -136.5470710944
        4.7454455000     25007.7770385081         5.0000000000         2.1367176346         0.5918873769      1192.8890027228      -130.6407515322
        4.7504261000     24497.3383411609         5.0000000000         2.1469269420         0.6684437007      1208.1267750001      -125.4292930949
        4.7554390000     23788.5582412873         5.0000000000         2.1801071912         0.7628631666      1257.6495349011      -119.0018276889
        4.7604436000     23372.4086027044         5.0000000000         2.1698978837         0.8368676129      1242.4117626238      -113.9640845328
        4.7654500000     22824.6782656726         5.0000000000         2.1775548643         0.9210795691      1253.8400918317      -108.2314802518
        4.7704350000     22180.7181601702         5.0000000000         2.1979734792         1.0129471576      1284.3156363862      -101.9777301271
        4.7754538000     21664.3975972377         5.0000000000         2.2056304597         1.0920553588      1295.7439655941       -96.5925564085
        4.7804347000     21195.2514319205         5.0000000000         2.1928688255         1.1762673150      1276.6967502476       -90.8599521275
        4.7854449000     20602.3471434461         5.0000000000         2.2081827866         1.2630311486      1299.5534086634       -84.9536325652
        4.7904296000     20048.7349408290         5.0000000000         2.2132874403         1.3497949822      1307.1722948020       -79.0473130030
        4.7954388000     19497.0634479182         5.0000000000         2.2260490746         1.4314550609      1326.2195101486       -73.4884240032
        4.8004239000     18941.5105355947         5.0000000000         2.2234967477         1.5233226494      1322.4100670793       -67.2346738784
        4.8054339000     18490.0099670335         5.0000000000         2.2183920940         1.5998789732      1314.7911809407       -62.0232154411
        4.8104361000     17863.7551947534         5.0000000000         2.2260490746         1.6968503166      1326.2195101486       -55.4220347539
        4.8154521000     17392.6085832636         5.0000000000         2.2260490746         1.7734066404      1326.2195101486       -50.2105763166
        4.8204358000     16868.4654450394         5.0000000000         2.2234967477         1.8601704740      1322.4100670793       -44.3042567543
        4.8254499000     16212.7416083664         5.0000000000         2.2388107089         1.9571418174      1345.2667254951       -37.7030760671
        4.8304252000     15743.5954430492         5.0000000000         2.2260490746         2.0413537736      1326.2195101486       -31.9704717860
        4.8354365000     15123.2225363544         5.0000000000         2.2362583820         2.1357732396      1341.4572824258       -25.5430063800
        4.8404248000     14544.0824252233         5.0000000000         2.2439153626         2.2250889506      1352.8856116337       -19.4629715365
        4.8454400000     14086.6999910768         5.0000000000         2.2362583820         2.3041971519      1341.4572824258       -14.0777978180
        4.8504697000     13452.6226435050         5.0000000000         2.2337060552         2.4088241277      1337.6478393565        -6.9554712870
        4.8554324000     12899.0104408879         5.0000000000         2.2388107089         2.4955879613      1345.2667254951        -1.0491517248
        4.8604352000     12406.2770767630         5.0000000000         2.2362583820         2.5772480400      1341.4572824258         4.5097372750
        4.8654507000     11886.0750944179         5.0000000000         2.2286014014         2.6665637511      1330.0289532179        10.5897721185
        4.8704308000     11314.8172950447         5.0000000000         2.2260490746         2.7609832170      1326.2195101486        17.0172375245
        4.8754809000     10733.7364742072         5.0000000000         2.2260490746         2.8554026830      1326.2195101486        23.4447029305
        4.8804307000     10105.4812557545         5.0000000000         2.2464676894         2.9447183941      1356.6950547030        29.5247377740
        4.8854494000      9634.3943807310         5.0000000000         2.2260490746         3.0340341051      1326.2195101486        35.6047726176
        4.8904194000      9120.0742639711         5.0000000000         2.2209444209         3.1207979388      1318.6006240100        41.5110921798
        4.8954327000      8623.3997439673         5.0000000000         2.2234967477         3.1999061400      1322.4100670793        46.8962658984
        4.9004434000      7997.1449716872         5.0000000000         2.2311537283         3.2968774834      1333.8383962872        53.4974465856
        4.9054280000      7351.2441564785         5.0000000000         2.2439153626         3.3938488269      1352.8856116337        60.0986272728
        4.9104364000      6878.1568352823         5.0000000000         2.2362583820         3.4755089056      1341.4572824258        65.6575162726
        4.9154164000      6397.2469387944         5.0000000000         2.2183920940         3.5648246166      1314.7911809407        71.7375511161
        4.9204358000      5875.0445102766         5.0000000000         2.2234967477         3.6464846953      1322.4100670793        77.2964401159
        4.9254321000      5199.6746306749         5.0000000000         2.2439153626         3.7434560388      1352.8856116337        83.8976208032
        4.9304492000      4648.0628742304         5.0000000000         2.2362583820         3.8378755047      1341.4572824258        90.3250862092
        4.9354274000      4169.0936874489         5.0000000000         2.2260490746         3.9220874609      1326.2195101486        96.0576904902
        4.9404397000      3660.6554362744         5.0000000000         2.2234967477         4.0062994170      1322.4100670793       101.7902947712
        4.9454265000      3046.1643951650         5.0000000000         2.2362583820         4.0981670056      1341.4572824258       108.0440448960
        4.9504325000      2529.9035686988         5.0000000000         2.2234967477         4.1900345941      1322.4100670793       114.2977950207
        4.9554217000      1964.5276349110         5.0000000000         2.2234967477         4.2819021826      1322.4100670793       120.5515451455
        4.9604611000      1369.6826367302         5.0000000000         2.2311537283         4.3737697711      1333.8383962872       126.8052952702
        4.9654372000       780.7195041347         3.7174217086         2.2413630357         4.4630854822      1349.0761685644       132.8853301137
        4.9704486000       242.8121885673         2.9991813073         2.2464676894         4.5472974383      1356.6950547030       138.6179343948
        4.9754507000      -214.5105091129         1.9898685012         2.2183920940         4.6391650269      1314.7911809407       144.8716845195
        4.9804523000      -793.5908837778         1.1853246082         2.2056304597         4.7412401252      1295.7439655941       151.8202957692
        4.9854325000     -1227.3861191167         0.2318642292         2.1877641717         4.8229002039      1269.0778641090       157.3791847690
        4.9904396000     -1242.8520603012         0.1973930036         2.1060897123         4.8764896306      1147.1756858911       161.0272056751
        4.9954225000     -1111.0921524534         0.4985873052         2.0269675798         4.9045602826      1029.0829507426       162.9380737688
        5.0004350000      -902.8082555300         0.9660065903         1.9606070815         4.9122159150       930.0374309406       163.4592196125
