% f=0.50Hz  n_cycles=5  N_total=2000  dt=0.005000
% Amp=400.00deg/s
Time[s]              OmegaCmd[deg/s]      Vc[V]                Vg[V]                Pot[V]               Omega[rad/s]         Omega_target[rad/s] 
        0.0000000000         0.0000000000         2.5093739758         1.3429439823         0.2244170228         0.1030553526         0.0000000000
        0.0050000000         6.2829269247         2.5839217937         1.3352870017         0.2193132679        -0.0964066201         0.1096577615
        0.0100000000        12.5643036313         2.6584512181         1.3352870017         0.2193132679        -0.0964066201         0.2192884666
        0.0150000000        18.8425802839         2.7329438599         1.3378393285         0.2193132679        -0.0299192959         0.3288650655
        0.0200000000        25.1162078117         2.7528205304         1.3531532897         0.2269689002         0.3690046495         0.4383605219
        0.0250000000        31.3836382911         2.7603106368         1.3454963091         0.2244170228         0.1695426768         0.5477478194
        0.0300000000        37.6433253274         2.7677532089         1.3327346748         0.2167613904        -0.1628939444         0.6569999684
        0.0350000000        43.8937244364         2.7751479756         1.3429439823         0.2244170228         0.1030553526         0.7660900124
        0.0400000000        50.1332934257         2.7824946846         1.3199730405         0.2193132679        -0.4953305655         0.8749910351
        0.0450000000        56.3604927750         2.7897930986         1.3378393285         0.2193132679        -0.0299192959         0.9836761670
        0.0500000000        62.5737860161         2.7970429930         1.3301823480         0.2142095129        -0.2293812686         1.0921185914
        0.0550000000        68.7716401118         2.8042441528         1.3378393285         0.2193132679        -0.0299192959         1.2002915519
        0.0600000000        74.9525258343         2.8113963695         1.3684672508         0.2295207777         0.7679285948         1.3081683585
        0.0650000000        81.1149181426         2.8184994384         1.3939905194         0.2269689002         1.4328018371         1.4157223941
        0.0700000000        87.2572965586         2.8255531559         1.3710195777         0.2269689002         0.8344159190         1.5229271213
        0.0750000000        93.3781455424         2.8325573170         1.3761242314         0.2346245326         0.9673905675         1.6297560891
        0.0800000000        99.4759548659         2.8395117125         1.3837812120         0.2295207777         1.1668525402         1.7361829390
        0.0850000000       105.5492199861         2.8464161264         1.3914381925         0.2473839199         1.3663145129         1.8421814117
        0.0900000000       111.5964424157         2.8532703340         1.3888858657         0.2448320425         1.2998271886         1.9477253537
        0.0950000000       117.6161300929         2.8600740989         1.3786765582         0.2473839199         1.0338778917         2.0527887236
        0.1000000000       123.6067977500         2.8668271717         1.3837812120         0.2575914298         1.1668525402         2.1573455986
        0.1050000000       129.5669672793         2.8735292869         1.3965428462         0.2677989396         1.4992891613         2.2613701808
        0.1100000000       135.4951680981         2.8801801617         1.3888858657         0.2677989396         1.2998271886         2.3648368039
        0.1150000000       141.3899375117         2.8867794939         1.3837812120         0.2677989396         1.1668525402         2.4677199388
        0.1200000000       147.2498210739         2.8933269601         1.3965428462         0.2831102043         1.4992891613         2.5699942007
        0.1250000000       153.0733729460         2.8998222140         1.3965428462         0.2831102043         1.4992891613         2.6716343550
        0.1300000000       158.8591562539         2.9062648849         1.4067521537         0.2958695916         1.7652384582         2.7726153236
        0.1350000000       164.6057434420         2.9126545766         1.3939905194         0.2933177142         1.4328018371         2.8729121908
        0.1400000000       170.3117166260         2.9189908657         1.4067521537         0.3086289789         1.7652384582         2.9725002098
        0.1450000000       175.9756679424         2.9252733009         1.3965428462         0.3035252240         1.4992891613         3.0713548090
        0.1500000000       181.5961998958         2.9315014016         1.4016475000         0.3111808564         1.6322638098         3.1694515973
        0.1550000000       187.1719257042         2.9376746570         1.4220661148         0.3315958761         2.1641624036         3.2667663708
        0.1600000000       192.7014696407         2.9437925258         1.4118568074         0.3315958761         1.8982131067         3.3632751187
        0.1650000000       198.1834673730         2.9498544352         1.4246184417         0.3443552634         2.2306497278         3.4589540287
        0.1700000000       203.6165663001         2.9558597803         1.4144091342         0.3418033859         1.9647004309         3.5537794935
        0.1750000000       208.9994258864         2.9618079240         1.4348277491         0.3596665281         2.4965990247         3.6477281165
        0.1800000000       214.3307179916         2.9676981964         1.4144091342         0.3571146507         1.9647004309         3.7407767171
        0.1850000000       219.6091271993         2.9735298953         1.4322754222         0.3749777929         2.4301117005         3.8329023371
        0.1900000000       224.8333511409         2.9793022852         1.4220661148         0.3775296703         2.1641624036         3.9240822457
        0.1950000000       230.0021008173         2.9850145984         1.4399324028         0.3979446900         2.6295736732         4.0142939458
        0.2000000000       235.1141009170         2.9906660345         1.4450370565         0.3953928125         2.7625483216         4.1035151789
        0.2050000000       240.1680901304         2.9962557614         1.4297230954         0.4081521998         2.3636243763         4.1917239310
        0.2100000000       245.1628214612         3.0017829149         1.4424847297         0.4234634646         2.6960609974         4.2788984380
        0.2150000000       250.0970625343         3.0072466001         1.4501417102         0.4413266068         2.8955229701         4.3650171908
        0.2200000000       254.9695958995         3.0126458917         1.4552463639         0.4515341166         3.0284976185         4.4500589409
        0.2250000000       259.7792193321         3.0179798348         1.4552463639         0.4566378716         3.0284976185         4.5340027056
        0.2300000000       264.5247461295         3.0232474456         1.4552463639         0.4719491363         3.0284976185         4.6168277730
        0.2350000000       269.2050054039         3.0284477129         1.4629033445         0.4872604011         3.2279595912         4.6985137071
        0.2400000000       273.8188423715         3.0335795986         1.4629033445         0.4923641560         3.2279595912         4.7790403534
        0.2450000000       278.3651186369         3.0386420395         1.4705603251         0.5153310531         3.4274215639         4.8583878429
        0.2500000000       282.8427124746         3.0436339477         1.4577986908         0.5178829306         3.0949849428         4.9365365980
        0.2550000000       287.2505191053         3.0485542129         1.4680079982         0.5382979502         3.3609342397         5.0134673364
        0.2600000000       291.5874509686         3.0534017031         1.4858742862         0.5459535826         3.8263455092         5.0891610769
        0.2650000000       295.8524379914         3.0581752665         1.4629033445         0.5536092150         3.2279595912         5.1635991430
        0.2700000000       300.0444278522         3.0628737327         1.4756649788         0.5740242347         3.5603962123         5.2367631683
        0.2750000000       304.1623862400         3.0674959150         1.4858742862         0.5944392543         3.8263455092         5.3086351006
        0.2800000000       308.2052971103         3.0720406111         1.4782173056         0.6020948867         3.6268835366         5.3791972067
        0.2850000000       312.1721629353         3.0765066059         1.4782173056         0.6174061515         3.6268835366         5.4484320763
        0.2900000000       316.0620049503         3.0808926726         1.4909789399         0.6327174162         3.9593201577         5.5163226268
        0.2950000000       319.8738633948         3.0851975746         1.4705603251         0.6403730486         3.4274215639         5.5828521073
        0.3000000000       323.6067977500         3.0894200679         1.4960835936         0.6633399457         4.0922948062         5.6480041026
        0.3050000000       327.2598869700         3.0935589025         1.4858742862         0.6786512105         3.8263455092         5.7117625373
        0.3100000000       330.8322297098         3.0976128245         1.4884266131         0.6863068429         3.8928328335         5.7741116802
        0.3150000000       334.3229445473         3.1015805783         1.5011882474         0.7092737400         4.2252694546         5.8350361473
        0.3200000000       337.7311702008         3.1054609083         1.4909789399         0.7271368822         3.9593201577         5.8945209066
        0.3250000000       341.0560657416         3.1092525612         1.5011882474         0.7475519019         4.2252694546         5.9525512811
        0.3300000000       344.2968108016         3.1129542879         1.5037405742         0.7577594117         4.2917567788         6.0091129526
        0.3350000000       347.4526057753         3.1165648456         1.4756649788         0.7705187990         3.5603962123         6.0641919654
        0.3400000000       350.5226720175         3.1200829998         1.5088452279         0.7934856961         4.4247314273         6.1177747296
        0.3450000000       353.5062520355         3.1235075265         1.5062929011         0.8011413285         4.3582441031         6.1698480244
        0.3500000000       356.4026096753         3.1268372140         1.5165022085         0.8317638580         4.6241934000         6.2203990015
        0.3550000000       359.2110303042         3.1300708653         1.5062929011         0.8343157355         4.3582441031         6.2694151883
        0.3600000000       361.9308209864         3.1332072998         1.5267115159         0.8674901425         4.8901426969         6.3168844907
        0.3650000000       364.5613106542         3.1362453554         1.4986359205         0.8725938974         4.1587821304         6.3627951963
        0.3700000000       367.1018502736         3.1391838905         1.5165022085         0.8930089170         4.6241934000         6.4071359774
        0.3750000000       369.5518130045         3.1420217861         1.5216068622         0.9210795691         4.7571680484         6.4498958936
        0.3800000000       371.9105943553         3.1447579474         1.5139498816         0.9338389564         4.5577060757         6.4910643945
        0.3850000000       374.1776123319         3.1473913061         1.5267115159         0.9517020986         4.8901426969         6.5306313224
        0.3900000000       376.3523075817         3.1499208217         1.5113975548         0.9695652408         4.4912187515         6.5685869148
        0.3950000000       378.4341435310         3.1523454838         1.5241591891         0.9874283830         4.8236553726         6.6049218066
        0.4000000000       380.4226065181         3.1546643138         1.5165022085         1.0001877703         4.6241934000         6.6396270328
        0.4050000000       382.3172059193         3.1568763662         1.5267115159         1.0282584224         4.8901426969         6.6726940303
        0.4100000000       384.1174742708         3.1589807307         1.5190545354         1.0410178097         4.6906807242         6.7041146405
        0.4150000000       385.8229673831         3.1609765334         1.5190545354         1.0588809519         4.6906807242         6.7338811107
        0.4200000000       387.4332644515         3.1628629388         1.5369208233         1.0741922166         5.1560919938         6.7619860964
        0.4250000000       388.9479681591         3.1646391507         1.5190545354         1.0997109912         4.6906807242         6.7884226633
        0.4300000000       390.3667047755         3.1663044142         1.5165022085         1.1073666236         4.6241934000         6.8131842885
        0.4350000000       391.6891242487         3.1678580163         1.5190545354         1.1303335207         4.6906807242         6.8362648624
        0.4400000000       392.9149002915         3.1692992880         1.5445778039         1.1533004179         5.3555539665         6.8576586902
        0.4450000000       394.0437304619         3.1706276047         1.5343684965         1.1788191925         5.0896046696         6.8773604934
        0.4500000000       395.0753362381         3.1718423878         1.5471301308         1.1890267023         5.4220412907         6.8953654108
        0.4550000000       396.0094630866         3.1729431054         1.5369208233         1.2119935994         5.1560919938         6.9116689999
        0.4600000000       396.8458805258         3.1739292736         1.5420254771         1.2273048642         5.2890666422         6.9262672382
        0.4650000000       397.5843821821         3.1748004568         1.5369208233         1.2477198838         5.1560919938         6.9391565236
        0.4700000000       398.2247858412         3.1755562692         1.5496824576         1.2655830261         5.4885286149         6.9503336760
        0.4750000000       398.7669334933         3.1761963748         1.5471301308         1.2885499232         5.4220412907         6.9597959375
        0.4800000000       399.2106913713         3.1767204883         1.5522347845         1.3064130654         5.5550159391         6.9675409736
        0.4850000000       399.5559499848         3.1771283756         1.5649964188         1.3344837175         5.8874525603         6.9735668732
        0.4900000000       399.8026241463         3.1774198544         1.5573394382         1.3446912273         5.6879905876         6.9778721495
        0.4950000000       399.9506529927         3.1775947939         1.5471301308         1.3676581244         5.4220412907         6.9804557402
        0.5000000000       400.0000000000         3.1776531158         1.5675487456         1.4008325314         5.9539398845         6.9813170080
        0.5050000000       399.9506529927         3.1775947939         1.5573394382         1.4186956736         5.6879905876         6.9804557402
        0.5100000000       399.8026241463         3.1774198544         1.5726533993         1.4416625707         6.0869145330         6.9778721495
        0.5150000000       399.5559499848         3.1771283756         1.5573394382         1.4569738355         5.6879905876         6.9735668732
        0.5200000000       399.2106913713         3.1767204883         1.5701010725         1.4901482425         6.0204272087         6.9675409736
        0.5250000000       398.7669334933         3.1761963748         1.5675487456         1.5054595072         5.9539398845         6.9597959375
        0.5300000000       398.2247858412         3.1755562692         1.5675487456         1.5233226494         5.9539398845         6.9503336760
        0.5350000000       397.5843821821         3.1748004568         1.5701010725         1.5488414240         6.0204272087         6.9391565236
        0.5400000000       396.8458805258         3.1739292736         1.5726533993         1.5743601986         6.0869145330         6.9262672382
        0.5450000000       396.0094630866         3.1729431054         1.5854150336         1.6049827281         6.4193511541         6.9116689999
        0.5500000000       395.0753362381         3.1718423878         1.5496824576         1.6202939929         5.4885286149         6.8953654108
        0.5550000000       394.0437304619         3.1706276047         1.5879673605         1.6509165224         6.4858384783         6.8773604934
        0.5600000000       392.9149002915         3.1692992880         1.5752057262         1.6662277871         6.1534018572         6.8576586902
        0.5650000000       391.6891242487         3.1678580163         1.5675487456         1.6917465617         5.9539398845         6.8362648624
        0.5700000000       390.3667047755         3.1663044142         1.5828627068         1.7147134588         6.3528638299         6.8131842885
        0.5750000000       388.9479681591         3.1646391507         1.5675487456         1.7376803560         5.9539398845         6.7884226633
        0.5800000000       387.4332644515         3.1628629388         1.5803103799         1.7606472531         6.2863765056         6.7619860964
        0.5850000000       385.8229673831         3.1609765334         1.5752057262         1.7861660277         6.1534018572         6.7338811107
        0.5900000000       384.1174742708         3.1589807307         1.5649964188         1.8116848023         5.8874525603         6.7041146405
        0.5950000000       382.3172059193         3.1568763662         1.5803103799         1.8320998220         6.2863765056         6.6726940303
        0.6000000000       380.4226065181         3.1546643138         1.5803103799         1.8601704740         6.2863765056         6.6396270328
        0.6050000000       378.4341435310         3.1523454838         1.5726533993         1.8729298613         6.0869145330         6.6049218066
        0.6100000000       376.3523075817         3.1499208217         1.5701010725         1.9035523908         6.0204272087         6.5685869148
        0.6150000000       374.1776123319         3.1473913061         1.5752057262         1.9239674105         6.1534018572         6.5306313224
        0.6200000000       371.9105943553         3.1447579474         1.6007289948         1.9545899400         6.8182750994         6.4910643945
        0.6250000000       369.5518130045         3.1420217861         1.5598917651         1.9622455724         5.7544779118         6.4498958936
        0.6300000000       367.1018502736         3.1391838905         1.5803103799         1.9954199793         6.2863765056         6.4071359774
        0.6350000000       364.5613106542         3.1362453554         1.5854150336         2.0260425088         6.4193511541         6.3627951963
        0.6400000000       361.9308209864         3.1332072998         1.5675487456         2.0439056511         5.9539398845         6.3168844907
        0.6450000000       359.2110303042         3.1300708653         1.5879673605         2.0719763031         6.4858384783         6.2694151883
        0.6500000000       356.4026096753         3.1268372140         1.5752057262         2.0949432002         6.1534018572         6.2203990015
        0.6550000000       353.5062520355         3.1235075265         1.5803103799         2.1204619748         6.2863765056         6.1698480244
        0.6600000000       350.5226720175         3.1200829998         1.5828627068         2.1408769945         6.3528638299         6.1177747296
        0.6650000000       347.4526057753         3.1165648456         1.5752057262         2.1561882593         6.1534018572         6.0641919654
        0.6700000000       344.2968108016         3.1129542879         1.5675487456         2.1893626662         5.9539398845         6.0091129526
        0.6750000000       341.0560657416         3.1092525612         1.5726533993         2.2046739310         6.0869145330         5.9525512811
        0.6800000000       337.7311702008         3.1054609083         1.5879673605         2.2327445830         6.4858384783         5.8945209066
        0.6850000000       334.3229445473         3.1015805783         1.5701010725         2.2659189900         6.0204272087         5.8350361473
        0.6900000000       330.8322297098         3.0976128245         1.5675487456         2.2812302547         5.9539398845         5.7741116802
        0.6950000000       327.2598869700         3.0935589025         1.5828627068         2.3093009068         6.3528638299         5.7117625373
        0.7000000000       323.6067977500         3.0894200679         1.5701010725         2.3424753138         6.0204272087         5.6480041026
        0.7050000000       319.8738633948         3.0851975746         1.5752057262         2.3501309461         6.1534018572         5.5828521073
        0.7100000000       316.0620049503         3.0808926726         1.5803103799         2.3833053531         6.2863765056         5.5163226268
        0.7150000000       312.1721629353         3.0765066059         1.5496824576         2.4011684953         5.4885286149         5.4484320763
        0.7200000000       308.2052971103         3.0720406111         1.5675487456         2.4241353924         5.9539398845         5.3791972067
        0.7250000000       304.1623862400         3.0674959150         1.5726533993         2.4471022896         6.0869145330         5.3086351006
        0.7300000000       300.0444278522         3.0628737327         1.5649964188         2.4751729416         5.8874525603         5.2367631683
        0.7350000000       295.8524379914         3.0581752665         1.5573394382         2.4955879613         5.6879905876         5.1635991430
        0.7400000000       291.5874509686         3.0534017031         1.5649964188         2.5185548584         5.8874525603         5.0891610769
        0.7450000000       287.2505191053         3.0485542129         1.5701010725         2.5542811429         6.0204272087         5.0134673364
        0.7500000000       282.8427124746         3.0436339477         1.5675487456         2.5695924076         5.9539398845         4.9365365980
        0.7550000000       278.3651186369         3.0386420395         1.5777580530         2.6002149371         6.2198891814         4.8583878429
        0.7600000000       273.8188423715         3.0335795986         1.5496824576         2.6078705695         5.4885286149         4.7790403534
        0.7650000000       269.2050054039         3.0284477129         1.5701010725         2.6435968539         6.0204272087         4.6985137071
        0.7700000000       264.5247461295         3.0232474456         1.5675487456         2.6614599961         5.9539398845         4.6168277730
        0.7750000000       259.7792193321         3.0179798348         1.5496824576         2.6844268933         5.4885286149         4.5340027056
        0.7800000000       254.9695958995         3.0126458917         1.5624440919         2.7073937904         5.8209652360         4.4500589409
        0.7850000000       250.0970625343         3.0072466001         1.5547871113         2.7252569326         5.6215032634         4.3650171908
        0.7900000000       245.1628214612         3.0017829149         1.5496824576         2.7456719523         5.4885286149         4.2788984380
        0.7950000000       240.1680901304         2.9962557614         1.5573394382         2.7711907269         5.6879905876         4.1917239310
        0.8000000000       235.1141009170         2.9906660345         1.5598917651         2.7992613789         5.7544779118         4.1035151789
        0.8050000000       230.0021008173         2.9850145984         1.5522347845         2.8145726437         5.5550159391         4.0142939458
        0.8100000000       224.8333511409         2.9793022852         1.5522347845         2.8375395408         5.5550159391         3.9240822457
        0.8150000000       219.6091271993         2.9735298953         1.5394731502         2.8605064379         5.2225793180         3.8329023371
        0.8200000000       214.3307179916         2.9676981964         1.5445778039         2.8732658252         5.3555539665         3.7407767171
        0.8250000000       208.9994258864         2.9618079240         1.5369208233         2.8962327224         5.1560919938         3.6477281165
        0.8300000000       203.6165663001         2.9558597803         1.5496824576         2.9268552519         5.4885286149         3.5537794935
        0.8350000000       198.1834673730         2.9498544352         1.5471301308         2.9472702715         5.4220412907         3.4589540287
        0.8400000000       192.7014696407         2.9437925258         1.5445778039         2.9676852912         5.3555539665         3.3632751187
        0.8450000000       187.1719257042         2.9376746570         1.5267115159         2.9778928011         4.8901426969         3.2667663708
        0.8500000000       181.5961998958         2.9315014016         1.5190545354         2.9983078207         4.6906807242         3.1694515973
        0.8550000000       175.9756679424         2.9252733009         1.5369208233         3.0212747179         5.1560919938         3.0713548090
        0.8600000000       170.3117166260         2.9189908657         1.5267115159         3.0416897375         4.8901426969         2.9725002098
        0.8650000000       164.6057434420         2.9126545766         1.5292638428         3.0595528797         4.9566300211         2.8729121908
        0.8700000000       158.8591562539         2.9062648849         1.5190545354         3.0850716543         4.6906807242         2.7726153236
        0.8750000000       153.0733729460         2.8998222140         1.5267115159         3.0927272867         4.8901426969         2.6716343550
        0.8800000000       147.2498210739         2.8933269601         1.5062929011         3.1054866740         4.3582441031         2.5699942007
        0.8850000000       141.3899375117         2.8867794939         1.5139498816         3.1284535711         4.5577060757         2.4677199388
        0.8900000000       135.4951680981         2.8801801617         1.5088452279         3.1463167133         4.4247314273         2.3648368039
        0.8950000000       129.5669672793         2.8735292869         1.5165022085         3.1692836105         4.6241934000         2.2613701808
        0.9000000000       123.6067977500         2.8668271717         1.5088452279         3.1794911203         4.4247314273         2.1573455986
        0.9050000000       117.6161300929         2.8600740989         1.4960835936         3.1999061400         4.0922948062         2.0527887236
        0.9100000000       111.5964424157         2.8532703340         1.4986359205         3.2075617724         4.1587821304         1.9477253537
        0.9150000000       105.5492199862         2.8464161264         1.4986359205         3.2330805470         4.1587821304         1.8421814117
        0.9200000000        99.4759548659         2.8395117125         1.5037405742         3.2483918117         4.2917567788         1.7361829390
        0.9250000000        93.3781455424         2.8325573170         1.4935312668         3.2662549539         4.0258074819         1.6297560891
        0.9300000000        87.2572965586         2.8255531559         1.4935312668         3.2841180961         4.0258074819         1.5229271213
        0.9350000000        81.1149181426         2.8184994384         1.4782173056         3.2892218510         3.6268835366         1.4157223941
        0.9400000000        74.9525258343         2.8113963695         1.4884266131         3.3121887482         3.8928328335         1.3081683585
        0.9450000000        68.7716401118         2.8042441528         1.4756649788         3.3198443806         3.5603962123         1.2002915519
        0.9500000000        62.5737860161         2.7970429930         1.4884266131         3.3428112777         3.8928328335         1.0921185914
        0.9550000000        56.3604927750         2.7897930986         1.4705603251         3.3504669101         3.4274215639         0.9836761670
        0.9600000000        50.1332934257         2.7824946846         1.4858742862         3.3708819297         3.8263455092         0.8749910351
        0.9650000000        43.8937244364         2.7751479756         1.4629033445         3.3759856847         3.2279595912         0.7660900124
        0.9700000000        37.6433253274         2.7677532089         1.4731126519         3.3964007043         3.4939088881         0.6569999684
        0.9750000000        31.3836382911         2.7603106368         1.4680079982         3.4117119691         3.3609342397         0.5477478194
        0.9800000000        25.1162078117         2.7528205304         1.4629033445         3.4142638465         3.2279595912         0.4383605219
        0.9850000000        18.8425802839         2.7329438599         1.4603510177         3.4397826211         3.1614722670         0.3288650655
        0.9900000000        12.5643036313         2.6584512181         1.4552463639         3.4397826211         3.0284976185         0.2192884666
        0.9950000000         6.2829269247         2.5839217937         1.4552463639         3.4550938859         3.0284976185         0.1096577615
        1.0000000000         0.0000000000         2.5093739758         1.4322754222         3.4653013957         2.4301117005         0.0000000000
        1.0050000000        -6.2829269247         2.4348261579         1.4475893834         3.4806126605         2.8290356458        -0.1096577615
        1.0100000000       -12.5643036312         2.3602967335         1.4552463639         3.4908201703         3.0284976185        -0.2192884666
        1.0150000000       -18.8425802839         2.2858040918         1.4144091342         3.4984758027         1.9647004309        -0.3288650655
        1.0200000000       -25.1162078117         2.2629783296         1.3812288851         3.4984758027         1.1003652160        -0.4383605219
        1.0250000000       -31.3836382911         2.2520021131         1.3608102703         3.5010276801         0.5684666221        -0.5477478194
        1.0300000000       -37.6433253274         2.2412136998         1.3531532897         3.5137870674         0.3690046495        -0.6569999684
        1.0350000000       -43.8937244364         2.2306103216         1.3352870017         3.5086833125        -0.0964066201        -0.7660900124
        1.0400000000       -50.1332934257         2.2201891252         1.3378393285         3.5086833125        -0.0299192959        -0.8749910351
        1.0450000000       -56.3604927750         2.2099471839         1.3378393285         3.5086833125        -0.0299192959        -0.9836761670
        1.0500000000       -62.5737860161         2.1998815078         1.3582579434         3.5010276801         0.5019792979        -1.0921185914
        1.0550000000       -68.7716401118         2.1899890546         1.3429439823         3.5163389449         0.1030553526        -1.2002915519
        1.0600000000       -74.9525258343         2.1802667400         1.3327346748         3.5035795576        -0.1628939444        -1.3081683585
        1.0650000000       -81.1149181426         2.1707114477         1.3531532897         3.5086833125         0.3690046495        -1.4157223941
        1.0700000000       -87.2572965586         2.1613200391         1.3250776943         3.5061314351        -0.3623559170        -1.5229271213
        1.0750000000       -93.3781455424         2.1520893631         1.2612695229         3.5061314351        -2.0245390227        -1.6297560891
        1.0800000000       -99.4759548659         2.1430162650         1.2918974451         3.4908201703        -1.2266911320        -1.7361829390
        1.0850000000      -105.5492199861         2.1340975957         1.2791358108         3.4908201703        -1.5591277531        -1.8421814117
        1.0900000000      -111.5964424157         2.1253302200         1.2791358108         3.4857164154        -1.5591277531        -1.9477253537
        1.0950000000      -117.6161300929         2.1167110251         1.2689265034         3.4729570281        -1.8250770500        -2.0527887236
        1.1000000000      -123.6067977500         2.1082369281         1.2740311571         3.4704051506        -1.6921024016        -2.1573455986
        1.1050000000      -129.5669672793         2.0999048839         1.2510602154         3.4601976408        -2.2904883196        -2.2613701808
        1.1100000000      -135.4951680981         2.0917118922         1.2714788303         3.4576457633        -1.7585897258        -2.3648368039
        1.1150000000      -141.3899375117         2.0836550044         1.2638218497         3.4576457633        -1.9580516985        -2.4677199388
        1.1200000000      -147.2498210739         2.0757313294         1.2638218497         3.4448863760        -1.9580516985        -2.5699942007
        1.1250000000      -153.0733729460         2.0679380406         1.2663741766         3.4372307437        -1.8915643742        -2.6716343550
        1.1300000000      -158.8591562539         2.0602723806         1.2587171960         3.4270232338        -2.0910263469        -2.7726153236
        1.1350000000      -164.6057434420         2.0527316669         1.2587171960         3.4244713564        -2.0910263469        -2.8729121908
        1.1400000000      -170.3117166260         2.0453132966         1.2638218497         3.4117119691        -1.9580516985        -2.9725002098
        1.1450000000      -175.9756679424         2.0380147508         1.2638218497         3.4168157240        -1.9580516985        -3.0713548090
        1.1500000000      -181.5961998958         2.0308335989         1.2561648691         3.4040563367        -2.1575136712        -3.1694515973
        1.1550000000      -187.1719257042         2.0237675017         1.2382985811         3.3836413170        -2.6229249407        -3.2667663708
        1.1600000000      -192.7014696407         2.0168142153         1.2536125423         3.3861931945        -2.2240009954        -3.3632751187
        1.1650000000      -198.1834673730         2.0099715935         1.2408509080         3.3657781748        -2.5564376165        -3.4589540287
        1.1700000000      -203.6165663001         2.0032375906         1.2306416006         3.3555706650        -2.8223869134        -3.5537794935
        1.1750000000      -208.9994258864         1.9966102633         1.2357462543         3.3504669101        -2.6894122650        -3.6477281165
        1.1800000000      -214.3307179916         1.9900877726         1.2331939274         3.3453631551        -2.7558995892        -3.7407767171
        1.1850000000      -219.6091271993         1.9836683853         1.2331939274         3.3300518904        -2.7558995892        -3.8329023371
        1.1900000000      -224.8333511409         1.9773504748         1.2331939274         3.3198443806        -2.7558995892        -3.9240822457
        1.1950000000      -230.0021008173         1.9711325220         1.2357462543         3.3096368707        -2.6894122650        -4.0142939458
        1.2000000000      -235.1141009170         1.9650131156         1.2280892737         3.3019812383        -2.8888742376        -4.1035151789
        1.2050000000      -240.1680901304         1.9589909521         1.2229846200         3.2841180961        -3.0218488861        -4.1917239310
        1.2100000000      -245.1628214612         1.9530648358         1.2306416006         3.2866699736        -2.8223869134        -4.2788984380
        1.2150000000      -250.0970625343         1.9472336779         1.2153276394         3.2688068314        -3.2213108588        -4.3650171908
        1.2200000000      -254.9695958995         1.9414964956         1.2280892737         3.2560474441        -2.8888742376        -4.4500589409
        1.2250000000      -259.7792193321         1.9358524116         1.2204322931         3.2432880568        -3.0883362103        -4.5340027056
        1.2300000000      -264.5247461295         1.9303006518         1.2153276394         3.2305286695        -3.2213108588        -4.6168277730
        1.2350000000      -269.2050054039         1.9248405443         1.2025660052         3.2177692822        -3.5537474799        -4.6985137071
        1.2400000000      -273.8188423715         1.9194715173         1.2127753126         3.2101136498        -3.2877981830        -4.7790403534
        1.2450000000      -278.3651186369         1.9141930969         1.2051183320         3.1922505076        -3.4872601557        -4.8583878429
        1.2500000000      -282.8427124746         1.9090049047         1.2000136783         3.1769392429        -3.6202348041        -4.9365365980
        1.2550000000      -287.2505191053         1.9039066556         1.2102229857         3.1718354879        -3.3542855072        -5.0134673364
        1.2600000000      -291.5874509686         1.8988981545         1.1923566977         3.1437648359        -3.8196967768        -5.0891610769
        1.2650000000      -295.8524379914         1.8939792940         1.1949090246         3.1361092035        -3.7532094526        -5.1635991430
        1.2700000000      -300.0444278522         1.8891500507         1.1974613514         3.1207979388        -3.6867221284        -5.2367631683
        1.2750000000      -304.1623862400         1.8844104825         1.1923566977         3.1080385515        -3.8196967768        -5.3086351006
        1.2800000000      -308.2052971103         1.8797607249         1.1821473903         3.0901754092        -4.0856460737        -5.3791972067
        1.2850000000      -312.1721629353         1.8752009876         1.1846997172         3.0774160220        -4.0191587495        -5.4484320763
        1.2900000000      -316.0620049503         1.8707315508         1.1846997172         3.0595528797        -4.0191587495        -5.5163226268
        1.2950000000      -319.8738633948         1.8663527618         1.1821473903         3.0493453699        -4.0856460737        -5.5828521073
        1.3000000000      -323.6067977500         1.8620650308         1.1821473903         3.0365859826        -4.0856460737        -5.6480041026
        1.3050000000      -327.2598869700         1.8578688273         1.1719380829         3.0136190855        -4.3515953706        -5.7117625373
        1.3100000000      -330.8322297098         1.8537646761         1.1770427366         3.0034115756        -4.2186207222        -5.7741116802
        1.3150000000      -334.3229445473         1.8497531533         1.1668334292         2.9804446785        -4.4845700191        -5.8350361473
        1.3200000000      -337.7311702008         1.8458348823         1.1566241217         2.9574777814        -4.7505193160        -5.8945209066
        1.3250000000      -341.0560657416         1.8420105296         1.1591764486         2.9472702715        -4.6840319918        -5.9525512811
        1.3300000000      -344.2968108016         1.8382808013         1.1566241217         2.9268552519        -4.7505193160        -6.0091129526
        1.3350000000      -347.4526057753         1.8346464383         1.1642811023         2.9089921097        -4.5510573433        -6.0641919654
        1.3400000000      -350.5226720175         1.8311082127         1.1489671412         2.8860252125        -4.9499812887        -6.1177747296
        1.3450000000      -353.5062520355         1.8276669236         1.1566241217         2.8732658252        -4.7505193160        -6.1698480244
        1.3500000000      -356.4026096753         1.8243233934         1.1515194680         2.8554026830        -4.8834939645        -6.2203990015
        1.3550000000      -359.2110303042         1.8210784631         1.1566241217         2.8426432957        -4.7505193160        -6.2694151883
        1.3600000000      -361.9308209864         1.8179329893         1.1540717949         2.8222282761        -4.8170066402        -6.3168844907
        1.3650000000      -364.5613106542         1.8148878395         1.1540717949         2.7992613789        -4.8170066402        -6.3627951963
        1.3700000000      -367.1018502736         1.8119438888         1.1336531800         2.7686388494        -5.3489052340        -6.4071359774
        1.3750000000      -369.5518130045         1.8091020161         1.1489671412         2.7584313396        -4.9499812887        -6.4498958936
        1.3800000000      -371.9105943553         1.8063631002         1.1234438726         2.7329125650        -5.6148545309        -6.4910643945
        1.3850000000      -374.1776123319         1.8037280162         1.1515194680         2.7252569326        -4.8834939645        -6.5306313224
        1.3900000000      -376.3523075817         1.8011976323         1.1438624875         2.7022900355        -5.0829559371        -6.5685869148
        1.3950000000      -378.4341435310         1.7987728063         1.1438624875         2.6869787707        -5.0829559371        -6.6049218066
        1.4000000000      -380.4226065181         1.7964543820         1.1234438726         2.6614599961        -5.6148545309        -6.6396270328
        1.4050000000      -382.3172059193         1.7942431866         1.1438624875         2.6384930990        -5.0829559371        -6.6726940303
        1.4100000000      -384.1174742708         1.7921400270         1.1234438726         2.6206299568        -5.6148545309        -6.7041146405
        1.4150000000      -385.8229673831         1.7901456873         1.1387578337         2.5976630597        -5.2159305856        -6.7338811107
        1.4200000000      -387.4332644515         1.7882609257         1.1183392189         2.5849036724        -5.7478291794        -6.7619860964
        1.4250000000      -388.9479681591         1.7864864721         1.1336531800         2.5517292654        -5.3489052340        -6.7884226633
        1.4300000000      -390.3667047755         1.7848230252         1.1208915457         2.5440736330        -5.6813418552        -6.8131842885
        1.4350000000      -391.6891242487         1.7832712502         1.1336531800         2.5160029810        -5.3489052340        -6.8362648624
        1.4400000000      -392.9149002915         1.7818317767         1.1132345652         2.4955879613        -5.8808038279        -6.8576586902
        1.4450000000      -394.0437304619         1.7805051964         1.1387578337         2.4751729416        -5.2159305856        -6.8773604934
        1.4500000000      -395.0753362381         1.7792920610         1.1132345652         2.4496541670        -5.8808038279        -6.8953654108
        1.4550000000      -396.0094630866         1.7781928805         1.1336531800         2.4241353924        -5.3489052340        -6.9116689999
        1.4600000000      -396.8458805258         1.7772081215         1.1055775846         2.4139278826        -6.0802658005        -6.9262672382
        1.4650000000      -397.5843821821         1.7763382058         1.1362055069         2.3833053531        -5.2824179098        -6.9391565236
        1.4700000000      -398.2247858412         1.7755835085         1.1106822383         2.3628903334        -5.9472911521        -6.9503336760
        1.4750000000      -398.7669334933         1.7749443576         1.1311008532         2.3424753138        -5.4153925583        -6.9597959375
        1.4800000000      -399.2106913713         1.7744210320         1.1132345652         2.3195084166        -5.8808038279        -6.9675409736
        1.4850000000      -399.5559499848         1.7740137615         1.1413101606         2.3067490293        -5.1494432614        -6.9735668732
        1.4900000000      -399.8026241463         1.7737227254         1.1055775846         2.2710227449        -6.0802658005        -6.9778721495
        1.4950000000      -399.9506529927         1.7735480522         1.1183392189         2.2531596027        -5.7478291794        -6.9804557402
        1.5000000000      -400.0000000000         1.7734898192         1.1234438726         2.2301927056        -5.6148545309        -6.9813170080
        1.5050000000      -399.9506529927         1.7735480522         1.1055775846         2.2097776859        -6.0802658005        -6.9804557402
        1.5100000000      -399.8026241463         1.7737227254         1.1259961995         2.1868107888        -5.5483672067        -6.9778721495
        1.5150000000      -399.5559499848         1.7740137615         1.1106822383         2.1638438916        -5.9472911521        -6.9735668732
        1.5200000000      -399.2106913713         1.7744210320         1.1259961995         2.1485326269        -5.5483672067        -6.9675409736
        1.5250000000      -398.7669334933         1.7749443576         1.1055775846         2.1204619748        -6.0802658005        -6.9597959375
        1.5300000000      -398.2247858412         1.7755835085         1.1234438726         2.1000469552        -5.6148545309        -6.9503336760
        1.5350000000      -397.5843821821         1.7763382058         1.1055775846         2.0694244256        -6.0802658005        -6.9391565236
        1.5400000000      -396.8458805258         1.7772081215         1.1183392189         2.0566650383        -5.7478291794        -6.9262672382
        1.5450000000      -396.0094630866         1.7781928805         1.1234438726         2.0362500187        -5.6148545309        -6.9116689999
        1.5500000000      -395.0753362381         1.7792920610         1.1106822383         2.0132831215        -5.9472911521        -6.8953654108
        1.5550000000      -394.0437304619         1.7805051964         1.1234438726         1.9852124695        -5.6148545309        -6.8773604934
        1.5600000000      -392.9149002915         1.7818317767         1.1081299115         1.9622455724        -6.0137784763        -6.8576586902
        1.5650000000      -391.6891242487         1.7832712502         1.1336531800         1.9443824302        -5.3489052340        -6.8362648624
        1.5700000000      -390.3667047755         1.7848230252         1.1055775846         1.9239674105        -6.0802658005        -6.8131842885
        1.5750000000      -388.9479681591         1.7864864721         1.1234438726         1.8933448810        -5.6148545309        -6.7884226633
        1.5800000000      -387.4332644515         1.7882609257         1.1157868920         1.8805854937        -5.8143165036        -6.7619860964
        1.5850000000      -385.8229673831         1.7901456873         1.1208915457         1.8652742289        -5.6813418552        -6.7338811107
        1.5900000000      -384.1174742708         1.7921400270         1.1285485263         1.8397554543        -5.4818798825        -6.7041146405
        1.5950000000      -382.3172059193         1.7942431866         1.1081299115         1.8116848023        -6.0137784763        -6.6726940303
        1.6000000000      -380.4226065181         1.7964543820         1.1285485263         1.8040291699        -5.4818798825        -6.6396270328
        1.6050000000      -378.4341435310         1.7987728063         1.1132345652         1.7734066404        -5.8808038279        -6.6049218066
        1.6100000000      -376.3523075817         1.8011976323         1.1259961995         1.7504397433        -5.5483672067        -6.5685869148
        1.6150000000      -374.1776123319         1.8037280162         1.1234438726         1.7402322334        -5.6148545309        -6.5306313224
        1.6200000000      -371.9105943553         1.8063631002         1.1259961995         1.7096097039        -5.5483672067        -6.4910643945
        1.6250000000      -369.5518130045         1.8091020161         1.1157868920         1.6891946843        -5.8143165036        -6.4498958936
        1.6300000000      -367.1018502736         1.8119438888         1.1311008532         1.6687796646        -5.4153925583        -6.4071359774
        1.6350000000      -364.5613106542         1.8148878395         1.1208915457         1.6458127674        -5.6813418552        -6.3627951963
        1.6400000000      -361.9308209864         1.8179329893         1.1259961995         1.6356052576        -5.5483672067        -6.3168844907
        1.6450000000      -359.2110303042         1.8210784631         1.1259961995         1.6049827281        -5.5483672067        -6.2694151883
        1.6500000000      -356.4026096753         1.8243233934         1.1234438726         1.5896714634        -5.6148545309        -6.2203990015
        1.6550000000      -353.5062520355         1.8276669236         1.1234438726         1.5590489338        -5.6148545309        -6.1698480244
        1.6600000000      -350.5226720175         1.8311082127         1.1259961995         1.5462895465        -5.5483672067        -6.1177747296
        1.6650000000      -347.4526057753         1.8346464383         1.1285485263         1.5233226494        -5.4818798825        -6.0641919654
        1.6700000000      -344.2968108016         1.8382808013         1.1132345652         1.4952519974        -5.8808038279        -6.0091129526
        1.6750000000      -341.0560657416         1.8420105296         1.1489671412         1.4824926101        -4.9499812887        -5.9525512811
        1.6800000000      -337.7311702008         1.8458348823         1.1208915457         1.4646294679        -5.6813418552        -5.8945209066
        1.6850000000      -334.3229445473         1.8497531533         1.1234438726         1.4442144482        -5.6148545309        -5.8350361473
        1.6900000000      -330.8322297098         1.8537646761         1.1234438726         1.4161437961        -5.6148545309        -5.7741116802
        1.6950000000      -327.2598869700         1.8578688273         1.1515194680         1.4084881638        -4.8834939645        -5.7117625373
        1.7000000000      -323.6067977500         1.8620650308         1.1311008532         1.3829693892        -5.4153925583        -5.6480041026
        1.7050000000      -319.8738633948         1.8663527618         1.1489671412         1.3676581244        -4.9499812887        -5.5828521073
        1.7100000000      -316.0620049503         1.8707315508         1.1438624875         1.3421393498        -5.0829559371        -5.5163226268
        1.7150000000      -312.1721629353         1.8752009876         1.1413101606         1.3217243302        -5.1494432614        -5.4484320763
        1.7200000000      -308.2052971103         1.8797607249         1.1438624875         1.3115168203        -5.0829559371        -5.3791972067
        1.7250000000      -304.1623862400         1.8844104825         1.1387578337         1.2808942908        -5.2159305856        -5.3086351006
        1.7300000000      -300.0444278522         1.8891500507         1.1387578337         1.2655830261        -5.2159305856        -5.2367631683
        1.7350000000      -295.8524379914         1.8939792940         1.1515194680         1.2477198838        -4.8834939645        -5.1635991430
        1.7400000000      -291.5874509686         1.8988981545         1.1413101606         1.2273048642        -5.1494432614        -5.0891610769
        1.7450000000      -287.2505191053         1.9039066556         1.1489671412         1.2094417220        -4.9499812887        -5.0134673364
        1.7500000000      -282.8427124746         1.9090049047         1.1413101606         1.1890267023        -5.1494432614        -4.9365365980
        1.7550000000      -278.3651186369         1.9141930969         1.1566241217         1.1737154375        -4.7505193160        -4.8583878429
        1.7600000000      -273.8188423715         1.9194715173         1.1387578337         1.1481966629        -5.2159305856        -4.7790403534
        1.7650000000      -269.2050054039         1.9248405443         1.1642811023         1.1405410306        -4.5510573433        -4.6985137071
        1.7700000000      -264.5247461295         1.9303006518         1.1464148143         1.1175741334        -5.0164686129        -4.6168277730
        1.7750000000      -259.7792193321         1.9358524116         1.1540717949         1.0946072363        -4.8170066402        -4.5340027056
        1.7800000000      -254.9695958995         1.9414964956         1.1438624875         1.0818478490        -5.0829559371        -4.4500589409
        1.7850000000      -250.0970625343         1.9472336779         1.1591764486         1.0665365843        -4.6840319918        -4.3650171908
        1.7900000000      -245.1628214612         1.9530648358         1.1591764486         1.0410178097        -4.6840319918        -4.2788984380
        1.7950000000      -240.1680901304         1.9589909521         1.1642811023         1.0282584224        -4.5510573433        -4.1917239310
        1.8000000000      -235.1141009170         1.9650131156         1.1642811023         1.0103952802        -4.5510573433        -4.1035151789
        1.8050000000      -230.0021008173         1.9711325220         1.1744904097         0.9950840154        -4.2851080464        -4.0142939458
        1.8100000000      -224.8333511409         1.9773504748         1.1617287755         0.9797727506        -4.6175446675        -3.9240822457
        1.8150000000      -219.6091271993         1.9836683853         1.1846997172         0.9670133634        -4.0191587495        -3.8329023371
        1.8200000000      -214.3307179916         1.9900877726         1.1617287755         0.9414945888        -4.6175446675        -3.7407767171
        1.8250000000      -208.9994258864         1.9966102633         1.1795950634         0.9236314466        -4.1521333980        -3.6477281165
        1.8300000000      -203.6165663002         2.0032375906         1.1795950634         0.9159758142        -4.1521333980        -3.5537794935
        1.8350000000      -198.1834673730         2.0099715935         1.1770427366         0.8981126720        -4.2186207222        -3.4589540287
        1.8400000000      -192.7014696407         2.0168142153         1.1923566977         0.8904570396        -3.8196967768        -3.3632751187
        1.8450000000      -187.1719257042         2.0237675017         1.1949090246         0.8725938974        -3.7532094526        -3.2667663708
        1.8500000000      -181.5961998958         2.0308335989         1.1949090246         0.8547307552        -3.7532094526        -3.1694515973
        1.8550000000      -175.9756679424         2.0380147508         1.1872520440         0.8419713679        -3.9526714253        -3.0713548090
        1.8600000000      -170.3117166260         2.0453132966         1.1898043709         0.8215563482        -3.8861841010        -2.9725002098
        1.8650000000      -164.6057434420         2.0527316669         1.2051183320         0.8113488384        -3.4872601557        -2.8729121908
        1.8700000000      -158.8591562539         2.0602723806         1.1974613514         0.8011413285        -3.6867221284        -2.7726153236
        1.8750000000      -153.0733729460         2.0679380406         1.1949090246         0.7730706765        -3.7532094526        -2.6716343550
        1.8800000000      -147.2498210739         2.0757313294         1.2076706589         0.7654150441        -3.4207728315        -2.5699942007
        1.8850000000      -141.3899375117         2.0836550044         1.1949090246         0.7475519019        -3.7532094526        -2.4677199388
        1.8900000000      -135.4951680981         2.0917118922         1.2102229857         0.7296887597        -3.3542855072        -2.3648368039
        1.8950000000      -129.5669672793         2.0999048839         1.2000136783         0.7194812498        -3.6202348041        -2.2613701808
        1.9000000000      -123.6067977500         2.1082369281         1.2051183320         0.7092737400        -3.4872601557        -2.1573455986
        1.9050000000      -117.6161300929         2.1167110251         1.2153276394         0.7041699851        -3.2213108588        -2.0527887236
        1.9100000000      -111.5964424157         2.1253302200         1.2204322931         0.6939624752        -3.0883362103        -1.9477253537
        1.9150000000      -105.5492199862         2.1340975957         1.2127753126         0.6760993330        -3.2877981830        -1.8421814117
        1.9200000000       -99.4759548659         2.1430162650         1.2255369469         0.6633399457        -2.9553615619        -1.7361829390
        1.9250000000       -93.3781455424         2.1520893631         1.2255369469         0.6505805584        -2.9553615619        -1.6297560891
        1.9300000000       -87.2572965586         2.1613200391         1.2204322931         0.6352692937        -3.0883362103        -1.5229271213
        1.9350000000       -81.1149181426         2.1707114477         1.2459555617         0.6378211711        -2.4234629681        -1.4157223941
        1.9400000000       -74.9525258343         2.1802667400         1.2331939274         0.6148542740        -2.7558995892        -1.3081683585
        1.9450000000       -68.7716401118         2.1899890546         1.2434032349         0.6046467642        -2.4899502923        -1.2002915519
        1.9500000000       -62.5737860161         2.1998815078         1.2485078886         0.6071986416        -2.3569756438        -1.0921185914
        1.9550000000       -56.3604927750         2.2099471839         1.2561648691         0.5918873769        -2.1575136712        -0.9836761670
        1.9600000000       -50.1332934257         2.2201891252         1.2459555617         0.5842317445        -2.4234629681        -0.8749910351
        1.9650000000       -43.8937244364         2.2306103216         1.2561648691         0.5765761121        -2.1575136712        -0.7660900124
        1.9700000000       -37.6433253274         2.2412136998         1.2663741766         0.5663686023        -1.8915643742        -0.6569999684
        1.9750000000       -31.3836382911         2.2520021131         1.2663741766         0.5663686023        -1.8915643742        -0.5477478194
        1.9800000000       -25.1162078117         2.2629783296         1.2612695229         0.5536092150        -2.0245390227        -0.4383605219
        1.9850000000       -18.8425802839         2.2858040918         1.2663741766         0.5408498277        -1.8915643742        -0.3288650655
        1.9900000000       -12.5643036313         2.3602967335         1.2816881377         0.5382979502        -1.4926404289        -0.2192884666
        1.9950000000        -6.2829269247         2.4348261579         1.2816881377         0.5408498277        -1.4926404289        -0.1096577615
        2.0000000000        -0.0000000000         2.5093739758         1.2918974451         0.5306423179        -1.2266911320        -0.0000000000
        2.0050000000         6.2829269247         2.5839217937         1.3072114063         0.5306423179        -0.8277671866         0.1096577615
        2.0100000000        12.5643036312         2.6584512181         1.3123160600         0.5229866855        -0.6947925382         0.2192884666
        2.0150000000        18.8425802839         2.7329438599         1.3276300211         0.5255385629        -0.2958685928         0.3288650655
        2.0200000000        25.1162078117         2.7528205304         1.3429439823         0.5204348080         0.1030553526         0.4383605219
        2.0250000000        31.3836382911         2.7603106368         1.3352870017         0.5229866855        -0.0964066201         0.5477478194
        2.0300000000        37.6433253274         2.7677532089         1.3403916554         0.5255385629         0.0365680283         0.6569999684
        2.0350000000        43.8937244364         2.7751479756         1.3352870017         0.5153310531        -0.0964066201         0.7660900124
        2.0400000000        50.1332934257         2.7824946846         1.3403916554         0.5204348080         0.0365680283         0.8749910351
        2.0450000000        56.3604927750         2.7897930986         1.3378393285         0.5204348080        -0.0299192959         0.9836761670
        2.0500000000        62.5737860161         2.7970429930         1.3403916554         0.5229866855         0.0365680283         1.0921185914
        2.0550000000        68.7716401118         2.8042441528         1.3378393285         0.5204348080        -0.0299192959         1.2002915519
        2.0600000000        74.9525258343         2.8113963695         1.3480486360         0.5255385629         0.2360300010         1.3081683585
        2.0650000000        81.1149181426         2.8184994384         1.4144091342         0.5255385629         1.9647004309         1.4157223941
        2.0700000000        87.2572965586         2.8255531559         1.3659149240         0.5255385629         0.7014412706         1.5229271213
        2.0750000000        93.3781455424         2.8325573170         1.3837812120         0.5331941953         1.1668525402         1.6297560891
        2.0800000000        99.4759548659         2.8395117125         1.3914381925         0.5408498277         1.3663145129         1.7361829390
        2.0850000000       105.5492199861         2.8464161264         1.3888858657         0.5408498277         1.2998271886         1.8421814117
        2.0900000000       111.5964424157         2.8532703340         1.3786765582         0.5459535826         1.0338778917         1.9477253537
        2.0950000000       117.6161300929         2.8600740989         1.3965428462         0.5510573375         1.4992891613         2.0527887236
        2.1000000000       123.6067977500         2.8668271717         1.3837812120         0.5536092150         1.1668525402         2.1573455986
        2.1050000000       129.5669672793         2.8735292869         1.3990951731         0.5689204797         1.5657764855         2.2613701808
        2.1100000000       135.4951680981         2.8801801617         1.3965428462         0.5689204797         1.4992891613         2.3648368039
        2.1150000000       141.3899375117         2.8867794939         1.3837812120         0.5663686023         1.1668525402         2.4677199388
        2.1200000000       147.2498210739         2.8933269601         1.4016475000         0.5791279896         1.6322638098         2.5699942007
        2.1250000000       153.0733729460         2.8998222140         1.3914381925         0.5842317445         1.3663145129         2.6716343550
        2.1300000000       158.8591562539         2.9062648849         1.3990951731         0.5918873769         1.5657764855         2.7726153236
        2.1350000000       164.6057434420         2.9126545766         1.3939905194         0.5944392543         1.4328018371         2.8729121908
        2.1400000000       170.3117166260         2.9189908657         1.3914381925         0.5969911318         1.3663145129         2.9725002098
        2.1450000000       175.9756679424         2.9252733009         1.4016475000         0.6097505191         1.6322638098         3.0713548090
        2.1500000000       181.5961998958         2.9315014016         1.3965428462         0.6097505191         1.4992891613         3.1694515973
        2.1550000000       187.1719257042         2.9376746570         1.3990951731         0.6174061515         1.5657764855         3.2667663708
        2.1600000000       192.7014696407         2.9437925258         1.4169614611         0.6352692937         2.0311877551         3.3632751187
        2.1650000000       198.1834673730         2.9498544352         1.4169614611         0.6480286810         2.0311877551         3.4589540287
        2.1700000000       203.6165663001         2.9558597803         1.4246184417         0.6531324359         2.2306497278         3.5537794935
        2.1750000000       208.9994258864         2.9618079240         1.4271707685         0.6582361908         2.2971370520         3.6477281165
        2.1800000000       214.3307179916         2.9676981964         1.4246184417         0.6633399457         2.2306497278         3.7407767171
        2.1850000000       219.6091271993         2.9735298953         1.4271707685         0.6709955781         2.2971370520         3.8329023371
        2.1900000000       224.8333511408         2.9793022852         1.4322754222         0.6812030879         2.4301117005         3.9240822457
        2.1950000000       230.0021008173         2.9850145984         1.4348277491         0.6965143527         2.4965990247         4.0142939458
        2.2000000000       235.1141009170         2.9906660345         1.4373800759         0.7041699851         2.5630863489         4.1035151789
        2.2050000000       240.1680901304         2.9962557614         1.4271707685         0.7067218625         2.2971370520         4.1917239310
        2.2100000000       245.1628214612         3.0017829149         1.4297230954         0.7169293724         2.3636243763         4.2788984380
        2.2150000000       250.0970625343         3.0072466001         1.4475893834         0.7398962695         2.8290356458         4.3650171908
        2.2200000000       254.9695958995         3.0126458917         1.4399324028         0.7398962695         2.6295736732         4.4500589409
        2.2250000000       259.7792193321         3.0179798348         1.4348277491         0.7475519019         2.4965990247         4.5340027056
        2.2300000000       264.5247461295         3.0232474456         1.4399324028         0.7577594117         2.6295736732         4.6168277730
        2.2350000000       269.2050054039         3.0284477129         1.4501417102         0.7781744314         2.8955229701         4.6985137071
        2.2400000000       273.8188423715         3.0335795986         1.4577986908         0.7832781863         3.0949849428         4.7790403534
        2.2450000000       278.3651186369         3.0386420395         1.4552463639         0.7985894511         3.0284976185         4.8583878429
        2.2500000000       282.8427124746         3.0436339477         1.4552463639         0.8087969609         3.0284976185         4.9365365980
        2.2550000000       287.2505191053         3.0485542129         1.4654556714         0.8292119806         3.2944469154         5.0134673364
        2.2600000000       291.5874509686         3.0534017031         1.4552463639         0.8317638580         3.0284976185         5.0891610769
        2.2650000000       295.8524379914         3.0581752665         1.4680079982         0.8521788777         3.3609342397         5.1635991430
        2.2700000000       300.0444278522         3.0628737327         1.4577986908         0.8521788777         3.0949849428         5.2367631683
        2.2750000000       304.1623862400         3.0674959150         1.4629033445         0.8725938974         3.2279595912         5.3086351006
        2.2800000000       308.2052971103         3.0720406111         1.4629033445         0.8828014072         3.2279595912         5.3791972067
        2.2850000000       312.1721629353         3.0765066059         1.4654556714         0.8879051621         3.2944469154         5.4484320763
        2.2900000000       316.0620049503         3.0808926726         1.4756649788         0.9134239367         3.5603962123         5.5163226268
        2.2950000000       319.8738633948         3.0851975746         1.4654556714         0.9159758142         3.2944469154         5.5828521073
        2.3000000000       323.6067977500         3.0894200679         1.4782173056         0.9363908338         3.6268835366         5.6480041026
        2.3050000000       327.2598869700         3.0935589025         1.4833219594         0.9568058535         3.7598581850         5.7117625373
        2.3100000000       330.8322297098         3.0976128245         1.4705603251         0.9619096084         3.4274215639         5.7741116802
        2.3150000000       334.3229445473         3.1015805783         1.4705603251         0.9746689957         3.4274215639         5.8350361473
        2.3200000000       337.7311702008         3.1054609083         1.4807696325         0.9874283830         3.6933708608         5.8945209066
        2.3250000000       341.0560657416         3.1092525612         1.4756649788         1.0078434027         3.5603962123         5.9525512811
        2.3300000000       344.2968108016         3.1129542879         1.4705603251         1.0103952802         3.4274215639         6.0091129526
        2.3350000000       347.4526057753         3.1165648456         1.4858742862         1.0410178097         3.8263455092         6.0641919654
        2.3400000000       350.5226720175         3.1200829998         1.4756649788         1.0410178097         3.5603962123         6.1177747296
        2.3450000000       353.5062520355         3.1235075265         1.4731126519         1.0588809519         3.4939088881         6.1698480244
        2.3500000000       356.4026096753         3.1268372140         1.4884266131         1.0767440941         3.8928328335         6.2203990015
        2.3550000000       359.2110303042         3.1300708653         1.4782173056         1.0971591138         3.6268835366         6.2694151883
        2.3600000000       361.9308209864         3.1332072998         1.4909789399         1.1022628687         3.9593201577         6.3168844907
        2.3650000000       364.5613106542         3.1362453554         1.4858742862         1.1175741334         3.8263455092         6.3627951963
        2.3700000000       367.1018502736         3.1391838905         1.4858742862         1.1328853982         3.8263455092         6.4071359774
        2.3750000000       369.5518130045         3.1420217861         1.5088452279         1.1558522953         4.4247314273         6.4498958936
        2.3800000000       371.9105943553         3.1447579474         1.4884266131         1.1584041728         3.8928328335         6.4910643945
        2.3850000000       374.1776123319         3.1473913061         1.5113975548         1.1864748248         4.4912187515         6.5306313224
        2.3900000000       376.3523075817         3.1499208217         1.5139498816         1.2017860896         4.5577060757         6.5685869148
        2.3950000000       378.4341435310         3.1523454838         1.5113975548         1.2196492318         4.4912187515         6.6049218066
        2.4000000000       380.4226065181         3.1546643138         1.5165022085         1.2298567416         4.6241934000         6.6396270328
        2.4050000000       382.3172059193         3.1568763662         1.5062929011         1.2400642515         4.3582441031         6.6726940303
        2.4100000000       384.1174742708         3.1589807307         1.5241591891         1.2732386584         4.8236553726         6.7041146405
        2.4150000000       385.8229673831         3.1609765334         1.5292638428         1.2859980457         4.9566300211         6.7338811107
        2.4200000000       387.4332644515         3.1628629388         1.5216068622         1.2962055556         4.7571680484         6.7619860964
        2.4250000000       388.9479681591         3.1646391507         1.5216068622         1.3115168203         4.7571680484         6.7884226633
        2.4300000000       390.3667047755         3.1663044142         1.5267115159         1.3344837175         4.8901426969         6.8131842885
        2.4350000000       391.6891242487         3.1678580163         1.5394731502         1.3600024920         5.2225793180         6.8362648624
        2.4400000000       392.9149002915         3.1692992880         1.5292638428         1.3753137568         4.9566300211         6.8576586902
        2.4450000000       394.0437304619         3.1706276047         1.5394731502         1.3906250215         5.2225793180         6.8773604934
        2.4500000000       395.0753362381         3.1718423878         1.5267115159         1.4186956736         4.8901426969         6.8953654108
        2.4550000000       396.0094630866         3.1729431054         1.5496824576         1.4416625707         5.4885286149         6.9116689999
        2.4600000000       396.8458805258         3.1739292736         1.5445778039         1.4569738355         5.3555539665         6.9262672382
        2.4650000000       397.5843821821         3.1748004568         1.5496824576         1.4824926101         5.4885286149         6.9391565236
        2.4700000000       398.2247858412         3.1755562692         1.5522347845         1.5003557523         5.5550159391         6.9503336760
        2.4750000000       398.7669334933         3.1761963748         1.5471301308         1.5156670170         5.4220412907         6.9597959375
        2.4800000000       399.2106913713         3.1767204883         1.5471301308         1.5411857916         5.4220412907         6.9675409736
        2.4850000000       399.5559499848         3.1771283756         1.5522347845         1.5641526888         5.5550159391         6.9735668732
        2.4900000000       399.8026241463         3.1774198544         1.5624440919         1.5845677084         5.8209652360         6.9778721495
        2.4950000000       399.9506529927         3.1775947939         1.5496824576         1.6049827281         5.4885286149         6.9804557402
        2.5000000000       400.0000000000         3.1776531158         1.5598917651         1.6279496252         5.7544779118         6.9813170080
        2.5050000000       399.9506529927         3.1775947939         1.5598917651         1.6458127674         5.7544779118         6.9804557402
        2.5100000000       399.8026241463         3.1774198544         1.5649964188         1.6713315420         5.8874525603         6.9778721495
        2.5150000000       399.5559499848         3.1771283756         1.5649964188         1.6942984392         5.8874525603         6.9735668732
        2.5200000000       399.2106913713         3.1767204883         1.5649964188         1.7121615814         5.8874525603         6.9675409736
        2.5250000000       398.7669334933         3.1761963748         1.5701010725         1.7427841109         6.0204272087         6.9597959375
        2.5300000000       398.2247858412         3.1755562692         1.5675487456         1.7631991306         5.9539398845         6.9503336760
        2.5350000000       397.5843821821         3.1748004568         1.5649964188         1.7836141502         5.8874525603         6.9391565236
        2.5400000000       396.8458805258         3.1739292736         1.5675487456         1.8065810474         5.9539398845         6.9262672382
        2.5450000000       396.0094630866         3.1729431054         1.5675487456         1.8295479445         5.9539398845         6.9116689999
        2.5500000000       395.0753362381         3.1718423878         1.5701010725         1.8601704740         6.0204272087         6.8953654108
        2.5550000000       394.0437304619         3.1706276047         1.5752057262         1.8729298613         6.1534018572         6.8773604934
        2.5600000000       392.9149002915         3.1692992880         1.5573394382         1.8907930035         5.6879905876         6.8576586902
        2.5650000000       391.6891242487         3.1678580163         1.5701010725         1.9163117781         6.0204272087         6.8362648624
        2.5700000000       390.3667047755         3.1663044142         1.5803103799         1.9418305527         6.2863765056         6.8131842885
        2.5750000000       388.9479681591         3.1646391507         1.5573394382         1.9596936949         5.6879905876         6.7884226633
        2.5800000000       387.4332644515         3.1628629388         1.5649964188         1.9801087146         5.8874525603         6.7619860964
        2.5850000000       385.8229673831         3.1609765334         1.5803103799         2.0081793666         6.2863765056         6.7338811107
        2.5900000000       384.1174742708         3.1589807307         1.5879673605         2.0388018961         6.4858384783         6.7041146405
        2.5950000000       382.3172059193         3.1568763662         1.5675487456         2.0541131609         5.9539398845         6.6726940303
        2.6000000000       380.4226065181         3.1546643138         1.5701010725         2.0745281806         6.0204272087         6.6396270328
        2.6050000000       378.4341435310         3.1523454838         1.5803103799         2.1128063424         6.2863765056         6.6049218066
        2.6100000000       376.3523075817         3.1499208217         1.5675487456         2.1230138523         5.9539398845         6.5685869148
        2.6150000000       374.1776123319         3.1473913061         1.5854150336         2.1485326269         6.4193511541         6.5306313224
        2.6200000000       371.9105943553         3.1447579474         1.5624440919         2.1714995240         5.8209652360         6.4910643945
        2.6250000000       369.5518130045         3.1420217861         1.5726533993         2.1995701761         6.0869145330         6.4498958936
        2.6300000000       367.1018502736         3.1391838905         1.5879673605         2.2250889506         6.4858384783         6.4071359774
        2.6350000000       364.5613106542         3.1362453554         1.5752057262         2.2506077252         6.1534018572         6.3627951963
        2.6400000000       361.9308209864         3.1332072998         1.5649964188         2.2710227449         5.8874525603         6.3168844907
        2.6450000000       359.2110303042         3.1300708653         1.5777580530         2.2939896420         6.2198891814         6.2694151883
        2.6500000000       356.4026096753         3.1268372140         1.5777580530         2.3246121715         6.2198891814         6.2203990015
        2.6550000000       353.5062520355         3.1235075265         1.5726533993         2.3501309461         6.0869145330         6.1698480244
        2.6600000000       350.5226720175         3.1200829998         1.5879673605         2.3730978433         6.4858384783         6.1177747296
        2.6650000000       347.4526057753         3.1165648456         1.5726533993         2.3960647404         6.0869145330         6.0641919654
        2.6700000000       344.2968108016         3.1129542879         1.5675487456         2.4215835150         5.9539398845         6.0091129526
        2.6750000000       341.0560657416         3.1092525612         1.5930720142         2.4445504121         6.6188131268         5.9525512811
        2.6800000000       337.7311702008         3.1054609083         1.5828627068         2.4751729416         6.3528638299         5.8945209066
        2.6850000000       334.3229445473         3.1015805783         1.5547871113         2.4955879613         5.6215032634         5.8350361473
        2.6900000000       330.8322297098         3.0976128245         1.5854150336         2.5262104908         6.4193511541         5.7741116802
        2.6950000000       327.2598869700         3.0935589025         1.5675487456         2.5440736330         5.9539398845         5.7117625373
        2.7000000000       323.6067977500         3.0894200679         1.5777580530         2.5670405302         6.2198891814         5.6480041026
        2.7050000000       319.8738633948         3.0851975746         1.5879673605         2.5976630597         6.4858384783         5.5828521073
        2.7100000000       316.0620049503         3.0808926726         1.5573394382         2.6078705695         5.6879905876         5.5163226268
        2.7150000000       312.1721629353         3.0765066059         1.5777580530         2.6435968539         6.2198891814         5.4484320763
        2.7200000000       308.2052971103         3.0720406111         1.5803103799         2.6614599961         6.2863765056         5.3791972067
        2.7250000000       304.1623862400         3.0674959150         1.5624440919         2.6793231383         5.8209652360         5.3086351006
        2.7300000000       300.0444278522         3.0628737327         1.5726533993         2.7073937904         6.0869145330         5.2367631683
        2.7350000000       295.8524379914         3.0581752665         1.5547871113         2.7278088101         5.6215032634         5.1635991430
        2.7400000000       291.5874509686         3.0534017031         1.5752057262         2.7635350945         6.1534018572         5.0891610769
        2.7450000000       287.2505191053         3.0485542129         1.5649964188         2.7788463592         5.8874525603         5.0134673364
        2.7500000000       282.8427124746         3.0436339477         1.5701010725         2.8043651338         6.0204272087         4.9365365980
        2.7550000000       278.3651186369         3.0386420395         1.5701010725         2.8247801535         6.0204272087         4.8583878429
        2.7600000000       273.8188423715         3.0335795986         1.5573394382         2.8502989281         5.6879905876         4.7790403534
        2.7650000000       269.2050054039         3.0284477129         1.5598917651         2.8656101929         5.7544779118         4.6985137071
        2.7700000000       264.5247461295         3.0232474456         1.5547871113         2.8911289674         5.6215032634         4.6168277730
        2.7750000000       259.7792193321         3.0179798348         1.5675487456         2.9217514970         5.9539398845         4.5340027056
        2.7800000000       254.9695958995         3.0126458917         1.5522347845         2.9421665166         5.5550159391         4.4500589409
        2.7850000000       250.0970625343         3.0072466001         1.5547871113         2.9549259039         5.6215032634         4.3650171908
        2.7900000000       245.1628214612         3.0017829149         1.5547871113         2.9829965560         5.6215032634         4.2788984380
        2.7950000000       240.1680901304         2.9962557614         1.5522347845         3.0059634531         5.5550159391         4.1917239310
        2.8000000000       235.1141009170         2.9906660345         1.5547871113         3.0238265953         5.6215032634         4.1035151789
        2.8050000000       230.0021008173         2.9850145984         1.5369208233         3.0391378601         5.1560919938         4.0142939458
        2.8100000000       224.8333511409         2.9793022852         1.5522347845         3.0672085121         5.5550159391         3.9240822457
        2.8150000000       219.6091271993         2.9735298953         1.5292638428         3.0799678994         4.9566300211         3.8329023371
        2.8200000000       214.3307179916         2.9676981964         1.5598917651         3.1156941838         5.7544779118         3.7407767171
        2.8250000000       208.9994258864         2.9618079240         1.5369208233         3.1335573261         5.1560919938         3.6477281165
        2.8300000000       203.6165663002         2.9558597803         1.5343684965         3.1412129584         5.0896046696         3.5537794935
        2.8350000000       198.1834673730         2.9498544352         1.5420254771         3.1667317330         5.2890666422         3.4589540287
        2.8400000000       192.7014696407         2.9437925258         1.5445778039         3.1896986301         5.3555539665         3.3632751187
        2.8450000000       187.1719257042         2.9376746570         1.5267115159         3.2075617724         4.8901426969         3.2667663708
        2.8500000000       181.5961998958         2.9315014016         1.5394731502         3.2356324244         5.2225793180         3.1694515973
        2.8550000000       175.9756679424         2.9252733009         1.5216068622         3.2483918117         4.7571680484         3.0713548090
        2.8600000000       170.3117166260         2.9189908657         1.5292638428         3.2585993215         4.9566300211         2.9725002098
        2.8650000000       164.6057434420         2.9126545766         1.5216068622         3.2892218510         4.7571680484         2.8729121908
        2.8700000000       158.8591562539         2.9062648849         1.5292638428         3.3070849933         4.9566300211         2.7726153236
        2.8750000000       153.0733729460         2.8998222140         1.5241591891         3.3300518904         4.8236553726         2.6716343550
        2.8800000000       147.2498210739         2.8933269601         1.5267115159         3.3453631551         4.8901426969         2.5699942007
        2.8850000000       141.3899375117         2.8867794939         1.5062929011         3.3530187875         4.3582441031         2.4677199388
        2.8900000000       135.4951680981         2.8801801617         1.5241591891         3.3836413170         4.8236553726         2.3648368039
        2.8950000000       129.5669672793         2.8735292869         1.5113975548         3.3989525818         4.4912187515         2.2613701808
        2.9000000000       123.6067977500         2.8668271717         1.5139498816         3.4142638465         4.5577060757         2.1573455986
        2.9050000000       117.6161300929         2.8600740989         1.5062929011         3.4295751113         4.3582441031         2.0527887236
        2.9100000000       111.5964424157         2.8532703340         1.5062929011         3.4423344986         4.3582441031         1.9477253537
        2.9150000000       105.5492199862         2.8464161264         1.4935312668         3.4627495183         4.0258074819         1.8421814117
        2.9200000000        99.4759548659         2.8395117125         1.4960835936         3.4755089056         4.0922948062         1.7361829390
        2.9250000000        93.3781455424         2.8325573170         1.5062929011         3.4959239252         4.3582441031         1.6297560891
        2.9300000000        87.2572965586         2.8255531559         1.5088452279         3.5061314351         4.4247314273         1.5229271213
        2.9350000000        81.1149181426         2.8184994384         1.4935312668         3.5265464547         4.0258074819         1.4157223941
        2.9400000000        74.9525258343         2.8113963695         1.4960835936         3.5418577195         4.0922948062         1.3081683585
        2.9450000000        68.7716401118         2.8042441528         1.4858742862         3.5571689842         3.8263455092         1.2002915519
        2.9500000000        62.5737860161         2.7970429930         1.4884266131         3.5775840039         3.8928328335         1.0921185914
        2.9550000000        56.3604927750         2.7897930986         1.4858742862         3.5928952687         3.8263455092         0.9836761670
        2.9600000000        50.1332934257         2.7824946846         1.4833219594         3.5979990236         3.7598581850         0.8749910351
        2.9650000000        43.8937244364         2.7751479756         1.4782173056         3.6107584109         3.6268835366         0.7660900124
        2.9700000000        37.6433253274         2.7677532089         1.4731126519         3.6311734306         3.4939088881         0.6569999684
        2.9750000000        31.3836382911         2.7603106368         1.4705603251         3.6490365728         3.4274215639         0.5477478194
        2.9800000000        25.1162078117         2.7528205304         1.4629033445         3.6566922051         3.2279595912         0.4383605219
        2.9850000000        18.8425802839         2.7329438599         1.4680079982         3.6720034699         3.3609342397         0.3288650655
        2.9900000000        12.5643036313         2.6584512181         1.4629033445         3.6796591023         3.2279595912         0.2192884666
        2.9950000000         6.2829269247         2.5839217938         1.4577986908         3.6949703670         3.0949849428         0.1096577615
        3.0000000000         0.0000000000         2.5093739758         1.4450370565         3.6975222445         2.7625483216         0.0000000000
        3.0050000000        -6.2829269247         2.4348261579         1.4501417102         3.7204891416         2.8955229701        -0.1096577615
        3.0100000000       -12.5643036312         2.3602967335         1.4271707685         3.7230410191         2.2971370520        -0.2192884666
        3.0150000000       -18.8425802839         2.2858040918         1.4118568074         3.7332485289         1.8982131067        -0.3288650655
        3.0200000000       -25.1162078117         2.2629783296         1.3914381925         3.7409041613         1.3663145129        -0.4383605219
        3.0250000000       -31.3836382911         2.2520021131         1.3659149240         3.7434560388         0.7014412706        -0.5477478194
        3.0300000000       -37.6433253274         2.2412136998         1.3454963091         3.7511116711         0.1695426768        -0.6569999684
        3.0350000000       -43.8937244364         2.2306103216         1.3454963091         3.7536635486         0.1695426768        -0.7660900124
        3.0400000000       -50.1332934257         2.2201891252         1.3429439823         3.7460079162         0.1030553526        -0.8749910351
        3.0450000000       -56.3604927750         2.2099471839         1.3378393285         3.7460079162        -0.0299192959        -0.9836761670
        3.0500000000       -62.5737860161         2.1998815078         1.3352870017         3.7485597937        -0.0964066201        -1.0921185914
        3.0550000000       -68.7716401118         2.1899890546         1.3378393285         3.7485597937        -0.0299192959        -1.2002915519
        3.0600000000       -74.9525258343         2.1802667400         1.3327346748         3.7434560388        -0.1628939444        -1.3081683585
        3.0650000000       -81.1149181426         2.1707114477         1.3378393285         3.7460079162        -0.0299192959        -1.4157223941
        3.0700000000       -87.2572965586         2.1613200391         1.3276300211         3.7460079162        -0.2958685928        -1.5229271213
        3.0750000000       -93.3781455424         2.1520893631         1.2536125423         3.7383522838        -2.2240009954        -1.6297560891
        3.0800000000       -99.4759548659         2.1430162650         1.3021067526         3.7332485289        -0.9607418351        -1.7361829390
        3.0850000000      -105.5492199861         2.1340975957         1.2867927914         3.7306966515        -1.3596657804        -1.8421814117
        3.0900000000      -111.5964424157         2.1253302200         1.2842404646         3.7204891416        -1.4261531047        -1.9477253537
        3.0950000000      -117.6161300929         2.1167110251         1.2714788303         3.7128335092        -1.7585897258        -2.0527887236
        3.1000000000      -123.6067977500         2.1082369281         1.2918974451         3.7204891416        -1.2266911320        -2.1573455986
        3.1050000000      -129.5669672793         2.0999048839         1.2663741766         3.7026259994        -1.8915643742        -2.2613701808
        3.1100000000      -135.4951680981         2.0917118922         1.2765834840         3.7026259994        -1.6256150773        -2.3648368039
        3.1150000000      -141.3899375117         2.0836550044         1.2765834840         3.6975222445        -1.6256150773        -2.4677199388
        3.1200000000      -147.2498210739         2.0757313294         1.2740311571         3.6949703670        -1.6921024016        -2.5699942007
        3.1250000000      -153.0733729460         2.0679380406         1.2663741766         3.6720034699        -1.8915643742        -2.6716343550
        3.1300000000      -158.8591562539         2.0602723806         1.2689265034         3.6720034699        -1.8250770500        -2.7726153236
        3.1350000000      -164.6057434420         2.0527316669         1.2816881377         3.6668997150        -1.4926404289        -2.8729121908
        3.1400000000      -170.3117166260         2.0453132966         1.2587171960         3.6515884502        -2.0910263469        -2.9725002098
        3.1450000000      -175.9756679424         2.0380147508         1.2689265034         3.6515884502        -1.8250770500        -3.0713548090
        3.1500000000      -181.5961998958         2.0308335989         1.2510602154         3.6388290629        -2.2904883196        -3.1694515973
        3.1550000000      -187.1719257042         2.0237675017         1.2510602154         3.6337253080        -2.2904883196        -3.2667663708
        3.1600000000      -192.7014696407         2.0168142153         1.2510602154         3.6260696756        -2.2904883196        -3.3632751187
        3.1650000000      -198.1834673730         2.0099715935         1.2510602154         3.6133102883        -2.2904883196        -3.4589540287
        3.1700000000      -203.6165663001         2.0032375906         1.2434032349         3.6005509010        -2.4899502923        -3.5537794935
        3.1750000000      -208.9994258864         1.9966102633         1.2561648691         3.6082065334        -2.1575136712        -3.6477281165
        3.1800000000      -214.3307179916         1.9900877726         1.2459555617         3.5954471461        -2.4234629681        -3.7407767171
        3.1850000000      -219.6091271992         1.9836683853         1.2306416006         3.5724802490        -2.8223869134        -3.8329023371
        3.1900000000      -224.8333511408         1.9773504748         1.2280892737         3.5648246166        -2.8888742376        -3.9240822457
        3.1950000000      -230.0021008173         1.9711325220         1.2331939274         3.5597208617        -2.7558995892        -4.0142939458
        3.2000000000      -235.1141009170         1.9650131156         1.2331939274         3.5571689842        -2.7558995892        -4.1035151789
        3.2050000000      -240.1680901304         1.9589909521         1.2204322931         3.5265464547        -3.0883362103        -4.1917239310
        3.2100000000      -245.1628214612         1.9530648358         1.2255369469         3.5239945773        -2.9553615619        -4.2788984380
        3.2150000000      -250.0970625343         1.9472336779         1.2357462543         3.5214426998        -2.6894122650        -4.3650171908
        3.2200000000      -254.9695958995         1.9414964956         1.2153276394         3.5035795576        -3.2213108588        -4.4500589409
        3.2250000000      -259.7792193321         1.9358524116         1.2076706589         3.4857164154        -3.4207728315        -4.5340027056
        3.2300000000      -264.5247461295         1.9303006518         1.2127753126         3.4729570281        -3.2877981830        -4.6168277730
        3.2350000000      -269.2050054039         1.9248405443         1.2000136783         3.4653013957        -3.6202348041        -4.6985137071
        3.2400000000      -273.8188423715         1.9194715173         1.2153276394         3.4550938859        -3.2213108588        -4.7790403534
        3.2450000000      -278.3651186369         1.9141930969         1.2025660052         3.4448863760        -3.5537474799        -4.8583878429
        3.2500000000      -282.8427124746         1.9090049047         1.2102229857         3.4295751113        -3.3542855072        -4.9365365980
        3.2550000000      -287.2505191053         1.9039066556         1.1923566977         3.4066082142        -3.8196967768        -5.0134673364
        3.2600000000      -291.5874509686         1.8988981545         1.2025660052         3.3964007043        -3.5537474799        -5.0891610769
        3.2650000000      -295.8524379914         1.8939792940         1.1821473903         3.3734338072        -4.0856460737        -5.1635991430
        3.2700000000      -300.0444278522         1.8891500507         1.2000136783         3.3759856847        -3.6202348041        -5.2367631683
        3.2750000000      -304.1623862400         1.8844104825         1.1821473903         3.3453631551        -4.0856460737        -5.3086351006
        3.2800000000      -308.2052971103         1.8797607249         1.1770427366         3.3351556453        -4.2186207222        -5.3791972067
        3.2850000000      -312.1721629353         1.8752009876         1.1821473903         3.3147406256        -4.0856460737        -5.4484320763
        3.2900000000      -316.0620049503         1.8707315508         1.1770427366         3.2994293609        -4.2186207222        -5.5163226268
        3.2950000000      -319.8738633948         1.8663527618         1.1872520440         3.2943256060        -3.9526714253        -5.5828521073
        3.3000000000      -323.6067977500         1.8620650308         1.1846997172         3.2764624638        -4.0191587495        -5.6480041026
        3.3050000000      -327.2598869700         1.8578688273         1.1617287755         3.2585993215        -4.6175446675        -5.7117625373
        3.3100000000      -330.8322297098         1.8537646761         1.1821473903         3.2483918117        -4.0856460737        -5.7741116802
        3.3150000000      -334.3229445473         1.8497531533         1.1642811023         3.2228730371        -4.5510573433        -5.8350361473
        3.3200000000      -337.7311702008         1.8458348823         1.1489671412         3.1999061400        -4.9499812887        -5.8945209066
        3.3250000000      -341.0560657416         1.8420105296         1.1617287755         3.1896986301        -4.6175446675        -5.9525512811
        3.3300000000      -344.2968108016         1.8382808013         1.1566241217         3.1718354879        -4.7505193160        -6.0091129526
        3.3350000000      -347.4526057753         1.8346464383         1.1668334292         3.1590761006        -4.4845700191        -6.0641919654
        3.3400000000      -350.5226720175         1.8311082127         1.1591764486         3.1335573261        -4.6840319918        -6.1177747296
        3.3450000000      -353.5062520355         1.8276669236         1.1566241217         3.1182460613        -4.7505193160        -6.1698480244
        3.3500000000      -356.4026096753         1.8243233934         1.1311008532         3.0927272867        -5.4153925583        -6.2203990015
        3.3550000000      -359.2110303042         1.8210784631         1.1515194680         3.0799678994        -4.8834939645        -6.2694151883
        3.3600000000      -361.9308209864         1.8179329893         1.1464148143         3.0595528797        -5.0164686129        -6.3168844907
        3.3650000000      -364.5613106542         1.8148878395         1.1617287755         3.0467934924        -4.6175446675        -6.3627951963
        3.3700000000      -367.1018502736         1.8119438888         1.1413101606         3.0263784728        -5.1494432614        -6.4071359774
        3.3750000000      -369.5518130045         1.8091020161         1.1362055069         2.9983078207        -5.2824179098        -6.4498958936
        3.3800000000      -371.9105943553         1.8063631002         1.1311008532         2.9829965560        -5.4153925583        -6.4910643945
        3.3850000000      -374.1776123319         1.8037280162         1.1285485263         2.9574777814        -5.4818798825        -6.5306313224
        3.3900000000      -376.3523075817         1.8011976323         1.1362055069         2.9472702715        -5.2824179098        -6.5685869148
        3.3950000000      -378.4341435310         1.7987728063         1.1362055069         2.9217514970        -5.2824179098        -6.6049218066
        3.4000000000      -380.4226065181         1.7964543820         1.1208915457         2.8962327224        -5.6813418552        -6.6396270328
        3.4050000000      -382.3172059193         1.7942431866         1.1285485263         2.8783695801        -5.4818798825        -6.6726940303
        3.4100000000      -384.1174742708         1.7921400270         1.1336531800         2.8630583154        -5.3489052340        -6.7041146405
        3.4150000000      -385.8229673831         1.7901456873         1.1259961995         2.8349876633        -5.5483672067        -6.7338811107
        3.4200000000      -387.4332644515         1.7882609257         1.1183392189         2.8145726437        -5.7478291794        -6.7619860964
        3.4250000000      -388.9479681591         1.7864864721         1.1311008532         2.7865019916        -5.4153925583        -6.7884226633
        3.4300000000      -390.3667047755         1.7848230252         1.1157868920         2.7762944818        -5.8143165036        -6.8131842885
        3.4350000000      -391.6891242487         1.7832712502         1.1311008532         2.7456719523        -5.4153925583        -6.8362648624
        3.4400000000      -392.9149002915         1.7818317767         1.1030252578         2.7252569326        -6.1467531248        -6.8576586902
        3.4450000000      -394.0437304619         1.7805051964         1.1311008532         2.6971862806        -5.4153925583        -6.8773604934
        3.4500000000      -395.0753362381         1.7792920610         1.1106822383         2.6844268933        -5.9472911521        -6.8953654108
        3.4550000000      -396.0094630866         1.7781928805         1.1157868920         2.6589081187        -5.8143165036        -6.9116689999
        3.4600000000      -396.8458805258         1.7772081215         1.1132345652         2.6384930990        -5.8808038279        -6.9262672382
        3.4650000000      -397.5843821821         1.7763382058         1.1157868920         2.6129743244        -5.8143165036        -6.9391565236
        3.4700000000      -398.2247858412         1.7755835085         1.1285485263         2.5925593047        -5.4818798825        -6.9503336760
        3.4750000000      -398.7669334933         1.7749443576         1.1055775846         2.5670405302        -6.0802658005        -6.9597959375
        3.4800000000      -399.2106913713         1.7744210320         1.1183392189         2.5466255105        -5.7478291794        -6.9675409736
        3.4850000000      -399.5559499848         1.7740137615         1.0851589698         2.5185548584        -6.6121643943        -6.9735668732
        3.4900000000      -399.8026241463         1.7737227254         1.1157868920         2.5032435937        -5.8143165036        -6.9778721495
        3.4950000000      -399.9506529927         1.7735480522         1.0979206040         2.4726210642        -6.2797277732        -6.9804557402
        3.5000000000      -400.0000000000         1.7734898192         1.1004729309         2.4598616769        -6.2132404490        -6.9813170080
        3.5050000000      -399.9506529927         1.7735480522         1.1106822383         2.4241353924        -5.9472911521        -6.9804557402
        3.5100000000      -399.8026241463         1.7737227254         1.0902636235         2.4062722502        -6.4791897459        -6.9778721495
        3.5150000000      -399.5559499848         1.7740137615         1.1183392189         2.3858572306        -5.7478291794        -6.9735668732
        3.5200000000      -399.2106913713         1.7744210320         1.0979206040         2.3577865785        -6.2797277732        -6.9675409736
        3.5250000000      -398.7669334933         1.7749443576         1.1106822383         2.3373715588        -5.9472911521        -6.9597959375
        3.5300000000      -398.2247858412         1.7755835085         1.1030252578         2.3118527843        -6.1467531248        -6.9503336760
        3.5350000000      -397.5843821821         1.7763382058         1.1106822383         2.2939896420        -5.9472911521        -6.9391565236
        3.5400000000      -396.8458805258         1.7772081215         1.1081299115         2.2684708674        -6.0137784763        -6.9262672382
        3.5450000000      -396.0094630866         1.7781928805         1.1030252578         2.2455039703        -6.1467531248        -6.9116689999
        3.5500000000      -395.0753362381         1.7792920610         1.1157868920         2.2148814408        -5.8143165036        -6.8953654108
        3.5550000000      -394.0437304619         1.7805051964         1.0928159503         2.1970182986        -6.4127024217        -6.8773604934
        3.5600000000      -392.9149002915         1.7818317767         1.1157868920         2.1740514015        -5.8143165036        -6.8576586902
        3.5650000000      -391.6891242487         1.7832712502         1.1208915457         2.1459807494        -5.6813418552        -6.8362648624
        3.5700000000      -390.3667047755         1.7848230252         1.1106822383         2.1332213621        -5.9472911521        -6.8131842885
        3.5750000000      -388.9479681591         1.7864864721         1.1004729309         2.0974950777        -6.2132404490        -6.7884226633
        3.5800000000      -387.4332644515         1.7882609257         1.1106822383         2.0872875679        -5.9472911521        -6.7619860964
        3.5850000000      -385.8229673831         1.7901456873         1.0928159503         2.0515612834        -6.4127024217        -6.7338811107
        3.5900000000      -384.1174742708         1.7921400270         1.1081299115         2.0388018961        -6.0137784763        -6.7041146405
        3.5950000000      -382.3172059193         1.7942431866         1.1055775846         2.0107312441        -6.0802658005        -6.6726940303
        3.6000000000      -380.4226065181         1.7964543820         1.1055775846         1.9801087146        -6.0802658005        -6.6396270328
        3.6050000000      -378.4341435310         1.7987728063         1.1004729309         1.9622455724        -6.2132404490        -6.6049218066
        3.6100000000      -376.3523075817         1.8011976323         1.1311008532         1.9520380625        -5.4153925583        -6.5685869148
        3.6150000000      -374.1776123319         1.8037280162         1.1004729309         1.9188636556        -6.2132404490        -6.5306313224
        3.6200000000      -371.9105943553         1.8063631002         1.1208915457         1.9010005134        -5.6813418552        -6.4910643945
        3.6250000000      -369.5518130045         1.8091020161         1.1106822383         1.8754817388        -5.9472911521        -6.4498958936
        3.6300000000      -367.1018502736         1.8119438888         1.1081299115         1.8550667191        -6.0137784763        -6.4071359774
        3.6350000000      -364.5613106542         1.8148878395         1.1285485263         1.8423073318        -5.4818798825        -6.3627951963
        3.6400000000      -361.9308209864         1.8179329893         1.1106822383         1.8091329248        -5.9472911521        -6.3168844907
        3.6450000000      -359.2110303042         1.8210784631         1.1157868920         1.7861660277        -5.8143165036        -6.2694151883
        3.6500000000      -356.4026096753         1.8243233934         1.1157868920         1.7683028855        -5.8143165036        -6.2203990015
        3.6550000000      -353.5062520355         1.8276669236         1.1183392189         1.7402322334        -5.7478291794        -6.1698480244
        3.6600000000      -350.5226720175         1.8311082127         1.1208915457         1.7249209687        -5.6813418552        -6.1177747296
        3.6650000000      -347.4526057753         1.8346464383         1.1234438726         1.7019540715        -5.6148545309        -6.0641919654
        3.6700000000      -344.2968108016         1.8382808013         1.1234438726         1.6764352970        -5.6148545309        -6.0091129526
        3.6750000000      -341.0560657416         1.8420105296         1.1234438726         1.6560202773        -5.6148545309        -5.9525512811
        3.6800000000      -337.7311702008         1.8458348823         1.1259961995         1.6432608900        -5.5483672067        -5.8945209066
        3.6850000000      -334.3229445473         1.8497531533         1.1132345652         1.6126383605        -5.8808038279        -5.8350361473
        3.6900000000      -330.8322297098         1.8537646761         1.1285485263         1.5947752183        -5.4818798825        -5.7741116802
        3.6950000000      -327.2598869700         1.8578688273         1.1157868920         1.5769120761        -5.8143165036        -5.7117625373
        3.7000000000      -323.6067977500         1.8620650308         1.1362055069         1.5564970564        -5.2824179098        -5.6480041026
        3.7050000000      -319.8738633948         1.8663527618         1.1208915457         1.5437376691        -5.6813418552        -5.5828521073
        3.7100000000      -316.0620049503         1.8707315508         1.1413101606         1.5207707720        -5.1494432614        -5.5163226268
        3.7150000000      -312.1721629353         1.8752009876         1.1336531800         1.5105632621        -5.3489052340        -5.4484320763
        3.7200000000      -308.2052971103         1.8797607249         1.1591764486         1.4901482425        -4.6840319918        -5.3791972067
        3.7250000000      -304.1623862400         1.8844104825         1.1311008532         1.4646294679        -5.4153925583        -5.3086351006
        3.7300000000      -300.0444278522         1.8891500507         1.1438624875         1.4391106933        -5.0829559371        -5.2367631683
        3.7350000000      -295.8524379914         1.8939792940         1.1413101606         1.4237994285        -5.1494432614        -5.1635991430
        3.7400000000      -291.5874509686         1.8988981545         1.1489671412         1.4059362863        -4.9499812887        -5.0891610769
        3.7450000000      -287.2505191053         1.9039066556         1.1362055069         1.3829693892        -5.2824179098        -5.0134673364
        3.7500000000      -282.8427124746         1.9090049047         1.1566241217         1.3753137568        -4.7505193160        -4.9365365980
        3.7550000000      -278.3651186369         1.9141930969         1.1464148143         1.3497949822        -5.0164686129        -4.8583878429
        3.7600000000      -273.8188423715         1.9194715173         1.1489671412         1.3319318400        -4.9499812887        -4.7790403534
        3.7650000000      -269.2050054039         1.9248405443         1.1515194680         1.3089649429        -4.8834939645        -4.6985137071
        3.7700000000      -264.5247461295         1.9303006518         1.1413101606         1.2885499232        -5.1494432614        -4.6168277730
        3.7750000000      -259.7792193321         1.9358524116         1.1617287755         1.2783424134        -4.6175446675        -4.5340027056
        3.7800000000      -254.9695958995         1.9414964956         1.1489671412         1.2553755162        -4.9499812887        -4.4500589409
        3.7850000000      -250.0970625343         1.9472336779         1.1693857560         1.2400642515        -4.4180826949        -4.3650171908
        3.7900000000      -245.1628214612         1.9530648358         1.1591764486         1.2247529867        -4.6840319918        -4.2788984380
        3.7950000000      -240.1680901304         1.9589909521         1.1642811023         1.2094417220        -4.5510573433        -4.1917239310
        3.8000000000      -235.1141009170         1.9650131156         1.1617287755         1.1890267023        -4.6175446675        -4.1035151789
        3.8050000000      -230.0021008173         1.9711325220         1.1770427366         1.1813710699        -4.2186207222        -4.0142939458
        3.8100000000      -224.8333511409         1.9773504748         1.1642811023         1.1584041728        -4.5510573433        -3.9240822457
        3.8150000000      -219.6091271993         1.9836683853         1.1693857560         1.1405410306        -4.4180826949        -3.8329023371
        3.8200000000      -214.3307179916         1.9900877726         1.1795950634         1.1328853982        -4.1521333980        -3.7407767171
        3.8250000000      -208.9994258864         1.9966102633         1.1642811023         1.1048147461        -4.5510573433        -3.6477281165
        3.8300000000      -203.6165663002         2.0032375906         1.1846997172         1.0946072363        -4.0191587495        -3.5537794935
        3.8350000000      -198.1834673730         2.0099715935         1.1693857560         1.0716403392        -4.4180826949        -3.4589540287
        3.8400000000      -192.7014696407         2.0168142153         1.1744904097         1.0614328293        -4.2851080464        -3.3632751187
        3.8450000000      -187.1719257042         2.0237675017         1.1821473903         1.0461215646        -4.0856460737        -3.2667663708
        3.8500000000      -181.5961998958         2.0308335989         1.1770427366         1.0282584224        -4.2186207222        -3.1694515973
        3.8550000000      -175.9756679424         2.0380147508         1.1821473903         1.0103952802        -4.0856460737        -3.0713548090
        3.8600000000      -170.3117166260         2.0453132966         1.2051183320         1.0027396478        -3.4872601557        -2.9725002098
        3.8650000000      -164.6057434420         2.0527316669         1.1821473903         0.9848765056        -4.0856460737        -2.8729121908
        3.8700000000      -158.8591562539         2.0602723806         1.2051183320         0.9721171183        -3.4872601557        -2.7726153236
        3.8750000000      -153.0733729460         2.0679380406         1.1923566977         0.9568058535        -3.8196967768        -2.6716343550
        3.8800000000      -147.2498210739         2.0757313294         1.2076706589         0.9465983437        -3.4207728315        -2.5699942007
        3.8850000000      -141.3899375117         2.0836550044         1.2127753126         0.9389427113        -3.2877981830        -2.4677199388
        3.8900000000      -135.4951680981         2.0917118922         1.2000136783         0.9134239367        -3.6202348041        -2.3648368039
        3.8950000000      -129.5669672793         2.0999048839         1.2178799663         0.9134239367        -3.1548235346        -2.2613701808
        3.9000000000      -123.6067977500         2.1082369281         1.2178799663         0.8930089170        -3.1548235346        -2.1573455986
        3.9050000000      -117.6161300929         2.1167110251         1.2051183320         0.8828014072        -3.4872601557        -2.0527887236
        3.9100000000      -111.5964424157         2.1253302200         1.2178799663         0.8649382650        -3.1548235346        -1.9477253537
        3.9150000000      -105.5492199862         2.1340975957         1.2280892737         0.8572826326        -2.8888742376        -1.8421814117
        3.9200000000       -99.4759548659         2.1430162650         1.2178799663         0.8547307552        -3.1548235346        -1.7361829390
        3.9250000000       -93.3781455424         2.1520893631         1.2306416006         0.8292119806        -2.8223869134        -1.6297560891
        3.9300000000       -87.2572965586         2.1613200391         1.2229846200         0.8266601031        -3.0218488861        -1.5229271213
        3.9350000000       -81.1149181426         2.1707114477         1.2306416006         0.8113488384        -2.8223869134        -1.4157223941
        3.9400000000       -74.9525258343         2.1802667400         1.2280892737         0.7985894511        -2.8888742376        -1.3081683585
        3.9450000000       -68.7716401118         2.1899890546         1.2434032349         0.7934856961        -2.4899502923        -1.2002915519
        3.9500000000       -62.5737860161         2.1998815078         1.2382985811         0.7858300638        -2.6229249407        -1.0921185914
        3.9550000000       -56.3604927750         2.2099471839         1.2510602154         0.7705187990        -2.2904883196        -0.9836761670
        3.9600000000       -50.1332934257         2.2201891252         1.2612695229         0.7730706765        -2.0245390227        -0.8749910351
        3.9650000000       -43.8937244364         2.2306103216         1.2612695229         0.7654150441        -2.0245390227        -0.7660900124
        3.9700000000       -37.6433253274         2.2412136998         1.2740311571         0.7577594117        -1.6921024016        -0.6569999684
        3.9750000000       -31.3836382911         2.2520021131         1.2663741766         0.7424481470        -1.8915643742        -0.5477478194
        3.9800000000       -25.1162078117         2.2629783296         1.2816881377         0.7450000244        -1.4926404289        -0.4383605219
        3.9850000000       -18.8425802839         2.2858040918         1.2740311571         0.7398962695        -1.6921024016        -0.3288650655
        3.9900000000       -12.5643036313         2.3602967335         1.2816881377         0.7245850047        -1.4926404289        -0.2192884666
        3.9950000000        -6.2829269247         2.4348261579         1.2867927914         0.7271368822        -1.3596657804        -0.1096577615
        4.0000000000        -0.0000000000         2.5093739758         1.2842404646         0.7092737400        -1.4261531047        -0.0000000000
        4.0050000000         6.2829269247         2.5839217937         1.2944497720         0.7118256175        -1.1602038078         0.1096577615
        4.0100000000        12.5643036312         2.6584512181         1.2944497720         0.6990662302        -1.1602038078         0.2192884666
        4.0150000000        18.8425802839         2.7329438599         1.3174207137         0.7041699851        -0.5618178897         0.3288650655
        4.0200000000        25.1162078117         2.7528205304         1.3327346748         0.7041699851        -0.1628939444         0.4383605219
        4.0250000000        31.3836382911         2.7603106368         1.3659149240         0.7067218625         0.7014412706         0.5477478194
        4.0300000000        37.6433253274         2.7677532089         1.3352870017         0.7041699851        -0.0964066201         0.6569999684
        4.0350000000        43.8937244364         2.7751479756         1.3352870017         0.7041699851        -0.0964066201         0.7660900124
        4.0400000000        50.1332934257         2.7824946846         1.3327346748         0.6965143527        -0.1628939444         0.8749910351
        4.0450000000        56.3604927750         2.7897930986         1.3378393285         0.7041699851        -0.0299192959         0.9836761670
        4.0500000000        62.5737860161         2.7970429930         1.3301823480         0.6965143527        -0.2293812686         1.0921185914
        4.0550000000        68.7716401118         2.8042441528         1.3454963091         0.7092737400         0.1695426768         1.2002915519
        4.0600000000        74.9525258343         2.8113963695         1.3403916554         0.7041699851         0.0365680283         1.3081683585
        4.0650000000        81.1149181426         2.8184994384         1.3888858657         0.7016181076         1.2998271886         1.4157223941
        4.0700000000        87.2572965586         2.8255531559         1.3914381925         0.7092737400         1.3663145129         1.5229271213
        4.0750000000        93.3781455424         2.8325573170         1.3710195777         0.7220331273         0.8344159190         1.6297560891
        4.0800000000        99.4759548659         2.8395117125         1.3888858657         0.7245850047         1.2998271886         1.7361829390
        4.0850000000       105.5492199861         2.8464161264         1.3914381925         0.7245850047         1.3663145129         1.8421814117
        4.0900000000       111.5964424157         2.8532703340         1.3710195777         0.7271368822         0.8344159190         1.9477253537
        4.0950000000       117.6161300929         2.8600740989         1.3939905194         0.7347925146         1.4328018371         2.0527887236
        4.1000000000       123.6067977500         2.8668271717         1.3761242314         0.7322406371         0.9673905675         2.1573455986
        4.1050000000       129.5669672793         2.8735292869         1.3863335388         0.7424481470         1.2333398644         2.2613701808
        4.1100000000       135.4951680981         2.8801801617         1.3888858657         0.7424481470         1.2998271886         2.3648368039
        4.1150000000       141.3899375117         2.8867794939         1.3761242314         0.7475519019         0.9673905675         2.4677199388
        4.1200000000       147.2498210739         2.8933269601         1.4169614611         0.7654150441         2.0311877551         2.5699942007
        4.1250000000       153.0733729460         2.8998222140         1.3914381925         0.7628631666         1.3663145129         2.6716343550
        4.1300000000       158.8591562539         2.9062648849         1.4322754222         0.7705187990         2.4301117005         2.7726153236
        4.1350000000       164.6057434420         2.9126545766         1.4067521537         0.7807263088         1.7652384582         2.8729121908
        4.1400000000       170.3117166260         2.9189908657         1.4195137880         0.7756225539         2.0976750794         2.9725002098
        4.1450000000       175.9756679424         2.9252733009         1.4041998268         0.7883819412         1.6987511340         3.0713548090
        4.1500000000       181.5961998958         2.9315014016         1.4093044805         0.7934856961         1.8317257824         3.1694515973
        4.1550000000       187.1719257042         2.9376746570         1.4041998268         0.8036932060         1.6987511340         3.2667663708
        4.1600000000       192.7014696407         2.9437925258         1.4093044805         0.8087969609         1.8317257824         3.3632751187
        4.1650000000       198.1834673730         2.9498544352         1.4195137880         0.8241082257         2.0976750794         3.4589540287
        4.1700000000       203.6165663001         2.9558597803         1.4118568074         0.8241082257         1.8982131067         3.5537794935
        4.1750000000       208.9994258864         2.9618079240         1.4271707685         0.8445232453         2.2971370520         3.6477281165
        4.1800000000       214.3307179916         2.9676981964         1.4271707685         0.8445232453         2.2971370520         3.7407767171
        4.1850000000       219.6091271992         2.9735298953         1.4297230954         0.8547307552         2.3636243763         3.8329023371
        4.1900000000       224.8333511408         2.9793022852         1.4271707685         0.8623863875         2.2971370520         3.9240822457
        4.1950000000       230.0021008173         2.9850145984         1.4246184417         0.8598345101         2.2306497278         4.0142939458
        4.2000000000       235.1141009170         2.9906660345         1.4246184417         0.8751457748         2.2306497278         4.1035151789
        4.2050000000       240.1680901303         2.9962557614         1.4297230954         0.8828014072         2.3636243763         4.1917239310
        4.2100000000       245.1628214612         3.0017829149         1.4680079982         0.8930089170         3.3609342397         4.2788984380
        4.2150000000       250.0970625343         3.0072466001         1.4348277491         0.8981126720         2.4965990247         4.3650171908
        4.2200000000       254.9695958995         3.0126458917         1.4654556714         0.9134239367         3.2944469154         4.4500589409
        4.2250000000       259.7792193321         3.0179798348         1.4348277491         0.9236314466         2.4965990247         4.5340027056
        4.2300000000       264.5247461295         3.0232474456         1.4399324028         0.9312870789         2.6295736732         4.6168277730
        4.2350000000       269.2050054039         3.0284477129         1.4424847297         0.9440464662         2.6960609974         4.6985137071
        4.2400000000       273.8188423715         3.0335795986         1.4475893834         0.9619096084         2.8290356458         4.7790403534
        4.2450000000       278.3651186369         3.0386420395         1.4526940371         0.9721171183         2.9620102943         4.8583878429
        4.2500000000       282.8427124746         3.0436339477         1.4526940371         0.9823246281         2.9620102943         4.9365365980
        4.2550000000       287.2505191053         3.0485542129         1.4526940371         0.9874283830         2.9620102943         5.0134673364
        4.2600000000       291.5874509686         3.0534017031         1.4424847297         0.9925321379         2.6960609974         5.0891610769
        4.2650000000       295.8524379914         3.0581752665         1.4475893834         1.0103952802         2.8290356458         5.1635991430
        4.2700000000       300.0444278522         3.0628737327         1.4526940371         1.0180509125         2.9620102943         5.2367631683
        4.2750000000       304.1623862400         3.0674959150         1.4475893834         1.0333621773         2.8290356458         5.3086351006
        4.2800000000       308.2052971103         3.0720406111         1.4501417102         1.0384659322         2.8955229701         5.3791972067
        4.2850000000       312.1721629353         3.0765066059         1.4450370565         1.0486734420         2.7625483216         5.4484320763
        4.2900000000       316.0620049503         3.0808926726         1.4654556714         1.0716403392         3.2944469154         5.5163226268
        4.2950000000       319.8738633948         3.0851975746         1.4475893834         1.0716403392         2.8290356458         5.5828521073
        4.3000000000       323.6067977500         3.0894200679         1.4680079982         1.0946072363         3.3609342397         5.6480041026
        4.3050000000       327.2598869700         3.0935589025         1.4526940371         1.0920553588         2.9620102943         5.7117625373
        4.3100000000       330.8322297098         3.0976128245         1.4629033445         1.1099185011         3.2279595912         5.7741116802
        4.3150000000       334.3229445473         3.1015805783         1.4654556714         1.1252297658         3.2944469154         5.8350361473
        4.3200000000       337.7311702008         3.1054609083         1.4731126519         1.1379891531         3.4939088881         5.8945209066
        4.3250000000       341.0560657416         3.1092525612         1.4782173056         1.1456447855         3.6268835366         5.9525512811
        4.3300000000       344.2968108016         3.1129542879         1.4807696325         1.1609560502         3.6933708608         6.0091129526
        4.3350000000       347.4526057753         3.1165648456         1.4909789399         1.1839229474         3.9593201577         6.0641919654
        4.3400000000       350.5226720175         3.1200829998         1.4833219594         1.1890267023         3.7598581850         6.1177747296
        4.3450000000       353.5062520355         3.1235075265         1.4935312668         1.2145454769         4.0258074819         6.1698480244
        4.3500000000       356.4026096753         3.1268372140         1.4960835936         1.2222011093         4.0922948062         6.2203990015
        4.3550000000       359.2110303042         3.1300708653         1.4935312668         1.2375123740         4.0258074819         6.2694151883
        4.3600000000       361.9308209864         3.1332072998         1.4960835936         1.2528236388         4.0922948062         6.3168844907
        4.3650000000       364.5613106542         3.1362453554         1.5062929011         1.2706867810         4.3582441031         6.3627951963
        4.3700000000       367.1018502736         3.1391838905         1.4986359205         1.2808942908         4.1587821304         6.4071359774
        4.3750000000       369.5518130045         3.1420217861         1.5062929011         1.3013093105         4.3582441031         6.4498958936
        4.3800000000       371.9105943553         3.1447579474         1.5113975548         1.3140686978         4.4912187515         6.4910643945
        4.3850000000       374.1776123319         3.1473913061         1.5165022085         1.3472431047         4.6241934000         6.5306313224
        4.3900000000       376.3523075817         3.1499208217         1.5522347845         1.3600024920         5.5550159391         6.5685869148
        4.3950000000       378.4341435310         3.1523454838         1.5062929011         1.3702100019         4.3582441031         6.6049218066
        4.4000000000       380.4226065181         3.1546643138         1.5318161696         1.3982806539         5.0231173453         6.6396270328
        4.4050000000       382.3172059193         3.1568763662         1.5267115159         1.4161437961         4.8901426969         6.6726940303
        4.4100000000       384.1174742708         3.1589807307         1.5343684965         1.4237994285         5.0896046696         6.7041146405
        4.4150000000       385.8229673831         3.1609765334         1.5292638428         1.4544219580         4.9566300211         6.7338811107
        4.4200000000       387.4332644515         3.1628629388         1.5369208233         1.4646294679         5.1560919938         6.7619860964
        4.4250000000       388.9479681591         3.1646391507         1.5318161696         1.4927001199         5.0231173453         6.7884226633
        4.4300000000       390.3667047755         3.1663044142         1.5496824576         1.5156670170         5.4885286149         6.8131842885
        4.4350000000       391.6891242487         3.1678580163         1.5343684965         1.5258745269         5.0896046696         6.8362648624
        4.4400000000       392.9149002915         3.1692992880         1.5420254771         1.5462895465         5.2890666422         6.8576586902
        4.4450000000       394.0437304619         3.1706276047         1.5445778039         1.5743601986         5.3555539665         6.8773604934
        4.4500000000       395.0753362381         3.1718423878         1.5496824576         1.5871195859         5.4885286149         6.8953654108
        4.4550000000       396.0094630866         3.1729431054         1.5369208233         1.6075346056         5.1560919938         6.9116689999
        4.4600000000       396.8458805258         3.1739292736         1.5445778039         1.6253977478         5.3555539665         6.9262672382
        4.4650000000       397.5843821821         3.1748004568         1.5547871113         1.6483646449         5.6215032634         6.9391565236
        4.4700000000       398.2247858412         3.1755562692         1.5547871113         1.6662277871         5.6215032634         6.9503336760
        4.4750000000       398.7669334933         3.1761963748         1.5522347845         1.6891946843         5.5550159391         6.9597959375
        4.4800000000       399.2106913713         3.1767204883         1.5496824576         1.7121615814         5.4885286149         6.9675409736
        4.4850000000       399.5559499848         3.1771283756         1.5420254771         1.7300247236         5.2890666422         6.9735668732
        4.4900000000       399.8026241463         3.1774198544         1.5547871113         1.7529916207         5.6215032634         6.9778721495
        4.4950000000       399.9506529927         3.1775947939         1.5522347845         1.7785103953         5.5550159391         6.9804557402
        4.5000000000       400.0000000000         3.1776531158         1.5675487456         1.8065810474         5.9539398845         6.9813170080
        4.5050000000       399.9506529927         3.1775947939         1.5598917651         1.8193404347         5.7544779118         6.9804557402
        4.5100000000       399.8026241463         3.1774198544         1.5573394382         1.8372035769         5.6879905876         6.9778721495
        4.5150000000       399.5559499848         3.1771283756         1.5752057262         1.8703779838         6.1534018572         6.9735668732
        4.5200000000       399.2106913713         3.1767204883         1.5675487456         1.8907930035         5.9539398845         6.9675409736
        4.5250000000       398.7669334933         3.1761963748         1.5573394382         1.9086561457         5.6879905876         6.9597959375
        4.5300000000       398.2247858412         3.1755562692         1.5649964188         1.9290711654         5.8874525603         6.9503336760
        4.5350000000       397.5843821821         3.1748004568         1.5803103799         1.9571418174         6.2863765056         6.9391565236
        4.5400000000       396.8458805258         3.1739292736         1.5471301308         1.9673493273         5.4220412907         6.9262672382
        4.5450000000       396.0094630866         3.1729431054         1.5752057262         1.9954199793         6.1534018572         6.9116689999
        4.5500000000       395.0753362381         3.1718423878         1.5752057262         2.0260425088         6.1534018572         6.8953654108
        4.5550000000       394.0437304619         3.1706276047         1.5547871113         2.0388018961         5.6215032634         6.8773604934
        4.5600000000       392.9149002915         3.1692992880         1.5752057262         2.0566650383         6.1534018572         6.8576586902
        4.5650000000       391.6891242487         3.1678580163         1.5726533993         2.0898394453         6.0869145330         6.8362648624
        4.5700000000       390.3667047755         3.1663044142         1.5752057262         2.1128063424         6.1534018572         6.8131842885
        4.5750000000       388.9479681591         3.1646391507         1.5752057262         2.1408769945         6.1534018572         6.7884226633
        4.5800000000       387.4332644515         3.1628629388         1.5803103799         2.1689476465         6.2863765056         6.7619860964
        4.5850000000       385.8229673831         3.1609765334         1.5598917651         2.1893626662         5.7544779118         6.7338811107
        4.5900000000       384.1174742708         3.1589807307         1.5752057262         2.2097776859         6.1534018572         6.7041146405
        4.5950000000       382.3172059193         3.1568763662         1.5854150336         2.2327445830         6.4193511541         6.6726940303
        4.6000000000       380.4226065181         3.1546643138         1.5649964188         2.2608152351         5.8874525603         6.6396270328
        4.6050000000       378.4341435310         3.1523454838         1.5675487456         2.2786783773         5.9539398845         6.6049218066
        4.6100000000       376.3523075817         3.1499208217         1.5905196873         2.3118527843         6.5523258025         6.5685869148
        4.6150000000       374.1776123319         3.1473913061         1.5675487456         2.3246121715         5.9539398845         6.5306313224
        4.6200000000       371.9105943553         3.1447579474         1.5854150336         2.3577865785         6.4193511541         6.4910643945
        4.6250000000       369.5518130045         3.1420217861         1.5828627068         2.3833053531         6.3528638299         6.4498958936
        4.6300000000       367.1018502736         3.1391838905         1.5726533993         2.4113760052         6.0869145330         6.4071359774
        4.6350000000       364.5613106542         3.1362453554         1.5777580530         2.4241353924         6.2198891814         6.3627951963
        4.6400000000       361.9308209864         3.1332072998         1.5828627068         2.4522060445         6.3528638299         6.3168844907
        4.6450000000       359.2110303042         3.1300708653         1.5752057262         2.4802766965         6.1534018572         6.2694151883
        4.6500000000       356.4026096753         3.1268372140         1.5777580530         2.5057954711         6.2198891814         6.2203990015
        4.6550000000       353.5062520355         3.1235075265         1.5803103799         2.5236586133         6.2863765056         6.1698480244
        4.6600000000       350.5226720175         3.1200829998         1.5726533993         2.5517292654         6.0869145330         6.1177747296
        4.6650000000       347.4526057753         3.1165648456         1.5803103799         2.5797999174         6.2863765056         6.0641919654
        4.6700000000       344.2968108016         3.1129542879         1.5726533993         2.5951111822         6.0869145330         6.0091129526
        4.6750000000       341.0560657416         3.1092525612         1.5752057262         2.6257337117         6.1534018572         5.9525512811
        4.6800000000       337.7311702008         3.1054609083         1.5726533993         2.6512524863         6.0869145330         5.8945209066
        4.6850000000       334.3229445473         3.1015805783         1.5879673605         2.6742193834         6.4858384783         5.8350361473
        4.6900000000       330.8322297098         3.0976128245         1.5879673605         2.6997381580         6.4858384783         5.7741116802
        4.6950000000       327.2598869700         3.0935589025         1.5752057262         2.7227050552         6.1534018572         5.7117625373
        4.7000000000       323.6067977500         3.0894200679         1.5752057262         2.7482238297         6.1534018572         5.6480041026
        4.7050000000       319.8738633948         3.0851975746         1.5777580530         2.7686388494         6.2198891814         5.5828521073
        4.7100000000       316.0620049503         3.0808926726         1.5701010725         2.7941576240         6.0204272087         5.5163226268
        4.7150000000       312.1721629353         3.0765066059         1.5752057262         2.8145726437         6.1534018572         5.4484320763
        4.7200000000       308.2052971103         3.0720406111         1.5701010725         2.8451951732         6.0204272087         5.3791972067
        4.7250000000       304.1623862400         3.0674959150         1.5701010725         2.8681620703         6.0204272087         5.3086351006
        4.7300000000       300.0444278522         3.0628737327         1.5649964188         2.8860252125         5.8874525603         5.2367631683
        4.7350000000       295.8524379914         3.0581752665         1.5777580530         2.9191996195         6.2198891814         5.1635991430
        4.7400000000       291.5874509686         3.0534017031         1.5649964188         2.9370627617         5.8874525603         5.0891610769
        4.7450000000       287.2505191053         3.0485542129         1.5752057262         2.9676852912         6.1534018572         5.0134673365
        4.7500000000       282.8427124746         3.0436339477         1.5624440919         2.9829965560         5.8209652360         4.9365365980
        4.7550000000       278.3651186369         3.0386420395         1.5649964188         3.0085153306         5.8874525603         4.8583878429
        4.7600000000       273.8188423715         3.0335795986         1.5752057262         3.0340341051         6.1534018572         4.7790403534
        4.7650000000       269.2050054039         3.0284477129         1.5547871113         3.0570010023         5.6215032634         4.6985137071
        4.7700000000       264.5247461295         3.0232474456         1.5675487456         3.0774160220         5.9539398845         4.6168277730
        4.7750000000       259.7792193321         3.0179798348         1.5649964188         3.1029347965         5.8874525603         4.5340027056
        4.7800000000       254.9695958995         3.0126458917         1.5573394382         3.1182460613         5.6879905876         4.4500589409
        4.7850000000       250.0970625343         3.0072466001         1.5445778039         3.1361092035         5.3555539665         4.3650171908
        4.7900000000       245.1628214612         3.0017829149         1.5547871113         3.1590761006         5.6215032634         4.2788984380
        4.7950000000       240.1680901304         2.9962557614         1.5573394382         3.1871467527         5.6879905876         4.1917239310
        4.8000000000       235.1141009170         2.9906660345         1.5420254771         3.1973542625         5.2890666422         4.1035151789
        4.8050000000       230.0021008173         2.9850145984         1.5496824576         3.2279767920         5.4885286149         4.0142939458
        4.8100000000       224.8333511409         2.9793022852         1.5547871113         3.2483918117         5.6215032634         3.9240822457
        4.8150000000       219.6091271993         2.9735298953         1.5394731502         3.2713587088         5.2225793180         3.8329023371
        4.8200000000       214.3307179916         2.9676981964         1.5343684965         3.2866699736         5.0896046696         3.7407767171
        4.8250000000       208.9994258864         2.9618079240         1.5420254771         3.2994293609         5.2890666422         3.6477281165
        4.8300000000       203.6165663002         2.9558597803         1.5241591891         3.3223962580         4.8236553726         3.5537794935
        4.8350000000       198.1834673730         2.9498544352         1.5471301308         3.3479150326         5.4220412907         3.4589540287
        4.8400000000       192.7014696407         2.9437925258         1.5394731502         3.3708819297         5.2225793180         3.3632751187
        4.8450000000       187.1719257042         2.9376746570         1.5318161696         3.3938488269         5.0231173453         3.2667663708
        4.8500000000       181.5961998958         2.9315014016         1.5241591891         3.4015044592         4.8236553726         3.1694515973
        4.8550000000       175.9756679424         2.9252733009         1.5369208233         3.4321269888         5.1560919938         3.0713548090
        4.8600000000       170.3117166260         2.9189908657         1.5190545354         3.4423344986         4.6906807242         2.9725002098
        4.8650000000       164.6057434420         2.9126545766         1.5318161696         3.4678532732         5.0231173453         2.8729121908
        4.8700000000       158.8591562539         2.9062648849         1.5292638428         3.4857164154         4.9566300211         2.7726153236
        4.8750000000       153.0733729460         2.8998222140         1.5267115159         3.5061314351         4.8901426969         2.6716343550
        4.8800000000       147.2498210739         2.8933269601         1.5471301308         3.5163389449         5.4220412907         2.5699942007
        4.8850000000       141.3899375117         2.8867794939         1.5241591891         3.5342020871         4.8236553726         2.4677199388
        4.8900000000       135.4951680981         2.8801801617         1.5165022085         3.5597208617         4.6241934000         2.3648368039
        4.8950000000       129.5669672793         2.8735292869         1.5165022085         3.5801358814         4.6241934000         2.2613701808
        4.9000000000       123.6067977500         2.8668271717         1.5113975548         3.5979990236         4.4912187515         2.1573455986
        4.9050000000       117.6161300929         2.8600740989         1.5318161696         3.6184140433         5.0231173453         2.0527887236
        4.9100000000       111.5964424157         2.8532703340         1.5062929011         3.6311734306         4.3582441031         1.9477253537
        4.9150000000       105.5492199862         2.8464161264         1.5062929011         3.6464846953         4.3582441031         1.8421814117
        4.9200000000        99.4759548659         2.8395117125         1.5088452279         3.6694515924         4.4247314273         1.7361829390
        4.9250000000        93.3781455424         2.8325573170         1.5037405742         3.6796591023         4.2917567788         1.6297560891
        4.9300000000        87.2572965586         2.8255531559         1.5011882474         3.6949703670         4.2252694546         1.5229271213
        4.9350000000        81.1149181426         2.8184994384         1.4986359205         3.7255928965         4.1587821304         1.4157223941
        4.9400000000        74.9525258343         2.8113963695         1.4884266131         3.7332485289         3.8928328335         1.3081683585
        4.9450000000        68.7716401118         2.8042441528         1.4909789399         3.7511116711         3.9593201577         1.2002915519
        4.9500000000        62.5737860161         2.7970429930         1.4884266131         3.7638710584         3.8928328335         1.0921185914
        4.9550000000        56.3604927750         2.7897930986         1.4960835936         3.7842860781         4.0922948062         0.9836761670
        4.9600000000        50.1332934257         2.7824946846         1.4629033445         3.7868379556         3.2279595912         0.8749910351
        4.9650000000        43.8937244364         2.7751479756         1.4731126519         3.8021492203         3.4939088881         0.7660900124
        4.9700000000        37.6433253274         2.7677532089         1.4782173056         3.8149086076         3.6268835366         0.6569999684
        4.9750000000        31.3836382911         2.7603106368         1.4705603251         3.8302198724         3.4274215639         0.5477478194
        4.9800000000        25.1162078117         2.7528205304         1.4705603251         3.8480830146         3.4274215639         0.4383605219
        4.9850000000        18.8425802839         2.7329438599         1.4552463639         3.8531867695         3.0284976185         0.3288650655
        4.9900000000        12.5643036313         2.6584512181         1.4603510177         3.8736017892         3.1614722670         0.2192884666
        4.9950000000         6.2829269247         2.5839217938         1.4475893834         3.8812574215         2.8290356458         0.1096577615
        5.0000000000         0.0000000000         2.5093739758         1.4526940371         3.8940168088         2.9620102943         0.0000000000
        5.0050000000        -6.2829269247         2.4348261579         1.4475893834         3.9144318285         2.8290356458        -0.1096577615
        5.0100000000       -12.5643036312         2.3602967335         1.4373800759         3.9169837060         2.5630863489        -0.2192884666
        5.0150000000       -18.8425802838         2.2858040918         1.4144091342         3.9246393383         1.9647004309        -0.3288650655
        5.0200000000       -25.1162078117         2.2629783296         1.3786765582         3.9271912158         1.0338778917        -0.4383605219
        5.0250000000       -31.3836382911         2.2520021131         1.3633625971         3.9322949707         0.6349539464        -0.5477478194
        5.0300000000       -37.6433253274         2.2412136998         1.3378393285         3.9322949707        -0.0299192959        -0.6569999684
        5.0350000000       -43.8937244364         2.2306103216         1.3352870017         3.9450543580        -0.0964066201        -0.7660900124
        5.0400000000       -50.1332934257         2.2201891252         1.3403916554         3.9297430933         0.0365680283        -0.8749910351
        5.0450000000       -56.3604927750         2.2099471839         1.3454963091         3.9425024806         0.1695426768        -0.9836761670
        5.0500000000       -62.5737860161         2.1998815078         1.3378393285         3.9373987256        -0.0299192959        -1.0921185914
        5.0550000000       -68.7716401118         2.1899890546         1.3327346748         3.9297430933        -0.1628939444        -1.2002915519
        5.0600000000       -74.9525258343         2.1802667400         1.3327346748         3.9297430933        -0.1628939444        -1.3081683585
        5.0650000000       -81.1149181426         2.1707114477         1.3352870017         3.9348468482        -0.0964066201        -1.4157223941
        5.0700000000       -87.2572965586         2.1613200391         1.2970020988         3.9297430933        -1.0937164835        -1.5229271213
        5.0750000000       -93.3781455424         2.1520893631         1.2740311571         3.9271912158        -1.6921024016        -1.6297560891
        5.0800000000       -99.4759548659         2.1430162650         1.2944497720         3.9195355834        -1.1602038078        -1.7361829390
        5.0850000000      -105.5492199861         2.1340975957         1.2867927914         3.9195355834        -1.3596657804        -1.8421814117
        5.0900000000      -111.5964424157         2.1253302200         1.2740311571         3.9144318285        -1.6921024016        -1.9477253537
        5.0950000000      -117.6161300929         2.1167110251         1.2970020988         3.9042243187        -1.0937164835        -2.0527887236
        5.1000000000      -123.6067977500         2.1082369281         1.2740311571         3.8991205638        -1.6921024016        -2.1573455986
        5.1050000000      -129.5669672793         2.0999048839         1.2689265034         3.8940168088        -1.8250770500        -2.2613701808
        5.1100000000      -135.4951680981         2.0917118922         1.2765834840         3.8914649314        -1.6256150773        -2.3648368039
        5.1150000000      -141.3899375117         2.0836550044         1.2714788303         3.8838092990        -1.7585897258        -2.4677199388
        5.1200000000      -147.2498210739         2.0757313294         1.2714788303         3.8761536666        -1.7585897258        -2.5699942007
        5.1250000000      -153.0733729460         2.0679380406         1.2791358108         3.8787055441        -1.5591277531        -2.6716343550
        5.1300000000      -158.8591562539         2.0602723806         1.2587171960         3.8608424019        -2.0910263469        -2.7726153236
        5.1350000000      -164.6057434420         2.0527316669         1.2612695229         3.8480830146        -2.0245390227        -2.8729121908
        5.1400000000      -170.3117166260         2.0453132966         1.2638218497         3.8480830146        -1.9580516985        -2.9725002098
        5.1450000000      -175.9756679424         2.0380147508         1.2459555617         3.8404273822        -2.4234629681        -3.0713548090
        5.1500000000      -181.5961998958         2.0308335989         1.2536125423         3.8353236273        -2.2240009954        -3.1694515973
        5.1550000000      -187.1719257042         2.0237675017         1.2485078886         3.8174604851        -2.3569756438        -3.2667663708
        5.1600000000      -192.7014696407         2.0168142153         1.2459555617         3.8174604851        -2.4234629681        -3.3632751187
        5.1650000000      -198.1834673730         2.0099715935         1.2485078886         3.8123567301        -2.3569756438        -3.4589540287
        5.1700000000      -203.6165663001         2.0032375906         1.2510602154         3.7995973429        -2.2904883196        -3.5537794935
        5.1750000000      -208.9994258864         1.9966102633         1.2408509080         3.7868379556        -2.5564376165        -3.6477281165
        5.1800000000      -214.3307179916         1.9900877726         1.2434032349         3.7791823232        -2.4899502923        -3.7407767171
        5.1850000000      -219.6091271992         1.9836683853         1.2306416006         3.7638710584        -2.8223869134        -3.8329023371
        5.1900000000      -224.8333511408         1.9773504748         1.2382985811         3.7587673035        -2.6229249407        -3.9240822457
        5.1950000000      -230.0021008173         1.9711325220         1.2229846200         3.7434560388        -3.0218488861        -4.0142939458
        5.2000000000      -235.1141009170         1.9650131156         1.2204322931         3.7358004064        -3.0883362103        -4.1035151789
        5.2050000000      -240.1680901303         1.9589909521         1.2229846200         3.7230410191        -3.0218488861        -4.1917239310
        5.2100000000      -245.1628214612         1.9530648358         1.2204322931         3.7102816318        -3.0883362103        -4.2788984380
        5.2150000000      -250.0970625343         1.9472336779         1.2178799663         3.7026259994        -3.1548235346        -4.3650171908
        5.2200000000      -254.9695958995         1.9414964956         1.2306416006         3.6898666121        -2.8223869134        -4.4500589409
        5.2250000000      -259.7792193321         1.9358524116         1.2153276394         3.6796591023        -3.2213108588        -4.5340027056
        5.2300000000      -264.5247461295         1.9303006518         1.2229846200         3.6694515924        -3.0218488861        -4.6168277730
        5.2350000000      -269.2050054039         1.9248405443         1.2153276394         3.6668997150        -3.2213108588        -4.6985137071
        5.2400000000      -273.8188423715         1.9194715173         1.2102229857         3.6362771855        -3.3542855072        -4.7790403534
        5.2450000000      -278.3651186369         1.9141930969         1.2000136783         3.6362771855        -3.6202348041        -4.8583878429
        5.2500000000      -282.8427124746         1.9090049047         1.2076706589         3.6209659207        -3.4207728315        -4.9365365980
        5.2550000000      -287.2505191053         1.9039066556         1.2025660052         3.6005509010        -3.5537474799        -5.0134673364
        5.2600000000      -291.5874509686         1.8988981545         1.2025660052         3.5877915138        -3.5537474799        -5.0891610769
        5.2650000000      -295.8524379914         1.8939792940         1.1949090246         3.5801358814        -3.7532094526        -5.1635991430
        5.2700000000      -300.0444278522         1.8891500507         1.2051183320         3.5648246166        -3.4872601557        -5.2367631683
        5.2750000000      -304.1623862400         1.8844104825         1.1846997172         3.5393058420        -4.0191587495        -5.3086351006
        5.2800000000      -308.2052971103         1.8797607249         1.1898043709         3.5342020871        -3.8861841010        -5.3791972067
        5.2850000000      -312.1721629353         1.8752009876         1.1898043709         3.5137870674        -3.8861841010        -5.4484320763
        5.2900000000      -316.0620049503         1.8707315508         1.1719380829         3.4984758027        -4.3515953706        -5.5163226268
        5.2950000000      -319.8738633948         1.8663527618         1.1846997172         3.4908201703        -4.0191587495        -5.5828521073
        5.3000000000      -323.6067977500         1.8620650308         1.1668334292         3.4627495183        -4.4845700191        -5.6480041026
        5.3050000000      -327.2598869700         1.8578688273         1.1668334292         3.4499901310        -4.4845700191        -5.7117625373
        5.3100000000      -330.8322297098         1.8537646761         1.1719380829         3.4295751113        -4.3515953706        -5.7741116802
        5.3150000000      -334.3229445473         1.8497531533         1.1642811023         3.4117119691        -4.5510573433        -5.8350361473
        5.3200000000      -337.7311702008         1.8458348823         1.1693857560         3.3964007043        -4.4180826949        -5.8945209066
        5.3250000000      -341.0560657416         1.8420105296         1.1515194680         3.3734338072        -4.8834939645        -5.9525512811
        5.3300000000      -344.2968108016         1.8382808013         1.1642811023         3.3657781748        -4.5510573433        -6.0091129526
        5.3350000000      -347.4526057753         1.8346464383         1.1438624875         3.3377075228        -5.0829559371        -6.0641919654
        5.3400000000      -350.5226720175         1.8311082127         1.1566241217         3.3249481355        -4.7505193160        -6.1177747296
        5.3450000000      -353.5062520355         1.8276669236         1.1515194680         3.3070849933        -4.8834939645        -6.1698480244
        5.3500000000      -356.4026096753         1.8243233934         1.1540717949         3.2866699736        -4.8170066402        -6.2203990015
        5.3550000000      -359.2110303042         1.8210784631         1.1540717949         3.2790143412        -4.8170066402        -6.2694151883
        5.3600000000      -361.9308209864         1.8179329893         1.1617287755         3.2509436892        -4.6175446675        -6.3168844907
        5.3650000000      -364.5613106542         1.8148878395         1.1515194680         3.2305286695        -4.8834939645        -6.3627951963
        5.3700000000      -367.1018502736         1.8119438888         1.1285485263         3.2075617724        -5.4818798825        -6.4071359774
        5.3750000000      -369.5518130045         1.8091020161         1.1515194680         3.1973542625        -4.8834939645        -6.4498958936
        5.3800000000      -371.9105943553         1.8063631002         1.1285485263         3.1692836105        -5.4818798825        -6.4910643945
        5.3850000000      -374.1776123319         1.8037280162         1.1413101606         3.1488685908        -5.1494432614        -6.5306313224
        5.3900000000      -376.3523075817         1.8011976323         1.1362055069         3.1335573261        -5.2824179098        -6.5685869148
        5.3950000000      -378.4341435310         1.7987728063         1.1336531800         3.1105904289        -5.3489052340        -6.6049218066
        5.4000000000      -380.4226065181         1.7964543820         1.1208915457         3.0978310416        -5.6813418552        -6.6396270328
        5.4050000000      -382.3172059193         1.7942431866         1.1285485263         3.0646566347        -5.4818798825        -6.6726940303
        5.4100000000      -384.1174742708         1.7921400270         1.1259961995         3.0493453699        -5.5483672067        -6.7041146405
        5.4150000000      -385.8229673831         1.7901456873         1.1259961995         3.0314822277        -5.5483672067        -6.7338811107
        5.4200000000      -387.4332644515         1.7882609257         1.1183392189         3.0034115756        -5.7478291794        -6.7619860964
        5.4250000000      -388.9479681591         1.7864864721         1.1157868920         2.9829965560        -5.8143165036        -6.7884226633
        5.4300000000      -390.3667047755         1.7848230252         1.1106822383         2.9549259039        -5.9472911521        -6.8131842885
        5.4350000000      -391.6891242487         1.7832712502         1.1106822383         2.9370627617        -5.9472911521        -6.8362648624
        5.4400000000      -392.9149002915         1.7818317767         1.1311008532         2.9191996195        -5.4153925583        -6.8576586902
        5.4450000000      -394.0437304619         1.7805051964         1.0979206040         2.8911289674        -6.2797277732        -6.8773604934
        5.4500000000      -395.0753362381         1.7792920610         1.1157868920         2.8707139478        -5.8143165036        -6.8953654108
        5.4550000000      -396.0094630866         1.7781928805         1.1030252578         2.8426432957        -6.1467531248        -6.9116689999
        5.4600000000      -396.8458805258         1.7772081215         1.1106822383         2.8222282761        -5.9472911521        -6.9262672382
        5.4650000000      -397.5843821821         1.7763382058         1.1055775846         2.7967095015        -6.0802658005        -6.9391565236
        5.4700000000      -398.2247858412         1.7755835085         1.1030252578         2.7660869720        -6.1467531248        -6.9503336760
        5.4750000000      -398.7669334933         1.7749443576         1.1106822383         2.7584313396        -5.9472911521        -6.9597959375
        5.4800000000      -399.2106913713         1.7744210320         1.0877112966         2.7252569326        -6.5456770701        -6.9675409736
        5.4850000000      -399.5559499848         1.7740137615         1.1285485263         2.7073937904        -5.4818798825        -6.9735668732
        5.4900000000      -399.8026241463         1.7737227254         1.1030252578         2.6844268933        -6.1467531248        -6.9778721495
        5.4950000000      -399.9506529927         1.7735480522         1.1311008532         2.6640118736        -5.4153925583        -6.9804557402
        5.5000000000      -400.0000000000         1.7734898192         1.1004729309         2.6384930990        -6.2132404490        -6.9813170080
        5.5050000000      -399.9506529927         1.7735480522         1.1081299115         2.6129743244        -6.0137784763        -6.9804557402
        5.5100000000      -399.8026241463         1.7737227254         1.1030252578         2.5874555498        -6.1467531248        -6.9778721495
        5.5150000000      -399.5559499848         1.7740137615         1.1081299115         2.5670405302        -6.0137784763        -6.9735668732
        5.5200000000      -399.2106913713         1.7744210320         1.0851589698         2.5364180006        -6.6121643943        -6.9675409736
        5.5250000000      -398.7669334933         1.7749443576         1.0979206040         2.5134511035        -6.2797277732        -6.9597959375
        5.5300000000      -398.2247858412         1.7755835085         1.1004729309         2.4930360838        -6.2132404490        -6.9503336760
        5.5350000000      -397.5843821821         1.7763382058         1.1183392189         2.4547579220        -5.7478291794        -6.9391565236
        5.5400000000      -396.8458805258         1.7772081215         1.0928159503         2.4394466572        -6.4127024217        -6.9262672382
        5.5450000000      -396.0094630866         1.7781928805         1.1311008532         2.4215835150        -5.4153925583        -6.9116689999
        5.5500000000      -395.0753362381         1.7792920610         1.0979206040         2.3960647404        -6.2797277732        -6.8953654108
        5.5550000000      -394.0437304619         1.7805051964         1.1030252578         2.3654422109        -6.1467531248        -6.8773604934
        5.5600000000      -392.9149002915         1.7818317767         1.0979206040         2.3373715588        -6.2797277732        -6.8576586902
        5.5650000000      -391.6891242487         1.7832712502         1.0979206040         2.3246121715        -6.2797277732        -6.8362648624
        5.5700000000      -390.3667047755         1.7848230252         1.1259961995         2.2990933970        -5.5483672067        -6.8131842885
        5.5750000000      -388.9479681591         1.7864864721         1.1234438726         2.2761264998        -5.6148545309        -6.7884226633
        5.5800000000      -387.4332644515         1.7882609257         1.0979206040         2.2455039703        -6.2797277732        -6.7619860964
        5.5850000000      -385.8229673831         1.7901456873         1.1055775846         2.2148814408        -6.0802658005        -6.7338811107
        5.5900000000      -384.1174742708         1.7921400270         1.0877112966         2.1919145437        -6.5456770701        -6.7041146405
        5.5950000000      -382.3172059193         1.7942431866         1.1132345652         2.1791551564        -5.8808038279        -6.6726940303
        5.6000000000      -380.4226065181         1.7964543820         1.1157868920         2.1510845043        -5.8143165036        -6.6396270328
        5.6050000000      -378.4341435310         1.7987728063         1.1081299115         2.1332213621        -6.0137784763        -6.6049218066
        5.6100000000      -376.3523075817         1.8011976323         1.1157868920         2.1051507101        -5.8143165036        -6.5685869148
        5.6150000000      -374.1776123319         1.8037280162         1.1030252578         2.0821838129        -6.1467531248        -6.5306313224
        5.6200000000      -371.9105943553         1.8063631002         1.0979206040         2.0566650383        -6.2797277732        -6.4910643945
        5.6250000000      -369.5518130045         1.8091020161         1.1030252578         2.0260425088        -6.1467531248        -6.4498958936
        5.6300000000      -367.1018502736         1.8119438888         1.1157868920         2.0158349990        -5.8143165036        -6.4071359774
        5.6350000000      -364.5613106542         1.8148878395         1.1081299115         1.9826605920        -6.0137784763        -6.3627951963
        5.6400000000      -361.9308209864         1.8179329893         1.1208915457         1.9699012047        -5.6813418552        -6.3168844907
        5.6450000000      -359.2110303042         1.8210784631         1.1259961995         1.9418305527        -5.5483672067        -6.2694151883
        5.6500000000      -356.4026096754         1.8243233934         1.0928159503         1.9137599006        -6.4127024217        -6.2203990015
        5.6550000000      -353.5062520355         1.8276669236         1.1234438726         1.9010005134        -5.6148545309        -6.1698480244
        5.6600000000      -350.5226720175         1.8311082127         1.1030252578         1.8729298613        -6.1467531248        -6.1177747296
        5.6650000000      -347.4526057753         1.8346464383         1.1132345652         1.8550667191        -5.8808038279        -6.0641919654
        5.6700000000      -344.2968108016         1.8382808013         1.1183392189         1.8295479445        -5.7478291794        -6.0091129526
        5.6750000000      -341.0560657416         1.8420105296         1.1106822383         1.8142366797        -5.9472911521        -5.9525512811
        5.6800000000      -337.7311702008         1.8458348823         1.1464148143         1.7938216601        -5.0164686129        -5.8945209066
        5.6850000000      -334.3229445473         1.8497531533         1.1208915457         1.7734066404        -5.6813418552        -5.8350361473
        5.6900000000      -330.8322297098         1.8537646761         1.1259961995         1.7478878658        -5.5483672067        -5.7741116802
        5.6950000000      -327.2598869700         1.8578688273         1.1183392189         1.7198172138        -5.7478291794        -5.7117625373
        5.7000000000      -323.6067977500         1.8620650308         1.1259961995         1.7045059490        -5.5483672067        -5.6480041026
        5.7050000000      -319.8738633948         1.8663527618         1.1285485263         1.6866428068        -5.4818798825        -5.5828521073
        5.7100000000      -316.0620049503         1.8707315508         1.1311008532         1.6636759097        -5.4153925583        -5.5163226268
        5.7150000000      -312.1721629353         1.8752009876         1.1336531800         1.6509165224        -5.3489052340        -5.4484320763
        5.7200000000      -308.2052971103         1.8797607249         1.1183392189         1.6177421154        -5.7478291794        -5.3791972067
        5.7250000000      -304.1623862400         1.8844104825         1.1311008532         1.5973270957        -5.4153925583        -5.3086351006
        5.7300000000      -300.0444278522         1.8891500507         1.1259961995         1.5845677084        -5.5483672067        -5.2367631683
        5.7350000000      -295.8524379914         1.8939792940         1.1438624875         1.5616008113        -5.0829559371        -5.1635991430
        5.7400000000      -291.5874509686         1.8988981545         1.1387578337         1.5437376691        -5.2159305856        -5.0891610769
        5.7450000000      -287.2505191053         1.9039066556         1.1464148143         1.5309782818        -5.0164686129        -5.0134673365
        5.7500000000      -282.8427124746         1.9090049047         1.1311008532         1.5029076297        -5.4153925583        -4.9365365980
        5.7550000000      -278.3651186369         1.9141930969         1.1566241217         1.4875963650        -4.7505193160        -4.8583878429
        5.7600000000      -273.8188423715         1.9194715173         1.1387578337         1.4697332228        -5.2159305856        -4.7790403534
        5.7650000000      -269.2050054039         1.9248405443         1.1540717949         1.4493182031        -4.8170066402        -4.6985137071
        5.7700000000      -264.5247461295         1.9303006518         1.1668334292         1.4263513060        -4.4845700191        -4.6168277730
        5.7750000000      -259.7792193321         1.9358524116         1.1515194680         1.4059362863        -4.8834939645        -4.5340027056
        5.7800000000      -254.9695958995         1.9414964956         1.1566241217         1.4033844088        -4.7505193160        -4.4500589409
        5.7850000000      -250.0970625343         1.9472336779         1.1642811023         1.3829693892        -4.5510573433        -4.3650171908
        5.7900000000      -245.1628214612         1.9530648358         1.1566241217         1.3600024920        -4.7505193160        -4.2788984380
        5.7950000000      -240.1680901304         1.9589909521         1.1642811023         1.3344837175        -4.5510573433        -4.1917239310
        5.8000000000      -235.1141009170         1.9650131156         1.1617287755         1.3217243302        -4.6175446675        -4.1035151789
        5.8050000000      -230.0021008173         1.9711325220         1.1617287755         1.3089649429        -4.6175446675        -4.0142939458
        5.8100000000      -224.8333511409         1.9773504748         1.1719380829         1.2859980457        -4.3515953706        -3.9240822457
        5.8150000000      -219.6091271993         1.9836683853         1.1668334292         1.2706867810        -4.4845700191        -3.8329023371
        5.8200000000      -214.3307179916         1.9900877726         1.1821473903         1.2630311486        -4.0856460737        -3.7407767171
        5.8250000000      -208.9994258864         1.9966102633         1.1795950634         1.2375123740        -4.1521333980        -3.6477281165
        5.8300000000      -203.6165663002         2.0032375906         1.1693857560         1.2196492318        -4.4180826949        -3.5537794935
        5.8350000000      -198.1834673730         2.0099715935         1.1770427366         1.2094417220        -4.2186207222        -3.4589540287
        5.8400000000      -192.7014696407         2.0168142153         1.1770427366         1.1941304572        -4.2186207222        -3.3632751187
        5.8450000000      -187.1719257042         2.0237675017         1.1846997172         1.1788191925        -4.0191587495        -3.2667663708
        5.8500000000      -181.5961998958         2.0308335989         1.1821473903         1.1660598052        -4.0856460737        -3.1694515973
        5.8550000000      -175.9756679424         2.0380147508         1.1872520440         1.1481966629        -3.9526714253        -3.0713548090
        5.8600000000      -170.3117166260         2.0453132966         1.1821473903         1.1303335207        -4.0856460737        -2.9725002098
        5.8650000000      -164.6057434421         2.0527316669         1.1898043709         1.1201260109        -3.8861841010        -2.8729121908
        5.8700000000      -158.8591562539         2.0602723806         1.1923566977         1.1048147461        -3.8196967768        -2.7726153236
        5.8750000000      -153.0733729460         2.0679380406         1.1898043709         1.0869516039        -3.8861841010        -2.6716343550
        5.8800000000      -147.2498210739         2.0757313294         1.2000136783         1.0818478490        -3.6202348041        -2.5699942007
        5.8850000000      -141.3899375117         2.0836550044         1.1974613514         1.0665365843        -3.6867221284        -2.4677199388
        5.8900000000      -135.4951680981         2.0917118922         1.2051183320         1.0435696871        -3.4872601557        -2.3648368039
        5.8950000000      -129.5669672793         2.0999048839         1.1923566977         1.0435696871        -3.8196967768        -2.2613701808
        5.9000000000      -123.6067977500         2.1082369281         1.2051183320         1.0206027900        -3.4872601557        -2.1573455986
        5.9050000000      -117.6161300929         2.1167110251         1.2255369469         1.0206027900        -2.9553615619        -2.0527887236
        5.9100000000      -111.5964424157         2.1253302200         1.2306416006         1.0103952802        -2.8223869134        -1.9477253537
        5.9150000000      -105.5492199862         2.1340975957         1.2204322931         0.9899802605        -3.0883362103        -1.8421814117
        5.9200000000       -99.4759548659         2.1430162650         1.2357462543         0.9848765056        -2.6894122650        -1.7361829390
        5.9250000000       -93.3781455424         2.1520893631         1.2306416006         0.9644614859        -2.8223869134        -1.6297560891
        5.9300000000       -87.2572965586         2.1613200391         1.2382985811         0.9593577310        -2.6229249407        -1.5229271213
        5.9350000000       -81.1149181426         2.1707114477         1.2459555617         0.9517020986        -2.4234629681        -1.4157223941
        5.9400000000       -74.9525258343         2.1802667400         1.2382985811         0.9389427113        -2.6229249407        -1.3081683585
        5.9450000000       -68.7716401118         2.1899890546         1.2434032349         0.9261833240        -2.4899502923        -1.2002915519
        5.9500000000       -62.5737860161         2.1998815078         1.2561648691         0.9236314466        -2.1575136712        -1.0921185914
        5.9550000000       -56.3604927750         2.2099471839         1.2561648691         0.9134239367        -2.1575136712        -0.9836761670
        5.9600000000       -50.1332934257         2.2201891252         1.2638218497         0.9134239367        -1.9580516985        -0.8749910351
        5.9650000000       -43.8937244364         2.2306103216         1.2587171960         0.8930089170        -2.0910263469        -0.7660900124
        5.9700000000       -37.6433253274         2.2412136998         1.2714788303         0.8930089170        -1.7585897258        -0.6569999684
        5.9750000000       -31.3836382911         2.2520021131         1.2714788303         0.8853532847        -1.7585897258        -0.5477478194
        5.9800000000       -25.1162078117         2.2629783296         1.2714788303         0.8776976523        -1.7585897258        -0.4383605219
        5.9850000000       -18.8425802839         2.2858040918         1.2663741766         0.8725938974        -1.8915643742        -0.3288650655
        5.9900000000       -12.5643036313         2.3602967335         1.2842404646         0.8700420199        -1.4261531047        -0.2192884666
        5.9950000000        -6.2829269247         2.4348261579         1.2842404646         0.8623863875        -1.4261531047        -0.1096577615
        6.0000000000        -0.0000000000         2.5093739758         1.2893451183         0.8547307552        -1.2931784562        -0.0000000000
        6.0050000000         6.2829269247         2.5839217937         1.2918974451         0.8445232453        -1.2266911320         0.1096577615
        6.0100000000        12.5643036312         2.6584512181         1.3148683868         0.8547307552        -0.6283052139         0.2192884666
        6.0150000000        18.8425802839         2.7329438599         1.3250776943         0.8470751228        -0.3623559170         0.3288650655
        6.0200000000        25.1162078117         2.7528205304         1.3352870017         0.8470751228        -0.0964066201         0.4383605219
        6.0250000000        31.3836382911         2.7603106368         1.3480486360         0.8521788777         0.2360300010         0.5477478194
        6.0300000000        37.6433253274         2.7677532089         1.3276300211         0.8394194904        -0.2958685928         0.6569999684
        6.0350000000        43.8937244364         2.7751479756         1.3378393285         0.8470751228        -0.0299192959         0.7660900124
        6.0400000000        50.1332934257         2.7824946846         1.3352870017         0.8470751228        -0.0964066201         0.8749910351
        6.0450000000        56.3604927750         2.7897930986         1.3352870017         0.8470751228        -0.0964066201         0.9836761670
        6.0500000000        62.5737860161         2.7970429930         1.3403916554         0.8394194904         0.0365680283         1.0921185914
        6.0550000000        68.7716401118         2.8042441528         1.3429439823         0.8496270002         0.1030553526         1.2002915519
        6.0600000000        74.9525258343         2.8113963695         1.3403916554         0.8470751228         0.0365680283         1.3081683585
        6.0650000000        81.1149181426         2.8184994384         1.4118568074         0.8496270002         1.8982131067         1.4157223941
        6.0700000000        87.2572965586         2.8255531559         1.3608102703         0.8470751228         0.5684666221         1.5229271213
        6.0750000000        93.3781455424         2.8325573170         1.3812288851         0.8572826326         1.1003652160         1.6297560891
        6.0800000000        99.4759548659         2.8395117125         1.3863335388         0.8598345101         1.2333398644         1.7361829390
        6.0850000000       105.5492199861         2.8464161264         1.3837812120         0.8674901425         1.1668525402         1.8421814117
        6.0900000000       111.5964424157         2.8532703340         1.3684672508         0.8649382650         0.7679285948         1.9477253537
        6.0950000000       117.6161300929         2.8600740989         1.3914381925         0.8751457748         1.3663145129         2.0527887236
        6.1000000000       123.6067977500         2.8668271717         1.3786765582         0.8776976523         1.0338778917         2.1573455986
        6.1050000000       129.5669672793         2.8735292869         1.3914381925         0.8904570396         1.3663145129         2.2613701808
        6.1100000000       135.4951680981         2.8801801617         1.3863335388         0.8879051621         1.2333398644         2.3648368039
        6.1150000000       141.3899375117         2.8867794939         1.3786765582         0.8955607945         1.0338778917         2.4677199388
        6.1200000000       147.2498210739         2.8933269601         1.3990951731         0.9057683043         1.5657764855         2.5699942007
        6.1250000000       153.0733729460         2.8998222140         1.3939905194         0.8955607945         1.4328018371         2.6716343550
        6.1300000000       158.8591562539         2.9062648849         1.3888858657         0.9006645494         1.2998271886         2.7726153236
        6.1350000000       164.6057434420         2.9126545766         1.4271707685         0.9134239367         2.2971370520         2.8729121908
        6.1400000000       170.3117166260         2.9189908657         1.3863335388         0.9134239367         1.2333398644         2.9725002098
        6.1450000000       175.9756679424         2.9252733009         1.3888858657         0.9185276916         1.2998271886         3.0713548090
        6.1500000000       181.5961998958         2.9315014016         1.4067521537         0.9312870789         1.7652384582         3.1694515973
        6.1550000000       187.1719257042         2.9376746570         1.3965428462         0.9363908338         1.4992891613         3.2667663708
        6.1600000000       192.7014696407         2.9437925258         1.4041998268         0.9389427113         1.6987511340         3.3632751187
        6.1650000000       198.1834673730         2.9498544352         1.4041998268         0.9465983437         1.6987511340         3.4589540287
        6.1700000000       203.6165663001         2.9558597803         1.4118568074         0.9593577310         1.8982131067         3.5537794935
        6.1750000000       208.9994258864         2.9618079240         1.4220661148         0.9746689957         2.1641624036         3.6477281165
        6.1800000000       214.3307179916         2.9676981964         1.4093044805         0.9746689957         1.8317257824         3.7407767171
        6.1850000000       219.6091271992         2.9735298953         1.4220661148         0.9899802605         2.1641624036         3.8329023371
        6.1900000000       224.8333511408         2.9793022852         1.4169614611         0.9899802605         2.0311877551         3.9240822457
        6.1950000000       230.0021008173         2.9850145984         1.4195137880         1.0001877703         2.0976750794         4.0142939458
        6.2000000000       235.1141009170         2.9906660345         1.4195137880         1.0052915252         2.0976750794         4.1035151789
        6.2050000000       240.1680901303         2.9962557614         1.4220661148         1.0129471576         2.1641624036         4.1917239310
        6.2100000000       245.1628214612         3.0017829149         1.4271707685         1.0206027900         2.2971370520         4.2788984380
        6.2150000000       250.0970625343         3.0072466001         1.4246184417         1.0384659322         2.2306497278         4.3650171908
        6.2200000000       254.9695958995         3.0126458917         1.4680079982         1.0410178097         3.3609342397         4.4500589409
        6.2250000000       259.7792193321         3.0179798348         1.4271707685         1.0486734420         2.2971370520         4.5340027056
        6.2300000000       264.5247461295         3.0232474456         1.4373800759         1.0588809519         2.5630863489         4.6168277730
        6.2350000000       269.2050054039         3.0284477129         1.4246184417         1.0614328293         2.2306497278         4.6985137071
        6.2400000000       273.8188423715         3.0335795986         1.4271707685         1.0767440941         2.2971370520         4.7790403534
        6.2450000000       278.3651186369         3.0386420395         1.4322754222         1.0843997265         2.4301117005         4.8583878429
        6.2500000000       282.8427124746         3.0436339477         1.4246184417         1.0869516039         2.2306497278         4.9365365980
        6.2550000000       287.2505191053         3.0485542129         1.4424847297         1.0997109912         2.6960609974         5.0134673364
        6.2600000000       291.5874509686         3.0534017031         1.4271707685         1.1099185011         2.2971370520         5.0891610769
        6.2650000000       295.8524379914         3.0581752665         1.4475893834         1.1252297658         2.8290356458         5.1635991430
        6.2700000000       300.0444278522         3.0628737327         1.4424847297         1.1328853982         2.6960609974         5.2367631683
        6.2750000000       304.1623862400         3.0674959150         1.4629033445         1.1456447855         3.2279595912         5.3086351006
        6.2800000000       308.2052971103         3.0720406111         1.4552463639         1.1481966629         3.0284976185         5.3791972067
        6.2850000000       312.1721629353         3.0765066059         1.4629033445         1.1686116826         3.2279595912         5.4484320763
        6.2900000000       316.0620049503         3.0808926726         1.4629033445         1.1711635601         3.2279595912         5.5163226268
        6.2950000000       319.8738633948         3.0851975746         1.4705603251         1.1992342121         3.4274215639         5.5828521073
        6.3000000000       323.6067977500         3.0894200679         1.4705603251         1.2043379670         3.4274215639         5.6480041026
        6.3050000000       327.2598869700         3.0935589025         1.4680079982         1.2145454769         3.3609342397         5.7117625373
        6.3100000000       330.8322297098         3.0976128245         1.4756649788         1.2324086191         3.5603962123         5.7741116802
        6.3150000000       334.3229445473         3.1015805783         1.4782173056         1.2451680064         3.6268835366         5.8350361473
        6.3200000000       337.7311702008         3.1054609083         1.4833219594         1.2553755162         3.7598581850         5.8945209066
        6.3250000000       341.0560657416         3.1092525612         1.4884266131         1.2732386584         3.8928328335         5.9525512811
        6.3300000000       344.2968108016         3.1129542879         1.4909789399         1.2834461683         3.9593201577         6.0091129526
        6.3350000000       347.4526057753         3.1165648456         1.4986359205         1.3115168203         4.1587821304         6.0641919654
        6.3400000000       350.5226720175         3.1200829998         1.5011882474         1.3217243302         4.2252694546         6.1177747296
        6.3450000000       353.5062520355         3.1235075265         1.4935312668         1.3344837175         4.0258074819         6.1698480244
        6.3500000000       356.4026096753         3.1268372140         1.5190545354         1.3600024920         4.6906807242         6.2203990015
        6.3550000000       359.2110303042         3.1300708653         1.4935312668         1.3625543695         4.0258074819         6.2694151883
        6.3600000000       361.9308209864         3.1332072998         1.5165022085         1.3931768990         4.6241934000         6.3168844907
        6.3650000000       364.5613106542         3.1362453554         1.5011882474         1.4008325314         4.2252694546         6.3627951963
        6.3700000000       367.1018502736         3.1391838905         1.5088452279         1.4212475511         4.4247314273         6.4071359774
        6.3750000000       369.5518130045         3.1420217861         1.5139498816         1.4340069384         4.5577060757         6.4498958936
        6.3800000000       371.9105943553         3.1447579474         1.5241591891         1.4595257129         4.8236553726         6.4910643945
        6.3850000000       374.1776123319         3.1473913061         1.5190545354         1.4748369777         4.6906807242         6.5306313224
        6.3900000000       376.3523075817         3.1499208217         1.5267115159         1.5003557523         4.8901426969         6.5685869148
        6.3950000000       378.4341435310         3.1523454838         1.5318161696         1.5182188945         5.0231173453         6.6049218066
        6.4000000000       380.4226065181         3.1546643138         1.5318161696         1.5360820367         5.0231173453         6.6396270328
        6.4050000000       382.3172059193         3.1568763662         1.5318161696         1.5564970564         5.0231173453         6.6726940303
        6.4100000000       384.1174742708         3.1589807307         1.5267115159         1.5667045662         4.8901426969         6.7041146405
        6.4150000000       385.8229673831         3.1609765334         1.5292638428         1.5845677084         4.9566300211         6.7338811107
        6.4200000000       387.4332644515         3.1628629388         1.5343684965         1.6126383605         5.0896046696         6.7619860964
        6.4250000000       388.9479681591         3.1646391507         1.5394731502         1.6253977478         5.2225793180         6.7884226633
        6.4300000000       390.3667047755         3.1663044142         1.5343684965         1.6381571351         5.0896046696         6.8131842885
        6.4350000000       391.6891242487         3.1678580163         1.5394731502         1.6636759097         5.2225793180         6.8362648624
        6.4400000000       392.9149002915         3.1692992880         1.5343684965         1.6789871744         5.0896046696         6.8576586902
        6.4450000000       394.0437304619         3.1706276047         1.5547871113         1.7121615814         5.6215032634         6.8773604934
        6.4500000000       395.0753362381         3.1718423878         1.5394731502         1.7249209687         5.2225793180         6.8953654108
        6.4550000000       396.0094630866         3.1729431054         1.5420254771         1.7325766011         5.2890666422         6.9116689999
        6.4600000000       396.8458805258         3.1739292736         1.5420254771         1.7606472531         5.2890666422         6.9262672382
        6.4650000000       397.5843821821         3.1748004568         1.5547871113         1.7938216601         5.6215032634         6.9391565236
        6.4700000000       398.2247858412         3.1755562692         1.5343684965         1.8014772924         5.0896046696         6.9503336760
        6.4750000000       398.7669334933         3.1761963748         1.5496824576         1.8218923121         5.4885286149         6.9597959375
        6.4800000000       399.2106913713         3.1767204883         1.5471301308         1.8499629642         5.4220412907         6.9675409736
        6.4850000000       399.5559499848         3.1771283756         1.5598917651         1.8652742289         5.7544779118         6.9735668732
        6.4900000000       399.8026241463         3.1774198544         1.5496824576         1.8933448810         5.4885286149         6.9778721495
        6.4950000000       399.9506529927         3.1775947939         1.5598917651         1.9137599006         5.7544779118         6.9804557402
        6.5000000000       400.0000000000         3.1776531158         1.5624440919         1.9290711654         5.8209652360         6.9813170080
        6.5050000000       399.9506529927         3.1775947939         1.5649964188         1.9596936949         5.8874525603         6.9804557402
        6.5100000000       399.8026241463         3.1774198544         1.5522347845         1.9724530822         5.5550159391         6.9778721495
        6.5150000000       399.5559499848         3.1771283756         1.5726533993         2.0005237343         6.0869145330         6.9735668732
        6.5200000000       399.2106913713         3.1767204883         1.5649964188         2.0311462638         5.8874525603         6.9675409736
        6.5250000000       398.7669334933         3.1761963748         1.5624440919         2.0490094060         5.8209652360         6.9597959375
        6.5300000000       398.2247858412         3.1755562692         1.5777580530         2.0694244256         6.2198891814         6.9503336760
        6.5350000000       397.5843821821         3.1748004568         1.5854150336         2.1025988326         6.4193511541         6.9391565236
        6.5400000000       396.8458805258         3.1739292736         1.5675487456         2.1179100974         5.9539398845         6.9262672382
        6.5450000000       396.0094630866         3.1729431054         1.5752057262         2.1383251170         6.1534018572         6.9116689999
        6.5500000000       395.0753362381         3.1718423878         1.5752057262         2.1689476465         6.1534018572         6.8953654108
        6.5550000000       394.0437304619         3.1706276047         1.5624440919         2.1817070338         5.8209652360         6.8773604934
        6.5600000000       392.9149002915         3.1692992880         1.5701010725         2.2097776859         6.0204272087         6.8576586902
        6.5650000000       391.6891242487         3.1678580163         1.5905196873         2.2378483379         6.5523258025         6.8362648624
        6.5700000000       390.3667047755         3.1663044142         1.5675487456         2.2557114802         5.9539398845         6.8131842885
        6.5750000000       388.9479681591         3.1646391507         1.5752057262         2.2863340097         6.1534018572         6.7884226633
        6.5800000000       387.4332644515         3.1628629388         1.5752057262         2.3016452744         6.1534018572         6.7619860964
        6.5850000000       385.8229673831         3.1609765334         1.5803103799         2.3373715588         6.2863765056         6.7338811107
        6.5900000000       384.1174742708         3.1589807307         1.6134906290         2.3526828236         7.1507117206         6.7041146405
        6.5950000000       382.3172059193         3.1568763662         1.5777580530         2.3756497207         6.2198891814         6.6726940303
        6.6000000000       380.4226065181         3.1546643138         1.5624440919         2.4037203728         5.8209652360         6.6396270328
        6.6050000000       378.4341435310         3.1523454838         1.5803103799         2.4266872699         6.2863765056         6.6049218066
        6.6100000000       376.3523075817         3.1499208217         1.5879673605         2.4522060445         6.4858384783         6.5685869148
        6.6150000000       374.1776123319         3.1473913061         1.5803103799         2.4777248191         6.2863765056         6.5306313224
        6.6200000000       371.9105943553         3.1447579474         1.5701010725         2.5006917162         6.0204272087         6.4910643945
        6.6250000000       369.5518130045         3.1420217861         1.5752057262         2.5236586133         6.1534018572         6.4498958936
        6.6300000000       367.1018502736         3.1391838905         1.5777580530         2.5491773879         6.2198891814         6.4071359774
        6.6350000000       364.5613106542         3.1362453554         1.5803103799         2.5695924076         6.2863765056         6.3627951963
        6.6400000000       361.9308209864         3.1332072998         1.5803103799         2.6002149371         6.2863765056         6.3168844907
        6.6450000000       359.2110303042         3.1300708653         1.5803103799         2.6282855892         6.2863765056         6.2694151883
        6.6500000000       356.4026096754         3.1268372140         1.5777580530         2.6487006088         6.2198891814         6.2203990015
        6.6550000000       353.5062520355         3.1235075265         1.5879673605         2.6742193834         6.4858384783         6.1698480244
        6.6600000000       350.5226720175         3.1200829998         1.5752057262         2.6971862806         6.1534018572         6.1177747296
        6.6650000000       347.4526057753         3.1165648456         1.5752057262         2.7150494228         6.1534018572         6.0641919654
        6.6700000000       344.2968108016         3.1129542879         1.5701010725         2.7405681974         6.0204272087         6.0091129526
        6.6750000000       341.0560657416         3.1092525612         1.5777580530         2.7711907269         6.2198891814         5.9525512811
        6.6800000000       337.7311702008         3.1054609083         1.5777580530         2.7941576240         6.2198891814         5.8945209066
        6.6850000000       334.3229445473         3.1015805783         1.5879673605         2.8196763986         6.4858384783         5.8350361473
        6.6900000000       330.8322297098         3.0976128245         1.5777580530         2.8426432957         6.2198891814         5.7741116802
        6.6950000000       327.2598869700         3.0935589025         1.5803103799         2.8732658252         6.2863765056         5.7117625373
        6.7000000000       323.6067977500         3.0894200679         1.5726533993         2.8834733351         6.0869145330         5.6480041026
        6.7050000000       319.8738633948         3.0851975746         1.5752057262         2.9089921097         6.1534018572         5.5828521073
        6.7100000000       316.0620049503         3.0808926726         1.5752057262         2.9396146392         6.1534018572         5.5163226268
        6.7150000000       312.1721629353         3.0765066059         1.5828627068         2.9727890461         6.3528638299         5.4484320763
        6.7200000000       308.2052971103         3.0720406111         1.5701010725         2.9881003109         6.0204272087         5.3791972067
        6.7250000000       304.1623862400         3.0674959150         1.5675487456         3.0136190855         5.9539398845         5.3086351006
        6.7300000000       300.0444278522         3.0628737327         1.5777580530         3.0289303502         6.2198891814         5.2367631683
        6.7350000000       295.8524379914         3.0581752665         1.5701010725         3.0595528797         6.0204272087         5.1635991430
        6.7400000000       291.5874509686         3.0534017031         1.5624440919         3.0825197769         5.8209652360         5.0891610769
        6.7450000000       287.2505191053         3.0485542129         1.5726533993         3.1105904289         6.0869145330         5.0134673365
        6.7500000000       282.8427124746         3.0436339477         1.5649964188         3.1335573261         5.8874525603         4.9365365980
        6.7550000000       278.3651186369         3.0386420395         1.5522347845         3.1412129584         5.5550159391         4.8583878429
        6.7600000000       273.8188423715         3.0335795986         1.5573394382         3.1616279781         5.6879905876         4.7790403534
        6.7650000000       269.2050054039         3.0284477129         1.5675487456         3.1922505076         5.9539398845         4.6985137071
        6.7700000000       264.5247461295         3.0232474456         1.5496824576         3.2075617724         5.4885286149         4.6168277730
        6.7750000000       259.7792193321         3.0179798348         1.5675487456         3.2432880568         5.9539398845         4.5340027056
        6.7800000000       254.9695958995         3.0126458917         1.5522347845         3.2560474441         5.5550159391         4.4500589409
        6.7850000000       250.0970625343         3.0072466001         1.5522347845         3.2764624638         5.5550159391         4.3650171908
        6.7900000000       245.1628214612         3.0017829149         1.5547871113         3.3019812383         5.6215032634         4.2788984380
        6.7950000000       240.1680901304         2.9962557614         1.5573394382         3.3300518904         5.6879905876         4.1917239310
        6.8000000000       235.1141009170         2.9906660345         1.5547871113         3.3453631551         5.6215032634         4.1035151789
        6.8050000000       230.0021008173         2.9850145984         1.5471301308         3.3606744199         5.4220412907         4.0142939458
        6.8100000000       224.8333511409         2.9793022852         1.5445778039         3.3912969494         5.3555539665         3.9240822457
        6.8150000000       219.6091271993         2.9735298953         1.5394731502         3.4040563367         5.2225793180         3.8329023371
        6.8200000000       214.3307179916         2.9676981964         1.5496824576         3.4321269888         5.4885286149         3.7407767171
        6.8250000000       208.9994258864         2.9618079240         1.5445778039         3.4525420084         5.3555539665         3.6477281165
        6.8300000000       203.6165663002         2.9558597803         1.5420254771         3.4729570281         5.2890666422         3.5537794935
        6.8350000000       198.1834673730         2.9498544352         1.5445778039         3.4908201703         5.3555539665         3.4589540287
        6.8400000000       192.7014696407         2.9437925258         1.5471301308         3.5163389449         5.4220412907         3.3632751187
        6.8450000000       187.1719257042         2.9376746570         1.5496824576         3.5393058420         5.4885286149         3.2667663708
        6.8500000000       181.5961998958         2.9315014016         1.5394731502         3.5571689842         5.2225793180         3.1694515973
        6.8550000000       175.9756679424         2.9252733009         1.5369208233         3.5750321265         5.1560919938         3.0713548090
        6.8600000000       170.3117166260         2.9189908657         1.5292638428         3.5928952687         4.9566300211         2.9725002098
        6.8650000000       164.6057434421         2.9126545766         1.5496824576         3.6184140433         5.4885286149         2.8729121908
        6.8700000000       158.8591562539         2.9062648849         1.5216068622         3.6286215531         4.7571680484         2.7726153236
        6.8750000000       153.0733729460         2.8998222140         1.5267115159         3.6592440826         4.8901426969         2.6716343550
        6.8800000000       147.2498210739         2.8933269601         1.5318161696         3.6720034699         5.0231173453         2.5699942007
        6.8850000000       141.3899375117         2.8867794939         1.5267115159         3.6898666121         4.8901426969         2.4677199388
        6.8900000000       135.4951680981         2.8801801617         1.5318161696         3.7179372642         5.0231173453         2.3648368039
        6.8950000000       129.5669672793         2.8735292869         1.5088452279         3.7230410191         4.4247314273         2.2613701808
        6.9000000000       123.6067977500         2.8668271717         1.5088452279         3.7409041613         4.4247314273         2.1573455986
        6.9050000000       117.6161300929         2.8600740989         1.5165022085         3.7664229359         4.6241934000         2.0527887236
        6.9100000000       111.5964424157         2.8532703340         1.5088452279         3.7791823232         4.4247314273         1.9477253537
        6.9150000000       105.5492199862         2.8464161264         1.5037405742         3.7995973429         4.2917567788         1.8421814117
        6.9200000000        99.4759548660         2.8395117125         1.5190545354         3.8251161174         4.6906807242         1.7361829390
        6.9250000000        93.3781455424         2.8325573170         1.4935312668         3.8251161174         4.0258074819         1.6297560891
        6.9300000000        87.2572965586         2.8255531559         1.5011882474         3.8429792597         4.2252694546         1.5229271213
        6.9350000000        81.1149181426         2.8184994384         1.4935312668         3.8633942793         4.0258074819         1.4157223941
        6.9400000000        74.9525258343         2.8113963695         1.4858742862         3.8761536666         3.8263455092         1.3081683585
        6.9450000000        68.7716401118         2.8042441528         1.4935312668         3.8991205638         4.0258074819         1.2002915519
        6.9500000000        62.5737860161         2.7970429930         1.4884266131         3.9118799510         3.8928328335         1.0921185914
        6.9550000000        56.3604927750         2.7897930986         1.4858742862         3.9246393383         3.8263455092         0.9836761670
        6.9600000000        50.1332934257         2.7824946846         1.4705603251         3.9373987256         3.4274215639         0.8749910351
        6.9650000000        43.8937244364         2.7751479756         1.4731126519         3.9552618679         3.4939088881         0.7660900124
        6.9700000000        37.6433253274         2.7677532089         1.4629033445         3.9680212551         3.2279595912         0.6569999684
        6.9750000000        31.3836382911         2.7603106368         1.4782173056         3.9807806424         3.6268835366         0.5477478194
        6.9800000000        25.1162078117         2.7528205304         1.4526940371         3.9909881523         2.9620102943         0.4383605219
        6.9850000000        18.8425802839         2.7329438599         1.4577986908         4.0088512945         3.0949849428         0.3288650655
        6.9900000000        12.5643036313         2.6584512181         1.4526940371         4.0216106818         2.9620102943         0.2192884666
        6.9950000000         6.2829269247         2.5839217938         1.4373800759         4.0267144367         2.5630863489         0.1096577615
        7.0000000000         0.0000000000         2.5093739758         1.4450370565         4.0420257015         2.7625483216         0.0000000000
        7.0050000000        -6.2829269247         2.4348261579         1.4450370565         4.0573369662         2.7625483216        -0.1096577615
        7.0100000000       -12.5643036312         2.3602967335         1.4246184417         4.0598888437         2.2306497278        -0.2192884666
        7.0150000000       -18.8425802838         2.2858040918         1.3965428462         4.0649925986         1.4992891613        -0.3288650655
        7.0200000000       -25.1162078117         2.2629783296         1.3837812120         4.0777519859         1.1668525402        -0.4383605219
        7.0250000000       -31.3836382911         2.2520021131         1.3608102703         4.0828557408         0.5684666221        -0.5477478194
        7.0300000000       -37.6433253274         2.2412136998         1.3429439823         4.0777519859         0.1030553526        -0.6569999684
        7.0350000000       -43.8937244364         2.2306103216         1.3403916554         4.0828557408         0.0365680283        -0.7660900124
        7.0400000000       -50.1332934257         2.2201891252         1.3378393285         4.0777519859        -0.0299192959        -0.8749910351
        7.0450000000       -56.3604927750         2.2099471839         1.3378393285         4.0803038633        -0.0299192959        -0.9836761670
        7.0500000000       -62.5737860161         2.1998815078         1.3429439823         4.0854076183         0.1030553526        -1.0921185914
        7.0550000000       -68.7716401118         2.1899890546         1.3378393285         4.0777519859        -0.0299192959        -1.2002915519
        7.0600000000       -74.9525258343         2.1802667400         1.3429439823         4.0854076183         0.1030553526        -1.3081683585
        7.0650000000       -81.1149181426         2.1707114477         1.3378393285         4.0803038633        -0.0299192959        -1.4157223941
        7.0700000000       -87.2572965586         2.1613200391         1.2867927914         4.0777519859        -1.3596657804        -1.5229271213
        7.0750000000       -93.3781455424         2.1520893631         1.2816881377         4.0675444760        -1.4926404289        -1.6297560891
        7.0800000000       -99.4759548659         2.1430162650         1.2970020988         4.0649925986        -1.0937164835        -1.7361829390
        7.0850000000      -105.5492199861         2.1340975957         1.2918974451         4.0573369662        -1.2266911320        -1.8421814117
        7.0900000000      -111.5964424157         2.1253302200         1.2714788303         4.0573369662        -1.7585897258        -1.9477253537
        7.0950000000      -117.6161300929         2.1167110251         1.2944497720         4.0496813338        -1.1602038078        -2.0527887236
        7.1000000000      -123.6067977500         2.1082369281         1.2689265034         4.0445775789        -1.8250770500        -2.1573455986
        7.1050000000      -129.5669672793         2.0999048839         1.2842404646         4.0445775789        -1.4261531047        -2.2613701808
        7.1100000000      -135.4951680981         2.0917118922         1.2893451183         4.0369219465        -1.2931784562        -2.3648368039
        7.1150000000      -141.3899375117         2.0836550044         1.2944497720         4.0292663142        -1.1602038078        -2.4677199388
        7.1200000000      -147.2498210739         2.0757313294         1.2510602154         4.0088512945        -2.2904883196        -2.5699942007
        7.1250000000      -153.0733729460         2.0679380406         1.2765834840         4.0165069269        -1.6256150773        -2.6716343550
        7.1300000000      -158.8591562539         2.0602723806         1.2587171960         3.9960919072        -2.0910263469        -2.7726153236
        7.1350000000      -164.6057434420         2.0527316669         1.2689265034         3.9960919072        -1.8250770500        -2.8729121908
        7.1400000000      -170.3117166260         2.0453132966         1.2612695229         3.9909881523        -2.0245390227        -2.9725002098
        7.1450000000      -175.9756679424         2.0380147508         1.2587171960         3.9884362748        -2.0910263469        -3.0713548090
        7.1500000000      -181.5961998958         2.0308335989         1.2510602154         3.9654693777        -2.2904883196        -3.1694515973
        7.1550000000      -187.1719257042         2.0237675017         1.2765834840         3.9731250101        -1.6256150773        -3.2667663708
        7.1600000000      -192.7014696407         2.0168142153         1.2408509080         3.9501581129        -2.5564376165        -3.3632751187
        7.1650000000      -198.1834673730         2.0099715935         1.2612695229         3.9476062355        -2.0245390227        -3.4589540287
        7.1700000000      -203.6165663001         2.0032375906         1.2459555617         3.9425024806        -2.4234629681        -3.5537794935
        7.1750000000      -208.9994258864         1.9966102633         1.2485078886         3.9348468482        -2.3569756438        -3.6477281165
        7.1800000000      -214.3307179916         1.9900877726         1.2408509080         3.9118799510        -2.5564376165        -3.7407767171
        7.1850000000      -219.6091271992         1.9836683853         1.2357462543         3.9016724412        -2.6894122650        -3.8329023371
        7.1900000000      -224.8333511408         1.9773504748         1.2357462543         3.8965686863        -2.6894122650        -3.9240822457
        7.1950000000      -230.0021008173         1.9711325220         1.2382985811         3.8889130539        -2.6229249407        -4.0142939458
        7.2000000000      -235.1141009170         1.9650131156         1.2459555617         3.8889130539        -2.4234629681        -4.1035151789
        7.2050000000      -240.1680901303         1.9589909521         1.2434032349         3.8761536666        -2.4899502923        -4.1917239310
        7.2100000000      -245.1628214612         1.9530648358         1.2204322931         3.8531867695        -3.0883362103        -4.2788984380
        7.2150000000      -250.0970625343         1.9472336779         1.2331939274         3.8480830146        -2.7558995892        -4.3650171908
        7.2200000000      -254.9695958995         1.9414964956         1.2153276394         3.8327717498        -3.2213108588        -4.4500589409
        7.2250000000      -259.7792193321         1.9358524116         1.2127753126         3.8200123625        -3.2877981830        -4.5340027056
        7.2300000000      -264.5247461295         1.9303006518         1.2178799663         3.8123567301        -3.1548235346        -4.6168277730
        7.2350000000      -269.2050054039         1.9248405443         1.2153276394         3.8072529752        -3.2213108588        -4.6985137071
        7.2400000000      -273.8188423715         1.9194715173         1.2204322931         3.7995973429        -3.0883362103        -4.7790403534
        7.2450000000      -278.3651186369         1.9141930969         1.2178799663         3.7842860781        -3.1548235346        -4.8583878429
        7.2500000000      -282.8427124746         1.9090049047         1.2076706589         3.7638710584        -3.4207728315        -4.9365365980
        7.2550000000      -287.2505191053         1.9039066556         1.1974613514         3.7460079162        -3.6867221284        -5.0134673364
        7.2600000000      -291.5874509686         1.8988981545         1.1872520440         3.7332485289        -3.9526714253        -5.0891610769
        7.2650000000      -295.8524379914         1.8939792940         1.1974613514         3.7179372642        -3.6867221284        -5.1635991430
        7.2700000000      -300.0444278522         1.8891500507         1.2051183320         3.7077297543        -3.4872601557        -5.2367631683
        7.2750000000      -304.1623862400         1.8844104825         1.1923566977         3.6898666121        -3.8196967768        -5.3086351006
        7.2800000000      -308.2052971103         1.8797607249         1.1846997172         3.6796591023        -4.0191587495        -5.3791972067
        7.2850000000      -312.1721629353         1.8752009876         1.1949090246         3.6617959601        -3.7532094526        -5.4484320763
        7.2900000000      -316.0620049503         1.8707315508         1.1898043709         3.6566922051        -3.8861841010        -5.5163226268
        7.2950000000      -319.8738633948         1.8663527618         1.1898043709         3.6337253080        -3.8861841010        -5.5828521073
        7.3000000000      -323.6067977500         1.8620650308         1.1821473903         3.6184140433        -4.0856460737        -5.6480041026
        7.3050000000      -327.2598869700         1.8578688273         1.1898043709         3.6082065334        -3.8861841010        -5.7117625373
        7.3100000000      -330.8322297098         1.8537646761         1.1744904097         3.5826877588        -4.2851080464        -5.7741116802
        7.3150000000      -334.3229445473         1.8497531533         1.1923566977         3.5724802490        -3.8196967768        -5.8350361473
        7.3200000000      -337.7311702008         1.8458348823         1.1744904097         3.5520652293        -4.2851080464        -5.8945209066
        7.3250000000      -341.0560657416         1.8420105296         1.1668334292         3.5367539646        -4.4845700191        -5.9525512811
        7.3300000000      -344.2968108016         1.8382808013         1.1668334292         3.5086833125        -4.4845700191        -6.0091129526
        7.3350000000      -347.4526057753         1.8346464383         1.1540717949         3.5010276801        -4.8170066402        -6.0641919654
        7.3400000000      -350.5226720175         1.8311082127         1.1668334292         3.4831645379        -4.4845700191        -6.1177747296
        7.3450000000      -353.5062520355         1.8276669236         1.1438624875         3.4627495183        -5.0829559371        -6.1698480244
        7.3500000000      -356.4026096753         1.8243233934         1.1566241217         3.4448863760        -4.7505193160        -6.2203990015
        7.3550000000      -359.2110303042         1.8210784631         1.1540717949         3.4270232338        -4.8170066402        -6.2694151883
        7.3600000000      -361.9308209864         1.8179329893         1.1566241217         3.4117119691        -4.7505193160        -6.3168844907
        7.3650000000      -364.5613106542         1.8148878395         1.1668334292         3.3861931945        -4.4845700191        -6.3627951963
        7.3700000000      -367.1018502736         1.8119438888         1.1387578337         3.3683300523        -5.2159305856        -6.4071359774
        7.3750000000      -369.5518130045         1.8091020161         1.1489671412         3.3530187875        -4.9499812887        -6.4498958936
        7.3800000000      -371.9105943553         1.8063631002         1.1387578337         3.3300518904        -5.2159305856        -6.4910643945
        7.3850000000      -374.1776123319         1.8037280162         1.1413101606         3.3070849933        -5.1494432614        -6.5306313224
        7.3900000000      -376.3523075817         1.8011976323         1.1413101606         3.2943256060        -5.1494432614        -6.5685869148
        7.3950000000      -378.4341435310         1.7987728063         1.1311008532         3.2688068314        -5.4153925583        -6.6049218066
        7.4000000000      -380.4226065181         1.7964543820         1.1234438726         3.2458399342        -5.6148545309        -6.6396270328
        7.4050000000      -382.3172059193         1.7942431866         1.1311008532         3.2279767920        -5.4153925583        -6.6726940303
        7.4100000000      -384.1174742708         1.7921400270         1.1208915457         3.2050098949        -5.6813418552        -6.7041146405
        7.4150000000      -385.8229673831         1.7901456873         1.1234438726         3.1794911203        -5.6148545309        -6.7338811107
        7.4200000000      -387.4332644515         1.7882609257         1.1234438726         3.1590761006        -5.6148545309        -6.7619860964
        7.4250000000      -388.9479681591         1.7864864721         1.1208915457         3.1386610810        -5.6813418552        -6.7884226633
        7.4300000000      -390.3667047755         1.7848230252         1.1259961995         3.1156941838        -5.5483672067        -6.8131842885
        7.4350000000      -391.6891242487         1.7832712502         1.1030252578         3.1003829191        -6.1467531248        -6.8362648624
        7.4400000000      -392.9149002915         1.7818317767         1.1208915457         3.0723122670        -5.6813418552        -6.8576586902
        7.4450000000      -394.0437304619         1.7805051964         1.1208915457         3.0518972474        -5.6813418552        -6.8773604934
        7.4500000000      -395.0753362381         1.7792920610         1.1157868920         3.0289303502        -5.8143165036        -6.8953654108
        7.4550000000      -396.0094630866         1.7781928805         1.0979206040         3.0085153306        -6.2797277732        -6.9116689999
        7.4600000000      -396.8458805258         1.7772081215         1.1106822383         2.9829965560        -5.9472911521        -6.9262672382
        7.4650000000      -397.5843821821         1.7763382058         1.1004729309         2.9574777814        -6.2132404490        -6.9391565236
        7.4700000000      -398.2247858412         1.7755835085         1.0979206040         2.9294071293        -6.2797277732        -6.9503336760
        7.4750000000      -398.7669334933         1.7749443576         1.1106822383         2.9140958646        -5.9472911521        -6.9597959375
        7.4800000000      -399.2106913713         1.7744210320         1.1055775846         2.8834733351        -6.0802658005        -6.9675409736
        7.4850000000      -399.5559499848         1.7740137615         1.1055775846         2.8630583154        -6.0802658005        -6.9735668732
        7.4900000000      -399.8026241463         1.7737227254         1.1004729309         2.8400914183        -6.2132404490        -6.9778721495
        7.4950000000      -399.9506529927         1.7735480522         1.1106822383         2.8222282761        -5.9472911521        -6.9804557402
        7.5000000000      -400.0000000000         1.7734898192         1.0979206040         2.7865019916        -6.2797277732        -6.9813170080
        7.5050000000      -399.9506529927         1.7735480522         1.1081299115         2.7737426043        -6.0137784763        -6.9804557402
        7.5100000000      -399.8026241463         1.7737227254         1.1081299115         2.7507757072        -6.0137784763        -6.9778721495
        7.5150000000      -399.5559499848         1.7740137615         1.0800543160         2.7099456679        -6.7451390428        -6.9735668732
        7.5200000000      -399.2106913713         1.7744210320         1.1157868920         2.6946344031        -5.8143165036        -6.9675409736
        7.5250000000      -398.7669334933         1.7749443576         1.0928159503         2.6691156285        -6.4127024217        -6.9597959375
        7.5300000000      -398.2247858412         1.7755835085         1.0953682772         2.6538043638        -6.3462150974        -6.9503336760
        7.5350000000      -397.5843821821         1.7763382058         1.0979206040         2.6231818342        -6.2797277732        -6.9391565236
        7.5400000000      -396.8458805258         1.7772081215         1.0902636235         2.5976630597        -6.4791897459        -6.9262672382
        7.5450000000      -396.0094630866         1.7781928805         1.0928159503         2.5695924076        -6.4127024217        -6.9116689999
        7.5500000000      -395.0753362381         1.7792920610         1.1081299115         2.5491773879        -6.0137784763        -6.8953654108
        7.5550000000      -394.0437304619         1.7805051964         1.0826066429         2.5338661232        -6.6786517186        -6.8773604934
        7.5600000000      -392.9149002915         1.7818317767         1.1055775846         2.5057954711        -6.0802658005        -6.8576586902
        7.5650000000      -391.6891242487         1.7832712502         1.0877112966         2.4700691867        -6.5456770701        -6.8362648624
        7.5700000000      -390.3667047755         1.7848230252         1.1004729309         2.4547579220        -6.2132404490        -6.8131842885
        7.5750000000      -388.9479681591         1.7864864721         1.1055775846         2.4266872699        -6.0802658005        -6.7884226633
        7.5800000000      -387.4332644515         1.7882609257         1.0723973355         2.4011684953        -6.9446010155        -6.7619860964
        7.5850000000      -385.8229673831         1.7901456873         1.1081299115         2.3756497207        -6.0137784763        -6.7338811107
        7.5900000000      -384.1174742708         1.7921400270         1.1004729309         2.3475790687        -6.2132404490        -6.7041146405
        7.5950000000      -382.3172059193         1.7942431866         1.1004729309         2.3373715588        -6.2132404490        -6.6726940303
        7.6000000000      -380.4226065181         1.7964543820         1.1030252578         2.2965415195        -6.1467531248        -6.6396270328
        7.6050000000      -378.4341435310         1.7987728063         1.0902636235         2.2863340097        -6.4791897459        -6.6049218066
        7.6100000000      -376.3523075817         1.8011976323         1.1055775846         2.2557114802        -6.0802658005        -6.5685869148
        7.6150000000      -374.1776123320         1.8037280162         1.1285485263         2.2352964605        -5.4818798825        -6.5306313224
        7.6200000000      -371.9105943553         1.8063631002         1.1030252578         2.2046739310        -6.1467531248        -6.4910643945
        7.6250000000      -369.5518130045         1.8091020161         1.1030252578         2.1893626662        -6.1467531248        -6.4498958936
        7.6300000000      -367.1018502736         1.8119438888         1.0979206040         2.1536363818        -6.2797277732        -6.4071359774
        7.6350000000      -364.5613106542         1.8148878395         1.1055775846         2.1408769945        -6.0802658005        -6.3627951963
        7.6400000000      -361.9308209864         1.8179329893         1.0902636235         2.1077025875        -6.4791897459        -6.3168844907
        7.6450000000      -359.2110303043         1.8210784631         1.1234438726         2.0949432002        -5.6148545309        -6.2694151883
        7.6500000000      -356.4026096754         1.8243233934         1.1030252578         2.0668725482        -6.1467531248        -6.2203990015
        7.6550000000      -353.5062520355         1.8276669236         1.1004729309         2.0413537736        -6.2132404490        -6.1698480244
        7.6600000000      -350.5226720175         1.8311082127         1.1055775846         2.0132831215        -6.0802658005        -6.1177747296
        7.6650000000      -347.4526057753         1.8346464383         1.1055775846         1.9979718568        -6.0802658005        -6.0641919654
        7.6700000000      -344.2968108016         1.8382808013         1.1183392189         1.9775568371        -5.7478291794        -6.0091129526
        7.6750000000      -341.0560657416         1.8420105296         1.1208915457         1.9545899400        -5.6813418552        -5.9525512811
        7.6800000000      -337.7311702008         1.8458348823         1.1157868920         1.9341749203        -5.8143165036        -5.8945209066
        7.6850000000      -334.3229445473         1.8497531533         1.1259961995         1.9112080232        -5.5483672067        -5.8350361473
        7.6900000000      -330.8322297098         1.8537646761         1.1132345652         1.8907930035        -5.8808038279        -5.7741116802
        7.6950000000      -327.2598869700         1.8578688273         1.1208915457         1.8601704740        -5.6813418552        -5.7117625373
        7.7000000000      -323.6067977500         1.8620650308         1.1132345652         1.8448592093        -5.8808038279        -5.6480041026
        7.7050000000      -319.8738633948         1.8663527618         1.1387578337         1.8320998220        -5.2159305856        -5.5828521073
        7.7100000000      -316.0620049503         1.8707315508         1.1311008532         1.8014772924        -5.4153925583        -5.5163226268
        7.7150000000      -312.1721629353         1.8752009876         1.1362055069         1.7912697826        -5.2824179098        -5.4484320763
        7.7200000000      -308.2052971103         1.8797607249         1.1413101606         1.7708547629        -5.1494432614        -5.3791972067
        7.7250000000      -304.1623862400         1.8844104825         1.1311008532         1.7478878658        -5.4153925583        -5.3086351006
        7.7300000000      -300.0444278522         1.8891500507         1.1413101606         1.7249209687        -5.1494432614        -5.2367631683
        7.7350000000      -295.8524379915         1.8939792940         1.1259961995         1.7019540715        -5.5483672067        -5.1635991430
        7.7400000000      -291.5874509686         1.8988981545         1.1489671412         1.6891946843        -4.9499812887        -5.0891610769
        7.7450000000      -287.2505191053         1.9039066556         1.1362055069         1.6560202773        -5.2824179098        -5.0134673365
        7.7500000000      -282.8427124746         1.9090049047         1.1208915457         1.6381571351        -5.6813418552        -4.9365365980
        7.7550000000      -278.3651186369         1.9141930969         1.1489671412         1.6279496252        -4.9499812887        -4.8583878429
        7.7600000000      -273.8188423715         1.9194715173         1.1515194680         1.6151902379        -4.8834939645        -4.7790403534
        7.7650000000      -269.2050054039         1.9248405443         1.1362055069         1.5871195859        -5.2824179098        -4.6985137071
        7.7700000000      -264.5247461295         1.9303006518         1.1540717949         1.5718083211        -4.8170066402        -4.6168277730
        7.7750000000      -259.7792193321         1.9358524116         1.1515194680         1.5437376691        -4.8834939645        -4.5340027056
        7.7800000000      -254.9695958995         1.9414964956         1.1515194680         1.5335301593        -4.8834939645        -4.4500589409
        7.7850000000      -250.0970625343         1.9472336779         1.1489671412         1.5054595072        -4.9499812887        -4.3650171908
        7.7900000000      -245.1628214612         1.9530648358         1.1693857560         1.5029076297        -4.4180826949        -4.2788984380
        7.7950000000      -240.1680901304         1.9589909521         1.1795950634         1.4748369777        -4.1521333980        -4.1917239310
        7.8000000000      -235.1141009170         1.9650131156         1.1617287755         1.4569738355        -4.6175446675        -4.1035151789
        7.8050000000      -230.0021008173         1.9711325220         1.1668334292         1.4442144482        -4.4845700191        -4.0142939458
        7.8100000000      -224.8333511409         1.9773504748         1.1668334292         1.4263513060        -4.4845700191        -3.9240822457
        7.8150000000      -219.6091271993         1.9836683853         1.1770427366         1.4110400412        -4.2186207222        -3.8329023371
        7.8200000000      -214.3307179916         1.9900877726         1.1821473903         1.4033844088        -4.0856460737        -3.7407767171
        7.8250000000      -208.9994258864         1.9966102633         1.1770427366         1.3855212666        -4.2186207222        -3.6477281165
        7.8300000000      -203.6165663002         2.0032375906         1.1719380829         1.3574506146        -4.3515953706        -3.5537794935
        7.8350000000      -198.1834673730         2.0099715935         1.1770427366         1.3446912273        -4.2186207222        -3.4589540287
        7.8400000000      -192.7014696407         2.0168142153         1.1770427366         1.3268280851        -4.2186207222        -3.3632751187
        7.8450000000      -187.1719257042         2.0237675017         1.1846997172         1.3166205752        -4.0191587495        -3.2667663708
        7.8500000000      -181.5961998958         2.0308335989         1.1744904097         1.2936536781        -4.2851080464        -3.1694515973
        7.8550000000      -175.9756679424         2.0380147508         1.1898043709         1.2859980457        -3.8861841010        -3.0713548090
        7.8600000000      -170.3117166260         2.0453132966         1.1872520440         1.2706867810        -3.9526714253        -2.9725002098
        7.8650000000      -164.6057434421         2.0527316669         1.1974613514         1.2553755162        -3.6867221284        -2.8729121908
        7.8700000000      -158.8591562539         2.0602723806         1.1949090246         1.2426161289        -3.7532094526        -2.7726153236
        7.8750000000      -153.0733729460         2.0679380406         1.1974613514         1.2324086191        -3.6867221284        -2.6716343550
        7.8800000000      -147.2498210739         2.0757313294         1.1949090246         1.2145454769        -3.7532094526        -2.5699942007
        7.8850000000      -141.3899375117         2.0836550044         1.2051183320         1.2017860896        -3.4872601557        -2.4677199388
        7.8900000000      -135.4951680981         2.0917118922         1.1974613514         1.1864748248        -3.6867221284        -2.3648368039
        7.8950000000      -129.5669672793         2.0999048839         1.2076706589         1.1788191925        -3.4207728315        -2.2613701808
        7.9000000000      -123.6067977500         2.1082369281         1.2102229857         1.1609560502        -3.3542855072        -2.1573455986
        7.9050000000      -117.6161300929         2.1167110251         1.2127753126         1.1584041728        -3.2877981830        -2.0527887236
        7.9100000000      -111.5964424157         2.1253302200         1.2153276394         1.1405410306        -3.2213108588        -1.9477253537
        7.9150000000      -105.5492199862         2.1340975957         1.2204322931         1.1277816433        -3.0883362103        -1.8421814117
        7.9200000000       -99.4759548660         2.1430162650         1.2153276394         1.1150222560        -3.2213108588        -1.7361829390
        7.9250000000       -93.3781455424         2.1520893631         1.2306416006         1.1073666236        -2.8223869134        -1.6297560891
        7.9300000000       -87.2572965586         2.1613200391         1.2306416006         1.0971591138        -2.8223869134        -1.5229271213
        7.9350000000       -81.1149181426         2.1707114477         1.2331939274         1.0869516039        -2.7558995892        -1.4157223941
        7.9400000000       -74.9525258343         2.1802667400         1.2280892737         1.0741922166        -2.8888742376        -1.3081683585
        7.9450000000       -68.7716401118         2.1899890546         1.2408509080         1.0665365843        -2.5564376165        -1.2002915519
        7.9500000000       -62.5737860161         2.1998815078         1.2459555617         1.0563290744        -2.4234629681        -1.0921185914
        7.9550000000       -56.3604927750         2.2099471839         1.2459555617         1.0512253195        -2.4234629681        -0.9836761670
        7.9600000000       -50.1332934257         2.2201891252         1.2638218497         1.0435696871        -1.9580516985        -0.8749910351
        7.9650000000       -43.8937244364         2.2306103216         1.2587171960         1.0333621773        -2.0910263469        -0.7660900124
        7.9700000000       -37.6433253274         2.2412136998         1.2612695229         1.0154990351        -2.0245390227        -0.6569999684
        7.9750000000       -31.3836382911         2.2520021131         1.2714788303         1.0154990351        -1.7585897258        -0.5477478194
        7.9800000000       -25.1162078117         2.2629783296         1.2714788303         1.0027396478        -1.7585897258        -0.4383605219
        7.9850000000       -18.8425802839         2.2858040918         1.2816881377         1.0027396478        -1.4926404289        -0.3288650655
        7.9900000000       -12.5643036313         2.3602967335         1.2791358108         0.9976358929        -1.5591277531        -0.2192884666
        7.9950000000        -6.2829269247         2.4348261579         1.2918974451         0.9925321379        -1.2266911320        -0.1096577615
        8.0000000000        -0.0000000000         2.5093739758         1.2995544257         0.9848765056        -1.0272291593        -0.0000000000
        8.0050000000         6.2829269247         2.5839217937         1.3097637331         0.9874283830        -0.7612798624         0.1096577615
        8.0100000000        12.5643036312         2.6584512181         1.3199730405         0.9848765056        -0.4953305655         0.2192884666
        8.0150000000        18.8425802838         2.7329438599         1.3276300211         0.9848765056        -0.2958685928         0.3288650655
        8.0200000000        25.1162078117         2.7528205304         1.3378393285         0.9772208732        -0.0299192959         0.4383605219
        8.0250000000        31.3836382911         2.7603106368         1.3454963091         0.9899802605         0.1695426768         0.5477478194
        8.0300000000        37.6433253274         2.7677532089         1.3352870017         0.9848765056        -0.0964066201         0.6569999684
        8.0350000000        43.8937244364         2.7751479756         1.3352870017         0.9797727506        -0.0964066201         0.7660900124
        8.0400000000        50.1332934257         2.7824946846         1.3429439823         0.9899802605         0.1030553526         0.8749910351
        8.0450000000        56.3604927750         2.7897930986         1.3378393285         0.9848765056        -0.0299192959         0.9836761670
        8.0500000000        62.5737860161         2.7970429930         1.3378393285         0.9848765056        -0.0299192959         1.0921185914
        8.0550000000        68.7716401118         2.8042441528         1.3378393285         0.9848765056        -0.0299192959         1.2002915519
        8.0600000000        74.9525258343         2.8113963695         1.3582579434         0.9925321379         0.5019792979         1.3081683585
        8.0650000000        81.1149181426         2.8184994384         1.4041998268         0.9823246281         1.6987511340         1.4157223941
        8.0700000000        87.2572965586         2.8255531559         1.3582579434         0.9848765056         0.5019792979         1.5229271213
        8.0750000000        93.3781455424         2.8325573170         1.3812288851         1.0052915252         1.1003652160         1.6297560891
        8.0800000000        99.4759548659         2.8395117125         1.3863335388         1.0027396478         1.2333398644         1.7361829390
        8.0850000000       105.5492199861         2.8464161264         1.3633625971         1.0027396478         0.6349539464         1.8421814117
        8.0900000000       111.5964424157         2.8532703340         1.3812288851         1.0078434027         1.1003652160         1.9477253537
        8.0950000000       117.6161300929         2.8600740989         1.3812288851         1.0103952802         1.1003652160         2.0527887236
        8.1000000000       123.6067977500         2.8668271717         1.3914381925         1.0257065449         1.3663145129         2.1573455986
        8.1050000000       129.5669672793         2.8735292869         1.3812288851         1.0180509125         1.1003652160         2.2613701808
        8.1100000000       135.4951680981         2.8801801617         1.3735719045         1.0206027900         0.9009032433         2.3648368039
        8.1150000000       141.3899375117         2.8867794939         1.3837812120         1.0282584224         1.1668525402         2.4677199388
        8.1200000000       147.2498210739         2.8933269601         1.3837812120         1.0333621773         1.1668525402         2.5699942007
        8.1250000000       153.0733729460         2.8998222140         1.3786765582         1.0333621773         1.0338778917         2.6716343550
        8.1300000000       158.8591562539         2.9062648849         1.3761242314         1.0384659322         0.9673905675         2.7726153236
        8.1350000000       164.6057434420         2.9126545766         1.3914381925         1.0537771970         1.3663145129         2.8729121908
        8.1400000000       170.3117166260         2.9189908657         1.3863335388         1.0537771970         1.2333398644         2.9725002098
        8.1450000000       175.9756679424         2.9252733009         1.3914381925         1.0563290744         1.3663145129         3.0713548090
        8.1500000000       181.5961998958         2.9315014016         1.3888858657         1.0639847068         1.2998271886         3.1694515973
        8.1550000000       187.1719257042         2.9376746570         1.3965428462         1.0767440941         1.4992891613         3.2667663708
        8.1600000000       192.7014696407         2.9437925258         1.3990951731         1.0792959716         1.5657764855         3.3632751187
        8.1650000000       198.1834673730         2.9498544352         1.4016475000         1.0869516039         1.6322638098         3.4589540287
        8.1700000000       203.6165663001         2.9558597803         1.3965428462         1.0843997265         1.4992891613         3.5537794935
        8.1750000000       208.9994258864         2.9618079240         1.3914381925         1.0843997265         1.3663145129         3.6477281165
        8.1800000000       214.3307179916         2.9676981964         1.4093044805         1.0997109912         1.8317257824         3.7407767171
        8.1850000000       219.6091271992         2.9735298953         1.4041998268         1.0946072363         1.6987511340         3.8329023371
        8.1900000000       224.8333511408         2.9793022852         1.4093044805         1.1099185011         1.8317257824         3.9240822457
        8.1950000000       230.0021008173         2.9850145984         1.4169614611         1.1175741334         2.0311877551         4.0142939458
        8.2000000000       235.1141009170         2.9906660345         1.4220661148         1.1252297658         2.1641624036         4.1035151789
        8.2050000000       240.1680901303         2.9962557614         1.4220661148         1.1328853982         2.1641624036         4.1917239310
        8.2100000000       245.1628214612         3.0017829149         1.4271707685         1.1354372756         2.2971370520         4.2788984380
        8.2150000000       250.0970625343         3.0072466001         1.4373800759         1.1507485404         2.5630863489         4.3650171908
        8.2200000000       254.9695958995         3.0126458917         1.4450370565         1.1686116826         2.7625483216         4.4500589409
        8.2250000000       259.7792193321         3.0179798348         1.4705603251         1.1762673150         3.4274215639         4.5340027056
        8.2300000000       264.5247461295         3.0232474456         1.4297230954         1.1711635601         2.3636243763         4.6168277730
        8.2350000000       269.2050054039         3.0284477129         1.4450370565         1.2017860896         2.7625483216         4.6985137071
        8.2400000000       273.8188423715         3.0335795986         1.4705603251         1.2043379670         3.4274215639         4.7790403534
        8.2450000000       278.3651186369         3.0386420395         1.4552463639         1.2170973543         3.0284976185         4.8583878429
        8.2500000000       282.8427124746         3.0436339477         1.4475893834         1.2170973543         2.8290356458         4.9365365980
        8.2550000000       287.2505191053         3.0485542129         1.4475893834         1.2375123740         2.8290356458         5.0134673364
        8.2600000000       291.5874509686         3.0534017031         1.4501417102         1.2375123740         2.8955229701         5.0891610769
        8.2650000000       295.8524379914         3.0581752665         1.4680079982         1.2604792711         3.3609342397         5.1635991430
        8.2700000000       300.0444278522         3.0628737327         1.4577986908         1.2604792711         3.0949849428         5.2367631683
        8.2750000000       304.1623862400         3.0674959150         1.4603510177         1.2757905359         3.1614722670         5.3086351006
        8.2800000000       308.2052971103         3.0720406111         1.4756649788         1.2962055556         3.5603962123         5.3791972067
        8.2850000000       312.1721629353         3.0765066059         1.4756649788         1.3089649429         3.5603962123         5.4484320763
        8.2900000000       316.0620049503         3.0808926726         1.4705603251         1.3217243302         3.4274215639         5.5163226268
        8.2950000000       319.8738633948         3.0851975746         1.4782173056         1.3344837175         3.6268835366         5.5828521073
        8.3000000000       323.6067977500         3.0894200679         1.4909789399         1.3548987371         3.9593201577         5.6480041026
        8.3050000000       327.2598869700         3.0935589025         1.4935312668         1.3625543695         4.0258074819         5.7117625373
        8.3100000000       330.8322297098         3.0976128245         1.4935312668         1.3829693892         4.0258074819         5.7741116802
        8.3150000000       334.3229445473         3.1015805783         1.4858742862         1.3855212666         3.8263455092         5.8350361473
        8.3200000000       337.7311702008         3.1054609083         1.4858742862         1.4084881638         3.8263455092         5.8945209066
        8.3250000000       341.0560657416         3.1092525612         1.4935312668         1.4161437961         4.0258074819         5.9525512811
        8.3300000000       344.2968108016         3.1129542879         1.4986359205         1.4391106933         4.1587821304         6.0091129526
        8.3350000000       347.4526057753         3.1165648456         1.5037405742         1.4620775904         4.2917567788         6.0641919654
        8.3400000000       350.5226720175         3.1200829998         1.5062929011         1.4799407326         4.3582441031         6.1177747296
        8.3450000000       353.5062520355         3.1235075265         1.4986359205         1.4850444875         4.1587821304         6.1698480244
        8.3500000000       356.4026096753         3.1268372140         1.5113975548         1.5105632621         4.4912187515         6.2203990015
        8.3550000000       359.2110303042         3.1300708653         1.5088452279         1.5207707720         4.4247314273         6.2694151883
        8.3600000000       361.9308209864         3.1332072998         1.5062929011         1.5360820367         4.3582441031         6.3168844907
        8.3650000000       364.5613106542         3.1362453554         1.5165022085         1.5590489338         4.6241934000         6.3627951963
        8.3700000000       367.1018502736         3.1391838905         1.5139498816         1.5692564437         4.5577060757         6.4071359774
        8.3750000000       369.5518130045         3.1420217861         1.5216068622         1.5896714634         4.7571680484         6.4498958936
        8.3800000000       371.9105943553         3.1447579474         1.5062929011         1.5973270957         4.3582441031         6.4910643945
        8.3850000000       374.1776123319         3.1473913061         1.5190545354         1.6228458703         4.6906807242         6.5306313224
        8.3900000000       376.3523075817         3.1499208217         1.5190545354         1.6407090125         4.6906807242         6.5685869148
        8.3950000000       378.4341435310         3.1523454838         1.5267115159         1.6534683998         4.8901426969         6.6049218066
        8.4000000000       380.4226065181         3.1546643138         1.5267115159         1.6764352970         4.8901426969         6.6396270328
        8.4050000000       382.3172059193         3.1568763662         1.5292638428         1.6968503166         4.9566300211         6.6726940303
        8.4100000000       384.1174742708         3.1589807307         1.5343684965         1.7223690912         5.0896046696         6.7041146405
        8.4150000000       385.8229673831         3.1609765334         1.5267115159         1.7351284785         4.8901426969         6.7338811107
        8.4200000000       387.4332644514         3.1628629388         1.5343684965         1.7529916207         5.0896046696         6.7619860964
        8.4250000000       388.9479681591         3.1646391507         1.5318161696         1.7785103953         5.0231173453         6.7884226633
        8.4300000000       390.3667047755         3.1663044142         1.5445778039         1.7989254150         5.3555539665         6.8131842885
        8.4350000000       391.6891242487         3.1678580163         1.5369208233         1.8065810474         5.1560919938         6.8362648624
        8.4400000000       392.9149002915         3.1692992880         1.5394731502         1.8372035769         5.2225793180         6.8576586902
        8.4450000000       394.0437304619         3.1706276047         1.5496824576         1.8550667191         5.4885286149         6.8773604934
        8.4500000000       395.0753362381         3.1718423878         1.5394731502         1.8652742289         5.2225793180         6.8953654108
        8.4550000000       396.0094630866         3.1729431054         1.5343684965         1.8856892486         5.0896046696         6.9116689999
        8.4600000000       396.8458805258         3.1739292736         1.5496824576         1.9188636556         5.4885286149         6.9262672382
        8.4650000000       397.5843821821         3.1748004568         1.5598917651         1.9290711654         5.7544779118         6.9391565236
        8.4700000000       398.2247858412         3.1755562692         1.5471301308         1.9545899400         5.4220412907         6.9503336760
        8.4750000000       398.7669334933         3.1761963748         1.5394731502         1.9801087146         5.2225793180         6.9597959375
        8.4800000000       399.2106913713         3.1767204883         1.5573394382         1.9954199793         5.6879905876         6.9675409736
        8.4850000000       399.5559499848         3.1771283756         1.5624440919         2.0158349990         5.8209652360         6.9735668732
        8.4900000000       399.8026241463         3.1774198544         1.5522347845         2.0388018961         5.5550159391         6.9778721495
        8.4950000000       399.9506529927         3.1775947939         1.5752057262         2.0643206707         6.1534018572         6.9804557402
        8.5000000000       400.0000000000         3.1776531158         1.5624440919         2.0872875679         5.8209652360         6.9813170080
        8.5050000000       399.9506529927         3.1775947939         1.5981766679         2.1077025875         6.7517877752         6.9804557402
        8.5100000000       399.8026241463         3.1774198544         1.5624440919         2.1306694847         5.8209652360         6.9778721495
        8.5150000000       399.5559499848         3.1771283756         1.5726533993         2.1536363818         6.0869145330         6.9735668732
        8.5200000000       399.2106913713         3.1767204883         1.5598917651         2.1714995240         5.7544779118         6.9675409736
        8.5250000000       398.7669334933         3.1761963748         1.5701010725         2.2021220535         6.0204272087         6.9597959375
        8.5300000000       398.2247858412         3.1755562692         1.5675487456         2.2148814408         5.9539398845         6.9503336760
        8.5350000000       397.5843821821         3.1748004568         1.5828627068         2.2506077252         6.3528638299         6.9391565236
        8.5400000000       396.8458805258         3.1739292736         1.5573394382         2.2608152351         5.6879905876         6.9262672382
        8.5450000000       396.0094630866         3.1729431054         1.5701010725         2.2914377646         6.0204272087         6.9116689999
        8.5500000000       395.0753362381         3.1718423878         1.5803103799         2.3169565392         6.2863765056         6.8953654108
        8.5550000000       394.0437304619         3.1706276047         1.5624440919         2.3424753138         5.8209652360         6.8773604934
        8.5600000000       392.9149002915         3.1692992880         1.5828627068         2.3654422109         6.3528638299         6.8576586902
        8.5650000000       391.6891242487         3.1678580163         1.5777580530         2.3884091080         6.2198891814         6.8362648624
        8.5700000000       390.3667047755         3.1663044142         1.5598917651         2.4113760052         5.7544779118         6.8131842885
        8.5750000000       388.9479681591         3.1646391507         1.5930720142         2.4394466572         6.6188131268         6.7884226633
        8.5800000000       387.4332644515         3.1628629388         1.5777580530         2.4547579220         6.2198891814         6.7619860964
        8.5850000000       385.8229673831         3.1609765334         1.5752057262         2.4930360838         6.1534018572         6.7338811107
        8.5900000000       384.1174742708         3.1589807307         1.5752057262         2.5083473486         6.1534018572         6.7041146405
        8.5950000000       382.3172059193         3.1568763662         1.5752057262         2.5338661232         6.1534018572         6.6726940303
        8.6000000000       380.4226065181         3.1546643138         1.5803103799         2.5619367752         6.2863765056         6.6396270328
        8.6050000000       378.4341435310         3.1523454838         1.5956243410         2.5900074273         6.6853004510         6.6049218066
        8.6100000000       376.3523075817         3.1499208217         1.5803103799         2.6104224470         6.2863765056         6.5685869148
        8.6150000000       374.1776123320         3.1473913061         1.5777580530         2.6359412215         6.2198891814         6.5306313224
        8.6200000000       371.9105943553         3.1447579474         1.5777580530         2.6487006088         6.2198891814         6.4910643945
        8.6250000000       369.5518130045         3.1420217861         1.5879673605         2.6818750158         6.4858384783         6.4498958936
        8.6300000000       367.1018502736         3.1391838905         1.5803103799         2.7048419129         6.2863765056         6.4071359774
        8.6350000000       364.5613106542         3.1362453554         1.5879673605         2.7354644424         6.4858384783         6.3627951963
        8.6400000000       361.9308209864         3.1332072998         1.6032813216         2.7584313396         6.8847624237         6.3168844907
        8.6450000000       359.2110303043         3.1300708653         1.5854150336         2.7865019916         6.4193511541         6.2694151883
        8.6500000000       356.4026096754         3.1268372140         1.5854150336         2.8018132564         6.4193511541         6.2203990015
        8.6550000000       353.5062520355         3.1235075265         1.5930720142         2.8349876633         6.6188131268         6.1698480244
        8.6600000000       350.5226720176         3.1200829998         1.5726533993         2.8528508056         6.0869145330         6.1177747296
        8.6650000000       347.4526057753         3.1165648456         1.5930720142         2.8834733351         6.6188131268         6.0641919654
        8.6700000000       344.2968108016         3.1129542879         1.5752057262         2.8987845998         6.1534018572         6.0091129526
        8.6750000000       341.0560657416         3.1092525612         1.5803103799         2.9268552519         6.2863765056         5.9525512811
        8.6800000000       337.7311702008         3.1054609083         1.5701010725         2.9600296588         6.0204272087         5.8945209066
        8.6850000000       334.3229445473         3.1015805783         1.5701010725         2.9727890461         6.0204272087         5.8350361473
        8.6900000000       330.8322297098         3.0976128245         1.5726533993         2.9957559433         6.0869145330         5.7741116802
        8.6950000000       327.2598869700         3.0935589025         1.5879673605         3.0314822277         6.4858384783         5.7117625373
        8.7000000000       323.6067977500         3.0894200679         1.5701010725         3.0493453699         6.0204272087         5.6480041026
        8.7050000000       319.8738633948         3.0851975746         1.5701010725         3.0723122670         6.0204272087         5.5828521073
        8.7100000000       316.0620049503         3.0808926726         1.5828627068         3.1029347965         6.3528638299         5.5163226268
        8.7150000000       312.1721629353         3.0765066059         1.5701010725         3.1156941838         6.0204272087         5.4484320763
        8.7200000000       308.2052971103         3.0720406111         1.5547871113         3.1386610810         5.6215032634         5.3791972067
        8.7250000000       304.1623862400         3.0674959150         1.5752057262         3.1667317330         6.1534018572         5.3086351006
        8.7300000000       300.0444278522         3.0628737327         1.5752057262         3.1896986301         6.1534018572         5.2367631683
        8.7350000000       295.8524379915         3.0581752665         1.5649964188         3.2126655273         5.8874525603         5.1635991430
        8.7400000000       291.5874509686         3.0534017031         1.5803103799         3.2432880568         6.2863765056         5.0891610769
        8.7450000000       287.2505191053         3.0485542129         1.5649964188         3.2560474441         5.8874525603         5.0134673365
        8.7500000000       282.8427124746         3.0436339477         1.5701010725         3.2917737285         6.0204272087         4.9365365980
        8.7550000000       278.3651186369         3.0386420395         1.5675487456         3.3045331158         5.9539398845         4.8583878429
        8.7600000000       273.8188423715         3.0335795986         1.5624440919         3.3275000129         5.8209652360         4.7790403534
        8.7650000000       269.2050054039         3.0284477129         1.5675487456         3.3504669101         5.9539398845         4.6985137071
        8.7700000000       264.5247461295         3.0232474456         1.5701010725         3.3810894396         6.0204272087         4.6168277730
        8.7750000000       259.7792193321         3.0179798348         1.5522347845         3.3938488269         5.5550159391         4.5340027056
        8.7800000000       254.9695958995         3.0126458917         1.5522347845         3.4142638465         5.5550159391         4.4500589409
        8.7850000000       250.0970625343         3.0072466001         1.5649964188         3.4474382535         5.8874525603         4.3650171908
        8.7900000000       245.1628214612         3.0017829149         1.5598917651         3.4601976408         5.7544779118         4.2788984380
        8.7950000000       240.1680901304         2.9962557614         1.5471301308         3.4831645379         5.4220412907         4.1917239310
        8.8000000000       235.1141009170         2.9906660345         1.5649964188         3.5086833125         5.8874525603         4.1035151789
        8.8050000000       230.0021008173         2.9850145984         1.5471301308         3.5290983322         5.4220412907         4.0142939458
        8.8100000000       224.8333511409         2.9793022852         1.5598917651         3.5546171068         5.7544779118         3.9240822457
        8.8150000000       219.6091271993         2.9735298953         1.5547871113         3.5801358814         5.6215032634         3.8329023371
        8.8200000000       214.3307179916         2.9676981964         1.5547871113         3.6031027785         5.6215032634         3.7407767171
        8.8250000000       208.9994258864         2.9618079240         1.5598917651         3.6158621658         5.7544779118         3.6477281165
        8.8300000000       203.6165663002         2.9558597803         1.5471301308         3.6362771855         5.4220412907         3.5537794935
        8.8350000000       198.1834673730         2.9498544352         1.5471301308         3.6592440826         5.4220412907         3.4589540287
        8.8400000000       192.7014696407         2.9437925258         1.5420254771         3.6745553474         5.2890666422         3.3632751187
        8.8450000000       187.1719257042         2.9376746570         1.5573394382         3.7102816318         5.6879905876         3.2667663708
        8.8500000000       181.5961998958         2.9315014016         1.5394731502         3.7230410191         5.2225793180         3.1694515973
        8.8550000000       175.9756679424         2.9252733009         1.5369208233         3.7383522838         5.1560919938         3.0713548090
        8.8600000000       170.3117166260         2.9189908657         1.5369208233         3.7664229359         5.1560919938         2.9725002098
        8.8650000000       164.6057434421         2.9126545766         1.5292638428         3.7817342006         4.9566300211         2.8729121908
        8.8700000000       158.8591562539         2.9062648849         1.5292638428         3.8021492203         4.9566300211         2.7726153236
        8.8750000000       153.0733729460         2.8998222140         1.5445778039         3.8225642400         5.3555539665         2.6716343550
        8.8800000000       147.2498210739         2.8933269601         1.5292638428         3.8506348920         4.9566300211         2.5699942007
        8.8850000000       141.3899375117         2.8867794939         1.5369208233         3.8684980342         5.1560919938         2.4677199388
        8.8900000000       135.4951680981         2.8801801617         1.5190545354         3.8710499117         4.6906807242         2.3648368039
        8.8950000000       129.5669672793         2.8735292869         1.5267115159         3.8991205638         4.8901426969         2.2613701808
        8.9000000000       123.6067977500         2.8668271717         1.5139498816         3.9169837060         4.5577060757         2.1573455986
        8.9050000000       117.6161300929         2.8600740989         1.5241591891         3.9373987256         4.8236553726         2.0527887236
        8.9100000000       111.5964424157         2.8532703340         1.5037405742         3.9552618679         4.2917567788         1.9477253537
        8.9150000000       105.5492199862         2.8464161264         1.5062929011         3.9654693777         4.3582441031         1.8421814117
        8.9200000000        99.4759548660         2.8395117125         1.5062929011         3.9884362748         4.3582441031         1.7361829390
        8.9250000000        93.3781455424         2.8325573170         1.5062929011         4.0037475396         4.3582441031         1.6297560891
        8.9300000000        87.2572965586         2.8255531559         1.4909789399         4.0165069269         3.9593201577         1.5229271213
        8.9350000000        81.1149181426         2.8184994384         1.4884266131         4.0394738240         3.8928328335         1.4157223941
        8.9400000000        74.9525258343         2.8113963695         1.5062929011         4.0624407211         4.3582441031         1.3081683585
        8.9450000000        68.7716401118         2.8042441528         1.4756649788         4.0649925986         3.5603962123         1.2002915519
        8.9500000000        62.5737860161         2.7970429930         1.4858742862         4.0879594957         3.8263455092         1.0921185914
        8.9550000000        56.3604927750         2.7897930986         1.4782173056         4.1058226379         3.6268835366         0.9836761670
        8.9600000000        50.1332934257         2.7824946846         1.4782173056         4.1134782703         3.6268835366         0.8749910351
        8.9650000000        43.8937244364         2.7751479756         1.4705603251         4.1236857801         3.4274215639         0.7660900124
        8.9700000000        37.6433253274         2.7677532089         1.4705603251         4.1415489224         3.4274215639         0.6569999684
        8.9750000000        31.3836382911         2.7603106368         1.4526940371         4.1517564322         2.9620102943         0.5477478194
        8.9800000000        25.1162078117         2.7528205304         1.4577986908         4.1594120646         3.0949849428         0.4383605219
        8.9850000000        18.8425802839         2.7329438599         1.4552463639         4.1772752068         3.0284976185         0.3288650655
        8.9900000000        12.5643036313         2.6584512181         1.4552463639         4.1951383490         3.0284976185         0.2192884666
        8.9950000000         6.2829269247         2.5839217938         1.4577986908         4.2053458588         3.0949849428         0.1096577615
        9.0000000000         0.0000000000         2.5093739758         1.4322754222         4.2104496138         2.4301117005         0.0000000000
        9.0050000000        -6.2829269247         2.4348261579         1.4373800759         4.2283127560         2.5630863489        -0.1096577615
        9.0100000000       -12.5643036312         2.3602967335         1.4195137880         4.2283127560         2.0976750794        -0.2192884666
        9.0150000000       -18.8425802838         2.2858040918         1.3965428462         4.2359683883         1.4992891613        -0.3288650655
        9.0200000000       -25.1162078117         2.2629783296         1.3710195777         4.2385202658         0.8344159190        -0.4383605219
        9.0250000000       -31.3836382911         2.2520021131         1.3633625971         4.2512796531         0.6349539464        -0.5477478194
        9.0300000000       -37.6433253274         2.2412136998         1.3429439823         4.2512796531         0.1030553526        -0.6569999684
        9.0350000000       -43.8937244364         2.2306103216         1.3301823480         4.2385202658        -0.2293812686        -0.7660900124
        9.0400000000       -50.1332934257         2.2201891252         1.3429439823         4.2410721433         0.1030553526        -0.8749910351
        9.0450000000       -56.3604927750         2.2099471839         1.3429439823         4.2512796531         0.1030553526        -0.9836761670
        9.0500000000       -62.5737860161         2.1998815078         1.3403916554         4.2410721433         0.0365680283        -1.0921185914
        9.0550000000       -68.7716401118         2.1899890546         1.3403916554         4.2436240207         0.0365680283        -1.2002915519
        9.0600000000       -74.9525258343         2.1802667400         1.3327346748         4.2385202658        -0.1628939444        -1.3081683585
        9.0650000000       -81.1149181426         2.1707114477         1.3403916554         4.2436240207         0.0365680283        -1.4157223941
        9.0700000000       -87.2572965586         2.1613200391         1.3123160600         4.2461758982        -0.6947925382        -1.5229271213
        9.0750000000       -93.3781455424         2.1520893631         1.2842404646         4.2359683883        -1.4261531047        -1.6297560891
        9.0800000000       -99.4759548659         2.1430162650         1.2970020988         4.2308646334        -1.0937164835        -1.7361829390
        9.0850000000      -105.5492199861         2.1340975957         1.2842404646         4.2206571236        -1.4261531047        -1.8421814117
        9.0900000000      -111.5964424157         2.1253302200         1.2765834840         4.2206571236        -1.6256150773        -1.9477253537
        9.0950000000      -117.6161300929         2.1167110251         1.2970020988         4.2130014912        -1.0937164835        -2.0527887236
        9.1000000000      -123.6067977500         2.1082369281         1.2663741766         4.2027939814        -1.8915643742        -2.1573455986
        9.1050000000      -129.5669672792         2.0999048839         1.2842404646         4.1976902265        -1.4261531047        -2.2613701808
        9.1100000000      -135.4951680981         2.0917118922         1.2740311571         4.1900345941        -1.6921024016        -2.3648368039
        9.1150000000      -141.3899375117         2.0836550044         1.2689265034         4.1874827166        -1.8250770500        -2.4677199388
        9.1200000000      -147.2498210739         2.0757313294         1.2893451183         4.1849308392        -1.2931784562        -2.5699942007
        9.1250000000      -153.0733729460         2.0679380406         1.2740311571         4.1798270842        -1.6921024016        -2.6716343550
        9.1300000000      -158.8591562539         2.0602723806         1.2663741766         4.1696195744        -1.8915643742        -2.7726153236
        9.1350000000      -164.6057434420         2.0527316669         1.2740311571         4.1721714519        -1.6921024016        -2.8729121908
        9.1400000000      -170.3117166260         2.0453132966         1.2740311571         4.1645158195        -1.6921024016        -2.9725002098
        9.1450000000      -175.9756679424         2.0380147508         1.2612695229         4.1517564322        -2.0245390227        -3.0713548090
        9.1500000000      -181.5961998958         2.0308335989         1.2612695229         4.1415489224        -2.0245390227        -3.1694515973
        9.1550000000      -187.1719257042         2.0237675017         1.2536125423         4.1364451674        -2.2240009954        -3.2667663708
        9.1600000000      -192.7014696407         2.0168142153         1.2510602154         4.1185820252        -2.2904883196        -3.3632751187
        9.1650000000      -198.1834673730         2.0099715935         1.2561648691         4.1185820252        -2.1575136712        -3.4589540287
        9.1700000000      -203.6165663001         2.0032375906         1.2638218497         4.1185820252        -1.9580516985        -3.5537794935
        9.1750000000      -208.9994258864         1.9966102633         1.2331939274         4.0956151281        -2.7558995892        -3.6477281165
        9.1800000000      -214.3307179916         1.9900877726         1.2510602154         4.0930632506        -2.2904883196        -3.7407767171
        9.1850000000      -219.6091271992         1.9836683853         1.2434032349         4.0854076183        -2.4899502923        -3.8329023371
        9.1900000000      -224.8333511408         1.9773504748         1.2331939274         4.0752001084        -2.7558995892        -3.9240822457
        9.1950000000      -230.0021008173         1.9711325220         1.2638218497         4.0700963535        -1.9580516985        -4.0142939458
        9.2000000000      -235.1141009170         1.9650131156         1.2331939274         4.0522332113        -2.7558995892        -4.1035151789
        9.2050000000      -240.1680901303         1.9589909521         1.2280892737         4.0394738240        -2.8888742376        -4.1917239310
        9.2100000000      -245.1628214612         1.9530648358         1.2229846200         4.0241625592        -3.0218488861        -4.2788984380
        9.2150000000      -250.0970625343         1.9472336779         1.2255369469         4.0139550494        -2.9553615619        -4.3650171908
        9.2200000000      -254.9695958995         1.9414964956         1.2178799663         4.0088512945        -3.1548235346        -4.4500589409
        9.2250000000      -259.7792193321         1.9358524116         1.2229846200         3.9884362748        -3.0218488861        -4.5340027056
        9.2300000000      -264.5247461295         1.9303006518         1.2229846200         3.9858843974        -3.0218488861        -4.6168277730
        9.2350000000      -269.2050054039         1.9248405443         1.2076706589         3.9731250101        -3.4207728315        -4.6985137071
        9.2400000000      -273.8188423715         1.9194715173         1.2153276394         3.9578137453        -3.2213108588        -4.7790403534
        9.2450000000      -278.3651186369         1.9141930969         1.2204322931         3.9450543580        -3.0883362103        -4.8583878429
        9.2500000000      -282.8427124746         1.9090049047         1.2051183320         3.9246393383        -3.4872601557        -4.9365365980
        9.2550000000      -287.2505191053         1.9039066556         1.2127753126         3.9246393383        -3.2877981830        -5.0134673364
        9.2600000000      -291.5874509686         1.8988981545         1.2051183320         3.9093280736        -3.4872601557        -5.0891610769
        9.2650000000      -295.8524379914         1.8939792940         1.2000136783         3.8914649314        -3.6202348041        -5.1635991430
        9.2700000000      -300.0444278522         1.8891500507         1.2025660052         3.8761536666        -3.5537474799        -5.2367631683
        9.2750000000      -304.1623862400         1.8844104825         1.1821473903         3.8633942793        -4.0856460737        -5.3086351006
        9.2800000000      -308.2052971103         1.8797607249         1.2000136783         3.8480830146        -3.6202348041        -5.3791972067
        9.2850000000      -312.1721629353         1.8752009876         1.1872520440         3.8404273822        -3.9526714253        -5.4484320763
        9.2900000000      -316.0620049503         1.8707315508         1.1872520440         3.8200123625        -3.9526714253        -5.5163226268
        9.2950000000      -319.8738633948         1.8663527618         1.1744904097         3.8021492203        -4.2851080464        -5.5828521073
        9.3000000000      -323.6067977500         1.8620650308         1.1770427366         3.7868379556        -4.2186207222        -5.6480041026
        9.3050000000      -327.2598869700         1.8578688273         1.1821473903         3.7791823232        -4.0856460737        -5.7117625373
        9.3100000000      -330.8322297098         1.8537646761         1.1821473903         3.7562154260        -4.0856460737        -5.7741116802
        9.3150000000      -334.3229445473         1.8497531533         1.1591764486         3.7383522838        -4.6840319918        -5.8350361473
        9.3200000000      -337.7311702008         1.8458348823         1.1719380829         3.7153853867        -4.3515953706        -5.8945209066
        9.3250000000      -341.0560657416         1.8420105296         1.1591764486         3.7051778769        -4.6840319918        -5.9525512811
        9.3300000000      -344.2968108016         1.8382808013         1.1591764486         3.6796591023        -4.6840319918        -6.0091129526
        9.3350000000      -347.4526057753         1.8346464383         1.1617287755         3.6694515924        -4.6175446675        -6.0641919654
        9.3400000000      -350.5226720175         1.8311082127         1.1566241217         3.6439328179        -4.7505193160        -6.1177747296
        9.3450000000      -353.5062520355         1.8276669236         1.1668334292         3.6362771855        -4.4845700191        -6.1698480244
        9.3500000000      -356.4026096753         1.8243233934         1.1336531800         3.6082065334        -5.3489052340        -6.2203990015
        9.3550000000      -359.2110303042         1.8210784631         1.1591764486         3.5928952687        -4.6840319918        -6.2694151883
        9.3600000000      -361.9308209864         1.8179329893         1.1438624875         3.5724802490        -5.0829559371        -6.3168844907
        9.3650000000      -364.5613106542         1.8148878395         1.1464148143         3.5546171068        -5.0164686129        -6.3627951963
        9.3700000000      -367.1018502736         1.8119438888         1.1489671412         3.5444095970        -4.9499812887        -6.4071359774
        9.3750000000      -369.5518130045         1.8091020161         1.1489671412         3.5188908224        -4.9499812887        -6.4498958936
        9.3800000000      -371.9105943553         1.8063631002         1.1336531800         3.4959239252        -5.3489052340        -6.4910643945
        9.3850000000      -374.1776123319         1.8037280162         1.1719380829         3.4806126605        -4.3515953706        -6.5306313224
        9.3900000000      -376.3523075817         1.8011976323         1.1132345652         3.4499901310        -5.8808038279        -6.5685869148
        9.3950000000      -378.4341435310         1.7987728063         1.1566241217         3.4423344986        -4.7505193160        -6.6049218066
        9.4000000000      -380.4226065181         1.7964543820         1.1259961995         3.4142638465        -5.5483672067        -6.6396270328
        9.4050000000      -382.3172059193         1.7942431866         1.1336531800         3.3938488269        -5.3489052340        -6.6726940303
        9.4100000000      -384.1174742708         1.7921400270         1.1106822383         3.3708819297        -5.9472911521        -6.7041146405
        9.4150000000      -385.8229673831         1.7901456873         1.1336531800         3.3530187875        -5.3489052340        -6.7338811107
        9.4200000000      -387.4332644514         1.7882609257         1.1055775846         3.3249481355        -6.0802658005        -6.7619860964
        9.4250000000      -388.9479681591         1.7864864721         1.1362055069         3.3096368707        -5.2824179098        -6.7884226633
        9.4300000000      -390.3667047755         1.7848230252         1.1132345652         3.2790143412        -5.8808038279        -6.8131842885
        9.4350000000      -391.6891242487         1.7832712502         1.1081299115         3.2585993215        -6.0137784763        -6.8362648624
        9.4400000000      -392.9149002915         1.7818317767         1.1106822383         3.2407361793        -5.9472911521        -6.8576586902
        9.4450000000      -394.0437304619         1.7805051964         1.1157868920         3.2203211597        -5.8143165036        -6.8773604934
        9.4500000000      -395.0753362381         1.7792920610         1.1081299115         3.1948023851        -6.0137784763        -6.8953654108
        9.4550000000      -396.0094630866         1.7781928805         1.1081299115         3.1769392429        -6.0137784763        -6.9116689999
        9.4600000000      -396.8458805258         1.7772081215         1.1106822383         3.1412129584        -5.9472911521        -6.9262672382
        9.4650000000      -397.5843821821         1.7763382058         1.1106822383         3.1310054486        -5.9472911521        -6.9391565236
        9.4700000000      -398.2247858412         1.7755835085         1.1055775846         3.1003829191        -6.0802658005        -6.9503336760
        9.4750000000      -398.7669334933         1.7749443576         1.1030252578         3.0850716543        -6.1467531248        -6.9597959375
        9.4800000000      -399.2106913713         1.7744210320         1.1081299115         3.0544491248        -6.0137784763        -6.9675409736
        9.4850000000      -399.5559499848         1.7740137615         1.1055775846         3.0263784728        -6.0802658005        -6.9735668732
        9.4900000000      -399.8026241463         1.7737227254         1.0877112966         3.0085153306        -6.5456770701        -6.9778721495
        9.4950000000      -399.9506529927         1.7735480522         1.1106822383         2.9906521883        -5.9472911521        -6.9804557402
        9.5000000000      -400.0000000000         1.7734898192         1.0902636235         2.9600296588        -6.4791897459        -6.9813170080
        9.5050000000      -399.9506529927         1.7735480522         1.0826066429         2.9319590068        -6.6786517186        -6.9804557402
        9.5100000000      -399.8026241463         1.7737227254         1.1004729309         2.9089921097        -6.2132404490        -6.9778721495
        9.5150000000      -399.5559499848         1.7740137615         1.0826066429         2.8860252125        -6.6786517186        -6.9735668732
        9.5200000000      -399.2106913713         1.7744210320         1.1004729309         2.8630583154        -6.2132404490        -6.9675409736
        9.5250000000      -398.7669334933         1.7749443576         1.0979206040         2.8426432957        -6.2797277732        -6.9597959375
        9.5300000000      -398.2247858412         1.7755835085         1.0826066429         2.8043651338        -6.6786517186        -6.9503336760
        9.5350000000      -397.5843821821         1.7763382058         1.1055775846         2.7916057465        -6.0802658005        -6.9391565236
        9.5400000000      -396.8458805258         1.7772081215         1.0877112966         2.7609832170        -6.5456770701        -6.9262672382
        9.5450000000      -396.0094630866         1.7781928805         1.0851589698         2.7354644424        -6.6121643943        -6.9116689999
        9.5500000000      -395.0753362381         1.7792920610         1.0953682772         2.7176013002        -6.3462150974        -6.8953654108
        9.5550000000      -394.0437304619         1.7805051964         1.1004729309         2.6869787707        -6.2132404490        -6.8773604934
        9.5600000000      -392.9149002915         1.7818317767         1.0826066429         2.6589081187        -6.6786517186        -6.8576586902
        9.5650000000      -391.6891242487         1.7832712502         1.0928159503         2.6333893441        -6.4127024217        -6.8362648624
        9.5700000000      -390.3667047755         1.7848230252         1.0928159503         2.6053186920        -6.4127024217        -6.8131842885
        9.5750000000      -388.9479681591         1.7864864721         1.0800543160         2.5797999174        -6.7451390428        -6.7884226633
        9.5800000000      -387.4332644515         1.7882609257         1.0877112966         2.5619367752        -6.5456770701        -6.7619860964
        9.5850000000      -385.8229673831         1.7901456873         1.0877112966         2.5313142457        -6.5456770701        -6.7338811107
        9.5900000000      -384.1174742708         1.7921400270         1.0877112966         2.5160029810        -6.5456770701        -6.7041146405
        9.5950000000      -382.3172059193         1.7942431866         1.0902636235         2.4904842064        -6.4791897459        -6.6726940303
        9.6000000000      -380.4226065181         1.7964543820         1.1004729309         2.4573097994        -6.2132404490        -6.6396270328
        9.6050000000      -378.4341435310         1.7987728063         1.0877112966         2.4343429023        -6.5456770701        -6.6049218066
        9.6100000000      -376.3523075817         1.8011976323         1.0800543160         2.4037203728        -6.7451390428        -6.5685869148
        9.6150000000      -374.1776123320         1.8037280162         1.1055775846         2.3833053531        -6.0802658005        -6.5306313224
        9.6200000000      -371.9105943553         1.8063631002         1.1030252578         2.3373715588        -6.1467531248        -6.4910643945
        9.6250000000      -369.5518130045         1.8091020161         1.1004729309         2.3348196814        -6.2132404490        -6.4498958936
        9.6300000000      -367.1018502736         1.8119438888         1.1055775846         2.3195084166        -6.0802658005        -6.4071359774
        9.6350000000      -364.5613106542         1.8148878395         1.0826066429         2.2812302547        -6.6786517186        -6.3627951963
        9.6400000000      -361.9308209864         1.8179329893         1.1030252578         2.2633671125        -6.1467531248        -6.3168844907
        9.6450000000      -359.2110303043         1.8210784631         1.0902636235         2.2352964605        -6.4791897459        -6.2694151883
        9.6500000000      -356.4026096754         1.8243233934         1.1132345652         2.2199851957        -5.8808038279        -6.2203990015
        9.6550000000      -353.5062520355         1.8276669236         1.0902636235         2.1919145437        -6.4791897459        -6.1698480244
        9.6600000000      -350.5226720176         1.8311082127         1.1157868920         2.1766032789        -5.8143165036        -6.1177747296
        9.6650000000      -347.4526057753         1.8346464383         1.1004729309         2.1434288720        -6.2132404490        -6.0641919654
        9.6700000000      -344.2968108016         1.8382808013         1.1004729309         2.1230138523        -6.2132404490        -6.0091129526
        9.6750000000      -341.0560657416         1.8420105296         1.1208915457         2.1025988326        -5.6813418552        -5.9525512811
        9.6800000000      -337.7311702008         1.8458348823         1.1030252578         2.0719763031        -6.1467531248        -5.8945209066
        9.6850000000      -334.3229445473         1.8497531533         1.1132345652         2.0541131609        -5.8808038279        -5.8350361473
        9.6900000000      -330.8322297098         1.8537646761         1.1157868920         2.0260425088        -5.8143165036        -5.7741116802
        9.6950000000      -327.2598869700         1.8578688273         1.1132345652         2.0107312441        -5.8808038279        -5.7117625373
        9.7000000000      -323.6067977500         1.8620650308         1.1259961995         1.9903162244        -5.5483672067        -5.6480041026
        9.7050000000      -319.8738633948         1.8663527618         1.1081299115         1.9596936949        -6.0137784763        -5.5828521073
        9.7100000000      -316.0620049503         1.8707315508         1.1311008532         1.9418305527        -5.4153925583        -5.5163226268
        9.7150000000      -312.1721629353         1.8752009876         1.1132345652         1.9214155330        -5.8808038279        -5.4484320763
        9.7200000000      -308.2052971103         1.8797607249         1.1362055069         1.9010005134        -5.2824179098        -5.3791972067
        9.7250000000      -304.1623862400         1.8844104825         1.1285485263         1.8805854937        -5.4818798825        -5.3086351006
        9.7300000000      -300.0444278522         1.8891500507         1.1132345652         1.8474110867        -5.8808038279        -5.2367631683
        9.7350000000      -295.8524379915         1.8939792940         1.1489671412         1.8448592093        -4.9499812887        -5.1635991430
        9.7400000000      -291.5874509686         1.8988981545         1.1157868920         1.8091329248        -5.8143165036        -5.0891610769
        9.7450000000      -287.2505191053         1.9039066556         1.1336531800         1.7963735375        -5.3489052340        -5.0134673365
        9.7500000000      -282.8427124746         1.9090049047         1.1311008532         1.7759585179        -5.4153925583        -4.9365365980
        9.7550000000      -278.3651186369         1.9141930969         1.1413101606         1.7580953756        -5.1494432614        -4.8583878429
        9.7600000000      -273.8188423715         1.9194715173         1.1336531800         1.7351284785        -5.3489052340        -4.7790403534
        9.7650000000      -269.2050054039         1.9248405443         1.1515194680         1.7172653363        -4.8834939645        -4.6985137071
        9.7700000000      -264.5247461295         1.9303006518         1.1336531800         1.6994021941        -5.3489052340        -4.6168277730
        9.7750000000      -259.7792193321         1.9358524116         1.1489671412         1.6713315420        -4.9499812887        -4.5340027056
        9.7800000000      -254.9695958995         1.9414964956         1.1515194680         1.6585721547        -4.8834939645        -4.4500589409
        9.7850000000      -250.0970625343         1.9472336779         1.1438624875         1.6407090125        -5.0829559371        -4.3650171908
        9.7900000000      -245.1628214612         1.9530648358         1.1438624875         1.6151902379        -5.0829559371        -4.2788984380
        9.7950000000      -240.1680901304         1.9589909521         1.1515194680         1.5998789732        -4.8834939645        -4.1917239310
        9.8000000000      -235.1141009170         1.9650131156         1.1540717949         1.5922233408        -4.8170066402        -4.1035151789
        9.8050000000      -230.0021008173         1.9711325220         1.1617287755         1.5692564437        -4.6175446675        -4.0142939458
        9.8100000000      -224.8333511409         1.9773504748         1.1668334292         1.5513933015        -4.4845700191        -3.9240822457
        9.8150000000      -219.6091271993         1.9836683853         1.1642811023         1.5386339142        -4.5510573433        -3.8329023371
        9.8200000000      -214.3307179916         1.9900877726         1.1719380829         1.5156670170        -4.3515953706        -3.7407767171
        9.8250000000      -208.9994258864         1.9966102633         1.1591764486         1.4952519974        -4.6840319918        -3.6477281165
        9.8300000000      -203.6165663002         2.0032375906         1.1821473903         1.4875963650        -4.0856460737        -3.5537794935
        9.8350000000      -198.1834673730         2.0099715935         1.1821473903         1.4748369777        -4.0856460737        -3.4589540287
        9.8400000000      -192.7014696407         2.0168142153         1.1744904097         1.4518700806        -4.2851080464        -3.3632751187
        9.8450000000      -187.1719257042         2.0237675017         1.1846997172         1.4340069384        -4.0191587495        -3.2667663708
        9.8500000000      -181.5961998958         2.0308335989         1.1898043709         1.4289031834        -3.8861841010        -3.1694515973
        9.8550000000      -175.9756679424         2.0380147508         1.1898043709         1.4110400412        -3.8861841010        -3.0713548090
        9.8600000000      -170.3117166260         2.0453132966         1.1949090246         1.4033844088        -3.7532094526        -2.9725002098
        9.8650000000      -164.6057434421         2.0527316669         1.1872520440         1.3804175117        -3.9526714253        -2.8729121908
        9.8700000000      -158.8591562539         2.0602723806         1.1923566977         1.3600024920        -3.8196967768        -2.7726153236
        9.8750000000      -153.0733729460         2.0679380406         1.1923566977         1.3421393498        -3.8196967768        -2.6716343550
        9.8800000000      -147.2498210739         2.0757313294         1.2076706589         1.3446912273        -3.4207728315        -2.5699942007
        9.8850000000      -141.3899375117         2.0836550044         1.2076706589         1.3268280851        -3.4207728315        -2.4677199388
        9.8900000000      -135.4951680981         2.0917118922         1.1974613514         1.3064130654        -3.6867221284        -2.3648368039
        9.8950000000      -129.5669672793         2.0999048839         1.2127753126         1.2962055556        -3.2877981830        -2.2613701808
        9.9000000000      -123.6067977500         2.1082369281         1.2127753126         1.2808942908        -3.2877981830        -2.1573455986
        9.9050000000      -117.6161300929         2.1167110251         1.2102229857         1.2757905359        -3.3542855072        -2.0527887236
        9.9100000000      -111.5964424157         2.1253302200         1.2306416006         1.2630311486        -2.8223869134        -1.9477253537
        9.9150000000      -105.5492199862         2.1340975957         1.2178799663         1.2451680064        -3.1548235346        -1.8421814117
        9.9200000000       -99.4759548660         2.1430162650         1.2280892737         1.2426161289        -2.8888742376        -1.7361829390
        9.9250000000       -93.3781455424         2.1520893631         1.2306416006         1.2349604965        -2.8223869134        -1.6297560891
        9.9300000000       -87.2572965586         2.1613200391         1.2331939274         1.2247529867        -2.7558995892        -1.5229271213
        9.9350000000       -81.1149181426         2.1707114477         1.2306416006         1.2043379670        -2.8223869134        -1.4157223941
        9.9400000000       -74.9525258343         2.1802667400         1.2331939274         1.1966823347        -2.7558995892        -1.3081683585
        9.9450000000       -68.7716401118         2.1899890546         1.2382985811         1.1813710699        -2.6229249407        -1.2002915519
        9.9500000000       -62.5737860161         2.1998815078         1.2485078886         1.1839229474        -2.3569756438        -1.0921185914
        9.9550000000       -56.3604927750         2.2099471839         1.2510602154         1.1711635601        -2.2904883196        -0.9836761670
        9.9600000000       -50.1332934257         2.2201891252         1.2459555617         1.1584041728        -2.4234629681        -0.8749910351
        9.9650000000       -43.8937244364         2.2306103216         1.2638218497         1.1584041728        -1.9580516985        -0.7660900124
        9.9700000000       -37.6433253274         2.2412136998         1.2536125423         1.1456447855        -2.2240009954        -0.6569999684
        9.9750000000       -31.3836382912         2.2520021131         1.2740311571         1.1354372756        -1.6921024016        -0.5477478194
        9.9800000000       -25.1162078117         2.2629783296         1.2663741766         1.1328853982        -1.8915643742        -0.4383605219
        9.9850000000       -18.8425802839         2.2858040918         1.2714788303         1.1252297658        -1.7585897258        -0.3288650655
        9.9900000000       -12.5643036313         2.3602967335         1.2791358108         1.1277816433        -1.5591277531        -0.2192884666
        9.9950000000        -6.2829269247         2.4348261579         1.2765834840         1.1099185011        -1.6256150773        -0.1096577615
