% f=0.60Hz  n_cycles=5  N_total=1666  dt=0.005000
% Amp=400.00deg/s
Time[s]              OmegaCmd[deg/s]      Vc[V]                Vg[V]                Pot[V]               Omega[rad/s]         Omega_target[rad/s] 
        0.0000000000         0.0000000000         2.5093739758         1.3327346748         1.0971591138        -0.1628939444         0.0000000000
        0.0050000000         7.5393758862         2.5988297387         1.3378393285         1.0971591138        -0.0299192959         0.1315869328
        0.0100000000        15.0760730680         2.6882537183         1.3429439823         1.1022628687         0.1030553526         0.2631271133
        0.0150000000        22.6074137928         2.7498112429         1.3352870017         1.0920553588        -0.0964066201         0.3945738060
        0.0200000000        30.1307222112         2.7588164092         1.3429439823         1.1048147461         0.1030553526         0.5258803086
        0.0250000000        37.6433253274         2.7677532089         1.3403916554         1.0971591138         0.0365680283         0.6569999684
        0.0300000000        45.1425539494         2.7766211698         1.3352870017         1.0920553588        -0.0964066201         0.7878861992
        0.0350000000        52.6257436369         2.7854198584         1.3454963091         1.1022628687         0.1695426768         0.9184924978
        0.0400000000        60.0902356483         2.7941488715         1.3403916554         1.0971591138         0.0365680283         1.0487724604
        0.0450000000        67.5333778851         2.8028078297         1.3378393285         1.0971591138        -0.0299192959         1.1786797991
        0.0500000000        74.9525258343         2.8113963695         1.3429439823         1.0971591138         0.1030553526         1.3081683585
        0.0550000000        82.3450435080         2.8199141365         1.3378393285         1.0997109912        -0.0299192959         1.4371921319
        0.0600000000        89.7083043798         2.8283607787         1.4016475000         1.1073666236         1.6322638098         1.5657052778
        0.0650000000        97.0396923182         2.8367359398         1.3633625971         1.0997109912         0.6349539464         1.6936621361
        0.0700000000       104.3366025160         2.8450392528         1.3863335388         1.1073666236         1.2333398644         1.8210172442
        0.0750000000       111.5964424157         2.8532703340         1.3684672508         1.1048147461         0.7679285948         1.9477253537
        0.0800000000       118.8166326308         2.8614287771         1.3837812120         1.1226778884         1.1668525402         2.0737414455
        0.0850000000       125.9946078621         2.8695141481         1.3659149240         1.1150222560         0.7014412706         2.1990207470
        0.0900000000       133.1278178092         2.8775259795         1.3863335388         1.1303335207         1.2333398644         2.3235187468
        0.0950000000       140.2137280765         2.8854637661         1.3812288851         1.1277816433         1.1003652160         2.4471912114
        0.1000000000       147.2498210739         2.8933269601         1.3888858657         1.1354372756         1.2998271886         2.5699942007
        0.1050000000       154.2335969110         2.9011149671         1.3965428462         1.1481966629         1.4992891613         2.6918840833
        0.1100000000       161.1625742855         2.9088271422         1.3837812120         1.1379891531         1.1668525402         2.8128175523
        0.1150000000       168.0342913647         2.9164627866         1.4016475000         1.1558522953         1.6322638098         2.9327516406
        0.1200000000       174.8463066604         2.9240211448         1.4016475000         1.1558522953         1.6322638098         3.0516437362
        0.1250000000       181.5961998958         2.9315014016         1.4016475000         1.1635079277         1.6322638098         3.1694515973
        0.1300000000       188.2815728661         2.9389026796         1.4093044805         1.1762673150         1.8317257824         3.2861333673
        0.1350000000       194.9000502901         2.9462240379         1.4067521537         1.1737154375         1.7652384582         3.4016475899
        0.1400000000       201.4492806543         2.9534644700         1.4169614611         1.1839229474         2.0311877551         3.5159532232
        0.1450000000       207.9269370483         2.9606229030         1.4067521537         1.1788191925         1.7652384582         3.6290096551
        0.1500000000       214.3307179916         2.9676981964         1.4093044805         1.1941304572         1.8317257824         3.7407767171
        0.1550000000       220.6583482514         2.9746891421         1.4169614611         1.1966823347         2.0311877551         3.8512146990
        0.1600000000       226.9075796507         2.9815944638         1.4220661148         1.2170973543         2.1641624036         3.9602843626
        0.1650000000       233.0761918674         2.9884128179         1.4195137880         1.2145454769         2.0976750794         4.0679469561
        0.1700000000       239.1619932230         2.9951427938         1.4348277491         1.2324086191         2.4965990247         4.1741642274
        0.1750000000       245.1628214612         3.0017829149         1.4552463639         1.2298567416         3.0284976185         4.2788984380
        0.1800000000       251.0765445163         3.0083316401         1.4322754222         1.2451680064         2.4301117005         4.3821123763
        0.1850000000       256.9010612706         3.0147873652         1.4450370565         1.2528236388         2.7625483216         4.4837693710
        0.1900000000       262.6343023012         3.0211484252         1.4322754222         1.2579273937         2.4301117005         4.5838333038
        0.1950000000       268.2742306147         3.0274130964         1.4475893834         1.2732386584         2.8290356458         4.6822686225
        0.2000000000       273.8188423715         3.0335795986         1.4577986908         1.2911018006         3.0949849428         4.7790403534
        0.2050000000       279.2661675974         3.0396460989         1.4399324028         1.2911018006         2.6295736732         4.8741141140
        0.2100000000       284.6142708837         3.0456107139         1.4552463639         1.3064130654         3.0284976185         4.9674561251
        0.2150000000       289.8612520748         3.0514715133         1.4629033445         1.3217243302         3.2279595912         5.0590332227
        0.2200000000       295.0052469433         3.0572265239         1.4552463639         1.3293799625         3.0284976185         5.1488128698
        0.2250000000       300.0444278522         3.0628737327         1.4603510177         1.3370355949         3.1614722670         5.2367631683
        0.2300000000       304.9770044046         3.0684110918         1.4629033445         1.3523468597         3.2279595912         5.3228528697
        0.2350000000       309.8012240795         3.0738365217         1.4577986908         1.3625543695         3.0949849428         5.4070513869
        0.2400000000       314.5153728546         3.0791479162         1.4756649788         1.3804175117         3.5603962123         5.4893288045
        0.2450000000       319.1177758154         3.0843431470         1.4705603251         1.3957287765         3.4274215639         5.5696558896
        0.2500000000       323.6067977500         3.0894200679         1.4731126519         1.4084881638         3.4939088881         5.6480041026
        0.2550000000       327.9808437302         3.0943765201         1.4833219594         1.4212475511         3.7598581850         5.7243456066
        0.2600000000       332.2383596783         3.0992103366         1.4756649788         1.4340069384         3.5603962123         5.7986532778
        0.2650000000       336.3778329193         3.1039193474         1.4833219594         1.4544219580         3.7598581850         5.8709007152
        0.2700000000       340.3977927179         3.1085013848         1.5011882474         1.4722851002         4.2252694546         5.9410622494
        0.2750000000       344.2968108016         3.1129542879         1.4909789399         1.4850444875         3.9593201577         6.0091129526
        0.2800000000       348.0735018678         3.1172759080         1.4909789399         1.4875963650         3.9593201577         6.0750286465
        0.2850000000       351.7265240762         3.1214641139         1.5037405742         1.5080113847         4.2917567788         6.1387859117
        0.2900000000       355.2545795254         3.1255167967         1.4935312668         1.5258745269         4.0258074819         6.2003620955
        0.2950000000       358.6564147141         3.1294318749         1.5011882474         1.5462895465         4.2252694546         6.2597353202
        0.3000000000       361.9308209864         3.1332072998         1.5088452279         1.5564970564         4.4247314273         6.3168844907
        0.3050000000       365.0766349614         3.1368410602         1.5062929011         1.5718083211         4.3582441031         6.3717893022
        0.3100000000       368.0927389463         3.1403311873         1.5088452279         1.5922233408         4.4247314273         6.4244302473
        0.3150000000       370.9780613339         3.1436757600         1.5011882474         1.6075346056         4.2252694546         6.4747886229
        0.3200000000       373.7315769826         3.1468729089         1.5165022085         1.6330533802         4.6241934000         6.5228465370
        0.3250000000       376.3523075817         3.1499208217         1.5267115159         1.6458127674         4.8901426969         6.5685869148
        0.3300000000       378.8393219979         3.1528177472         1.5088452279         1.6534683998         4.4247314273         6.6119935049
        0.3350000000       381.1917366069         3.1555619999         1.5165022085         1.6687796646         4.6241934000         6.6530508852
        0.3400000000       383.4087156070         3.1581519642         1.5241591891         1.6968503166         4.8236553726         6.6917444682
        0.3450000000       385.4894713160         3.1605860985         1.5241591891         1.7147134588         4.8236553726         6.7280605062
        0.3500000000       387.4332644515         3.1628629388         1.5190545354         1.7249209687         4.6906807242         6.7619860964
        0.3550000000       389.2394043929         3.1649811027         1.5267115159         1.7453359884         4.8901426969         6.7935091852
        0.3600000000       390.9072494273         3.1669392929         1.5241591891         1.7683028855         4.8236553726         6.8226185724
        0.3650000000       392.4362069773         3.1687363000         1.5522347845         1.7912697826         5.5550159391         6.8493039158
        0.3700000000       393.8257338117         3.1703710062         1.5292638428         1.8065810474         4.9566300211         6.8735557341
        0.3750000000       395.0753362381         3.1718423878         1.5394731502         1.8269960670         5.2225793180         6.8953654108
        0.3800000000       396.1845702787         3.1731495177         1.5292638428         1.8423073318         4.9566300211         6.9147251970
        0.3850000000       397.1530418279         3.1742915678         1.5471301308         1.8652742289         5.4220412907         6.9316282142
        0.3900000000       397.9804067925         3.1752678114         1.5267115159         1.8805854937         4.8901426969         6.9460684570
        0.3950000000       398.6663712136         3.1760776246         1.5420254771         1.9112080232         5.2890666422         6.9580407947
        0.4000000000       399.2106913713         3.1767204883         1.5420254771         1.9188636556         5.2890666422         6.9675409736
        0.4050000000       399.6131738712         3.1771959890         1.5701010725         1.9469343076         6.0204272087         6.9745656184
        0.4100000000       399.8736757133         3.1775038205         1.5343684965         1.9647974498         5.0896046696         6.9791122332
        0.4150000000       399.9921043425         3.1776437840         1.5624440919         1.9903162244         5.8209652360         6.9811792028
        0.4200000000       399.9684176815         3.1776157893         1.5496824576         2.0107312441         5.4885286149         6.9807657925
        0.4250000000       399.8026241463         3.1774198544         1.5471301308         2.0234906314         5.4220412907         6.9778721495
        0.4300000000       399.4947826424         3.1770561058         1.5675487456         2.0566650383         5.9539398845         6.9724993016
        0.4350000000       399.0450025445         3.1765247781         1.5573394382         2.0770800580         5.6879905876         6.9646491580
        0.4400000000       398.4534436573         3.1758262134         1.5547871113         2.0923913228         5.6215032634         6.9543245077
        0.4450000000       397.7203161588         3.1749608605         1.5420254771         2.1179100974         5.2890666422         6.9415290190
        0.4500000000       396.8458805258         3.1739292736         1.5675487456         2.1408769945         5.9539398845         6.9262672382
        0.4550000000       395.8304474411         3.1727321111         1.5598917651         2.1612920142         5.7544779118         6.9085445875
        0.4600000000       394.6743776831         3.1713701337         1.5573394382         2.1817070338         5.6879905876         6.8883673638
        0.4650000000       393.3780819981         3.1698442027         1.5598917651         2.2072258084         5.7544779118         6.8657427360
        0.4700000000       391.9420209537         3.1681552778         1.5956243410         2.2404002154         6.6853004510         6.8406787426
        0.4750000000       390.3667047755         3.1663044142         1.5675487456         2.2633671125         5.9539398845         6.8131842885
        0.4800000000       388.6526931659         3.1642927607         1.5803103799         2.2837821322         6.2863765056         6.7832691425
        0.4850000000       386.8005951050         3.1621215562         1.5752057262         2.3016452744         6.1534018572         6.7509439333
        0.4900000000       384.8110686344         3.1597921268         1.5624440919         2.3220602941         5.8209652360         6.7162201458
        0.4950000000       382.6848206235         3.1573058826         1.5649964188         2.3475790687         5.8874525603         6.6791101173
        0.5000000000       380.4226065181         3.1546643138         1.5777580530         2.3833053531         6.2198891814         6.6396270328
        0.5050000000       378.0252300719         3.1518689871         1.5598917651         2.3935128629         5.7544779118         6.5977849204
        0.5100000000       375.4935430615         3.1489215419         1.5675487456         2.4241353924         5.9539398845         6.5535986464
        0.5150000000       372.8284449833         3.1458236861         1.5777580530         2.4419985347         6.2198891814         6.5070839100
        0.5200000000       370.0308827338         3.1425771917         1.5752057262         2.4726210642         6.1534018572         6.4582572378
        0.5250000000       367.1018502736         3.1391838905         1.5803103799         2.5006917162         6.2863765056         6.4071359774
        0.5300000000       364.0423882740         3.1356456697         1.5726533993         2.5160029810         6.0869145330         6.3537382922
        0.5350000000       360.8535837473         3.1319644668         1.5752057262         2.5517292654         6.1534018572         6.2980831540
        0.5400000000       357.5365696605         3.1281422654         1.5777580530         2.5644886527         6.2198891814         6.2401903369
        0.5450000000       354.0925245330         3.1241810897         1.5854150336         2.5925593047         6.4193511541         6.1800804098
        0.5500000000       350.5226720175         3.1200829998         1.5675487456         2.6129743244         5.9539398845         6.1177747296
        0.5550000000       346.8282804658         3.1158500870         1.5777580530         2.6359412215         6.2198891814         6.0532954332
        0.5600000000       343.0106624775         3.1114844681         1.5828627068         2.6640118736         6.3528638299         5.9866654297
        0.5650000000       339.0711744340         3.1069882808         1.5752057262         2.6920825256         6.1534018572         5.9179083925
        0.5700000000       335.0112160169         3.1023636784         1.5726533993         2.7099456679         6.0869145330         5.8470487506
        0.5750000000       330.8322297098         3.0976128245         1.5547871113         2.7278088101         5.6215032634         5.7741116802
        0.5800000000       326.5357002869         3.0927378884         1.5752057262         2.7584313396         6.1534018572         5.6991230953
        0.5850000000       322.1231542844         3.0877410396         1.5777580530         2.7865019916         6.2198891814         5.6221096392
        0.5900000000       317.5961594591         3.0826244427         1.5752057262         2.8018132564         6.1534018572         5.5430986743
        0.5950000000       312.9563242306         3.0773902529         1.5777580530         2.8298839084         6.2198891814         5.4621182728
        0.6000000000       308.2052971103         3.0720406111         1.5675487456         2.8528508056         5.9539398845         5.3791972067
        0.6050000000       303.3447661155         3.0665776387         1.5726533993         2.8707139478         6.0869145330         5.2943649374
        0.6100000000       298.3764581697         3.0610034335         1.5726533993         2.9089921097         6.0869145330         5.2076516055
        0.6150000000       293.3021384890         3.0553200648         1.5726533993         2.9243033744         6.0869145330         5.1190880198
        0.6200000000       288.1236099552         3.0495295695         1.5649964188         2.9396146392         5.8874525603         5.0287056464
        0.6250000000       282.8427124746         3.0436339477         1.5649964188         2.9753409236         5.8874525603         4.9365365980
        0.6300000000       277.4613223251         3.0376351588         1.6007289948         2.9957559433         6.8182750994         4.8426136215
        0.6350000000       271.9813514890         3.0315351176         1.5573394382         3.0110672080         5.6879905876         4.7469700875
        0.6400000000       266.4047469737         3.0253356913         1.5624440919         3.0391378601         5.8209652360         4.6496399776
        0.6450000000       260.7334901204         3.0190386955         1.5573394382         3.0544491248         5.6879905876         4.5506578728
        0.6500000000       254.9695958995         3.0126458917         1.5496824576         3.0825197769         5.4885286149         4.4500589409
        0.6550000000       249.1151121952         3.0061589845         1.5701010725         3.1080385515         6.0204272087         4.3478789243
        0.6600000000       243.1721190778         2.9995796189         1.5522347845         3.1310054486         5.5550159391         4.2441541270
        0.6650000000       237.1427280644         2.9929093781         1.5547871113         3.1463167133         5.6215032634         4.1389214019
        0.6700000000       231.0290813689         2.9861497819         1.5496824576         3.1641798556         5.4885286149         4.0322181377
        0.6750000000       224.8333511409         2.9793022852         1.5675487456         3.1999061400         5.9539398845         3.9240822457
        0.6800000000       218.5577386937         2.9723682762         1.5420254771         3.2152174047         5.2890666422         3.8145521459
        0.6850000000       212.2044737227         2.9653490762         1.5445778039         3.2279767920         5.3555539665         3.7036667539
        0.6900000000       205.7758135126         2.9582459387         1.5445778039         3.2560474441         5.3555539665         3.5914654668
        0.6950000000       199.2740421358         2.9510600493         1.5496824576         3.2841180961         5.4885286149         3.4779881490
        0.7000000000       192.7014696407         2.9437925258         1.5292638428         3.2892218510         4.9566300211         3.3632751187
        0.7050000000       186.0604312310         2.9364444191         1.5445778039         3.3172925031         5.3555539665         3.2473671327
        0.7100000000       179.3532864360         2.9290167134         1.5445778039         3.3402594002         5.3555539665         3.1303053726
        0.7150000000       172.5824182724         2.9215103285         1.5394731502         3.3581225424         5.2225793180         3.0121314299
        0.7200000000       165.7502323973         2.9139261206         1.5369208233         3.3785375621         5.1560919938         2.8928872913
        0.7250000000       158.8591562539         2.9062648849         1.5343684965         3.4015044592         5.0896046696         2.7726153236
        0.7300000000       151.9116382087         2.8985273576         1.5318161696         3.4168157240         5.0231173453         2.6513582588
        0.7350000000       144.9101466818         2.8907142192         1.5292638428         3.4397826211         4.9566300211         2.5291591791
        0.7400000000       137.8571692698         2.8828260973         1.5267115159         3.4525420084         4.8901426969         2.4060615012
        0.7450000000       130.7552118620         2.8748635704         1.5165022085         3.4678532732         4.6241934000         2.2821089611
        0.7500000000       123.6067977500         2.8668271717         1.5318161696         3.4908201703         5.0231173453         2.1573455986
        0.7550000000       116.4144667313         2.8587173931         1.5216068622         3.5214426998         4.7571680484         2.0318157414
        0.7600000000       109.1807742069         2.8505346906         1.5216068622         3.5342020871         4.7571680484         1.9055639898
        0.7650000000       101.9082902734         2.8422794882         1.5190545354         3.5469614744         4.6906807242         1.7786352003
        0.7700000000        94.5995988095         2.8339521842         1.5113975548         3.5648246166         4.4912187515         1.6510744703
        0.7750000000        87.2572965586         2.8255531559         1.5088452279         3.5826877588         4.4247314273         1.5229271213
        0.7800000000        79.8839922058         2.8170827662         1.5011882474         3.5979990236         4.2252694546         1.3942386836
        0.7850000000        72.4823054509         2.8085413691         1.5088452279         3.6082065334         4.4247314273         1.2650548796
        0.7900000000        65.0548660780         2.7999293169         1.4909789399         3.6260696756         3.9593201577         1.1354216075
        0.7950000000        57.6043130209         2.7912469660         1.4960835936         3.6490365728         4.0922948062         1.0053849256
        0.8000000000        50.1332934257         2.7824946846         1.4935312668         3.6694515924         4.0258074819         0.8749910351
        0.8050000000        42.6444617101         2.7736728591         1.4909789399         3.6771072248         3.9593201577         0.7442862646
        0.8100000000        35.1404786203         2.7647819020         1.4960835936         3.6924184896         4.0922948062         0.6133170527
        0.8150000000        27.6240102858         2.7558222588         1.4884266131         3.7153853867         3.8928328335         0.4821299321
        0.8200000000        20.0977272719         2.7467944162         1.4807696325         3.7281447740         3.6933708608         0.3507715131
        0.8250000000        12.5643036313         2.6584512181         1.4680079982         3.7383522838         3.3609342397         0.2192884666
        0.8300000000         5.0264159533         2.5690131131         1.4833219594         3.7536635486         3.7598581850         0.0877275080
        0.8350000000        -2.5132575862         2.4795538186         1.4654556714         3.7664229359         3.2944469154        -0.0438646198
        0.8400000000       -10.0520381773         2.3901051190         1.4629033445         3.7817342006         3.2279595912        -0.1754411627
        0.8450000000       -17.5872473271         2.3006987951         1.4399324028         3.7893898330         2.6295736732        -0.3069553722
        0.8500000000       -25.1162078117         2.2629783296         1.4118568074         3.7970454654         1.8982131067        -0.4383605219
        0.8550000000       -32.6362446273         2.2498294934         1.3837812120         3.7970454654         1.1668525402        -0.5696099242
        0.8600000000       -40.1446859405         2.2369503023         1.3633625971         3.8047010978         0.6349539464        -0.7006569468
        0.8650000000       -47.6388640379         2.2243359277         1.3506009628         3.8174604851         0.3025173252        -0.8314550294
        0.8700000000       -55.1161162739         2.2119813745         1.3301823480         3.8123567301        -0.2293812686        -0.9619576999
        0.8750000000       -62.5737860161         2.1998815078         1.3480486360         3.8174604851         0.2360300010        -1.0921185914
        0.8800000000       -70.0092235901         2.1880310799         1.3378393285         3.8098048527        -0.0299192959        -1.2218914584
        0.8850000000       -77.4197872203         2.1764247557         1.3378393285         3.8123567301        -0.0299192959        -1.3512301932
        0.8900000000       -84.8028439688         2.1650571380         1.3454963091         3.8174604851         0.1695426768        -1.4800888423
        0.8950000000       -92.1557706706         2.1539227911         1.3454963091         3.8174604851         0.1695426768        -1.6084216229
        0.9000000000       -99.4759548659         2.1430162650         1.3429439823         3.8149086076         0.1030553526        -1.7361829390
        0.9050000000      -106.7607957281         2.1323321171         1.2791358108         3.8072529752        -1.5591277531        -1.8633273975
        0.9100000000      -114.0077049880         2.1218649338         1.2842404646         3.7970454654        -1.4261531047        -1.9898098247
        0.9150000000      -121.2141078531         2.1116093509         1.2842404646         3.7944935879        -1.4261531047        -2.1155852819
        0.9200000000      -128.3774439229         2.1015600732         1.2816881377         3.7919417105        -1.4926404289        -2.2406090817
        0.9250000000      -135.4951680981         2.0917118922         1.2689265034         3.7817342006        -1.8250770500        -2.3648368039
        0.9300000000      -142.5647514853         2.0820597037         1.2842404646         3.7766304457        -1.4261531047        -2.4882243107
        0.9350000000      -149.5836822951         2.0725985236         1.2638218497         3.7740785683        -1.9580516985        -2.6107277633
        0.9400000000      -156.5494667349         2.0633235025         1.2612695229         3.7587673035        -2.0245390227        -2.7323036368
        0.9450000000      -163.4596298945         2.0542299400         1.2663741766         3.7536635486        -1.8915643742        -2.8529087358
        0.9500000000      -170.3117166260         2.0453132966         1.2510602154         3.7460079162        -2.2904883196        -2.9725002098
        0.9550000000      -177.1032924156         2.0365692051         1.2561648691         3.7409041613        -2.1575136712        -3.0910355688
        0.9600000000      -183.8319442486         2.0279934813         1.2587171960         3.7434560388        -2.0910263469        -3.2084726975
        0.9650000000      -190.4952814672         2.0195821322         1.2510602154         3.7204891416        -2.2904883196        -3.3247698711
        0.9700000000      -197.0909366193         2.0113313644         1.2434032349         3.7153853867        -2.4899502923        -3.4398857698
        0.9750000000      -203.6165663001         2.0032375906         1.2510602154         3.7077297543        -2.2904883196        -3.5537794935
        0.9800000000      -210.0698519845         1.9952974352         1.2434032349         3.6975222445        -2.4899502923        -3.6664105763
        0.9850000000      -216.4485008507         1.9875077387         1.2382985811         3.6898666121        -2.6229249407        -3.7777390009
        0.9900000000      -222.7502465953         1.9798655614         1.2408509080         3.6847628572        -2.5564376165        -3.8877252127
        0.9950000000      -228.9728502378         1.9723681852         1.2485078886         3.6745553474        -2.3569756438        -3.9963301343
        1.0000000000      -235.1141009170         1.9650131156         1.2434032349         3.6617959601        -2.4899502923        -4.1035151789
        1.0050000000      -241.1718166756         1.9577980815         1.2408509080         3.6541403277        -2.5564376165        -4.2092422640
        1.0100000000      -247.1438452361         1.9507210350         1.2306416006         3.6337253080        -2.8223869134        -4.3134738254
        1.0150000000      -253.0280647652         1.9437801499         1.2102229857         3.6235177982        -3.3542855072        -4.4161728301
        1.0200000000      -258.8223846278         1.9369738192         1.2255369469         3.6107584109        -2.9553615619        -4.5173027896
        1.0250000000      -264.5247461295         1.9303006518         1.2102229857         3.5954471461        -3.3542855072        -4.6168277730
        1.0300000000      -270.1331232484         1.9237594691         1.2153276394         3.5877915138        -3.2213108588        -4.7147124194
        1.0350000000      -275.6455233549         1.9173492997         1.2051183320         3.5699283715        -3.4872601557        -4.8109219509
        1.0400000000      -281.0599879195         1.9110693745         1.1974613514         3.5622727392        -3.6867221284        -4.9054221848
        1.0450000000      -286.3745932087         1.9049191206         1.2102229857         3.5571689842        -3.3542855072        -4.9981795456
        1.0500000000      -291.5874509686         1.8988981545         1.2051183320         3.5444095970        -3.4872601557        -5.0891610769
        1.0550000000      -296.6967090955         1.8930062752         1.2025660052         3.5239945773        -3.5537474799        -5.1783344535
        1.0600000000      -301.7005522944         1.8872434565         1.2000136783         3.5163389449        -3.6202348041        -5.2656679926
        1.0650000000      -306.5972027237         1.8816098389         1.1974613514         3.4933720478        -3.6867221284        -5.3511306649
        1.0700000000      -311.3849206268         1.8761057209         1.1872520440         3.4806126605        -3.9526714253        -5.4346921060
        1.0750000000      -316.0620049503         1.8707315508         1.1821473903         3.4653013957        -4.0856460737        -5.5163226268
        1.0800000000      -320.6267939483         1.8654879168         1.1770427366         3.4448863760        -4.2186207222        -5.5959932245
        1.0850000000      -325.0776657732         1.8603755379         1.1821473903         3.4270232338        -4.0856460737        -5.6736755924
        1.0900000000      -329.4130390514         1.8553952546         1.1795950634         3.4193676015        -4.1521333980        -5.7493421304
        1.0950000000      -333.6313734453         1.8505480183         1.1744904097         3.3938488269        -4.2851080464        -5.8229659546
        1.1000000000      -337.7311702008         1.8458348823         1.1642811023         3.3785375621        -4.5510573433        -5.8945209066
        1.1050000000      -341.7109726797         1.8412569908         1.1770427366         3.3683300523        -4.2186207222        -5.9639815635
        1.1100000000      -345.5693668771         1.8368155697         1.1719380829         3.3581225424        -4.3515953706        -6.0313232460
        1.1150000000      -349.3049819240         1.8325119159         1.1566241217         3.3249481355        -4.7505193160        -6.0965220282
        1.1200000000      -352.9164905740         1.8283473874         1.1693857560         3.3223962580        -4.4180826949        -6.1595547451
        1.1250000000      -356.4026096753         1.8243233934         1.1770427366         3.3019812383        -4.2186207222        -6.2203990015
        1.1300000000      -359.7621006265         1.8204413842         1.1693857560         3.2841180961        -4.4180826949        -6.2790331798
        1.1350000000      -362.9937698164         1.8167028416         1.1515194680         3.2713587088        -4.8834939645        -6.3354364475
        1.1400000000      -366.0964690484         1.8131092690         1.1515194680         3.2381843019        -4.8834939645        -6.3895887648
        1.1450000000      -369.0690959480         1.8096621822         1.1387578337         3.2177692822        -5.2159305856        -6.4414708917
        1.1500000000      -371.9105943553         1.8063631002         1.1515194680         3.2101136498        -4.8834939645        -6.4910643945
        1.1550000000      -374.6199546993         1.8032135358         1.1183392189         3.1820429978        -5.7478291794        -6.5383516532
        1.1600000000      -377.1962143571         1.8002149873         1.1387578337         3.1590761006        -5.2159305856        -6.5833158666
        1.1650000000      -379.6384579961         1.7973689302         1.1438624875         3.1514204683        -5.0829559371        -6.6259410592
        1.1700000000      -381.9458178987         1.7946768083         1.1438624875         3.1259016937        -5.0829559371        -6.6662120866
        1.1750000000      -384.1174742708         1.7921400270         1.1285485263         3.1054866740        -5.4818798825        -6.7041146405
        1.1800000000      -386.1526555333         1.7897599450         1.1311008532         3.0825197769        -5.4153925583        -6.7396352544
        1.1850000000      -388.0506385960         1.7875378675         1.1362055069         3.0646566347        -5.2824179098        -6.7727613080
        1.1900000000      -389.8107491146         1.7854750398         1.1336531800         3.0467934924        -5.3489052340        -6.8034810317
        1.1950000000      -391.4323617302         1.7835726407         1.1234438726         3.0314822277        -5.6148545309        -6.8317835110
        1.2000000000      -392.9149002915         1.7818317767         1.1311008532         3.0034115756        -5.4153925583        -6.8576586902
        1.2050000000      -394.2578380596         1.7802534768         1.1183392189         2.9778928011        -5.7478291794        -6.8810973759
        1.2100000000      -395.4606978952         1.7788386871         1.1132345652         2.9523740265        -5.8808038279        -6.9020912405
        1.2150000000      -396.5230524278         1.7775882665         1.1055775846         2.9345108842        -6.0802658005        -6.9206328249
        1.2200000000      -397.4445242080         1.7765029828         1.1336531800         2.9038883547        -5.3489052340        -6.9367155415
        1.2250000000      -398.2247858412         1.7755835085         1.1030252578         2.8911289674        -6.1467531248        -6.9503336760
        1.2300000000      -398.8635601042         1.7748304184         1.1208915457         2.8681620703        -5.6813418552        -6.9614823900
        1.2350000000      -399.3606200436         1.7742441860         1.1157868920         2.8502989281        -5.8143165036        -6.9701577226
        1.2400000000      -399.7157890562         1.7738251823         1.1183392189         2.8222282761        -5.7478291794        -6.9763565912
        1.2450000000      -399.9289409523         1.7735736734         1.1183392189         2.8043651338        -5.7478291794        -6.9800767936
        1.2500000000      -400.0000000000         1.7734898192         1.1106822383         2.7762944818        -5.9472911521        -6.9813170080
        1.2550000000      -399.9289409523         1.7735736734         1.1055775846         2.7456719523        -6.0802658005        -6.9800767936
        1.2600000000      -399.7157890562         1.7738251823         1.0902636235         2.7303606875        -6.4791897459        -6.9763565912
        1.2650000000      -399.3606200436         1.7742441860         1.1208915457         2.7048419129        -5.6813418552        -6.9701577226
        1.2700000000      -398.8635601042         1.7748304184         1.0851589698         2.6818750158        -6.6121643943        -6.9614823900
        1.2750000000      -398.2247858412         1.7755835085         1.1157868920         2.6640118736        -5.8143165036        -6.9503336760
        1.2800000000      -397.4445242080         1.7765029828         1.0979206040         2.6384930990        -6.2797277732        -6.9367155415
        1.2850000000      -396.5230524278         1.7775882665         1.0953682772         2.6078705695        -6.3462150974        -6.9206328249
        1.2900000000      -395.4606978952         1.7788386871         1.1234438726         2.5874555498        -5.6148545309        -6.9020912405
        1.2950000000      -394.2578380596         1.7802534768         1.0953682772         2.5593848978        -6.3462150974        -6.8810973759
        1.3000000000      -392.9149002915         1.7818317767         1.1081299115         2.5364180006        -6.0137784763        -6.8576586902
        1.3050000000      -391.4323617302         1.7835726407         1.0953682772         2.5262104908        -6.3462150974        -6.8317835110
        1.3100000000      -389.8107491146         1.7854750398         1.1004729309         2.4904842064        -6.2132404490        -6.8034810317
        1.3150000000      -388.0506385960         1.7875378675         1.0979206040         2.4649654318        -6.2797277732        -6.7727613080
        1.3200000000      -386.1526555333         1.7897599450         1.0902636235         2.4394466572        -6.4791897459        -6.7396352544
        1.3250000000      -384.1174742708         1.7921400270         1.1132345652         2.4241353924        -5.8808038279        -6.7041146405
        1.3300000000      -381.9458178987         1.7946768083         1.0749496623         2.3935128629        -6.8781136913        -6.6662120866
        1.3350000000      -379.6384579961         1.7973689302         1.1132345652         2.3756497207        -5.8808038279        -6.6259410592
        1.3400000000      -377.1962143571         1.8002149873         1.0953682772         2.3450271912        -6.3462150974        -6.5833158666
        1.3450000000      -374.6199546993         1.8032135358         1.0979206040         2.3322678039        -6.2797277732        -6.5383516532
        1.3500000000      -371.9105943553         1.8063631002         1.1208915457         2.3016452744        -5.6813418552        -6.4910643945
        1.3550000000      -369.0690959480         1.8096621822         1.0902636235         2.2735746224        -6.4791897459        -6.4414708917
        1.3600000000      -366.0964690484         1.8131092690         1.1055775846         2.2480558478        -6.0802658005        -6.3895887648
        1.3650000000      -362.9937698164         1.8167028416         1.1030252578         2.2327445830        -6.1467531248        -6.3354364475
        1.3700000000      -359.7621006265         1.8204413842         1.1055775846         2.2046739310        -6.0802658005        -6.2790331798
        1.3750000000      -356.4026096753         1.8243233934         1.1106822383         2.1893626662        -5.9472911521        -6.2203990015
        1.3800000000      -352.9164905740         1.8283473874         1.1106822383         2.1612920142        -5.9472911521        -6.1595547451
        1.3850000000      -349.3049819240         1.8325119159         1.1004729309         2.1357732396        -6.2132404490        -6.0965220282
        1.3900000000      -345.5693668771         1.8368155697         1.0979206040         2.1102544650        -6.2797277732        -6.0313232460
        1.3950000000      -341.7109726797         1.8412569908         1.1208915457         2.0949432002        -5.6813418552        -5.9639815635
        1.4000000000      -337.7311702008         1.8458348823         1.1081299115         2.0668725482        -6.0137784763        -5.8945209066
        1.4050000000      -333.6313734453         1.8505480183         1.1055775846         2.0464575285        -6.0802658005        -5.8229659546
        1.4100000000      -329.4130390514         1.8553952546         1.1157868920         2.0158349990        -5.8143165036        -5.7493421304
        1.4150000000      -325.0776657732         1.8603755379         1.1081299115         1.9954199793        -6.0137784763        -5.6736755924
        1.4200000000      -320.6267939484         1.8654879168         1.1285485263         1.9826605920        -5.4818798825        -5.5959932245
        1.4250000000      -316.0620049503         1.8707315508         1.1234438726         1.9673493273        -5.6148545309        -5.5163226268
        1.4300000000      -311.3849206268         1.8761057209         1.1336531800         1.9392786752        -5.3489052340        -5.4346921060
        1.4350000000      -306.5972027237         1.8816098389         1.1183392189         1.9214155330        -5.7478291794        -5.3511306649
        1.4400000000      -301.7005522944         1.8872434565         1.1413101606         1.9035523908        -5.1494432614        -5.2656679926
        1.4450000000      -296.6967090955         1.8930062752         1.1311008532         1.8780336162        -5.4153925583        -5.1783344535
        1.4500000000      -291.5874509686         1.8988981545         1.1183392189         1.8525148416        -5.7478291794        -5.0891610769
        1.4550000000      -286.3745932087         1.9049191206         1.1540717949         1.8423073318        -4.8170066402        -4.9981795456
        1.4600000000      -281.0599879195         1.9110693745         1.1208915457         1.8142366797        -5.6813418552        -4.9054221848
        1.4650000000      -275.6455233549         1.9173492997         1.1387578337         1.7938216601        -5.2159305856        -4.8109219509
        1.4700000000      -270.1331232484         1.9237594691         1.1464148143         1.7861660277        -5.0164686129        -4.7147124194
        1.4750000000      -264.5247461295         1.9303006518         1.1413101606         1.7580953756        -5.1494432614        -4.6168277730
        1.4800000000      -258.8223846278         1.9369738192         1.1413101606         1.7427841109        -5.1494432614        -4.5173027896
        1.4850000000      -253.0280647653         1.9437801499         1.1489671412         1.7172653363        -4.9499812887        -4.4161728301
        1.4900000000      -247.1438452361         1.9507210350         1.1387578337         1.7045059490        -5.2159305856        -4.3134738254
        1.4950000000      -241.1718166756         1.9577980815         1.1566241217         1.6891946843        -4.7505193160        -4.2092422640
        1.5000000000      -235.1141009170         1.9650131156         1.1617287755         1.6713315420        -4.6175446675        -4.1035151789
        1.5050000000      -228.9728502378         1.9723681852         1.1617287755         1.6585721547        -4.6175446675        -3.9963301343
        1.5100000000      -222.7502465953         1.9798655614         1.1642811023         1.6356052576        -4.5510573433        -3.8877252127
        1.5150000000      -216.4485008508         1.9875077387         1.1591764486         1.6151902379        -4.6840319918        -3.7777390009
        1.5200000000      -210.0698519845         1.9952974352         1.1693857560         1.6024308506        -4.4180826949        -3.6664105763
        1.5250000000      -203.6165663002         2.0032375906         1.1617287755         1.5871195859        -4.6175446675        -3.5537794935
        1.5300000000      -197.0909366193         2.0113313644         1.1846997172         1.5769120761        -4.0191587495        -3.4398857698
        1.5350000000      -190.4952814672         2.0195821322         1.1872520440         1.5590489338        -3.9526714253        -3.3247698711
        1.5400000000      -183.8319442486         2.0279934813         1.1744904097         1.5360820367        -4.2851080464        -3.2084726975
        1.5450000000      -177.1032924156         2.0365692051         1.1949090246         1.5258745269        -3.7532094526        -3.0910355688
        1.5500000000      -170.3117166260         2.0453132966         1.1744904097         1.5003557523        -4.2851080464        -2.9725002098
        1.5550000000      -163.4596298945         2.0542299400         1.1923566977         1.4927001199        -3.8196967768        -2.8529087358
        1.5600000000      -156.5494667349         2.0633235025         1.2051183320         1.4850444875        -3.4872601557        -2.7323036368
        1.5650000000      -149.5836822951         2.0725985236         1.1923566977         1.4671813453        -3.8196967768        -2.6107277633
        1.5700000000      -142.5647514853         2.0820597037         1.2025660052         1.4518700806        -3.5537474799        -2.4882243107
        1.5750000000      -135.4951680981         2.0917118922         1.2000136783         1.4314550609        -3.6202348041        -2.3648368039
        1.5800000000      -128.3774439229         2.1015600732         1.2051183320         1.4289031834        -3.4872601557        -2.2406090817
        1.5850000000      -121.2141078531         2.1116093509         1.2153276394         1.4186956736        -3.2213108588        -2.1155852819
        1.5900000000      -114.0077049880         2.1218649338         1.2153276394         1.4008325314        -3.2213108588        -1.9898098247
        1.5950000000      -106.7607957282         2.1323321171         1.2102229857         1.3804175117        -3.3542855072        -1.8633273975
        1.6000000000       -99.4759548659         2.1430162650         1.2229846200         1.3778656343        -3.0218488861        -1.7361829390
        1.6050000000       -92.1557706706         2.1539227911         1.2255369469         1.3651062470        -2.9553615619        -1.6084216229
        1.6100000000       -84.8028439688         2.1650571380         1.2306416006         1.3625543695        -2.8223869134        -1.4800888423
        1.6150000000       -77.4197872203         2.1764247557         1.2306416006         1.3370355949        -2.8223869134        -1.3512301932
        1.6200000000       -70.0092235901         2.1880310799         1.2280892737         1.3293799625        -2.8888742376        -1.2218914584
        1.6250000000       -62.5737860161         2.1998815078         1.2510602154         1.3293799625        -2.2904883196        -1.0921185914
        1.6300000000       -55.1161162739         2.2119813745         1.2459555617         1.3166205752        -2.4234629681        -0.9619576999
        1.6350000000       -47.6388640380         2.2243359277         1.2434032349         1.2962055556        -2.4899502923        -0.8314550294
        1.6400000000       -40.1446859405         2.2369503023         1.2510602154         1.2911018006        -2.2904883196        -0.7006569468
        1.6450000000       -32.6362446273         2.2498294934         1.2587171960         1.2834461683        -2.0910263469        -0.5696099242
        1.6500000000       -25.1162078117         2.2629783296         1.2612695229         1.2808942908        -2.0245390227        -0.4383605219
        1.6550000000       -17.5872473271         2.3006987951         1.2638218497         1.2757905359        -1.9580516985        -0.3069553722
        1.6600000000       -10.0520381773         2.3901051190         1.2842404646         1.2732386584        -1.4261531047        -0.1754411627
        1.6650000000        -2.5132575862         2.4795538186         1.2791358108         1.2604792711        -1.5591277531        -0.0438646198
        1.6700000000         5.0264159533         2.5690131131         1.2944497720         1.2655830261        -1.1602038078         0.0877275080
        1.6750000000        12.5643036312         2.6584512181         1.3123160600         1.2579273937        -0.6947925382         0.2192884666
        1.6800000000        20.0977272719         2.7467944162         1.3174207137         1.2579273937        -0.5618178897         0.3507715131
        1.6850000000        27.6240102858         2.7558222588         1.3327346748         1.2502717613        -0.1628939444         0.4821299321
        1.6900000000        35.1404786203         2.7647819020         1.3378393285         1.2426161289        -0.0299192959         0.6133170527
        1.6950000000        42.6444617101         2.7736728591         1.3403916554         1.2604792711         0.0365680283         0.7442862646
        1.7000000000        50.1332934257         2.7824946846         1.3327346748         1.2426161289        -0.1628939444         0.8749910351
        1.7050000000        57.6043130209         2.7912469660         1.3403916554         1.2502717613         0.0365680283         1.0053849256
        1.7100000000        65.0548660780         2.7999293169         1.3352870017         1.2502717613        -0.0964066201         1.1354216075
        1.7150000000        72.4823054509         2.8085413691         1.3378393285         1.2528236388        -0.0299192959         1.2650548796
        1.7200000000        79.8839922058         2.8170827662         1.3327346748         1.2426161289        -0.1628939444         1.3942386836
        1.7250000000        87.2572965586         2.8255531559         1.3429439823         1.2579273937         0.1030553526         1.5229271213
        1.7300000000        94.5995988095         2.8339521842         1.4399324028         1.2528236388         2.6295736732         1.6510744703
        1.7350000000       101.9082902734         2.8422794882         1.3735719045         1.2553755162         0.9009032433         1.7786352003
        1.7400000000       109.1807742069         2.8505346906         1.3863335388         1.2630311486         1.2333398644         1.9055639898
        1.7450000000       116.4144667313         2.8587173931         1.3888858657         1.2757905359         1.2998271886         2.0318157414
        1.7500000000       123.6067977500         2.8668271717         1.3965428462         1.2757905359         1.4992891613         2.1573455986
        1.7550000000       130.7552118620         2.8748635704         1.3812288851         1.2783424134         1.1003652160         2.2821089611
        1.7600000000       137.8571692698         2.8828260973         1.3939905194         1.2783424134         1.4328018371         2.4060615012
        1.7650000000       144.9101466818         2.8907142192         1.3939905194         1.2885499232         1.4328018371         2.5291591791
        1.7700000000       151.9116382087         2.8985273576         1.3914381925         1.2936536781         1.3663145129         2.6513582588
        1.7750000000       158.8591562539         2.9062648849         1.4041998268         1.3013093105         1.6987511340         2.7726153236
        1.7800000000       165.7502323973         2.9139261206         1.4016475000         1.3115168203         1.6322638098         2.8928872913
        1.7850000000       172.5824182724         2.9215103285         1.4118568074         1.3217243302         1.8982131067         3.0121314299
        1.7900000000       179.3532864360         2.9290167134         1.3990951731         1.3115168203         1.5657764855         3.1303053726
        1.7950000000       186.0604312310         2.9364444191         1.4016475000         1.3242762076         1.6322638098         3.2473671327
        1.8000000000       192.7014696407         2.9437925258         1.4195137880         1.3421393498         2.0976750794         3.3632751187
        1.8050000000       199.2740421358         2.9510600493         1.4118568074         1.3395874724         1.8982131067         3.4779881490
        1.8100000000       205.7758135126         2.9582459387         1.4118568074         1.3446912273         1.8982131067         3.5914654668
        1.8150000000       212.2044737227         2.9653490762         1.4246184417         1.3548987371         2.2306497278         3.7036667539
        1.8200000000       218.5577386937         2.9723682762         1.4246184417         1.3727618793         2.2306497278         3.8145521459
        1.8250000000       224.8333511408         2.9793022852         1.4220661148         1.3676581244         2.1641624036         3.9240822457
        1.8300000000       231.0290813689         2.9861497819         1.4297230954         1.3829693892         2.3636243763         4.0322181377
        1.8350000000       237.1427280644         2.9929093781         1.4271707685         1.3931768990         2.2971370520         4.1389214019
        1.8400000000       243.1721190778         2.9995796189         1.4246184417         1.3957287765         2.2306497278         4.2441541270
        1.8450000000       249.1151121952         3.0061589845         1.4322754222         1.4084881638         2.4301117005         4.3478789243
        1.8500000000       254.9695958995         3.0126458917         1.4450370565         1.4237994285         2.7625483216         4.4500589409
        1.8550000000       260.7334901203         3.0190386955         1.4373800759         1.4237994285         2.5630863489         4.5506578728
        1.8600000000       266.4047469737         3.0253356913         1.4373800759         1.4416625707         2.5630863489         4.6496399776
        1.8650000000       271.9813514890         3.0315351176         1.4475893834         1.4467663256         2.8290356458         4.7469700875
        1.8700000000       277.4613223251         3.0376351588         1.4526940371         1.4620775904         2.9620102943         4.8426136215
        1.8750000000       282.8427124746         3.0436339477         1.4501417102         1.4773888552         2.8955229701         4.9365365980
        1.8800000000       288.1236099552         3.0495295695         1.4450370565         1.4799407326         2.7625483216         5.0287056464
        1.8850000000       293.3021384890         3.0553200648         1.4680079982         1.5054595072         3.3609342397         5.1190880198
        1.8900000000       298.3764581697         3.0610034335         1.4603510177         1.5105632621         3.1614722670         5.2076516055
        1.8950000000       303.3447661155         3.0665776387         1.4603510177         1.5182188945         3.1614722670         5.2943649374
        1.9000000000       308.2052971103         3.0720406111         1.4654556714         1.5284264043         3.2944469154         5.3791972067
        1.9050000000       312.9563242306         3.0773902529         1.4680079982         1.5462895465         3.3609342397         5.4621182728
        1.9100000000       317.5961594591         3.0826244427         1.4731126519         1.5616008113         3.4939088881         5.5430986743
        1.9150000000       322.1231542844         3.0877410396         1.4833219594         1.5718083211         3.7598581850         5.6221096392
        1.9200000000       326.5357002869         3.0927378884         1.4756649788         1.5871195859         3.5603962123         5.6991230953
        1.9250000000       330.8322297098         3.0976128245         1.4884266131         1.5947752183         3.8928328335         5.7741116802
        1.9300000000       335.0112160169         3.1023636784         1.4782173056         1.6126383605         3.6268835366         5.8470487506
        1.9350000000       339.0711744340         3.1069882808         1.5292638428         1.6381571351         4.9566300211         5.9179083925
        1.9400000000       343.0106624775         3.1114844681         1.5011882474         1.6509165224         4.2252694546         5.9866654297
        1.9450000000       346.8282804658         3.1158500870         1.4960835936         1.6636759097         4.0922948062         6.0532954332
        1.9500000000       350.5226720175         3.1200829998         1.4884266131         1.6687796646         3.8928328335         6.1177747296
        1.9550000000       354.0925245330         3.1241810897         1.4909789399         1.6917465617         3.9593201577         6.1800804098
        1.9600000000       357.5365696605         3.1281422654         1.5037405742         1.7045059490         4.2917567788         6.2401903369
        1.9650000000       360.8535837473         3.1319644668         1.4909789399         1.7274728461         3.9593201577         6.2980831540
        1.9700000000       364.0423882740         3.1356456697         1.4960835936         1.7325766011         4.0922948062         6.3537382922
        1.9750000000       367.1018502736         3.1391838905         1.5113975548         1.7606472531         4.4912187515         6.4071359774
        1.9800000000       370.0308827338         3.1425771917         1.4960835936         1.7657510080         4.0922948062         6.4582572378
        1.9850000000       372.8284449833         3.1458236861         1.5113975548         1.7785103953         4.4912187515         6.5070839100
        1.9900000000       375.4935430615         3.1489215419         1.5113975548         1.8014772924         4.4912187515         6.5535986464
        1.9950000000       378.0252300719         3.1518689871         1.5190545354         1.8218923121         4.6906807242         6.5977849204
        2.0000000000       380.4226065181         3.1546643138         1.5062929011         1.8423073318         4.3582441031         6.6396270328
        2.0050000000       382.6848206235         3.1573058826         1.5343684965         1.8576185965         5.0896046696         6.6791101173
        2.0100000000       384.8110686344         3.1597921268         1.5190545354         1.8754817388         4.6906807242         6.7162201458
        2.0150000000       386.8005951050         3.1621215562         1.5292638428         1.8907930035         4.9566300211         6.7509439333
        2.0200000000       388.6526931659         3.1642927607         1.5318161696         1.9163117781         5.0231173453         6.7832691425
        2.0250000000       390.3667047755         3.1663044142         1.5343684965         1.9316230429         5.0896046696         6.8131842885
        2.0300000000       391.9420209537         3.1681552778         1.5292638428         1.9520380625         4.9566300211         6.8406787426
        2.0350000000       393.3780819981         3.1698442027         1.5394731502         1.9750049597         5.2225793180         6.8657427360
        2.0400000000       394.6743776831         3.1713701337         1.5343684965         1.9903162244         5.0896046696         6.8883673638
        2.0450000000       395.8304474411         3.1727321111         1.5369208233         2.0081793666         5.1560919938         6.9085445875
        2.0500000000       396.8458805258         3.1739292736         1.5369208233         2.0285943863         5.1560919938         6.9262672382
        2.0550000000       397.7203161588         3.1749608605         1.5420254771         2.0464575285         5.2890666422         6.9415290190
        2.0600000000       398.4534436573         3.1758262134         1.5445778039         2.0719763031         5.3555539665         6.9543245077
        2.0650000000       399.0450025445         3.1765247781         1.5547871113         2.1025988326         5.6215032634         6.9646491580
        2.0700000000       399.4947826424         3.1770561058         1.5598917651         2.1179100974         5.7544779118         6.9724993016
        2.0750000000       399.8026241463         3.1774198544         1.5547871113         2.1383251170         5.6215032634         6.9778721495
        2.0800000000       399.9684176815         3.1776157893         1.5726533993         2.1689476465         6.0869145330         6.9807657925
        2.0850000000       399.9921043425         3.1776437840         1.5496824576         2.1791551564         5.4885286149         6.9811792028
        2.0900000000       399.8736757133         3.1775038205         1.5369208233         2.1944664211         5.1560919938         6.9791122332
        2.0950000000       399.6131738713         3.1771959890         1.5675487456         2.2225370732         5.9539398845         6.9745656184
        2.1000000000       399.2106913713         3.1767204883         1.5624440919         2.2455039703         5.8209652360         6.9675409736
        2.1050000000       398.6663712136         3.1760776246         1.5522347845         2.2608152351         5.5550159391         6.9580407947
        2.1100000000       397.9804067925         3.1752678114         1.5598917651         2.2965415195         5.7544779118         6.9460684570
        2.1150000000       397.1530418279         3.1742915678         1.5649964188         2.3093009068         5.8874525603         6.9316282142
        2.1200000000       396.1845702787         3.1731495177         1.5598917651         2.3424753138         5.7544779118         6.9147251970
        2.1250000000       395.0753362381         3.1718423878         1.5777580530         2.3603384560         6.2198891814         6.8953654108
        2.1300000000       393.8257338117         3.1703710062         1.5701010725         2.3833053531         6.0204272087         6.8735557341
        2.1350000000       392.4362069773         3.1687363000         1.5522347845         2.4037203728         5.5550159391         6.8493039158
        2.1400000000       390.9072494273         3.1669392929         1.5752057262         2.4317910248         6.1534018572         6.8226185724
        2.1450000000       389.2394043929         3.1649811027         1.5726533993         2.4547579220         6.0869145330         6.7935091852
        2.1500000000       387.4332644515         3.1628629388         1.5701010725         2.4751729416         6.0204272087         6.7619860964
        2.1550000000       385.4894713160         3.1605860985         1.5675487456         2.5032435937         5.9539398845         6.7280605062
        2.1600000000       383.4087156070         3.1581519642         1.5726533993         2.5262104908         6.0869145330         6.6917444682
        2.1650000000       381.1917366069         3.1555619999         1.5649964188         2.5440736330         5.8874525603         6.6530508852
        2.1700000000       378.8393219979         3.1528177472         1.5701010725         2.5695924076         6.0204272087         6.6119935049
        2.1750000000       376.3523075817         3.1499208217         1.5701010725         2.5900074273         6.0204272087         6.5685869148
        2.1800000000       373.7315769826         3.1468729089         1.5752057262         2.6282855892         6.1534018572         6.5228465370
        2.1850000000       370.9780613339         3.1436757600         1.5752057262         2.6435968539         6.1534018572         6.4747886229
        2.1900000000       368.0927389463         3.1403311873         1.5879673605         2.6742193834         6.4858384783         6.4244302473
        2.1950000000       365.0766349614         3.1368410602         1.5624440919         2.6844268933         5.8209652360         6.3717893022
        2.2000000000       361.9308209864         3.1332072998         1.5803103799         2.7099456679         6.2863765056         6.3168844907
        2.2050000000       358.6564147141         3.1294318749         1.5777580530         2.7456719523         6.2198891814         6.2597353202
        2.2100000000       355.2545795254         3.1255167967         1.5803103799         2.7635350945         6.2863765056         6.2003620955
        2.2150000000       351.7265240762         3.1214641139         1.5649964188         2.7813982367         5.8874525603         6.1387859117
        2.2200000000       348.0735018678         3.1172759080         1.5777580530         2.8094688888         6.2198891814         6.0750286465
        2.2250000000       344.2968108016         3.1129542879         1.5803103799         2.8375395408         6.2863765056         6.0091129526
        2.2300000000       340.3977927179         3.1085013848         1.5701010725         2.8630583154         6.0204272087         5.9410622494
        2.2350000000       336.3778329193         3.1039193474         1.5854150336         2.8936808449         6.4193511541         5.8709007152
        2.2400000000       332.2383596783         3.0992103366         1.5803103799         2.9166477420         6.2863765056         5.7986532778
        2.2450000000       327.9808437302         3.0943765201         1.5726533993         2.9345108842         6.0869145330         5.7243456066
        2.2500000000       323.6067977500         3.0894200679         1.5854150336         2.9651334138         6.4193511541         5.6480041026
        2.2550000000       319.1177758154         3.0843431470         1.5701010725         2.9804446785         6.0204272087         5.5696558896
        2.2600000000       314.5153728546         3.0791479162         1.5752057262         3.0110672080         6.1534018572         5.4893288045
        2.2650000000       309.8012240795         3.0738365217         1.5777580530         3.0212747179         6.2198891814         5.4070513869
        2.2700000000       304.9770044046         3.0684110918         1.5598917651         3.0544491248         5.7544779118         5.3228528697
        2.2750000000       300.0444278522         3.0628737327         1.5649964188         3.0697603896         5.8874525603         5.2367631683
        2.2800000000       295.0052469433         3.0572265239         1.5701010725         3.1003829191         6.0204272087         5.1488128698
        2.2850000000       289.8612520748         3.0514715133         1.5649964188         3.1207979388         5.8874525603         5.0590332227
        2.2900000000       284.6142708837         3.0456107139         1.5496824576         3.1386610810         5.4885286149         4.9674561251
        2.2950000000       279.2661675974         3.0396460989         1.5649964188         3.1565242232         5.8874525603         4.8741141140
        2.3000000000       273.8188423715         3.0335795986         1.5777580530         3.1948023851         6.2198891814         4.7790403534
        2.3050000000       268.2742306147         3.0274130964         1.5573394382         3.2126655273         5.6879905876         4.6822686225
        2.3100000000       262.6343023012         3.0211484252         1.5649964188         3.2330805470         5.8874525603         4.5838333038
        2.3150000000       256.9010612706         3.0147873652         1.5624440919         3.2560474441         5.8209652360         4.4837693710
        2.3200000000       251.0765445163         3.0083316401         1.5624440919         3.2841180961         5.8209652360         4.3821123763
        2.3250000000       245.1628214612         3.0017829149         1.5445778039         3.2943256060         5.3555539665         4.2788984380
        2.3300000000       239.1619932230         2.9951427938         1.5675487456         3.3249481355         5.9539398845         4.1741642274
        2.3350000000       233.0761918674         2.9884128179         1.5369208233         3.3428112777         5.1560919938         4.0679469561
        2.3400000000       226.9075796507         2.9815944638         1.5547871113         3.3657781748         5.6215032634         3.9602843626
        2.3450000000       220.6583482514         2.9746891421         1.5573394382         3.3861931945         5.6879905876         3.8512146990
        2.3500000000       214.3307179916         2.9676981964         1.5420254771         3.4066082142         5.2890666422         3.7407767171
        2.3550000000       207.9269370483         2.9606229030         1.5522347845         3.4321269888         5.5550159391         3.6290096551
        2.3600000000       201.4492806543         2.9534644700         1.5445778039         3.4499901310         5.3555539665         3.5159532232
        2.3650000000       194.9000502901         2.9462240379         1.5369208233         3.4653013957         5.1560919938         3.4016475899
        2.3700000000       188.2815728661         2.9389026796         1.5496824576         3.4933720478         5.4885286149         3.2861333673
        2.3750000000       181.5961998958         2.9315014016         1.5369208233         3.5137870674         5.1560919938         3.1694515973
        2.3800000000       174.8463066604         2.9240211448         1.5369208233         3.5342020871         5.1560919938         3.0516437362
        2.3850000000       168.0342913647         2.9164627866         1.5803103799         3.5546171068         6.2863765056         2.9327516406
        2.3900000000       161.1625742855         2.9088271422         1.5241591891         3.5699283715         4.8236553726         2.8128175523
        2.3950000000       154.2335969110         2.9011149671         1.5267115159         3.5903433912         4.8901426969         2.6918840833
        2.4000000000       147.2498210739         2.8933269601         1.5420254771         3.6158621658         5.2890666422         2.5699942007
        2.4050000000       140.2137280765         2.8854637661         1.5190545354         3.6311734306         4.6906807242         2.4471912114
        2.4100000000       133.1278178092         2.8775259795         1.5190545354         3.6515884502         4.6906807242         2.3235187468
        2.4150000000       125.9946078621         2.8695141481         1.5241591891         3.6694515924         4.8236553726         2.1990207470
        2.4200000000       118.8166326308         2.8614287771         1.5165022085         3.6847628572         4.6241934000         2.0737414455
        2.4250000000       111.5964424157         2.8532703340         1.5292638428         3.7153853867         4.9566300211         1.9477253537
        2.4300000000       104.3366025160         2.8450392528         1.5113975548         3.7204891416         4.4912187515         1.8210172442
        2.4350000000        97.0396923182         2.8367359398         1.5190545354         3.7511116711         4.6906807242         1.6936621361
        2.4400000000        89.7083043798         2.8283607787         1.5165022085         3.7638710584         4.6241934000         1.5657052778
        2.4450000000        82.3450435080         2.8199141365         1.4960835936         3.7817342006         4.0922948062         1.4371921319
        2.4500000000        74.9525258343         2.8113963695         1.5062929011         3.7970454654         4.3582441031         1.3081683585
        2.4550000000        67.5333778851         2.8028078297         1.5037405742         3.8123567301         4.2917567788         1.1786797991
        2.4600000000        60.0902356483         2.7941488715         1.5037405742         3.8276679949         4.2917567788         1.0487724604
        2.4650000000        52.6257436369         2.7854198584         1.4986359205         3.8480830146         4.1587821304         0.9184924978
        2.4700000000        45.1425539494         2.7766211698         1.4884266131         3.8608424019         3.8928328335         0.7878861992
        2.4750000000        37.6433253274         2.7677532089         1.4807696325         3.8710499117         3.6933708608         0.6569999684
        2.4800000000        30.1307222112         2.7588164092         1.4833219594         3.8889130539         3.7598581850         0.5258803086
        2.4850000000        22.6074137928         2.7498112429         1.4858742862         3.9042243187         3.8263455092         0.3945738060
        2.4900000000        15.0760730680         2.6882537183         1.4756649788         3.9246393383         3.5603962123         0.2631271133
        2.4950000000         7.5393758862         2.5988297387         1.4807696325         3.9399506031         3.6933708608         0.1315869328
        2.5000000000         0.0000000000         2.5093739758         1.4603510177         3.9476062355         3.1614722670         0.0000000000
        2.5050000000        -7.5393758862         2.4199182130         1.4629033445         3.9654693777         3.2279595912        -0.1315869328
        2.5100000000       -15.0760730680         2.3304942334         1.4526940371         3.9731250101         2.9620102943        -0.2631271133
        2.5150000000       -22.6074137928         2.2674220032         1.4271707685         3.9858843974         2.2971370520        -0.3945738060
        2.5200000000       -30.1307222112         2.2541822451         1.3888858657         3.9833325199         1.2998271886        -0.5258803086
        2.5250000000       -37.6433253274         2.2412136998         1.3659149240         3.9884362748         0.7014412706        -0.6569999684
        2.5300000000       -45.1425539494         2.2285116004         1.3454963091         3.9909881523         0.1695426768        -0.7878861992
        2.5350000000       -52.6257436369         2.2160710042         1.3327346748         3.9884362748        -0.1628939444        -0.9184924978
        2.5400000000       -60.0902356483         2.2038868201         1.3378393285         3.9858843974        -0.0299192959        -1.0487724604
        2.5450000000       -67.5333778851         2.1919538349         1.3378393285         3.9909881523        -0.0299192959        -1.1786797991
        2.5500000000       -74.9525258343         2.1802667400         1.3352870017         3.9935400297        -0.0964066201        -1.3081683585
        2.5550000000       -82.3450435079         2.1688201560         1.3454963091         3.9960919072         0.1695426768        -1.4371921319
        2.5600000000       -89.7083043797         2.1576086575         1.3378393285         3.9858843974        -0.0299192959        -1.5657052778
        2.5650000000       -97.0396923182         2.1466267967         1.3327346748         3.9833325199        -0.1628939444        -1.6936621361
        2.5700000000      -104.3366025160         2.1358691260         1.2995544257         3.9935400297        -1.0272291593        -1.8210172442
        2.5750000000      -111.5964424157         2.1253302200         1.2842404646         3.9884362748        -1.4261531047        -1.9477253537
        2.5800000000      -118.8166326308         2.1150046959         1.2867927914         3.9705731326        -1.3596657804        -2.0737414455
        2.5850000000      -125.9946078621         2.1048872331         1.2842404646         3.9680212551        -1.4261531047        -2.1990207470
        2.5900000000      -133.1278178092         2.0949725925         1.2612695229         3.9552618679        -2.0245390227        -2.3235187468
        2.5950000000      -140.2137280765         2.0852556333         1.2867927914         3.9578137453        -1.3596657804        -2.4471912114
        2.6000000000      -147.2498210739         2.0757313294         1.2663741766         3.9527099904        -1.8915643742        -2.5699942007
        2.6050000000      -154.2335969110         2.0663947852         1.2714788303         3.9476062355        -1.7585897258        -2.6918840833
        2.6100000000      -161.1625742855         2.0572412491         1.2714788303         3.9425024806        -1.7585897258        -2.8128175523
        2.6150000000      -168.0342913647         2.0482661266         1.2612695229         3.9297430933        -2.0245390227        -2.9327516406
        2.6200000000      -174.8463066604         2.0394649920         1.2638218497         3.9246393383        -1.9580516985        -3.0516437362
        2.6250000000      -181.5961998958         2.0308335989         1.2638218497         3.9169837060        -1.9580516985        -3.1694515973
        2.6300000000      -188.2815728661         2.0223678897         1.2638218497         3.9169837060        -1.9580516985        -3.2861333673
        2.6350000000      -194.9000502901         2.0140640037         1.2536125423         3.8991205638        -2.2240009954        -3.4016475899
        2.6400000000      -201.4492806543         2.0059182842         1.2510602154         3.8940168088        -2.2904883196        -3.5159532232
        2.6450000000      -207.9269370483         1.9979272845         1.2459555617         3.8787055441        -2.4234629681        -3.6290096551
        2.6500000000      -214.3307179916         1.9900877726         1.2663741766         3.8787055441        -1.8915643742        -3.7407767171
        2.6550000000      -220.6583482514         1.9823967352         1.2434032349         3.8736017892        -2.4899502923        -3.8512146990
        2.6600000000      -226.9075796507         1.9748513802         1.2331939274         3.8506348920        -2.7558995892        -3.9602843626
        2.6650000000      -233.0761918674         1.9674491384         1.2434032349         3.8531867695        -2.4899502923        -4.0679469561
        2.6700000000      -239.1619932230         1.9601876643         1.2357462543         3.8429792597        -2.6894122650        -4.1741642274
        2.6750000000      -245.1628214612         1.9530648358         1.2229846200         3.8200123625        -3.0218488861        -4.2788984380
        2.6800000000      -251.0765445163         1.9460787530         1.2229846200         3.8098048527        -3.0218488861        -4.3821123763
        2.6850000000      -256.9010612706         1.9392277359         1.2178799663         3.8047010978        -3.1548235346        -4.4837693710
        2.6900000000      -262.6343023012         1.9325103221         1.2204322931         3.7868379556        -3.0883362103        -4.5838333038
        2.6950000000      -268.2742306147         1.9259252625         1.2153276394         3.7842860781        -3.2213108588        -4.6822686225
        2.7000000000      -273.8188423715         1.9194715173         1.2204322931         3.7766304457        -3.0883362103        -4.7790403534
        2.7050000000      -279.2661675974         1.9131482507         1.2280892737         3.7536635486        -2.8888742376        -4.8741141140
        2.7100000000      -284.6142708837         1.9069548248         1.2000136783         3.7460079162        -3.6202348041        -4.9674561251
        2.7150000000      -289.8612520748         1.9008907940         1.2102229857         3.7358004064        -3.3542855072        -5.0590332227
        2.7200000000      -295.0052469433         1.8949558972         1.2000136783         3.7102816318        -3.6202348041        -5.1488128698
        2.7250000000      -300.0444278522         1.8891500507         1.1923566977         3.7026259994        -3.8196967768        -5.2367631683
        2.7300000000      -304.9770044046         1.8834733405         1.1846997172         3.6796591023        -4.0191587495        -5.3228528697
        2.7350000000      -309.8012240795         1.8779260134         1.1949090246         3.6745553474        -3.7532094526        -5.4070513869
        2.7400000000      -314.5153728546         1.8725084687         1.1795950634         3.6515884502        -4.1521333980        -5.4893288045
        2.7450000000      -319.1177758154         1.8672212490         1.2025660052         3.6490365728        -3.5537474799        -5.5696558896
        2.7500000000      -323.6067977500         1.8620650308         1.1693857560         3.6235177982        -4.4180826949        -5.6480041026
        2.7550000000      -327.9808437302         1.8570406152         1.1974613514         3.6158621658        -3.6867221284        -5.7243456066
        2.7600000000      -332.2383596783         1.8521489177         1.1770427366         3.5954471461        -4.2186207222        -5.7986532778
        2.7650000000      -336.3778329193         1.8473909587         1.1693857560         3.5750321265        -4.4180826949        -5.8709007152
        2.7700000000      -340.3977927179         1.8427678533         1.1693857560         3.5673764941        -4.4180826949        -5.9410622494
        2.7750000000      -344.2968108016         1.8382808013         1.1795950634         3.5495133519        -4.1521333980        -6.0091129526
        2.7800000000      -348.0735018678         1.8339310770         1.1515194680         3.5214426998        -4.8834939645        -6.0750286465
        2.7850000000      -351.7265240762         1.8297200191         1.1693857560         3.5086833125        -4.4180826949        -6.1387859117
        2.7900000000      -355.2545795254         1.8256490210         1.1540717949         3.4933720478        -4.8170066402        -6.2003620955
        2.7950000000      -358.6564147141         1.8217195202         1.1566241217         3.4755089056        -4.7505193160        -6.2597353202
        2.8000000000      -361.9308209864         1.8179329893         1.1362055069         3.4499901310        -5.2824179098        -6.3168844907
        2.8050000000      -365.0766349614         1.8142909253         1.1464148143         3.4270232338        -5.0164686129        -6.3717893022
        2.8100000000      -368.0927389463         1.8107948412         1.1515194680         3.4244713564        -4.8834939645        -6.4244302473
        2.8150000000      -370.9780613339         1.8074462556         1.1464148143         3.3912969494        -5.0164686129        -6.4747886229
        2.8200000000      -373.7315769826         1.8042466846         1.1362055069         3.3785375621        -5.2824179098        -6.5228465370
        2.8250000000      -376.3523075817         1.8011976323         1.1515194680         3.3606744199        -4.8834939645        -6.5685869148
        2.8300000000      -378.8393219979         1.7983005825         1.1259961995         3.3377075228        -5.5483672067        -6.6119935049
        2.8350000000      -381.1917366069         1.7955569907         1.1387578337         3.3198443806        -5.2159305856        -6.6530508852
        2.8400000000      -383.4087156069         1.7929682758         1.1413101606         3.3019812383        -5.1494432614        -6.6917444682
        2.8450000000      -385.4894713160         1.7905358129         1.1285485263         3.2713587088        -5.4818798825        -6.7280605062
        2.8500000000      -387.4332644515         1.7882609257         1.1208915457         3.2585993215        -5.6813418552        -6.7619860964
        2.8550000000      -389.2394043928         1.7861448804         1.1362055069         3.2356324244        -5.2824179098        -6.7935091852
        2.8600000000      -390.9072494273         1.7841888785         1.1157868920         3.2126655273        -5.8143165036        -6.8226185724
        2.8650000000      -392.4362069773         1.7823940512         1.1336531800         3.1948023851        -5.3489052340        -6.8493039158
        2.8700000000      -393.8257338117         1.7807614539         1.1106822383         3.1692836105        -5.9472911521        -6.8735557341
        2.8750000000      -395.0753362381         1.7792920610         1.1208915457         3.1437648359        -5.6813418552        -6.8953654108
        2.8800000000      -396.1845702787         1.7779867608         1.1132345652         3.1233498162        -5.8808038279        -6.9147251970
        2.8850000000      -397.1530418279         1.7768463520         1.1132345652         3.1029347965        -5.8808038279        -6.9316282142
        2.8900000000      -397.9804067925         1.7758715392         1.1004729309         3.0748641445        -6.2132404490        -6.9460684570
        2.8950000000      -398.6663712136         1.7750629300         1.1132345652         3.0570010023        -5.8808038279        -6.9580407947
        2.9000000000      -399.2106913713         1.7744210320         1.1208915457         3.0442416150        -5.6813418552        -6.9675409736
        2.9050000000      -399.6131738712         1.7739462507         1.0979206040         3.0136190855        -6.2797277732        -6.9745656184
        2.9100000000      -399.8736757133         1.7736388871         1.1081299115         2.9855484334        -6.0137784763        -6.9791122332
        2.9150000000      -399.9921043425         1.7734991368         1.1030252578         2.9651334138        -6.1467531248        -6.9811792028
        2.9200000000      -399.9684176815         1.7735270888         1.0979206040         2.9370627617        -6.2797277732        -6.9807657925
        2.9250000000      -399.8026241463         1.7737227254         1.1030252578         2.9166477420        -6.1467531248        -6.9778721495
        2.9300000000      -399.4947826424         1.7740859219         1.1030252578         2.8987845998        -6.1467531248        -6.9724993016
        2.9350000000      -399.0450025445         1.7746164474         1.0902636235         2.8656101929        -6.4791897459        -6.9646491580
        2.9400000000      -398.4534436573         1.7753139659         1.0979206040         2.8477470506        -6.2797277732        -6.9543245077
        2.9450000000      -397.7203161588         1.7761780377         1.1030252578         2.8222282761        -6.1467531248        -6.9415290190
        2.9500000000      -396.8458805258         1.7772081215         1.0877112966         2.7941576240        -6.5456770701        -6.9262672382
        2.9550000000      -395.8304474411         1.7784035772         1.1157868920         2.7686388494        -5.8143165036        -6.9085445875
        2.9600000000      -394.6743776831         1.7797636682         1.1030252578         2.7558794621        -6.1467531248        -6.8883673638
        2.9650000000      -393.3780819981         1.7812875656         1.0826066429         2.7252569326        -6.6786517186        -6.8657427360
        2.9700000000      -391.9420209537         1.7829743519         1.1208915457         2.7073937904        -5.6813418552        -6.8406787426
        2.9750000000      -390.3667047755         1.7848230252         1.0928159503         2.6742193834        -6.4127024217        -6.8131842885
        2.9800000000      -388.6526931659         1.7868325042         1.1004729309         2.6614599961        -6.2132404490        -6.7832691425
        2.9850000000      -386.8005951050         1.7890016336         1.0877112966         2.6231818342        -6.5456770701        -6.7509439333
        2.9900000000      -384.8110686344         1.7913291897         1.1081299115         2.6078705695        -6.0137784763        -6.7162201458
        2.9950000000      -382.6848206235         1.7938138864         1.0979206040         2.5823517949        -6.2797277732        -6.6791101173
        3.0000000000      -380.4226065181         1.7964543820         1.0979206040         2.5517292654        -6.2797277732        -6.6396270328
        3.0050000000      -378.0252300719         1.7992492861         1.0851589698         2.5262104908        -6.6121643943        -6.5977849204
        3.0100000000      -375.4935430616         1.8021971667         1.1004729309         2.5160029810        -6.2132404490        -6.5535986464
        3.0150000000      -372.8284449833         1.8052965579         1.0953682772         2.4853804515        -6.3462150974        -6.5070839100
        3.0200000000      -370.0308827338         1.8085459683         1.1004729309         2.4573097994        -6.2132404490        -6.4582572378
        3.0250000000      -367.1018502736         1.8119438888         1.0953682772         2.4343429023        -6.3462150974        -6.4071359774
        3.0300000000      -364.0423882740         1.8154888016         1.1030252578         2.4190316375        -6.1467531248        -6.3537382922
        3.0350000000      -360.8535837473         1.8191791887         1.1004729309         2.3884091080        -6.2132404490        -6.2980831540
        3.0400000000      -357.5365696605         1.8230135416         1.1004729309         2.3628903334        -6.2132404490        -6.2401903369
        3.0450000000      -354.0925245330         1.8269903702         1.1106822383         2.3348196814        -5.9472911521        -6.1800804098
        3.0500000000      -350.5226720175         1.8311082127         1.0902636235         2.3118527843        -6.4791897459        -6.1177747296
        3.0550000000      -346.8282804658         1.8353656450         1.1030252578         2.2863340097        -6.1467531248        -6.0532954332
        3.0600000000      -343.0106624775         1.8397612910         1.0979206040         2.2633671125        -6.2797277732        -5.9866654297
        3.0650000000      -339.0711744340         1.8442938323         1.1004729309         2.2404002154        -6.2132404490        -5.9179083925
        3.0700000000      -335.0112160169         1.8489620182         1.1208915457         2.2250889506        -5.6813418552        -5.8470487506
        3.0750000000      -330.8322297098         1.8537646761         1.1030252578         2.1995701761        -6.1467531248        -5.7741116802
        3.0800000000      -326.5357002869         1.8587007214         1.1132345652         2.1714995240        -5.8808038279        -5.6991230953
        3.0850000000      -322.1231542845         1.8637691675         1.1081299115         2.1536363818        -6.0137784763        -5.6221096392
        3.0900000000      -317.5961594591         1.8689691359         1.1183392189         2.1383251170        -5.7478291794        -5.5430986743
        3.0950000000      -312.9563242306         1.8742998660         1.1183392189         2.1179100974        -5.7478291794        -5.4621182728
        3.1000000000      -308.2052971103         1.8797607249         1.1208915457         2.0872875679        -5.6813418552        -5.3791972067
        3.1050000000      -303.3447661155         1.8853512167         1.1183392189         2.0668725482        -5.7478291794        -5.2943649374
        3.1100000000      -298.3764581697         1.8910709920         1.1106822383         2.0439056511        -5.9472911521        -5.2076516055
        3.1150000000      -293.3021384890         1.8969198566         1.1336531800         2.0234906314        -5.3489052340        -5.1190880198
        3.1200000000      -288.1236099552         1.9028977802         1.1259961995         1.9979718568        -5.5483672067        -5.0287056464
        3.1250000000      -282.8427124746         1.9090049047         1.1489671412         1.9877643470        -4.9499812887        -4.9365365980
        3.1300000000      -277.4613223251         1.9152415520         1.1387578337         1.9571418174        -5.2159305856        -4.8426136215
        3.1350000000      -271.9813514890         1.9216082310         1.1336531800         1.9418305527        -5.3489052340        -4.7469700875
        3.1400000000      -266.4047469737         1.9281056448         1.1285485263         1.9137599006        -5.4818798825        -4.6496399776
        3.1450000000      -260.7334901204         1.9347346967         1.1362055069         1.9010005134        -5.2824179098        -4.5506578728
        3.1500000000      -254.9695958995         1.9414964956         1.1438624875         1.8805854937        -5.0829559371        -4.4500589409
        3.1550000000      -249.1151121952         1.9483923615         1.1336531800         1.8627223515        -5.3489052340        -4.3478789243
        3.1600000000      -243.1721190778         1.9554238288         1.1540717949         1.8397554543        -4.8170066402        -4.2441541270
        3.1650000000      -237.1427280644         1.9625926504         1.1438624875         1.8269960670        -5.0829559371        -4.1389214019
        3.1700000000      -231.0290813689         1.9699008003         1.1795950634         1.8014772924        -4.1521333980        -4.0322181377
        3.1750000000      -224.8333511409         1.9773504748         1.1464148143         1.7861660277        -5.0164686129        -3.9240822457
        3.1800000000      -218.5577386937         1.9849440941         1.1668334292         1.7759585179        -4.4845700191        -3.8145521459
        3.1850000000      -212.2044737227         1.9926843018         1.1719380829         1.7631991306        -4.3515953706        -3.7036667539
        3.1900000000      -205.7758135126         2.0005739639         1.1693857560         1.7453359884        -4.4180826949        -3.5914654668
        3.1950000000      -199.2740421358         2.0086161671         1.1846997172         1.7274728461        -4.0191587495        -3.4779881490
        3.2000000000      -192.7014696407         2.0168142153         1.1617287755         1.7045059490        -4.6175446675        -3.3632751187
        3.2050000000      -186.0604312310         2.0251716259         1.1795950634         1.6866428068        -4.1521333980        -3.2473671327
        3.2100000000      -179.3532864360         2.0336921242         1.1795950634         1.6713315420        -4.1521333980        -3.1303053726
        3.2150000000      -172.5824182724         2.0423796375         1.1719380829         1.6585721547        -4.3515953706        -3.0121314299
        3.2200000000      -165.7502323973         2.0512382872         1.1923566977         1.6509165224        -3.8196967768        -2.8928872913
        3.2250000000      -158.8591562539         2.0602723806         1.1744904097         1.6228458703        -4.2851080464        -2.7726153236
        3.2300000000      -151.9116382087         2.0694864009         1.1974613514         1.6177421154        -3.6867221284        -2.6513582588
        3.2350000000      -144.9101466818         2.0788849963         1.1821473903         1.5845677084        -4.0856460737        -2.5291591791
        3.2400000000      -137.8571692698         2.0884729679         1.1923566977         1.5794639535        -3.8196967768        -2.4060615012
        3.2450000000      -130.7552118620         2.0982552565         1.1974613514         1.5743601986        -3.6867221284        -2.2821089611
        3.2500000000      -123.6067977500         2.1082369281         1.2153276394         1.5564970564        -3.2213108588        -2.1573455986
        3.2550000000      -116.4144667313         2.1184231581         1.1974613514         1.5411857916        -3.6867221284        -2.0318157414
        3.2600000000      -109.1807742069         2.1288192149         1.2153276394         1.5309782818        -3.2213108588        -1.9055639898
        3.2650000000      -101.9082902734         2.1394304418         1.2229846200         1.5233226494        -3.0218488861        -1.7786352003
        3.2700000000       -94.5995988095         2.1502622381         1.2127753126         1.5054595072        -3.2877981830        -1.6510744703
        3.2750000000       -87.2572965586         2.1613200391         1.2306416006         1.4952519974        -2.8223869134        -1.5229271213
        3.2800000000       -79.8839922058         2.1726092947         1.2357462543         1.4850444875        -2.6894122650        -1.3942386836
        3.2850000000       -72.4823054509         2.1841354480         1.2357462543         1.4748369777        -2.6894122650        -1.2650548796
        3.2900000000       -65.0548660780         2.1959039116         1.2510602154         1.4748369777        -2.2904883196        -1.1354216075
        3.2950000000       -57.6043130209         2.2079200441         1.2485078886         1.4518700806        -2.3569756438        -1.0053849256
        3.3000000000       -50.1332934257         2.2201891252         1.2536125423         1.4518700806        -2.2240009954        -0.8749910351
        3.3050000000       -42.6444617101         2.2327163303         1.2536125423         1.4391106933        -2.2240009954        -0.7442862646
        3.3100000000       -35.1404786203         2.2455067039         1.2561648691         1.4263513060        -2.1575136712        -0.6133170527
        3.3150000000       -27.6240102858         2.2585651333         1.2638218497         1.4237994285        -1.9580516985        -0.4821299321
        3.3200000000       -20.0977272719         2.2718963206         1.2791358108         1.4237994285        -1.5591277531        -0.3507715131
        3.3250000000       -12.5643036313         2.3602967335         1.2816881377         1.4186956736        -1.4926404289        -0.2192884666
        3.3300000000        -5.0264159533         2.4497348386         1.2816881377         1.4059362863        -1.4926404289        -0.0877275080
        3.3350000000         2.5132575862         2.5391941331         1.2944497720         1.4008325314        -1.1602038078         0.0438646198
        3.3400000000        10.0520381773         2.6286428326         1.2995544257         1.3982806539        -1.0272291593         0.1754411627
        3.3450000000        17.5872473271         2.7180491566         1.3148683868         1.3931768990        -0.6283052139         0.3069553722
        3.3500000000        25.1162078117         2.7528205304         1.3378393285         1.3982806539        -0.0299192959         0.4383605219
        3.3550000000        32.6362446273         2.7618029629         1.3454963091         1.3931768990         0.1695426768         0.5696099242
        3.3600000000        40.1446859405         2.7707168667         1.3352870017         1.3931768990        -0.0964066201         0.7006569468
        3.3650000000        47.6388640379         2.7795617834         1.3327346748         1.3880731441        -0.1628939444         0.8314550294
        3.3700000000        55.1161162738         2.7883372903         1.3378393285         1.3931768990        -0.0299192959         0.9619576999
        3.3750000000        62.5737860161         2.7970429930         1.3352870017         1.3957287765        -0.0964066201         1.0921185914
        3.3800000000        70.0092235901         2.8056785182         1.3403916554         1.3931768990         0.0365680283         1.2218914584
        3.3850000000        77.4197872203         2.8142435062         1.3378393285         1.3931768990        -0.0299192959         1.3512301932
        3.3900000000        84.8028439688         2.8227376041         1.3327346748         1.3880731441        -0.1628939444         1.4800888423
        3.3950000000        92.1557706706         2.8311604593         1.3914381925         1.4033844088         1.3663145129         1.6084216229
        3.4000000000        99.4759548659         2.8395117125         1.3837812120         1.3957287765         1.1668525402         1.7361829390
        3.4050000000       106.7607957281         2.8477909918         1.3786765582         1.4033844088         1.0338778917         1.8633273975
        3.4100000000       114.0077049880         2.8559979067         1.3863335388         1.4161437961         1.2333398644         1.9898098247
        3.4150000000       121.2141078531         2.8641320422         1.3914381925         1.4135919187         1.3663145129         2.1155852819
        3.4200000000       128.3774439229         2.8721929537         1.3761242314         1.4212475511         0.9673905675         2.2406090817
        3.4250000000       135.4951680981         2.8801801617         1.3965428462         1.4186956736         1.4992891613         2.3648368039
        3.4300000000       142.5647514853         2.8880931472         1.3939905194         1.4289031834         1.4328018371         2.4882243107
        3.4350000000       149.5836822951         2.8959313473         1.3863335388         1.4340069384         1.2333398644         2.6107277633
        3.4400000000       156.5494667349         2.9036941512         1.4093044805         1.4493182031         1.8317257824         2.7323036368
        3.4450000000       163.4596298945         2.9113808965         1.4016475000         1.4493182031         1.6322638098         2.8529087358
        3.4500000000       170.3117166260         2.9189908657         1.3965428462         1.4518700806         1.4992891613         2.9725002098
        3.4550000000       177.1032924156         2.9265232837         1.4093044805         1.4620775904         1.8317257824         3.0910355688
        3.4600000000       183.8319442486         2.9339773148         1.4067521537         1.4748369777         1.7652384582         3.2084726975
        3.4650000000       190.4952814672         2.9413520607         1.4093044805         1.4748369777         1.8317257824         3.3247698711
        3.4700000000       197.0909366193         2.9486465587         1.4169614611         1.4901482425         2.0311877551         3.4398857698
        3.4750000000       203.6165663001         2.9558597803         1.4169614611         1.4901482425         2.0311877551         3.5537794935
        3.4800000000       210.0698519845         2.9629906302         1.4271707685         1.5029076297         2.2971370520         3.6664105763
        3.4850000000       216.4485008507         2.9700379452         1.4246184417         1.5054595072         2.2306497278         3.7777390009
        3.4900000000       222.7502465953         2.9770004947         1.4144091342         1.5054595072         1.9647004309         3.8877252127
        3.4950000000       228.9728502378         2.9838769798         1.4246184417         1.5156670170         2.2306497278         3.9963301343
        3.5000000000       235.1141009170         2.9906660345         1.4067521537         1.5284264043         1.7652384582         4.1035151789
        3.5050000000       241.1718166756         2.9973662261         1.4271707685         1.5386339142         2.2971370520         4.2092422640
        3.5100000000       247.1438452361         3.0039760563         1.4348277491         1.5462895465         2.4965990247         4.3134738254
        3.5150000000       253.0280647652         3.0104939628         1.4297230954         1.5564970564         2.3636243763         4.4161728301
        3.5200000000       258.8223846278         3.0169183209         1.4450370565         1.5692564437         2.7625483216         4.5173027896
        3.5250000000       264.5247461295         3.0232474456         1.4424847297         1.5820158310         2.6960609974         4.6168277730
        3.5300000000       270.1331232484         3.0294795942         1.4526940371         1.5973270957         2.9620102943         4.7147124194
        3.5350000000       275.6455233549         3.0356129687         1.4475893834         1.6075346056         2.8290356458         4.8109219509
        3.5400000000       281.0599879195         3.0416457189         1.4552463639         1.6100864830         3.0284976185         4.9054221848
        3.5450000000       286.3745932087         3.0475759453         1.4475893834         1.6202939929         2.8290356458         4.9981795456
        3.5500000000       291.5874509686         3.0534017031         1.4577986908         1.6330533802         3.0949849428         5.0891610769
        3.5550000000       296.6967090955         3.0591210052         1.4629033445         1.6458127674         3.2279595912         5.1783344535
        3.5600000000       301.7005522944         3.0647318267         1.4680079982         1.6636759097         3.3609342397         5.2656679926
        3.5650000000       306.5972027237         3.0702321085         1.4552463639         1.6662277871         3.0284976185         5.3511306649
        3.5700000000       311.3849206268         3.0756197618         1.4603510177         1.6764352970         3.1614722670         5.4346921060
        3.5750000000       316.0620049503         3.0808926726         1.4756649788         1.6942984392         3.5603962123         5.5163226268
        3.5800000000       320.6267939483         3.0860487059         1.4731126519         1.7096097039         3.4939088881         5.5959932245
        3.5850000000       325.0776657732         3.0910857110         1.4680079982         1.7172653363         3.3609342397         5.6736755924
        3.5900000000       329.4130390514         3.0960015256         1.4833219594         1.7376803560         3.7598581850         5.7493421304
        3.5950000000       333.6313734453         3.1007939813         1.4833219594         1.7504397433         3.7598581850         5.8229659546
        3.6000000000       337.7311702008         3.1054609083         1.4756649788         1.7631991306         3.5603962123         5.8945209066
        3.6050000000       341.7109726797         3.1100001405         1.4935312668         1.7734066404         4.0258074819         5.9639815635
        3.6100000000       345.5693668771         3.1144095206         1.4960835936         1.8014772924         4.0922948062         6.0313232460
        3.6150000000       349.3049819240         3.1186869051         1.4909789399         1.8014772924         3.9593201577         6.0965220282
        3.6200000000       352.9164905740         3.1228301697         1.4960835936         1.8218923121         4.0922948062         6.1595547451
        3.6250000000       356.4026096753         3.1268372140         1.4935312668         1.8397554543         4.0258074819         6.2203990015
        3.6300000000       359.7621006265         3.1307059670         1.5088452279         1.8576185965         4.4247314273         6.2790331798
        3.6350000000       362.9937698164         3.1344343919         1.5062929011         1.8703779838         4.3582441031         6.3354364475
        3.6400000000       366.0964690484         3.1380204910         1.4960835936         1.8831373711         4.0922948062         6.3895887648
        3.6450000000       369.0690959480         3.1414623110         1.5088452279         1.9061042683         4.4247314273         6.4414708917
        3.6500000000       371.9105943553         3.1447579474         1.5062929011         1.9188636556         4.3582441031         6.4910643945
        3.6550000000       374.6199546993         3.1479055494         1.5496824576         1.9418305527         5.4885286149         6.5383516532
        3.6600000000       377.1962143571         3.1509033245         1.5088452279         1.9520380625         4.4247314273         6.5833158666
        3.6650000000       379.6384579961         3.1537495430         1.5241591891         1.9750049597         4.8236553726         6.6259410592
        3.6700000000       381.9458178987         3.1564425422         1.5241591891         1.9979718568         4.8236553726         6.6662120866
        3.6750000000       384.1174742708         3.1589807307         1.5241591891         2.0030756117         4.8236553726         6.7041146405
        3.6800000000       386.1526555333         3.1613625923         1.5241591891         2.0336981412         4.8236553726         6.7396352544
        3.6850000000       388.0506385960         3.1635866900         1.5445778039         2.0541131609         5.3555539665         6.7727613080
        3.6900000000       389.8107491146         3.1656516692         1.5267115159         2.0643206707         4.8901426969         6.8034810317
        3.6950000000       391.4323617302         3.1675562616         1.5369208233         2.0898394453         5.1560919938         6.8317835110
        3.7000000000       392.9149002915         3.1692992880         1.5854150336         2.1179100974         6.4193511541         6.8576586902
        3.7050000000       394.2578380596         3.1708796617         1.5471301308         2.1383251170         5.4220412907         6.8810973759
        3.7100000000       395.4606978952         3.1722963909         1.5547871113         2.1561882593         5.6215032634         6.9020912405
        3.7150000000       396.5230524278         3.1735485812         1.5394731502         2.1714995240         5.2225793180         6.9206328249
        3.7200000000       397.4445242080         3.1746354382         1.5420254771         2.1893626662         5.2890666422         6.9367155415
        3.7250000000       398.2247858412         3.1755562692         1.5471301308         2.2097776859         5.4220412907         6.9503336760
        3.7300000000       398.8635601042         3.1763104851         1.5726533993         2.2404002154         6.0869145330         6.9614823900
        3.7350000000       399.3606200436         3.1768976017         1.5471301308         2.2608152351         5.4220412907         6.9701577226
        3.7400000000       399.7157890562         3.1773172415         1.5420254771         2.2710227449         5.2890666422         6.9763565912
        3.7450000000       399.9289409523         3.1775691337         1.5649964188         2.3067490293         5.8874525603         6.9800767936
        3.7500000000       400.0000000000         3.1776531158         1.5547871113         2.3220602941         5.6215032634         6.9813170080
        3.7550000000       399.9289409523         3.1775691337         1.5573394382         2.3424753138         5.6879905876         6.9800767936
        3.7600000000       399.7157890562         3.1773172415         1.5598917651         2.3679940883         5.7544779118         6.9763565912
        3.7650000000       399.3606200436         3.1768976017         1.5598917651         2.3884091080         5.7544779118         6.9701577226
        3.7700000000       398.8635601042         3.1763104851         1.5471301308         2.4139278826         5.4220412907         6.9614823900
        3.7750000000       398.2247858412         3.1755562692         1.5803103799         2.4394466572         6.2863765056         6.9503336760
        3.7800000000       397.4445242080         3.1746354382         1.5701010725         2.4649654318         6.0204272087         6.9367155415
        3.7850000000       396.5230524278         3.1735485812         1.5649964188         2.4751729416         5.8874525603         6.9206328249
        3.7900000000       395.4606978952         3.1722963909         1.5675487456         2.5134511035         5.9539398845         6.9020912405
        3.7950000000       394.2578380596         3.1708796617         1.5598917651         2.5262104908         5.7544779118         6.8810973759
        3.8000000000       392.9149002915         3.1692992880         1.5624440919         2.5440736330         5.8209652360         6.8576586902
        3.8050000000       391.4323617302         3.1675562616         1.5777580530         2.5797999174         6.2198891814         6.8317835110
        3.8100000000       389.8107491146         3.1656516692         1.5701010725         2.5925593047         6.0204272087         6.8034810317
        3.8150000000       388.0506385960         3.1635866900         1.5726533993         2.6206299568         6.0869145330         6.7727613080
        3.8200000000       386.1526555333         3.1613625923         1.5649964188         2.6359412215         5.8874525603         6.7396352544
        3.8250000000       384.1174742708         3.1589807307         1.5828627068         2.6691156285         6.3528638299         6.7041146405
        3.8300000000       381.9458178987         3.1564425422         1.5879673605         2.6946344031         6.4858384783         6.6662120866
        3.8350000000       379.6384579961         3.1537495430         1.5803103799         2.7150494228         6.2863765056         6.6259410592
        3.8400000000       377.1962143571         3.1509033245         1.5726533993         2.7405681974         6.0869145330         6.5833158666
        3.8450000000       374.6199546993         3.1479055494         1.5803103799         2.7635350945         6.2863765056         6.5383516532
        3.8500000000       371.9105943553         3.1447579474         1.5803103799         2.7941576240         6.2863765056         6.4910643945
        3.8550000000       369.0690959480         3.1414623110         1.5879673605         2.8120207662         6.4858384783         6.4414708917
        3.8600000000       366.0964690484         3.1380204910         1.5981766679         2.8451951732         6.7517877752         6.3895887648
        3.8650000000       362.9937698164         3.1344343919         1.5675487456         2.8579545605         5.9539398845         6.3354364475
        3.8700000000       359.7621006266         3.1307059670         1.5930720142         2.8885770900         6.6188131268         6.2790331798
        3.8750000000       356.4026096753         3.1268372140         1.5803103799         2.9115439871         6.2863765056         6.2203990015
        3.8800000000       352.9164905740         3.1228301697         1.5854150336         2.9421665166         6.4193511541         6.1595547451
        3.8850000000       349.3049819240         3.1186869051         1.5777580530         2.9549259039         6.2198891814         6.0965220282
        3.8900000000       345.5693668771         3.1144095206         1.5828627068         2.9906521883         6.3528638299         6.0313232460
        3.8950000000       341.7109726797         3.1100001405         1.5675487456         3.0034115756         5.9539398845         5.9639815635
        3.9000000000       337.7311702008         3.1054609083         1.5777580530         3.0289303502         6.2198891814         5.8945209066
        3.9050000000       333.6313734453         3.1007939813         1.5752057262         3.0646566347         6.1534018572         5.8229659546
        3.9100000000       329.4130390514         3.0960015256         1.5777580530         3.0799678994         6.2198891814         5.7493421304
        3.9150000000       325.0776657732         3.0910857110         1.5905196873         3.1105904289         6.5523258025         5.6736755924
        3.9200000000       320.6267939484         3.0860487059         1.5701010725         3.1284535711         6.0204272087         5.5959932245
        3.9250000000       316.0620049503         3.0808926726         1.5701010725         3.1590761006         6.0204272087         5.5163226268
        3.9300000000       311.3849206268         3.0756197618         1.5752057262         3.1718354879         6.1534018572         5.4346921060
        3.9350000000       306.5972027237         3.0702321085         1.5828627068         3.2050098949         6.3528638299         5.3511306649
        3.9400000000       301.7005522944         3.0647318267         1.5675487456         3.2279767920         5.9539398845         5.2656679926
        3.9450000000       296.6967090955         3.0591210052         1.5777580530         3.2458399342         6.2198891814         5.1783344535
        3.9500000000       291.5874509686         3.0534017031         1.5701010725         3.2688068314         6.0204272087         5.0891610769
        3.9550000000       286.3745932087         3.0475759453         1.5649964188         3.2968774834         5.8874525603         4.9981795456
        3.9600000000       281.0599879195         3.0416457189         1.5828627068         3.3198443806         6.3528638299         4.9054221848
        3.9650000000       275.6455233549         3.0356129687         1.5726533993         3.3428112777         6.0869145330         4.8109219509
        3.9700000000       270.1331232484         3.0294795942         1.5701010725         3.3632262974         6.0204272087         4.7147124194
        3.9750000000       264.5247461295         3.0232474456         1.5752057262         3.3836413170         6.1534018572         4.6168277730
        3.9800000000       258.8223846278         3.0169183209         1.5598917651         3.4040563367         5.7544779118         4.5173027896
        3.9850000000       253.0280647653         3.0104939628         1.5598917651         3.4244713564         5.7544779118         4.4161728301
        3.9900000000       247.1438452361         3.0039760563         1.5624440919         3.4499901310         5.8209652360         4.3134738254
        3.9950000000       241.1718166756         2.9973662261         1.5649964188         3.4806126605         5.8874525603         4.2092422640
        4.0000000000       235.1141009170         2.9906660345         1.5726533993         3.5035795576         6.0869145330         4.1035151789
        4.0050000000       228.9728502378         2.9838769798         1.5471301308         3.5137870674         5.4220412907         3.9963301343
        4.0100000000       222.7502465953         2.9770004947         1.5675487456         3.5469614744         5.9539398845         3.8877252127
        4.0150000000       216.4485008508         2.9700379452         1.5649964188         3.5699283715         5.8874525603         3.7777390009
        4.0200000000       210.0698519845         2.9629906302         1.5522347845         3.5852396363         5.5550159391         3.6664105763
        4.0250000000       203.6165663002         2.9558597803         1.5522347845         3.6056546560         5.5550159391         3.5537794935
        4.0300000000       197.0909366193         2.9486465587         1.5522347845         3.6235177982         5.5550159391         3.4398857698
        4.0350000000       190.4952814672         2.9413520607         1.5471301308         3.6592440826         5.4220412907         3.3247698711
        4.0400000000       183.8319442486         2.9339773148         1.5445778039         3.6694515924         5.3555539665         3.2084726975
        4.0450000000       177.1032924156         2.9265232837         1.5445778039         3.6873147347         5.3555539665         3.0910355688
        4.0500000000       170.3117166260         2.9189908657         1.5445778039         3.7153853867         5.3555539665         2.9725002098
        4.0550000000       163.4596298945         2.9113808965         1.5318161696         3.7306966515         5.0231173453         2.8529087358
        4.0600000000       156.5494667349         2.9036941512         1.5420254771         3.7562154260         5.2890666422         2.7323036368
        4.0650000000       149.5836822951         2.8959313473         1.5420254771         3.7817342006         5.2890666422         2.6107277633
        4.0700000000       142.5647514853         2.8880931472         1.5292638428         3.7893898330         4.9566300211         2.4882243107
        4.0750000000       135.4951680981         2.8801801617         1.5394731502         3.8200123625         5.2225793180         2.3648368039
        4.0800000000       128.3774439229         2.8721929537         1.5292638428         3.8276679949         4.9566300211         2.2406090817
        4.0850000000       121.2141078531         2.8641320422         1.5292638428         3.8531867695         4.9566300211         2.1155852819
        4.0900000000       114.0077049880         2.8559979067         1.5165022085         3.8659461568         4.6241934000         1.9898098247
        4.0950000000       106.7607957282         2.8477909918         1.5190545354         3.8838092990         4.6906807242         1.8633273975
        4.1000000000        99.4759548659         2.8395117125         1.5292638428         3.9144318285         4.9566300211         1.7361829390
        4.1050000000        92.1557706706         2.8311604593         1.5062929011         3.9195355834         4.3582441031         1.6084216229
        4.1100000000        84.8028439688         2.8227376041         1.5190545354         3.9527099904         4.6906807242         1.4800888423
        4.1150000000        77.4197872204         2.8142435062         1.5037405742         3.9603656228         4.2917567788         1.3512301932
        4.1200000000        70.0092235901         2.8056785182         1.5011882474         3.9782287650         4.2252694546         1.2218914584
        4.1250000000        62.5737860161         2.7970429930         1.5011882474         3.9960919072         4.2252694546         1.0921185914
        4.1300000000        55.1161162739         2.7883372903         1.4909789399         4.0139550494         3.9593201577         0.9619576999
        4.1350000000        47.6388640380         2.7795617834         1.4935312668         4.0292663142         4.0258074819         0.8314550294
        4.1400000000        40.1446859405         2.7707168667         1.4833219594         4.0420257015         3.7598581850         0.7006569468
        4.1450000000        32.6362446273         2.7618029629         1.4833219594         4.0547850888         3.7598581850         0.5696099242
        4.1500000000        25.1162078117         2.7528205304         1.4807696325         4.0752001084         3.6933708608         0.4383605219
        4.1550000000        17.5872473272         2.7180491566         1.4680079982         4.0803038633         3.3609342397         0.3069553722
        4.1600000000        10.0520381773         2.6286428326         1.4654556714         4.0981670056         3.2944469154         0.1754411627
        4.1650000000         2.5132575862         2.5391941331         1.4680079982         4.1185820252         3.3609342397         0.0438646198
        4.1700000000        -5.0264159533         2.4497348386         1.4552463639         4.1236857801         3.0284976185        -0.0877275080
        4.1750000000       -12.5643036312         2.3602967335         1.4501417102         4.1287895351         2.8955229701        -0.2192884666
        4.1800000000       -20.0977272719         2.2718963206         1.4246184417         4.1492045547         2.2306497278        -0.3507715131
        4.1850000000       -27.6240102858         2.2585651333         1.3939905194         4.1492045547         1.4328018371        -0.4821299321
        4.1900000000       -35.1404786203         2.2455067039         1.3684672508         4.1517564322         0.7679285948        -0.6133170527
        4.1950000000       -42.6444617101         2.2327163303         1.3429439823         4.1492045547         0.1030553526        -0.7442862646
        4.2000000000       -50.1332934257         2.2201891252         1.3148683868         4.1568601871        -0.6283052139        -0.8749910351
        4.2050000000       -57.6043130209         2.2079200441         1.3454963091         4.1619639420         0.1695426768        -1.0053849256
        4.2100000000       -65.0548660779         2.1959039116         1.3378393285         4.1568601871        -0.0299192959        -1.1354216075
        4.2150000000       -72.4823054508         2.1841354480         1.3352870017         4.1543083097        -0.0964066201        -1.2650548796
        4.2200000000       -79.8839922058         2.1726092947         1.3429439823         4.1645158195         0.1030553526        -1.3942386836
        4.2250000000       -87.2572965586         2.1613200391         1.3403916554         4.1568601871         0.0365680283        -1.5229271213
        4.2300000000       -94.5995988095         2.1502622381         1.3301823480         4.1492045547        -0.2293812686        -1.6510744703
        4.2350000000      -101.9082902733         2.1394304418         1.3072114063         4.1492045547        -0.8277671866        -1.7786352003
        4.2400000000      -109.1807742069         2.1288192149         1.2663741766         4.1466526773        -1.8915643742        -1.9055639898
        4.2450000000      -116.4144667313         2.1184231581         1.3046590794         4.1517564322        -0.8942545108        -2.0318157414
        4.2500000000      -123.6067977500         2.1082369281         1.2944497720         4.1415489224        -1.1602038078        -2.1573455986
        4.2550000000      -130.7552118620         2.0982552565         1.2714788303         4.1338932900        -1.7585897258        -2.2821089611
        4.2600000000      -137.8571692698         2.0884729679         1.2867927914         4.1211339027        -1.3596657804        -2.4060615012
        4.2650000000      -144.9101466818         2.0788849963         1.2842404646         4.1313414125        -1.4261531047        -2.5291591791
        4.2700000000      -151.9116382087         2.0694864009         1.2740311571         4.1109263928        -1.6921024016        -2.6513582588
        4.2750000000      -158.8591562539         2.0602723806         1.2893451183         4.1134782703        -1.2931784562        -2.7726153236
        4.2800000000      -165.7502323973         2.0512382872         1.2714788303         4.1032707605        -1.7585897258        -2.8928872913
        4.2850000000      -172.5824182724         2.0423796375         1.2714788303         4.1007188830        -1.7585897258        -3.0121314299
        4.2900000000      -179.3532864360         2.0336921242         1.2740311571         4.0905113732        -1.6921024016        -3.1303053726
        4.2950000000      -186.0604312310         2.0251716259         1.2612695229         4.0803038633        -2.0245390227        -3.2473671327
        4.3000000000      -192.7014696407         2.0168142153         1.2561648691         4.0777519859        -2.1575136712        -3.3632751187
        4.3050000000      -199.2740421358         2.0086161671         1.2587171960         4.0675444760        -2.0910263469        -3.4779881490
        4.3100000000      -205.7758135126         2.0005739639         1.2485078886         4.0624407211        -2.3569756438        -3.5914654668
        4.3150000000      -212.2044737227         1.9926843018         1.2485078886         4.0471294564        -2.3569756438        -3.7036667539
        4.3200000000      -218.5577386937         1.9849440941         1.2434032349         4.0369219465        -2.4899502923        -3.8145521459
        4.3250000000      -224.8333511408         1.9773504748         1.2434032349         4.0343700691        -2.4899502923        -3.9240822457
        4.3300000000      -231.0290813689         1.9699008003         1.2408509080         4.0165069269        -2.5564376165        -4.0322181377
        4.3350000000      -237.1427280644         1.9625926504         1.2357462543         4.0139550494        -2.6894122650        -4.1389214019
        4.3400000000      -243.1721190778         1.9554238288         1.2357462543         4.0037475396        -2.6894122650        -4.2441541270
        4.3450000000      -249.1151121952         1.9483923615         1.2331939274         3.9858843974        -2.7558995892        -4.3478789243
        4.3500000000      -254.9695958995         1.9414964956         1.2153276394         3.9756768875        -3.2213108588        -4.4500589409
        4.3550000000      -260.7334901203         1.9347346967         1.2255369469         3.9680212551        -2.9553615619        -4.5506578728
        4.3600000000      -266.4047469737         1.9281056448         1.2178799663         3.9527099904        -3.1548235346        -4.6496399776
        4.3650000000      -271.9813514890         1.9216082310         1.2178799663         3.9476062355        -3.1548235346        -4.7469700875
        4.3700000000      -277.4613223251         1.9152415520         1.2102229857         3.9246393383        -3.3542855072        -4.8426136215
        4.3750000000      -282.8427124746         1.9090049047         1.2127753126         3.9195355834        -3.2877981830        -4.9365365980
        4.3800000000      -288.1236099552         1.9028977802         1.2000136783         3.9042243187        -3.6202348041        -5.0287056464
        4.3850000000      -293.3021384890         1.8969198566         1.2025660052         3.8914649314        -3.5537474799        -5.1190880198
        4.3900000000      -298.3764581697         1.8910709920         1.2000136783         3.8787055441        -3.6202348041        -5.2076516055
        4.3950000000      -303.3447661155         1.8853512167         1.2127753126         3.8736017892        -3.2877981830        -5.2943649374
        4.4000000000      -308.2052971103         1.8797607249         1.1949090246         3.8531867695        -3.7532094526        -5.3791972067
        4.4050000000      -312.9563242306         1.8742998660         1.2025660052         3.8480830146        -3.5537474799        -5.4621182728
        4.4100000000      -317.5961594591         1.8689691359         1.1821473903         3.8225642400        -4.0856460737        -5.5430986743
        4.4150000000      -322.1231542844         1.8637691675         1.1872520440         3.8123567301        -3.9526714253        -5.6221096392
        4.4200000000      -326.5357002869         1.8587007214         1.1795950634         3.7919417105        -4.1521333980        -5.6991230953
        4.4250000000      -330.8322297098         1.8537646761         1.1821473903         3.7791823232        -4.0856460737        -5.7741116802
        4.4300000000      -335.0112160169         1.8489620182         1.1872520440         3.7740785683        -3.9526714253        -5.8470487506
        4.4350000000      -339.0711744340         1.8442938323         1.1693857560         3.7460079162        -4.4180826949        -5.9179083925
        4.4400000000      -343.0106624775         1.8397612910         1.1668334292         3.7332485289        -4.4845700191        -5.9866654297
        4.4450000000      -346.8282804658         1.8353656450         1.1770427366         3.7230410191        -4.2186207222        -6.0532954332
        4.4500000000      -350.5226720175         1.8311082127         1.1617287755         3.6975222445        -4.6175446675        -6.1177747296
        4.4550000000      -354.0925245330         1.8269903702         1.1617287755         3.6771072248        -4.6175446675        -6.1800804098
        4.4600000000      -357.5365696605         1.8230135416         1.1642811023         3.6643478375        -4.5510573433        -6.2401903369
        4.4650000000      -360.8535837473         1.8191791887         1.1540717949         3.6439328179        -4.8170066402        -6.2980831540
        4.4700000000      -364.0423882740         1.8154888016         1.1515194680         3.6235177982        -4.8834939645        -6.3537382922
        4.4750000000      -367.1018502736         1.8119438888         1.1464148143         3.6056546560        -5.0164686129        -6.4071359774
        4.4800000000      -370.0308827338         1.8085459683         1.1515194680         3.5877915138        -4.8834939645        -6.4582572378
        4.4850000000      -372.8284449833         1.8052965579         1.1413101606         3.5673764941        -5.1494432614        -6.5070839100
        4.4900000000      -375.4935430615         1.8021971667         1.1438624875         3.5546171068        -5.0829559371        -6.5535986464
        4.4950000000      -378.0252300719         1.7992492861         1.1311008532         3.5214426998        -5.4153925583        -6.5977849204
        4.5000000000      -380.4226065181         1.7964543820         1.1387578337         3.5035795576        -5.2159305856        -6.6396270328
        4.5050000000      -382.6848206235         1.7938138864         1.1336531800         3.4959239252        -5.3489052340        -6.6791101173
        4.5100000000      -384.8110686344         1.7913291897         1.1362055069         3.4678532732        -5.2824179098        -6.7162201458
        4.5150000000      -386.8005951050         1.7890016336         1.1208915457         3.4448863760        -5.6813418552        -6.7509439333
        4.5200000000      -388.6526931659         1.7868325042         1.1311008532         3.4219194789        -5.4153925583        -6.7832691425
        4.5250000000      -390.3667047755         1.7848230252         1.1183392189         3.3989525818        -5.7478291794        -6.8131842885
        4.5300000000      -391.9420209537         1.7829743519         1.1208915457         3.3759856847        -5.6813418552        -6.8406787426
        4.5350000000      -393.3780819981         1.7812875656         1.1234438726         3.3581225424        -5.6148545309        -6.8657427360
        4.5400000000      -394.6743776831         1.7797636682         1.1081299115         3.3351556453        -6.0137784763        -6.8883673638
        4.5450000000      -395.8304474411         1.7784035772         1.1183392189         3.3172925031        -5.7478291794        -6.9085445875
        4.5500000000      -396.8458805258         1.7772081215         1.1081299115         3.2892218510        -6.0137784763        -6.9262672382
        4.5550000000      -397.7203161588         1.7761780377         1.1259961995         3.2764624638        -5.5483672067        -6.9415290190
        4.5600000000      -398.4534436573         1.7753139659         1.0902636235         3.2483918117        -6.4791897459        -6.9543245077
        4.5650000000      -399.0450025445         1.7746164474         1.1285485263         3.2254249146        -5.4818798825        -6.9646491580
        4.5700000000      -399.4947826424         1.7740859219         1.1004729309         3.2075617724        -6.2132404490        -6.9724993016
        4.5750000000      -399.8026241463         1.7737227254         1.1081299115         3.1794911203        -6.0137784763        -6.9778721495
        4.5800000000      -399.9684176815         1.7735270888         1.1030252578         3.1565242232        -6.1467531248        -6.9807657925
        4.5850000000      -399.9921043425         1.7734991368         1.1132345652         3.1386610810        -5.8808038279        -6.9811792028
        4.5900000000      -399.8736757133         1.7736388871         1.0953682772         3.1029347965        -6.3462150974        -6.9791122332
        4.5950000000      -399.6131738713         1.7739462507         1.0851589698         3.0774160220        -6.6121643943        -6.9745656184
        4.6000000000      -399.2106913713         1.7744210320         1.1106822383         3.0672085121        -5.9472911521        -6.9675409736
        4.6050000000      -398.6663712136         1.7750629300         1.0953682772         3.0365859826        -6.3462150974        -6.9580407947
        4.6100000000      -397.9804067925         1.7758715392         1.0902636235         3.0187228404        -6.4791897459        -6.9460684570
        4.6150000000      -397.1530418279         1.7768463520         1.0979206040         2.9881003109        -6.2797277732        -6.9316282142
        4.6200000000      -396.1845702787         1.7779867608         1.0877112966         2.9625815363        -6.5456770701        -6.9147251970
        4.6250000000      -395.0753362381         1.7792920610         1.0902636235         2.9370627617        -6.4791897459        -6.8953654108
        4.6300000000      -393.8257338117         1.7807614539         1.1004729309         2.9166477420        -6.2132404490        -6.8735557341
        4.6350000000      -392.4362069773         1.7823940512         1.0851589698         2.8860252125        -6.6121643943        -6.8493039158
        4.6400000000      -390.9072494273         1.7841888785         1.0826066429         2.8554026830        -6.6786517186        -6.8226185724
        4.6450000000      -389.2394043929         1.7861448804         1.0877112966         2.8400914183        -6.5456770701        -6.7935091852
        4.6500000000      -387.4332644515         1.7882609257         1.0851589698         2.8120207662        -6.6121643943        -6.7619860964
        4.6550000000      -385.4894713160         1.7905358129         1.0928159503         2.7865019916        -6.4127024217        -6.7280605062
        4.6600000000      -383.4087156070         1.7929682758         1.0877112966         2.7609832170        -6.5456770701        -6.6917444682
        4.6650000000      -381.1917366069         1.7955569907         1.0851589698         2.7431200748        -6.6121643943        -6.6530508852
        4.6700000000      -378.8393219979         1.7983005825         1.0953682772         2.7176013002        -6.3462150974        -6.6119935049
        4.6750000000      -376.3523075817         1.8011976323         1.0953682772         2.6818750158        -6.3462150974        -6.5685869148
        4.6800000000      -373.7315769826         1.8042466846         1.0851589698         2.6614599961        -6.6121643943        -6.5228465370
        4.6850000000      -370.9780613339         1.8074462556         1.0851589698         2.6359412215        -6.6121643943        -6.4747886229
        4.6900000000      -368.0927389464         1.8107948412         1.0877112966         2.6078705695        -6.5456770701        -6.4244302473
        4.6950000000      -365.0766349614         1.8142909253         1.0979206040         2.5900074273        -6.2797277732        -6.3717893022
        4.7000000000      -361.9308209864         1.8179329893         1.0851589698         2.5542811429        -6.6121643943        -6.3168844907
        4.7050000000      -358.6564147141         1.8217195202         1.1004729309         2.5466255105        -6.2132404490        -6.2597353202
        4.7100000000      -355.2545795254         1.8256490210         1.0800543160         2.5134511035        -6.7451390428        -6.2003620955
        4.7150000000      -351.7265240762         1.8297200191         1.0902636235         2.4853804515        -6.4791897459        -6.1387859117
        4.7200000000      -348.0735018678         1.8339310770         1.1106822383         2.4675173092        -5.9472911521        -6.0750286465
        4.7250000000      -344.2968108016         1.8382808013         1.0877112966         2.4343429023        -6.5456770701        -6.0091129526
        4.7300000000      -340.3977927179         1.8427678533         1.0851589698         2.4062722502        -6.6121643943        -5.9410622494
        4.7350000000      -336.3778329193         1.8473909587         1.0953682772         2.3884091080        -6.3462150974        -5.8709007152
        4.7400000000      -332.2383596783         1.8521489177         1.1081299115         2.3705459658        -6.0137784763        -5.7986532778
        4.7450000000      -327.9808437302         1.8570406152         1.1106822383         2.3424753138        -5.9472911521        -5.7243456066
        4.7500000000      -323.6067977500         1.8620650308         1.1106822383         2.3246121715        -5.9472911521        -5.6480041026
        4.7550000000      -319.1177758154         1.8672212490         1.1132345652         2.2939896420        -5.8808038279        -5.5696558896
        4.7600000000      -314.5153728547         1.8725084687         1.0979206040         2.2659189900        -6.2797277732        -5.4893288045
        4.7650000000      -309.8012240795         1.8779260134         1.1055775846         2.2455039703        -6.0802658005        -5.4070513869
        4.7700000000      -304.9770044046         1.8834733405         1.1183392189         2.2199851957        -5.7478291794        -5.3228528697
        4.7750000000      -300.0444278522         1.8891500507         1.0979206040         2.1944664211        -6.2797277732        -5.2367631683
        4.7800000000      -295.0052469433         1.8949558972         1.1259961995         2.1868107888        -5.5483672067        -5.1488128698
        4.7850000000      -289.8612520748         1.9008907940         1.1183392189         2.1612920142        -5.7478291794        -5.0590332227
        4.7900000000      -284.6142708837         1.9069548248         1.1208915457         2.1357732396        -5.6813418552        -4.9674561251
        4.7950000000      -279.2661675974         1.9131482507         1.1234438726         2.1128063424        -5.6148545309        -4.8741141140
        4.8000000000      -273.8188423715         1.9194715173         1.1387578337         2.0974950777        -5.2159305856        -4.7790403534
        4.8050000000      -268.2742306147         1.9259252625         1.1208915457         2.0643206707        -5.6813418552        -4.6822686225
        4.8100000000      -262.6343023012         1.9325103221         1.1183392189         2.0490094060        -5.7478291794        -4.5838333038
        4.8150000000      -256.9010612706         1.9392277359         1.1387578337         2.0234906314        -5.2159305856        -4.4837693710
        4.8200000000      -251.0765445163         1.9460787530         1.1259961995         2.0081793666        -5.5483672067        -4.3821123763
        4.8250000000      -245.1628214612         1.9530648358         1.1464148143         1.9928681019        -5.0164686129        -4.2788984380
        4.8300000000      -239.1619932230         1.9601876643         1.1259961995         1.9622455724        -5.5483672067        -4.1741642274
        4.8350000000      -233.0761918674         1.9674491384         1.1617287755         1.9545899400        -4.6175446675        -4.0679469561
        4.8400000000      -226.9075796507         1.9748513802         1.1362055069         1.9290711654        -5.2824179098        -3.9602843626
        4.8450000000      -220.6583482514         1.9823967352         1.1591764486         1.9112080232        -4.6840319918        -3.8512146990
        4.8500000000      -214.3307179916         1.9900877726         1.1438624875         1.8933448810        -5.0829559371        -3.7407767171
        4.8550000000      -207.9269370483         1.9979272845         1.1591764486         1.8703779838        -4.6840319918        -3.6290096551
        4.8600000000      -201.4492806543         2.0059182842         1.1489671412         1.8576185965        -4.9499812887        -3.5159532232
        4.8650000000      -194.9000502901         2.0140640037         1.1642811023         1.8346516994        -4.5510573433        -3.4016475899
        4.8700000000      -188.2815728661         2.0223678897         1.1591764486         1.8193404347        -4.6840319918        -3.2861333673
        4.8750000000      -181.5961998958         2.0308335989         1.1617287755         1.8014772924        -4.6175446675        -3.1694515973
        4.8800000000      -174.8463066604         2.0394649920         1.1770427366         1.7989254150        -4.2186207222        -3.0516437362
        4.8850000000      -168.0342913647         2.0482661266         1.1719380829         1.7734066404        -4.3515953706        -2.9327516406
        4.8900000000      -161.1625742855         2.0572412491         1.1898043709         1.7606472531        -3.8861841010        -2.8128175523
        4.8950000000      -154.2335969110         2.0663947852         1.1693857560         1.7427841109        -4.4180826949        -2.6918840833
        4.9000000000      -147.2498210739         2.0757313294         1.1974613514         1.7300247236        -3.6867221284        -2.5699942007
        4.9050000000      -140.2137280765         2.0852556333         1.1872520440         1.7172653363        -3.9526714253        -2.4471912114
        4.9100000000      -133.1278178092         2.0949725925         1.1923566977         1.7019540715        -3.8196967768        -2.3235187468
        4.9150000000      -125.9946078621         2.1048872331         1.2000136783         1.6866428068        -3.6202348041        -2.1990207470
        4.9200000000      -118.8166326308         2.1150046959         1.2127753126         1.6789871744        -3.2877981830        -2.0737414455
        4.9250000000      -111.5964424157         2.1253302200         1.2051183320         1.6636759097        -3.4872601557        -1.9477253537
        4.9300000000      -104.3366025160         2.1358691260         1.2102229857         1.6458127674        -3.3542855072        -1.8210172442
        4.9350000000       -97.0396923182         2.1466267967         1.2127753126         1.6381571351        -3.2877981830        -1.6936621361
        4.9400000000       -89.7083043798         2.1576086575         1.2127753126         1.6151902379        -3.2877981830        -1.5657052778
        4.9450000000       -82.3450435080         2.1688201560         1.2255369469         1.6202939929        -2.9553615619        -1.4371921319
        4.9500000000       -74.9525258343         2.1802667400         1.2357462543         1.6075346056        -2.6894122650        -1.3081683585
        4.9550000000       -67.5333778851         2.1919538349         1.2357462543         1.5973270957        -2.6894122650        -1.1786797991
        4.9600000000       -60.0902356483         2.2038868201         1.2280892737         1.5794639535        -2.8888742376        -1.0487724604
        4.9650000000       -52.6257436369         2.2160710042         1.2510602154         1.5769120761        -2.2904883196        -0.9184924978
        4.9700000000       -45.1425539494         2.2285116004         1.2408509080         1.5590489338        -2.5564376165        -0.7878861992
        4.9750000000       -37.6433253274         2.2412136998         1.2561648691         1.5539451789        -2.1575136712        -0.6569999684
        4.9800000000       -30.1307222112         2.2541822451         1.2561648691         1.5462895465        -2.1575136712        -0.5258803086
        4.9850000000       -22.6074137928         2.2674220032         1.2612695229         1.5411857916        -2.0245390227        -0.3945738060
        4.9900000000       -15.0760730680         2.3304942334         1.2689265034         1.5233226494        -1.8250770500        -0.2631271133
        4.9950000000        -7.5393758862         2.4199182130         1.2714788303         1.5258745269        -1.7585897258        -0.1315869328
        5.0000000000        -0.0000000000         2.5093739758         1.2867927914         1.5131151396        -1.3596657804        -0.0000000000
        5.0050000000         7.5393758862         2.5988297387         1.2867927914         1.5131151396        -1.3596657804         0.1315869328
        5.0100000000        15.0760730680         2.6882537183         1.3021067526         1.5131151396        -0.9607418351         0.2631271133
        5.0150000000        22.6074137928         2.7498112429         1.3174207137         1.5080113847        -0.5618178897         0.3945738060
        5.0200000000        30.1307222112         2.7588164092         1.3327346748         1.5003557523        -0.1628939444         0.5258803086
        5.0250000000        37.6433253274         2.7677532089         1.3403916554         1.5080113847         0.0365680283         0.6569999684
        5.0300000000        45.1425539494         2.7766211698         1.3352870017         1.5105632621        -0.0964066201         0.7878861992
        5.0350000000        52.6257436369         2.7854198584         1.3352870017         1.5080113847        -0.0964066201         0.9184924978
        5.0400000000        60.0902356483         2.7941488715         1.3454963091         1.5156670170         0.1695426768         1.0487724604
        5.0450000000        67.5333778851         2.8028078297         1.3327346748         1.5029076297        -0.1628939444         1.1786797991
        5.0500000000        74.9525258343         2.8113963695         1.3454963091         1.5131151396         0.1695426768         1.3081683585
        5.0550000000        82.3450435079         2.8199141365         1.3352870017         1.5105632621        -0.0964066201         1.4371921319
        5.0600000000        89.7083043797         2.8283607787         1.3684672508         1.5029076297         0.7679285948         1.5657052778
        5.0650000000        97.0396923182         2.8367359398         1.4016475000         1.5131151396         1.6322638098         1.6936621361
        5.0700000000       104.3366025160         2.8450392528         1.3812288851         1.5233226494         1.1003652160         1.8210172442
        5.0750000000       111.5964424157         2.8532703340         1.3761242314         1.5156670170         0.9673905675         1.9477253537
        5.0800000000       118.8166326308         2.8614287771         1.3965428462         1.5233226494         1.4992891613         2.0737414455
        5.0850000000       125.9946078621         2.8695141481         1.3837812120         1.5386339142         1.1668525402         2.1990207470
        5.0900000000       133.1278178092         2.8775259795         1.3914381925         1.5360820367         1.3663145129         2.3235187468
        5.0950000000       140.2137280765         2.8854637661         1.3965428462         1.5462895465         1.4992891613         2.4471912114
        5.1000000000       147.2498210739         2.8933269601         1.3914381925         1.5462895465         1.3663145129         2.5699942007
        5.1050000000       154.2335969110         2.9011149671         1.4016475000         1.5590489338         1.6322638098         2.6918840833
        5.1100000000       161.1625742855         2.9088271422         1.4016475000         1.5667045662         1.6322638098         2.8128175523
        5.1150000000       168.0342913647         2.9164627866         1.4041998268         1.5743601986         1.6987511340         2.9327516406
        5.1200000000       174.8463066604         2.9240211448         1.4041998268         1.5743601986         1.6987511340         3.0516437362
        5.1250000000       181.5961998958         2.9315014016         1.3990951731         1.5794639535         1.5657764855         3.1694515973
        5.1300000000       188.2815728661         2.9389026796         1.4118568074         1.5922233408         1.8982131067         3.2861333673
        5.1350000000       194.9000502901         2.9462240379         1.4118568074         1.5922233408         1.8982131067         3.4016475899
        5.1400000000       201.4492806543         2.9534644700         1.4067521537         1.6024308506         1.7652384582         3.5159532232
        5.1450000000       207.9269370483         2.9606229030         1.4169614611         1.6075346056         2.0311877551         3.6290096551
        5.1500000000       214.3307179916         2.9676981964         1.4246184417         1.6228458703         2.2306497278         3.7407767171
        5.1550000000       220.6583482514         2.9746891421         1.4093044805         1.6177421154         1.8317257824         3.8512146990
        5.1600000000       226.9075796507         2.9815944638         1.4246184417         1.6305015027         2.2306497278         3.9602843626
        5.1650000000       233.0761918674         2.9884128179         1.4348277491         1.6458127674         2.4965990247         4.0679469561
        5.1700000000       239.1619932230         2.9951427938         1.4322754222         1.6483646449         2.4301117005         4.1741642274
        5.1750000000       245.1628214612         3.0017829149         1.4297230954         1.6585721547         2.3636243763         4.2788984380
        5.1800000000       251.0765445163         3.0083316401         1.4424847297         1.6713315420         2.6960609974         4.3821123763
        5.1850000000       256.9010612706         3.0147873652         1.4322754222         1.6764352970         2.4301117005         4.4837693710
        5.1900000000       262.6343023012         3.0211484252         1.4450370565         1.6891946843         2.7625483216         4.5838333038
        5.1950000000       268.2742306147         3.0274130964         1.4373800759         1.6917465617         2.5630863489         4.6822686225
        5.2000000000       273.8188423715         3.0335795986         1.4373800759         1.7121615814         2.5630863489         4.7790403534
        5.2050000000       279.2661675974         3.0396460989         1.4450370565         1.7121615814         2.7625483216         4.8741141140
        5.2100000000       284.6142708837         3.0456107139         1.4654556714         1.7351284785         3.2944469154         4.9674561251
        5.2150000000       289.8612520748         3.0514715133         1.4526940371         1.7402322334         2.9620102943         5.0590332227
        5.2200000000       295.0052469433         3.0572265239         1.4603510177         1.7504397433         3.1614722670         5.1488128698
        5.2250000000       300.0444278522         3.0628737327         1.4501417102         1.7580953756         2.8955229701         5.2367631683
        5.2300000000       304.9770044046         3.0684110918         1.4680079982         1.7759585179         3.3609342397         5.3228528697
        5.2350000000       309.8012240795         3.0738365217         1.4654556714         1.7887179052         3.2944469154         5.4070513869
        5.2400000000       314.5153728546         3.0791479162         1.4705603251         1.8014772924         3.4274215639         5.4893288045
        5.2450000000       319.1177758154         3.0843431470         1.4782173056         1.8244441896         3.6268835366         5.5696558896
        5.2500000000       323.6067977500         3.0894200679         1.4705603251         1.8295479445         3.4274215639         5.6480041026
        5.2550000000       327.9808437302         3.0943765201         1.5113975548         1.8423073318         4.4912187515         5.7243456066
        5.2600000000       332.2383596783         3.0992103366         1.4884266131         1.8576185965         3.8928328335         5.7986532778
        5.2650000000       336.3778329193         3.1039193474         1.4909789399         1.8703779838         3.9593201577         5.8709007152
        5.2700000000       340.3977927179         3.1085013848         1.4807696325         1.8882411261         3.6933708608         5.9410622494
        5.2750000000       344.2968108016         3.1129542879         1.4884266131         1.8984486359         3.8928328335         6.0091129526
        5.2800000000       348.0735018678         3.1172759080         1.4858742862         1.9137599006         3.8263455092         6.0750286465
        5.2850000000       351.7265240762         3.1214641139         1.5062929011         1.9316230429         4.3582441031         6.1387859117
        5.2900000000       355.2545795254         3.1255167967         1.4935312668         1.9443824302         4.0258074819         6.2003620955
        5.2950000000       358.6564147141         3.1294318749         1.5037405742         1.9622455724         4.2917567788         6.2597353202
        5.3000000000       361.9308209864         3.1332072998         1.4960835936         1.9724530822         4.0922948062         6.3168844907
        5.3050000000       365.0766349614         3.1368410602         1.5113975548         1.9954199793         4.4912187515         6.3717893022
        5.3100000000       368.0927389463         3.1403311873         1.5062929011         2.0132831215         4.3582441031         6.4244302473
        5.3150000000       370.9780613339         3.1436757600         1.5113975548         2.0285943863         4.4912187515         6.4747886229
        5.3200000000       373.7315769826         3.1468729089         1.5241591891         2.0515612834         4.8236553726         6.5228465370
        5.3250000000       376.3523075817         3.1499208217         1.5113975548         2.0566650383         4.4912187515         6.5685869148
        5.3300000000       378.8393219979         3.1528177472         1.5241591891         2.0821838129         4.8236553726         6.6119935049
        5.3350000000       381.1917366069         3.1555619999         1.5241591891         2.1000469552         4.8236553726         6.6530508852
        5.3400000000       383.4087156069         3.1581519642         1.5241591891         2.1204619748         4.8236553726         6.6917444682
        5.3450000000       385.4894713160         3.1605860985         1.5318161696         2.1408769945         5.0231173453         6.7280605062
        5.3500000000       387.4332644515         3.1628629388         1.5267115159         2.1587401367         4.8901426969         6.7619860964
        5.3550000000       389.2394043928         3.1649811027         1.5343684965         2.1842589113         5.0896046696         6.7935091852
        5.3600000000       390.9072494273         3.1669392929         1.5190545354         2.1919145437         4.6906807242         6.8226185724
        5.3650000000       392.4362069773         3.1687363000         1.5420254771         2.2174333183         5.2890666422         6.8493039158
        5.3700000000       393.8257338117         3.1703710062         1.5420254771         2.2480558478         5.2890666422         6.8735557341
        5.3750000000       395.0753362381         3.1718423878         1.5292638428         2.2582633576         4.9566300211         6.8953654108
        5.3800000000       396.1845702787         3.1731495177         1.5292638428         2.2735746224         4.9566300211         6.9147251970
        5.3850000000       397.1530418279         3.1742915678         1.5420254771         2.2990933970         5.2890666422         6.9316282142
        5.3900000000       397.9804067925         3.1752678114         1.5420254771         2.3169565392         5.2890666422         6.9460684570
        5.3950000000       398.6663712136         3.1760776246         1.5445778039         2.3475790687         5.3555539665         6.9580407947
        5.4000000000       399.2106913713         3.1767204883         1.5496824576         2.3603384560         5.4885286149         6.9675409736
        5.4050000000       399.6131738712         3.1771959890         1.5496824576         2.3807534756         5.4885286149         6.9745656184
        5.4100000000       399.8736757133         3.1775038205         1.5318161696         2.3986166179         5.0231173453         6.9791122332
        5.4150000000       399.9921043425         3.1776437840         1.5573394382         2.4241353924         5.6879905876         6.9811792028
        5.4200000000       399.9684176815         3.1776157893         1.5598917651         2.4547579220         5.7544779118         6.9807657925
        5.4250000000       399.8026241463         3.1774198544         1.5624440919         2.4700691867         5.8209652360         6.9778721495
        5.4300000000       399.4947826424         3.1770561058         1.5496824576         2.4955879613         5.4885286149         6.9724993016
        5.4350000000       399.0450025445         3.1765247781         1.5649964188         2.5185548584         5.8874525603         6.9646491580
        5.4400000000       398.4534436573         3.1758262134         1.5522347845         2.5338661232         5.5550159391         6.9543245077
        5.4450000000       397.7203161588         3.1749608605         1.5649964188         2.5644886527         5.8874525603         6.9415290190
        5.4500000000       396.8458805258         3.1739292736         1.5649964188         2.5797999174         5.8874525603         6.9262672382
        5.4550000000       395.8304474411         3.1727321111         1.5675487456         2.6155262019         5.9539398845         6.9085445875
        5.4600000000       394.6743776831         3.1713701337         1.5701010725         2.6282855892         6.0204272087         6.8883673638
        5.4650000000       393.3780819981         3.1698442027         1.5726533993         2.6589081187         6.0869145330         6.8657427360
        5.4700000000       391.9420209537         3.1681552778         1.5752057262         2.6767712609         6.1534018572         6.8406787426
        5.4750000000       390.3667047755         3.1663044142         1.5675487456         2.7022900355         5.9539398845         6.8131842885
        5.4800000000       388.6526931659         3.1642927607         1.5854150336         2.7303606875         6.4193511541         6.7832691425
        5.4850000000       386.8005951050         3.1621215562         1.5726533993         2.7456719523         6.0869145330         6.7509439333
        5.4900000000       384.8110686344         3.1597921268         1.5726533993         2.7711907269         6.0869145330         6.7162201458
        5.4950000000       382.6848206235         3.1573058826         1.5726533993         2.7941576240         6.0869145330         6.6791101173
        5.5000000000       380.4226065181         3.1546643138         1.5828627068         2.8171245211         6.3528638299         6.6396270328
        5.5050000000       378.0252300719         3.1518689871         1.5701010725         2.8400914183         6.0204272087         6.5977849204
        5.5100000000       375.4935430616         3.1489215419         1.5752057262         2.8681620703         6.1534018572         6.5535986464
        5.5150000000       372.8284449833         3.1458236861         1.5701010725         2.8860252125         6.0204272087         6.5070839100
        5.5200000000       370.0308827338         3.1425771917         1.5752057262         2.9140958646         6.1534018572         6.4582572378
        5.5250000000       367.1018502736         3.1391838905         1.5803103799         2.9472702715         6.2863765056         6.4071359774
        5.5300000000       364.0423882740         3.1356456697         1.5854150336         2.9651334138         6.4193511541         6.3537382922
        5.5350000000       360.8535837473         3.1319644668         1.5828627068         2.9957559433         6.3528638299         6.2980831540
        5.5400000000       357.5365696605         3.1281422654         1.5726533993         3.0136190855         6.0869145330         6.2401903369
        5.5450000000       354.0925245330         3.1241810897         1.5828627068         3.0365859826         6.3528638299         6.1800804098
        5.5500000000       350.5226720175         3.1200829998         1.5777580530         3.0672085121         6.2198891814         6.1177747296
        5.5550000000       346.8282804658         3.1158500870         1.5701010725         3.0876235318         6.0204272087         6.0532954332
        5.5600000000       343.0106624775         3.1114844681         1.5803103799         3.1054866740         6.2863765056         5.9866654297
        5.5650000000       339.0711744340         3.1069882808         1.5624440919         3.1335573261         5.8209652360         5.9179083925
        5.5700000000       335.0112160169         3.1023636784         1.5726533993         3.1565242232         6.0869145330         5.8470487506
        5.5750000000       330.8322297098         3.0976128245         1.5701010725         3.1718354879         6.0204272087         5.7741116802
        5.5800000000       326.5357002869         3.0927378884         1.5777580530         3.2024580174         6.2198891814         5.6991230953
        5.5850000000       322.1231542845         3.0877410396         1.5701010725         3.2279767920         6.0204272087         5.6221096392
        5.5900000000       317.5961594591         3.0826244427         1.5701010725         3.2432880568         6.0204272087         5.5430986743
        5.5950000000       312.9563242306         3.0773902529         1.5701010725         3.2739105863         6.0204272087         5.4621182728
        5.6000000000       308.2052971103         3.0720406111         1.5573394382         3.2917737285         5.6879905876         5.3791972067
        5.6050000000       303.3447661155         3.0665776387         1.5777580530         3.3198443806         6.2198891814         5.2943649374
        5.6100000000       298.3764581697         3.0610034335         1.5777580530         3.3504669101         6.2198891814         5.2076516055
        5.6150000000       293.3021384890         3.0553200648         1.5803103799         3.3734338072         6.2863765056         5.1190880198
        5.6200000000       288.1236099552         3.0495295695         1.5726533993         3.3989525818         6.0869145330         5.0287056464
        5.6250000000       282.8427124746         3.0436339477         1.5701010725         3.4219194789         6.0204272087         4.9365365980
        5.6300000000       277.4613223251         3.0376351588         1.5649964188         3.4295751113         5.8874525603         4.8426136215
        5.6350000000       271.9813514890         3.0315351176         1.5701010725         3.4627495183         6.0204272087         4.7469700875
        5.6400000000       266.4047469737         3.0253356913         1.5573394382         3.4857164154         5.6879905876         4.6496399776
        5.6450000000       260.7334901204         3.0190386955         1.5905196873         3.5086833125         6.5523258025         4.5506578728
        5.6500000000       254.9695958995         3.0126458917         1.5522347845         3.5214426998         5.5550159391         4.4500589409
        5.6550000000       249.1151121953         3.0061589845         1.5930720142         3.5597208617         6.6188131268         4.3478789243
        5.6600000000       243.1721190778         2.9995796189         1.5573394382         3.5750321265         5.6879905876         4.2441541270
        5.6650000000       237.1427280644         2.9929093781         1.5573394382         3.6031027785         5.6879905876         4.1389214019
        5.6700000000       231.0290813689         2.9861497819         1.5624440919         3.6158621658         5.8209652360         4.0322181377
        5.6750000000       224.8333511409         2.9793022852         1.5624440919         3.6490365728         5.8209652360         3.9240822457
        5.6800000000       218.5577386937         2.9723682762         1.5420254771         3.6592440826         5.2890666422         3.8145521459
        5.6850000000       212.2044737227         2.9653490762         1.5598917651         3.6847628572         5.7544779118         3.7036667539
        5.6900000000       205.7758135126         2.9582459387         1.5573394382         3.7026259994         5.6879905876         3.5914654668
        5.6950000000       199.2740421358         2.9510600493         1.5522347845         3.7383522838         5.5550159391         3.4779881490
        5.7000000000       192.7014696407         2.9437925258         1.5522347845         3.7536635486         5.5550159391         3.3632751187
        5.7050000000       186.0604312310         2.9364444191         1.5471301308         3.7740785683         5.4220412907         3.2473671327
        5.7100000000       179.3532864360         2.9290167134         1.5471301308         3.7944935879         5.4220412907         3.1303053726
        5.7150000000       172.5824182724         2.9215103285         1.5471301308         3.8149086076         5.4220412907         3.0121314299
        5.7200000000       165.7502323973         2.9139261206         1.5471301308         3.8353236273         5.4220412907         2.8928872913
        5.7250000000       158.8591562539         2.9062648849         1.5369208233         3.8557386469         5.1560919938         2.7726153236
        5.7300000000       151.9116382087         2.8985273576         1.5420254771         3.8812574215         5.2890666422         2.6513582588
        5.7350000000       144.9101466818         2.8907142192         1.5292638428         3.8965686863         4.9566300211         2.5291591791
        5.7400000000       137.8571692698         2.8828260973         1.5241591891         3.9067761961         4.8236553726         2.4060615012
        5.7450000000       130.7552118620         2.8748635704         1.5318161696         3.9322949707         5.0231173453         2.2821089611
        5.7500000000       123.6067977500         2.8668271717         1.5190545354         3.9527099904         4.6906807242         2.1573455986
        5.7550000000       116.4144667313         2.8587173931         1.5165022085         3.9731250101         4.6241934000         2.0318157414
        5.7600000000       109.1807742069         2.8505346906         1.5190545354         3.9833325199         4.6906807242         1.9055639898
        5.7650000000       101.9082902734         2.8422794882         1.5190545354         4.0165069269         4.6906807242         1.7786352003
        5.7700000000        94.5995988095         2.8339521842         1.5139498816         4.0318181916         4.5577060757         1.6510744703
        5.7750000000        87.2572965586         2.8255531559         1.5113975548         4.0471294564         4.4912187515         1.5229271213
        5.7800000000        79.8839922058         2.8170827662         1.5062929011         4.0547850888         4.3582441031         1.3942386836
        5.7850000000        72.4823054509         2.8085413691         1.4960835936         4.0828557408         4.0922948062         1.2650548796
        5.7900000000        65.0548660780         2.7999293169         1.4909789399         4.0930632506         3.9593201577         1.1354216075
        5.7950000000        57.6043130209         2.7912469660         1.4858742862         4.1058226379         3.8263455092         1.0053849256
        5.8000000000        50.1332934257         2.7824946846         1.4782173056         4.1185820252         3.6268835366         0.8749910351
        5.8050000000        42.6444617101         2.7736728591         1.4833219594         4.1313414125         3.7598581850         0.7442862646
        5.8100000000        35.1404786203         2.7647819020         1.4782173056         4.1594120646         3.6268835366         0.6133170527
        5.8150000000        27.6240102858         2.7558222588         1.4654556714         4.1594120646         3.2944469154         0.4821299321
        5.8200000000        20.0977272719         2.7467944162         1.4629033445         4.1772752068         3.2279595912         0.3507715131
        5.8250000000        12.5643036313         2.6584512181         1.4680079982         4.1976902265         3.3609342397         0.2192884666
        5.8300000000         5.0264159534         2.5690131131         1.4680079982         4.2104496138         3.3609342397         0.0877275080
        5.8350000000        -2.5132575862         2.4795538186         1.4475893834         4.2155533687         2.8290356458        -0.0438646198
        5.8400000000       -10.0520381773         2.3901051190         1.4399324028         4.2257608785         2.6295736732        -0.1754411627
        5.8450000000       -17.5872473271         2.3006987951         1.4220661148         4.2334165109         2.1641624036        -0.3069553722
        5.8500000000       -25.1162078117         2.2629783296         1.3863335388         4.2359683883         1.2333398644        -0.4383605219
        5.8550000000       -32.6362446273         2.2498294934         1.3735719045         4.2461758982         0.9009032433        -0.5696099242
        5.8600000000       -40.1446859405         2.2369503023         1.3557056165         4.2538315306         0.4354919737        -0.7006569468
        5.8650000000       -47.6388640379         2.2243359277         1.3429439823         4.2538315306         0.1030553526        -0.8314550294
        5.8700000000       -55.1161162738         2.2119813745         1.3403916554         4.2461758982         0.0365680283        -0.9619576999
        5.8750000000       -62.5737860161         2.1998815078         1.3378393285         4.2487277756        -0.0299192959        -1.0921185914
        5.8800000000       -70.0092235901         2.1880310799         1.3352870017         4.2487277756        -0.0964066201        -1.2218914584
        5.8850000000       -77.4197872203         2.1764247557         1.3378393285         4.2487277756        -0.0299192959        -1.3512301932
        5.8900000000       -84.8028439688         2.1650571380         1.3327346748         4.2410721433        -0.1628939444        -1.4800888423
        5.8950000000       -92.1557706706         2.1539227911         1.3378393285         4.2436240207        -0.0299192959        -1.6084216229
        5.9000000000       -99.4759548659         2.1430162650         1.3327346748         4.2512796531        -0.1628939444        -1.7361829390
        5.9050000000      -106.7607957281         2.1323321171         1.2536125423         4.2359683883        -2.2240009954        -1.8633273975
        5.9100000000      -114.0077049880         2.1218649338         1.2995544257         4.2308646334        -1.0272291593        -1.9898098247
        5.9150000000      -121.2141078531         2.1116093509         1.2944497720         4.2385202658        -1.1602038078        -2.1155852819
        5.9200000000      -128.3774439229         2.1015600732         1.2714788303         4.2257608785        -1.7585897258        -2.2406090817
        5.9250000000      -135.4951680981         2.0917118922         1.2740311571         4.2206571236        -1.6921024016        -2.3648368039
        5.9300000000      -142.5647514853         2.0820597037         1.2816881377         4.2130014912        -1.4926404289        -2.4882243107
        5.9350000000      -149.5836822951         2.0725985236         1.2816881377         4.2078977363        -1.4926404289        -2.6107277633
        5.9400000000      -156.5494667349         2.0633235025         1.2765834840         4.1951383490        -1.6256150773        -2.7323036368
        5.9450000000      -163.4596298945         2.0542299400         1.2638218497         4.1925864715        -1.9580516985        -2.8529087358
        5.9500000000      -170.3117166260         2.0453132966         1.2587171960         4.1874827166        -2.0910263469        -2.9725002098
        5.9550000000      -177.1032924156         2.0365692051         1.2765834840         4.1849308392        -1.6256150773        -3.0910355688
        5.9600000000      -183.8319442486         2.0279934813         1.2561648691         4.1645158195        -2.1575136712        -3.2084726975
        5.9650000000      -190.4952814672         2.0195821322         1.2587171960         4.1696195744        -2.0910263469        -3.3247698711
        5.9700000000      -197.0909366193         2.0113313644         1.2561648691         4.1492045547        -2.1575136712        -3.4398857698
        5.9750000000      -203.6165663001         2.0032375906         1.2510602154         4.1492045547        -2.2904883196        -3.5537794935
        5.9800000000      -210.0698519845         1.9952974352         1.2510602154         4.1441007998        -2.2904883196        -3.6664105763
        5.9850000000      -216.4485008507         1.9875077387         1.2382985811         4.1262376576        -2.6229249407        -3.7777390009
        5.9900000000      -222.7502465953         1.9798655614         1.2459555617         4.1211339027        -2.4234629681        -3.8877252127
        5.9950000000      -228.9728502378         1.9723681852         1.2485078886         4.1109263928        -2.3569756438        -3.9963301343
        6.0000000000      -235.1141009170         1.9650131156         1.2306416006         4.1032707605        -2.8223869134        -4.1035151789
        6.0050000000      -241.1718166756         1.9577980815         1.2510602154         4.0981670056        -2.2904883196        -4.2092422640
        6.0100000000      -247.1438452361         1.9507210350         1.2408509080         4.0879594957        -2.5564376165        -4.3134738254
        6.0150000000      -253.0280647652         1.9437801499         1.2280892737         4.0700963535        -2.8888742376        -4.4161728301
        6.0200000000      -258.8223846278         1.9369738192         1.2229846200         4.0573369662        -3.0218488861        -4.5173027896
        6.0250000000      -264.5247461295         1.9303006518         1.2229846200         4.0573369662        -3.0218488861        -4.6168277730
        6.0300000000      -270.1331232484         1.9237594691         1.2229846200         4.0420257015        -3.0218488861        -4.7147124194
        6.0350000000      -275.6455233549         1.9173492997         1.2331939274         4.0241625592        -2.7558995892        -4.8109219509
        6.0400000000      -281.0599879195         1.9110693745         1.2025660052         4.0062994170        -3.5537474799        -4.9054221848
        6.0450000000      -286.3745932087         1.9049191206         1.2102229857         4.0011956621        -3.3542855072        -4.9981795456
        6.0500000000      -291.5874509686         1.8988981545         1.2102229857         3.9858843974        -3.3542855072        -5.0891610769
        6.0550000000      -296.6967090955         1.8930062752         1.1923566977         3.9654693777        -3.8196967768        -5.1783344535
        6.0600000000      -301.7005522944         1.8872434565         1.1974613514         3.9527099904        -3.6867221284        -5.2656679926
        6.0650000000      -306.5972027237         1.8816098389         1.1949090246         3.9399506031        -3.7532094526        -5.3511306649
        6.0700000000      -311.3849206268         1.8761057209         1.2000136783         3.9373987256        -3.6202348041        -5.4346921060
        6.0750000000      -316.0620049503         1.8707315508         1.1949090246         3.9144318285        -3.7532094526        -5.5163226268
        6.0800000000      -320.6267939483         1.8654879168         1.1846997172         3.8940168088        -4.0191587495        -5.5959932245
        6.0850000000      -325.0776657732         1.8603755379         1.2025660052         3.8838092990        -3.5537474799        -5.6736755924
        6.0900000000      -329.4130390514         1.8553952546         1.1974613514         3.8710499117        -3.6867221284        -5.7493421304
        6.0950000000      -333.6313734453         1.8505480183         1.1770427366         3.8608424019        -4.2186207222        -5.8229659546
        6.1000000000      -337.7311702008         1.8458348823         1.1846997172         3.8429792597        -4.0191587495        -5.8945209066
        6.1050000000      -341.7109726797         1.8412569908         1.1693857560         3.8225642400        -4.4180826949        -5.9639815635
        6.1100000000      -345.5693668771         1.8368155697         1.1744904097         3.8072529752        -4.2851080464        -6.0313232460
        6.1150000000      -349.3049819240         1.8325119159         1.1668334292         3.7919417105        -4.4845700191        -6.0965220282
        6.1200000000      -352.9164905740         1.8283473874         1.1668334292         3.7740785683        -4.4845700191        -6.1595547451
        6.1250000000      -356.4026096753         1.8243233934         1.1770427366         3.7638710584        -4.2186207222        -6.2203990015
        6.1300000000      -359.7621006265         1.8204413842         1.1438624875         3.7332485289        -5.0829559371        -6.2790331798
        6.1350000000      -362.9937698164         1.8167028416         1.1719380829         3.7255928965        -4.3515953706        -6.3354364475
        6.1400000000      -366.0964690484         1.8131092690         1.1438624875         3.7000741219        -5.0829559371        -6.3895887648
        6.1450000000      -369.0690959480         1.8096621822         1.1464148143         3.6745553474        -5.0164686129        -6.4414708917
        6.1500000000      -371.9105943553         1.8063631002         1.1413101606         3.6566922051        -5.1494432614        -6.4910643945
        6.1550000000      -374.6199546993         1.8032135358         1.1489671412         3.6439328179        -4.9499812887        -6.5383516532
        6.1600000000      -377.1962143571         1.8002149873         1.1387578337         3.6260696756        -5.2159305856        -6.5833158666
        6.1650000000      -379.6384579961         1.7973689302         1.1413101606         3.6056546560        -5.1494432614        -6.6259410592
        6.1700000000      -381.9458178987         1.7946768083         1.1336531800         3.5775840039        -5.3489052340        -6.6662120866
        6.1750000000      -384.1174742708         1.7921400270         1.1464148143         3.5673764941        -5.0164686129        -6.7041146405
        6.1800000000      -386.1526555333         1.7897599450         1.1362055069         3.5495133519        -5.2824179098        -6.7396352544
        6.1850000000      -388.0506385960         1.7875378675         1.1285485263         3.5188908224        -5.4818798825        -6.7727613080
        6.1900000000      -389.8107491146         1.7854750398         1.1234438726         3.4959239252        -5.6148545309        -6.8034810317
        6.1950000000      -391.4323617302         1.7835726407         1.1259961995         3.4831645379        -5.5483672067        -6.8317835110
        6.2000000000      -392.9149002915         1.7818317767         1.1157868920         3.4576457633        -5.8143165036        -6.8576586902
        6.2050000000      -394.2578380596         1.7802534768         1.1285485263         3.4423344986        -5.4818798825        -6.8810973759
        6.2100000000      -395.4606978952         1.7788386871         1.1106822383         3.4117119691        -5.9472911521        -6.9020912405
        6.2150000000      -396.5230524278         1.7775882665         1.1081299115         3.3938488269        -6.0137784763        -6.9206328249
        6.2200000000      -397.4445242080         1.7765029828         1.1030252578         3.3708819297        -6.1467531248        -6.9367155415
        6.2250000000      -398.2247858412         1.7755835085         1.1208915457         3.3453631551        -5.6813418552        -6.9503336760
        6.2300000000      -398.8635601042         1.7748304184         1.0928159503         3.3249481355        -6.4127024217        -6.9614823900
        6.2350000000      -399.3606200436         1.7742441860         1.1208915457         3.3019812383        -5.6813418552        -6.9701577226
        6.2400000000      -399.7157890562         1.7738251823         1.1030252578         3.2739105863        -6.1467531248        -6.9763565912
        6.2450000000      -399.9289409523         1.7735736734         1.0979206040         3.2585993215        -6.2797277732        -6.9800767936
        6.2500000000      -400.0000000000         1.7734898192         1.1081299115         3.2305286695        -6.0137784763        -6.9813170080
        6.2550000000      -399.9289409523         1.7735736734         1.0979206040         3.2075617724        -6.2797277732        -6.9800767936
        6.2600000000      -399.7157890562         1.7738251823         1.1081299115         3.1922505076        -6.0137784763        -6.9763565912
        6.2650000000      -399.3606200436         1.7742441860         1.1030252578         3.1641798556        -6.1467531248        -6.9701577226
        6.2700000000      -398.8635601042         1.7748304184         1.1030252578         3.1335573261        -6.1467531248        -6.9614823900
        6.2750000000      -398.2247858412         1.7755835085         1.0877112966         3.1080385515        -6.5456770701        -6.9503336760
        6.2800000000      -397.4445242080         1.7765029828         1.0979206040         3.0978310416        -6.2797277732        -6.9367155415
        6.2850000000      -396.5230524278         1.7775882665         1.1081299115         3.0723122670        -6.0137784763        -6.9206328249
        6.2900000000      -395.4606978952         1.7788386871         1.1055775846         3.0391378601        -6.0802658005        -6.9020912405
        6.2950000000      -394.2578380596         1.7802534768         1.0928159503         3.0238265953        -6.4127024217        -6.8810973759
        6.3000000000      -392.9149002915         1.7818317767         1.0928159503         2.9957559433        -6.4127024217        -6.8576586902
        6.3050000000      -391.4323617302         1.7835726407         1.1030252578         2.9625815363        -6.1467531248        -6.8317835110
        6.3100000000      -389.8107491146         1.7854750398         1.0800543160         2.9370627617        -6.7451390428        -6.8034810317
        6.3150000000      -388.0506385960         1.7875378675         1.0877112966         2.9140958646        -6.5456770701        -6.7727613080
        6.3200000000      -386.1526555333         1.7897599450         1.0902636235         2.8936808449        -6.4791897459        -6.7396352544
        6.3250000000      -384.1174742708         1.7921400270         1.0775019892         2.8630583154        -6.8116263670        -6.7041146405
        6.3300000000      -381.9458178987         1.7946768083         1.0877112966         2.8426432957        -6.5456770701        -6.6662120866
        6.3350000000      -379.6384579961         1.7973689302         1.0928159503         2.8171245211        -6.4127024217        -6.6259410592
        6.3400000000      -377.1962143571         1.8002149873         1.0902636235         2.7865019916        -6.4791897459        -6.5833158666
        6.3450000000      -374.6199546993         1.8032135358         1.0877112966         2.7660869720        -6.5456770701        -6.5383516532
        6.3500000000      -371.9105943553         1.8063631002         1.0851589698         2.7354644424        -6.6121643943        -6.4910643945
        6.3550000000      -369.0690959480         1.8096621822         1.0698450086         2.7099456679        -7.0110883397        -6.4414708917
        6.3600000000      -366.0964690484         1.8131092690         1.1030252578         2.6869787707        -6.1467531248        -6.3895887648
        6.3650000000      -362.9937698165         1.8167028416         1.0800543160         2.6640118736        -6.7451390428        -6.3354364475
        6.3700000000      -359.7621006266         1.8204413842         1.0826066429         2.6410449765        -6.6786517186        -6.2790331798
        6.3750000000      -356.4026096754         1.8243233934         1.0953682772         2.6155262019        -6.3462150974        -6.2203990015
        6.3800000000      -352.9164905740         1.8283473874         1.0877112966         2.5951111822        -6.5456770701        -6.1595547451
        6.3850000000      -349.3049819240         1.8325119159         1.0902636235         2.5695924076        -6.4791897459        -6.0965220282
        6.3900000000      -345.5693668771         1.8368155697         1.1081299115         2.5440736330        -6.0137784763        -6.0313232460
        6.3950000000      -341.7109726797         1.8412569908         1.0723973355         2.5134511035        -6.9446010155        -5.9639815635
        6.4000000000      -337.7311702008         1.8458348823         1.0979206040         2.4955879613        -6.2797277732        -5.8945209066
        6.4050000000      -333.6313734453         1.8505480183         1.1004729309         2.4751729416        -6.2132404490        -5.8229659546
        6.4100000000      -329.4130390514         1.8553952546         1.0953682772         2.4445504121        -6.3462150974        -5.7493421304
        6.4150000000      -325.0776657732         1.8603755379         1.1311008532         2.4292391474        -5.4153925583        -5.6736755924
        6.4200000000      -320.6267939484         1.8654879168         1.0851589698         2.3986166179        -6.6121643943        -5.5959932245
        6.4250000000      -316.0620049503         1.8707315508         1.1132345652         2.3756497207        -5.8808038279        -5.5163226268
        6.4300000000      -311.3849206268         1.8761057209         1.1055775846         2.3450271912        -6.0802658005        -5.4346921060
        6.4350000000      -306.5972027237         1.8816098389         1.1106822383         2.3348196814        -5.9472911521        -5.3511306649
        6.4400000000      -301.7005522944         1.8872434565         1.1285485263         2.3118527843        -5.4818798825        -5.2656679926
        6.4450000000      -296.6967090955         1.8930062752         1.1030252578         2.2812302547        -6.1467531248        -5.1783344535
        6.4500000000      -291.5874509686         1.8988981545         1.1183392189         2.2557114802        -5.7478291794        -5.0891610769
        6.4550000000      -286.3745932087         1.9049191206         1.1183392189         2.2429520929        -5.7478291794        -4.9981795456
        6.4600000000      -281.0599879195         1.9110693745         1.1259961995         2.2072258084        -5.5483672067        -4.9054221848
        6.4650000000      -275.6455233549         1.9173492997         1.1132345652         2.1944664211        -5.8808038279        -4.8109219509
        6.4700000000      -270.1331232484         1.9237594691         1.1285485263         2.1689476465        -5.4818798825        -4.7147124194
        6.4750000000      -264.5247461295         1.9303006518         1.1234438726         2.1485326269        -5.6148545309        -4.6168277730
        6.4800000000      -258.8223846278         1.9369738192         1.1234438726         2.1332213621        -5.6148545309        -4.5173027896
        6.4850000000      -253.0280647653         1.9437801499         1.1336531800         2.1102544650        -5.3489052340        -4.4161728301
        6.4900000000      -247.1438452361         1.9507210350         1.1259961995         2.0796319355        -5.5483672067        -4.3134738254
        6.4950000000      -241.1718166756         1.9577980815         1.1438624875         2.0668725482        -5.0829559371        -4.2092422640
        6.5000000000      -235.1141009170         1.9650131156         1.1311008532         2.0490094060        -5.4153925583        -4.1035151789
        6.5050000000      -228.9728502378         1.9723681852         1.1489671412         2.0285943863        -4.9499812887        -3.9963301343
        6.5100000000      -222.7502465953         1.9798655614         1.1285485263         2.0030756117        -5.4818798825        -3.8877252127
        6.5150000000      -216.4485008508         1.9875077387         1.1642811023         1.9979718568        -4.5510573433        -3.7777390009
        6.5200000000      -210.0698519845         1.9952974352         1.1438624875         1.9724530822        -5.0829559371        -3.6664105763
        6.5250000000      -203.6165663002         2.0032375906         1.1668334292         1.9571418174        -4.4845700191        -3.5537794935
        6.5300000000      -197.0909366193         2.0113313644         1.1591764486         1.9418305527        -4.6840319918        -3.4398857698
        6.5350000000      -190.4952814672         2.0195821322         1.1668334292         1.9163117781        -4.4845700191        -3.3247698711
        6.5400000000      -183.8319442486         2.0279934813         1.1566241217         1.8958967584        -4.7505193160        -3.2084726975
        6.5450000000      -177.1032924156         2.0365692051         1.1668334292         1.8831373711        -4.4845700191        -3.0910355688
        6.5500000000      -170.3117166260         2.0453132966         1.1668334292         1.8703779838        -4.4845700191        -2.9725002098
        6.5550000000      -163.4596298945         2.0542299400         1.1846997172         1.8601704740        -4.0191587495        -2.8529087358
        6.5600000000      -156.5494667349         2.0633235025         1.1770427366         1.8320998220        -4.2186207222        -2.7323036368
        6.5650000000      -149.5836822951         2.0725985236         1.1872520440         1.8320998220        -3.9526714253        -2.6107277633
        6.5700000000      -142.5647514853         2.0820597037         1.1795950634         1.8014772924        -4.1521333980        -2.4882243107
        6.5750000000      -135.4951680981         2.0917118922         1.1949090246         1.7912697826        -3.7532094526        -2.3648368039
        6.5800000000      -128.3774439229         2.1015600732         1.1846997172         1.7785103953        -4.0191587495        -2.2406090817
        6.5850000000      -121.2141078531         2.1116093509         1.2025660052         1.7631991306        -3.5537474799        -2.1155852819
        6.5900000000      -114.0077049880         2.1218649338         1.1949090246         1.7504397433        -3.7532094526        -1.9898098247
        6.5950000000      -106.7607957282         2.1323321171         1.2076706589         1.7376803560        -3.4207728315        -1.8633273975
        6.6000000000       -99.4759548660         2.1430162650         1.2127753126         1.7249209687        -3.2877981830        -1.7361829390
        6.6050000000       -92.1557706706         2.1539227911         1.2102229857         1.7147134588        -3.3542855072        -1.6084216229
        6.6100000000       -84.8028439688         2.1650571380         1.2178799663         1.7019540715        -3.1548235346        -1.4800888423
        6.6150000000       -77.4197872204         2.1764247557         1.2229846200         1.6942984392        -3.0218488861        -1.3512301932
        6.6200000000       -70.0092235901         2.1880310799         1.2306416006         1.6687796646        -2.8223869134        -1.2218914584
        6.6250000000       -62.5737860161         2.1998815078         1.2357462543         1.6713315420        -2.6894122650        -1.0921185914
        6.6300000000       -55.1161162739         2.2119813745         1.2280892737         1.6509165224        -2.8888742376        -0.9619576999
        6.6350000000       -47.6388640380         2.2243359277         1.2459555617         1.6534683998        -2.4234629681        -0.8314550294
        6.6400000000       -40.1446859405         2.2369503023         1.2459555617         1.6381571351        -2.4234629681        -0.7006569468
        6.6450000000       -32.6362446273         2.2498294934         1.2663741766         1.6381571351        -1.8915643742        -0.5696099242
        6.6500000000       -25.1162078117         2.2629783296         1.2561648691         1.6202939929        -2.1575136712        -0.4383605219
        6.6550000000       -17.5872473272         2.3006987951         1.2740311571         1.6253977478        -1.6921024016        -0.3069553722
        6.6600000000       -10.0520381773         2.3901051190         1.2740311571         1.6151902379        -1.6921024016        -0.1754411627
        6.6650000000        -2.5132575862         2.4795538186         1.2765834840         1.6024308506        -1.6256150773        -0.0438646198
        6.6700000000         5.0264159533         2.5690131131         1.2791358108         1.5896714634        -1.5591277531         0.0877275080
        6.6750000000        12.5643036312         2.6584512181         1.2893451183         1.5871195859        -1.2931784562         0.2192884666
        6.6800000000        20.0977272719         2.7467944162         1.3174207137         1.5947752183        -0.5618178897         0.3507715131
        6.6850000000        27.6240102858         2.7558222588         1.3199730405         1.5794639535        -0.4953305655         0.4821299321
        6.6900000000        35.1404786203         2.7647819020         1.3506009628         1.5922233408         0.3025173252         0.6133170527
        6.6950000000        42.6444617101         2.7736728591         1.3327346748         1.5820158310        -0.1628939444         0.7442862646
        6.7000000000        50.1332934257         2.7824946846         1.3301823480         1.5820158310        -0.2293812686         0.8749910351
        6.7050000000        57.6043130209         2.7912469660         1.3327346748         1.5820158310        -0.1628939444         1.0053849256
        6.7100000000        65.0548660779         2.7999293169         1.3378393285         1.5845677084        -0.0299192959         1.1354216075
        6.7150000000        72.4823054508         2.8085413691         1.3429439823         1.5922233408         0.1030553526         1.2650548796
        6.7200000000        79.8839922058         2.8170827662         1.3403916554         1.5871195859         0.0365680283         1.3942386836
        6.7250000000        87.2572965586         2.8255531559         1.3378393285         1.5845677084        -0.0299192959         1.5229271213
        6.7300000000        94.5995988095         2.8339521842         1.4118568074         1.5973270957         1.8982131067         1.6510744703
        6.7350000000       101.9082902733         2.8422794882         1.3710195777         1.5922233408         0.8344159190         1.7786352003
        6.7400000000       109.1807742069         2.8505346906         1.3735719045         1.5947752183         0.9009032433         1.9055639898
        6.7450000000       116.4144667313         2.8587173931         1.3863335388         1.6024308506         1.2333398644         2.0318157414
        6.7500000000       123.6067977500         2.8668271717         1.3888858657         1.6151902379         1.2998271886         2.1573455986
        6.7550000000       130.7552118620         2.8748635704         1.3761242314         1.6075346056         0.9673905675         2.2821089611
        6.7600000000       137.8571692698         2.8828260973         1.4016475000         1.6228458703         1.6322638098         2.4060615012
        6.7650000000       144.9101466818         2.8907142192         1.3939905194         1.6202939929         1.4328018371         2.5291591791
        6.7700000000       151.9116382087         2.8985273576         1.3837812120         1.6228458703         1.1668525402         2.6513582588
        6.7750000000       158.8591562539         2.9062648849         1.4016475000         1.6330533802         1.6322638098         2.7726153236
        6.7800000000       165.7502323973         2.9139261206         1.4067521537         1.6432608900         1.7652384582         2.8928872913
        6.7850000000       172.5824182724         2.9215103285         1.4016475000         1.6483646449         1.6322638098         3.0121314299
        6.7900000000       179.3532864360         2.9290167134         1.4041998268         1.6534683998         1.6987511340         3.1303053726
        6.7950000000       186.0604312310         2.9364444191         1.4016475000         1.6560202773         1.6322638098         3.2473671327
        6.8000000000       192.7014696407         2.9437925258         1.4067521537         1.6585721547         1.7652384582         3.3632751187
        6.8050000000       199.2740421358         2.9510600493         1.4169614611         1.6789871744         2.0311877551         3.4779881490
        6.8100000000       205.7758135126         2.9582459387         1.4195137880         1.6866428068         2.0976750794         3.5914654668
        6.8150000000       212.2044737227         2.9653490762         1.4220661148         1.6917465617         2.1641624036         3.7036667539
        6.8200000000       218.5577386937         2.9723682762         1.4144091342         1.6917465617         1.9647004309         3.8145521459
        6.8250000000       224.8333511408         2.9793022852         1.4297230954         1.7121615814         2.3636243763         3.9240822457
        6.8300000000       231.0290813689         2.9861497819         1.4220661148         1.7096097039         2.1641624036         4.0322181377
        6.8350000000       237.1427280644         2.9929093781         1.4373800759         1.7300247236         2.5630863489         4.1389214019
        6.8400000000       243.1721190778         2.9995796189         1.4322754222         1.7325766011         2.4301117005         4.2441541270
        6.8450000000       249.1151121952         3.0061589845         1.4373800759         1.7427841109         2.5630863489         4.3478789243
        6.8500000000       254.9695958995         3.0126458917         1.4424847297         1.7606472531         2.6960609974         4.4500589409
        6.8550000000       260.7334901203         3.0190386955         1.4297230954         1.7606472531         2.3636243763         4.5506578728
        6.8600000000       266.4047469737         3.0253356913         1.4501417102         1.7810622728         2.8955229701         4.6496399776
        6.8650000000       271.9813514890         3.0315351176         1.4731126519         1.7836141502         3.4939088881         4.7469700875
        6.8700000000       277.4613223251         3.0376351588         1.4475893834         1.7963735375         2.8290356458         4.8426136215
        6.8750000000       282.8427124746         3.0436339477         1.4552463639         1.8065810474         3.0284976185         4.9365365980
        6.8800000000       288.1236099552         3.0495295695         1.4603510177         1.8244441896         3.1614722670         5.0287056464
        6.8850000000       293.3021384890         3.0553200648         1.4577986908         1.8320998220         3.0949849428         5.1190880198
        6.8900000000       298.3764581697         3.0610034335         1.4629033445         1.8397554543         3.2279595912         5.2076516055
        6.8950000000       303.3447661155         3.0665776387         1.4705603251         1.8525148416         3.4274215639         5.2943649374
        6.9000000000       308.2052971103         3.0720406111         1.4654556714         1.8652742289         3.2944469154         5.3791972067
        6.9050000000       312.9563242306         3.0773902529         1.4731126519         1.8780336162         3.4939088881         5.4621182728
        6.9100000000       317.5961594591         3.0826244427         1.4603510177         1.8882411261         3.1614722670         5.5430986743
        6.9150000000       322.1231542844         3.0877410396         1.4782173056         1.9112080232         3.6268835366         5.6221096392
        6.9200000000       326.5357002869         3.0927378884         1.4756649788         1.9188636556         3.5603962123         5.6991230953
        6.9250000000       330.8322297098         3.0976128245         1.4858742862         1.9265192879         3.8263455092         5.7741116802
        6.9300000000       335.0112160168         3.1023636784         1.4782173056         1.9469343076         3.6268835366         5.8470487506
        6.9350000000       339.0711744340         3.1069882808         1.4833219594         1.9545899400         3.7598581850         5.9179083925
        6.9400000000       343.0106624775         3.1114844681         1.4884266131         1.9750049597         3.8928328335         5.9866654297
        6.9450000000       346.8282804658         3.1158500870         1.4833219594         1.9928681019         3.7598581850         6.0532954332
        6.9500000000       350.5226720175         3.1200829998         1.5011882474         2.0158349990         4.2252694546         6.1177747296
        6.9550000000       354.0925245330         3.1241810897         1.5011882474         2.0183868765         4.2252694546         6.1800804098
        6.9600000000       357.5365696605         3.1281422654         1.5011882474         2.0464575285         4.2252694546         6.2401903369
        6.9650000000       360.8535837473         3.1319644668         1.5062929011         2.0515612834         4.3582441031         6.2980831540
        6.9700000000       364.0423882740         3.1356456697         1.5113975548         2.0821838129         4.4912187515         6.3537382922
        6.9750000000       367.1018502736         3.1391838905         1.5139498816         2.0898394453         4.5577060757         6.4071359774
        6.9800000000       370.0308827338         3.1425771917         1.5190545354         2.1128063424         4.6906807242         6.4582572378
        6.9850000000       372.8284449833         3.1458236861         1.5088452279         2.1306694847         4.4247314273         6.5070839100
        6.9900000000       375.4935430615         3.1489215419         1.5241591891         2.1459807494         4.8236553726         6.5535986464
        6.9950000000       378.0252300719         3.1518689871         1.5190545354         2.1612920142         4.6906807242         6.5977849204
        7.0000000000       380.4226065181         3.1546643138         1.5139498816         2.1766032789         4.5577060757         6.6396270328
        7.0050000000       382.6848206235         3.1573058826         1.5190545354         2.1995701761         4.6906807242         6.6791101173
        7.0100000000       384.8110686344         3.1597921268         1.5752057262         2.2301927056         6.1534018572         6.7162201458
        7.0150000000       386.8005951050         3.1621215562         1.5318161696         2.2378483379         5.0231173453         6.7509439333
        7.0200000000       388.6526931659         3.1642927607         1.5241591891         2.2608152351         4.8236553726         6.7832691425
        7.0250000000       390.3667047755         3.1663044142         1.5522347845         2.2761264998         5.5550159391         6.8131842885
        7.0300000000       391.9420209537         3.1681552778         1.5420254771         2.2990933970         5.2890666422         6.8406787426
        7.0350000000       393.3780819981         3.1698442027         1.5369208233         2.3246121715         5.1560919938         6.8657427360
        7.0400000000       394.6743776831         3.1713701337         1.5369208233         2.3373715588         5.1560919938         6.8883673638
        7.0450000000       395.8304474411         3.1727321111         1.5445778039         2.3654422109         5.3555539665         6.9085445875
        7.0500000000       396.8458805258         3.1739292736         1.5496824576         2.3833053531         5.4885286149         6.9262672382
        7.0550000000       397.7203161588         3.1749608605         1.5394731502         2.4088241277         5.2225793180         6.9415290190
        7.0600000000       398.4534436573         3.1758262134         1.5496824576         2.4241353924         5.4885286149         6.9543245077
        7.0650000000       399.0450025445         3.1765247781         1.5420254771         2.4368947797         5.2890666422         6.9646491580
        7.0700000000       399.4947826424         3.1770561058         1.5573394382         2.4649654318         5.6879905876         6.9724993016
        7.0750000000       399.8026241463         3.1774198544         1.5471301308         2.4955879613         5.4220412907         6.9778721495
        7.0800000000       399.9684176815         3.1776157893         1.5573394382         2.5108992261         5.6879905876         6.9807657925
        7.0850000000       399.9921043425         3.1776437840         1.5496824576         2.5338661232         5.4885286149         6.9811792028
        7.0900000000       399.8736757133         3.1775038205         1.5675487456         2.5568330203         5.9539398845         6.9791122332
        7.0950000000       399.6131738713         3.1771959890         1.5624440919         2.5772480400         5.8209652360         6.9745656184
        7.1000000000       399.2106913713         3.1767204883         1.5598917651         2.5925593047         5.7544779118         6.9675409736
        7.1050000000       398.6663712136         3.1760776246         1.5573394382         2.6155262019         5.6879905876         6.9580407947
        7.1100000000       397.9804067925         3.1752678114         1.5701010725         2.6487006088         6.0204272087         6.9460684570
        7.1150000000       397.1530418279         3.1742915678         1.5803103799         2.6716675060         6.2863765056         6.9316282142
        7.1200000000       396.1845702787         3.1731495177         1.5701010725         2.6946344031         6.0204272087         6.9147251970
        7.1250000000       395.0753362381         3.1718423878         1.5726533993         2.7099456679         6.0869145330         6.8953654108
        7.1300000000       393.8257338117         3.1703710062         1.5701010725         2.7380163199         6.0204272087         6.8735557341
        7.1350000000       392.4362069773         3.1687363000         1.5752057262         2.7609832170         6.1534018572         6.8493039158
        7.1400000000       390.9072494273         3.1669392929         1.5752057262         2.7916057465         6.1534018572         6.8226185724
        7.1450000000       389.2394043929         3.1649811027         1.5752057262         2.8069170113         6.1534018572         6.7935091852
        7.1500000000       387.4332644515         3.1628629388         1.5803103799         2.8324357859         6.2863765056         6.7619860964
        7.1550000000       385.4894713160         3.1605860985         1.5752057262         2.8630583154         6.1534018572         6.7280605062
        7.1600000000       383.4087156070         3.1581519642         1.5777580530         2.8809214576         6.2198891814         6.6917444682
        7.1650000000       381.1917366069         3.1555619999         1.5752057262         2.9064402322         6.1534018572         6.6530508852
        7.1700000000       378.8393219979         3.1528177472         1.5726533993         2.9217514970         6.0869145330         6.6119935049
        7.1750000000       376.3523075817         3.1499208217         1.5879673605         2.9600296588         6.4858384783         6.5685869148
        7.1800000000       373.7315769826         3.1468729089         1.5701010725         2.9753409236         6.0204272087         6.5228465370
        7.1850000000       370.9780613339         3.1436757600         1.5828627068         3.0085153306         6.3528638299         6.4747886229
        7.1900000000       368.0927389464         3.1403311873         1.5803103799         3.0263784728         6.2863765056         6.4244302473
        7.1950000000       365.0766349614         3.1368410602         1.5701010725         3.0493453699         6.0204272087         6.3717893022
        7.2000000000       361.9308209864         3.1332072998         1.5752057262         3.0723122670         6.1534018572         6.3168844907
        7.2050000000       358.6564147141         3.1294318749         1.5726533993         3.0901754092         6.0869145330         6.2597353202
        7.2100000000       355.2545795254         3.1255167967         1.5803103799         3.1233498162         6.2863765056         6.2003620955
        7.2150000000       351.7265240762         3.1214641139         1.5649964188         3.1386610810         5.8874525603         6.1387859117
        7.2200000000       348.0735018678         3.1172759080         1.5854150336         3.1743873654         6.4193511541         6.0750286465
        7.2250000000       344.2968108016         3.1129542879         1.5828627068         3.1922505076         6.3528638299         6.0091129526
        7.2300000000       340.3977927179         3.1085013848         1.5726533993         3.2152174047         6.0869145330         5.9410622494
        7.2350000000       336.3778329193         3.1039193474         1.5777580530         3.2458399342         6.2198891814         5.8709007152
        7.2400000000       332.2383596783         3.0992103366         1.5854150336         3.2713587088         6.4193511541         5.7986532778
        7.2450000000       327.9808437302         3.0943765201         1.5649964188         3.2790143412         5.8874525603         5.7243456066
        7.2500000000       323.6067977500         3.0894200679         1.5879673605         3.3172925031         6.4858384783         5.6480041026
        7.2550000000       319.1177758154         3.0843431470         1.5649964188         3.3300518904         5.8874525603         5.5696558896
        7.2600000000       314.5153728547         3.0791479162         1.5828627068         3.3632262974         6.3528638299         5.4893288045
        7.2650000000       309.8012240795         3.0738365217         1.5752057262         3.3836413170         6.1534018572         5.4070513869
        7.2700000000       304.9770044046         3.0684110918         1.5624440919         3.4015044592         5.8209652360         5.3228528697
        7.2750000000       300.0444278522         3.0628737327         1.5777580530         3.4295751113         6.2198891814         5.2367631683
        7.2800000000       295.0052469433         3.0572265239         1.5675487456         3.4474382535         5.9539398845         5.1488128698
        7.2850000000       289.8612520748         3.0514715133         1.5752057262         3.4831645379         6.1534018572         5.0590332227
        7.2900000000       284.6142708837         3.0456107139         1.5803103799         3.4984758027         6.2863765056         4.9674561251
        7.2950000000       279.2661675974         3.0396460989         1.5675487456         3.5265464547         5.9539398845         4.8741141140
        7.3000000000       273.8188423715         3.0335795986         1.5828627068         3.5571689842         6.3528638299         4.7790403534
        7.3050000000       268.2742306147         3.0274130964         1.5649964188         3.5699283715         5.8874525603         4.6822686225
        7.3100000000       262.6343023012         3.0211484252         1.5649964188         3.5979990236         5.8874525603         4.5838333038
        7.3150000000       256.9010612706         3.0147873652         1.5803103799         3.6184140433         6.2863765056         4.4837693710
        7.3200000000       251.0765445163         3.0083316401         1.5598917651         3.6362771855         5.7544779118         4.3821123763
        7.3250000000       245.1628214612         3.0017829149         1.5598917651         3.6720034699         5.7544779118         4.2788984380
        7.3300000000       239.1619932230         2.9951427938         1.5675487456         3.6796591023         5.9539398845         4.1741642274
        7.3350000000       233.0761918674         2.9884128179         1.5675487456         3.7102816318         5.9539398845         4.0679469561
        7.3400000000       226.9075796507         2.9815944638         1.5573394382         3.7358004064         5.6879905876         3.9602843626
        7.3450000000       220.6583482514         2.9746891421         1.5649964188         3.7587673035         5.8874525603         3.8512146990
        7.3500000000       214.3307179916         2.9676981964         1.5496824576         3.7791823232         5.4885286149         3.7407767171
        7.3550000000       207.9269370483         2.9606229030         1.5547871113         3.7995973429         5.6215032634         3.6290096551
        7.3600000000       201.4492806543         2.9534644700         1.5598917651         3.8200123625         5.7544779118         3.5159532232
        7.3650000000       194.9000502901         2.9462240379         1.5522347845         3.8404273822         5.5550159391         3.4016475899
        7.3700000000       188.2815728661         2.9389026796         1.5522347845         3.8684980342         5.5550159391         3.2861333673
        7.3750000000       181.5961998958         2.9315014016         1.5420254771         3.8838092990         5.2890666422         3.1694515973
        7.3800000000       174.8463066604         2.9240211448         1.5675487456         3.9118799510         5.9539398845         3.0516437362
        7.3850000000       168.0342913647         2.9164627866         1.5318161696         3.9195355834         5.0231173453         2.9327516406
        7.3900000000       161.1625742855         2.9088271422         1.5445778039         3.9527099904         5.3555539665         2.8128175523
        7.3950000000       154.2335969110         2.9011149671         1.5241591891         3.9578137453         4.8236553726         2.6918840833
        7.4000000000       147.2498210739         2.8933269601         1.5343684965         3.9858843974         5.0896046696         2.5699942007
        7.4050000000       140.2137280765         2.8854637661         1.5292638428         4.0037475396         4.9566300211         2.4471912114
        7.4100000000       133.1278178092         2.8775259795         1.5292638428         4.0241625592         4.9566300211         2.3235187468
        7.4150000000       125.9946078621         2.8695141481         1.5113975548         4.0445775789         4.4912187515         2.1990207470
        7.4200000000       118.8166326308         2.8614287771         1.5267115159         4.0649925986         4.8901426969         2.0737414455
        7.4250000000       111.5964424157         2.8532703340         1.5062929011         4.0803038633         4.3582441031         1.9477253537
        7.4300000000       104.3366025160         2.8450392528         1.5139498816         4.1058226379         4.5577060757         1.8210172442
        7.4350000000        97.0396923182         2.8367359398         1.5062929011         4.1185820252         4.3582441031         1.6936621361
        7.4400000000        89.7083043798         2.8283607787         1.5062929011         4.1338932900         4.3582441031         1.5657052778
        7.4450000000        82.3450435080         2.8199141365         1.5011882474         4.1492045547         4.2252694546         1.4371921319
        7.4500000000        74.9525258343         2.8113963695         1.4884266131         4.1619639420         3.8928328335         1.3081683585
        7.4550000000        67.5333778851         2.8028078297         1.4909789399         4.1772752068         3.9593201577         1.1786797991
        7.4600000000        60.0902356483         2.7941488715         1.4884266131         4.1951383490         3.8928328335         1.0487724604
        7.4650000000        52.6257436369         2.7854198584         1.4807696325         4.2155533687         3.6933708608         0.9184924978
        7.4700000000        45.1425539494         2.7766211698         1.4833219594         4.2232090010         3.7598581850         0.7878861992
        7.4750000000        37.6433253274         2.7677532089         1.4654556714         4.2410721433         3.2944469154         0.6569999684
        7.4800000000        30.1307222112         2.7588164092         1.4731126519         4.2589352855         3.4939088881         0.5258803086
        7.4850000000        22.6074137928         2.7498112429         1.4577986908         4.2589352855         3.0949849428         0.3945738060
        7.4900000000        15.0760730680         2.6882537183         1.4680079982         4.2819021826         3.3609342397         0.2631271133
        7.4950000000         7.5393758862         2.5988297387         1.4629033445         4.2946615699         3.2279595912         0.1315869328
        7.5000000000         0.0000000000         2.5093739758         1.4424847297         4.2946615699         2.6960609974         0.0000000000
        7.5050000000        -7.5393758862         2.4199182130         1.4373800759         4.3099728347         2.5630863489        -0.1315869328
        7.5100000000       -15.0760730680         2.3304942334         1.4297230954         4.3150765896         2.3636243763        -0.2631271133
        7.5150000000       -22.6074137928         2.2674220032         1.4093044805         4.3380434867         1.8317257824        -0.3945738060
        7.5200000000       -30.1307222112         2.2541822451         1.3812288851         4.3354916092         1.1003652160        -0.5258803086
        7.5250000000       -37.6433253274         2.2412136998         1.3582579434         4.3380434867         0.5019792979        -0.6569999684
        7.5300000000       -45.1425539494         2.2285116004         1.3480486360         4.3456991191         0.2360300010        -0.7878861992
        7.5350000000       -52.6257436369         2.2160710042         1.3250776943         4.3329397318        -0.3623559170        -0.9184924978
        7.5400000000       -60.0902356483         2.2038868201         1.3403916554         4.3380434867         0.0365680283        -1.0487724604
        7.5450000000       -67.5333778851         2.1919538349         1.3403916554         4.3380434867         0.0365680283        -1.1786797991
        7.5500000000       -74.9525258343         2.1802667400         1.3378393285         4.3380434867        -0.0299192959        -1.3081683585
        7.5550000000       -82.3450435079         2.1688201560         1.3378393285         4.3380434867        -0.0299192959        -1.4371921319
        7.5600000000       -89.7083043797         2.1576086575         1.3378393285         4.3380434867        -0.0299192959        -1.5657052778
        7.5650000000       -97.0396923182         2.1466267967         1.3378393285         4.3380434867        -0.0299192959        -1.6936621361
        7.5700000000      -104.3366025159         2.1358691260         1.2587171960         4.3329397318        -2.0910263469        -1.8210172442
        7.5750000000      -111.5964424157         2.1253302200         1.3046590794         4.3329397318        -0.8942545108        -1.9477253537
        7.5800000000      -118.8166326308         2.1150046959         1.2893451183         4.3227322219        -1.2931784562        -2.0737414455
        7.5850000000      -125.9946078621         2.1048872331         1.2893451183         4.3227322219        -1.2931784562        -2.1990207470
        7.5900000000      -133.1278178092         2.0949725925         1.2714788303         4.3125247121        -1.7585897258        -2.3235187468
        7.5950000000      -140.2137280765         2.0852556333         1.2842404646         4.3023172023        -1.4261531047        -2.4471912114
        7.6000000000      -147.2498210739         2.0757313294         1.2663741766         4.3023172023        -1.8915643742        -2.5699942007
        7.6050000000      -154.2335969109         2.0663947852         1.2816881377         4.3023172023        -1.4926404289        -2.6918840833
        7.6100000000      -161.1625742855         2.0572412491         1.2714788303         4.2921096924        -1.7585897258        -2.8128175523
        7.6150000000      -168.0342913647         2.0482661266         1.2587171960         4.2767984277        -2.0910263469        -2.9327516406
        7.6200000000      -174.8463066604         2.0394649920         1.2612695229         4.2691427953        -2.0245390227        -3.0516437362
        7.6250000000      -181.5961998958         2.0308335989         1.2663741766         4.2691427953        -1.8915643742        -3.1694515973
        7.6300000000      -188.2815728661         2.0223678897         1.2612695229         4.2691427953        -2.0245390227        -3.2861333673
        7.6350000000      -194.9000502901         2.0140640037         1.2536125423         4.2461758982        -2.2240009954        -3.4016475899
        7.6400000000      -201.4492806543         2.0059182842         1.2510602154         4.2410721433        -2.2904883196        -3.5159532232
        7.6450000000      -207.9269370483         1.9979272845         1.2536125423         4.2334165109        -2.2240009954        -3.6290096551
        7.6500000000      -214.3307179916         1.9900877726         1.2434032349         4.2308646334        -2.4899502923        -3.7407767171
        7.6550000000      -220.6583482514         1.9823967352         1.2434032349         4.2155533687        -2.4899502923        -3.8512146990
        7.6600000000      -226.9075796507         1.9748513802         1.2382985811         4.2053458588        -2.6229249407        -3.9602843626
        7.6650000000      -233.0761918674         1.9674491384         1.2408509080         4.1976902265        -2.5564376165        -4.0679469561
        7.6700000000      -239.1619932230         1.9601876643         1.2255369469         4.1849308392        -2.9553615619        -4.1741642274
        7.6750000000      -245.1628214612         1.9530648358         1.2331939274         4.1747233293        -2.7558995892        -4.2788984380
        7.6800000000      -251.0765445163         1.9460787530         1.2306416006         4.1619639420        -2.8223869134        -4.3821123763
        7.6850000000      -256.9010612706         1.9392277359         1.2255369469         4.1594120646        -2.9553615619        -4.4837693710
        7.6900000000      -262.6343023012         1.9325103221         1.2178799663         4.1338932900        -3.1548235346        -4.5838333038
        7.6950000000      -268.2742306147         1.9259252625         1.2127753126         4.1287895351        -3.2877981830        -4.6822686225
        7.7000000000      -273.8188423715         1.9194715173         1.2229846200         4.1185820252        -3.0218488861        -4.7790403534
        7.7050000000      -279.2661675974         1.9131482507         1.2178799663         4.1134782703        -3.1548235346        -4.8741141140
        7.7100000000      -284.6142708837         1.9069548248         1.2000136783         4.0879594957        -3.6202348041        -4.9674561251
        7.7150000000      -289.8612520748         1.9008907940         1.2076706589         4.0726482310        -3.4207728315        -5.0590332227
        7.7200000000      -295.0052469433         1.8949558972         1.2025660052         4.0675444760        -3.5537474799        -5.1488128698
        7.7250000000      -300.0444278522         1.8891500507         1.1898043709         4.0445775789        -3.8861841010        -5.2367631683
        7.7300000000      -304.9770044046         1.8834733405         1.2000136783         4.0318181916        -3.6202348041        -5.3228528697
        7.7350000000      -309.8012240795         1.8779260134         1.2025660052         4.0292663142        -3.5537474799        -5.4070513869
        7.7400000000      -314.5153728546         1.8725084687         1.1846997172         4.0088512945        -4.0191587495        -5.4893288045
        7.7450000000      -319.1177758154         1.8672212490         1.2025660052         3.9935400297        -3.5537474799        -5.5696558896
        7.7500000000      -323.6067977500         1.8620650308         1.1642811023         3.9705731326        -4.5510573433        -5.6480041026
        7.7550000000      -327.9808437302         1.8570406152         1.1846997172         3.9578137453        -4.0191587495        -5.7243456066
        7.7600000000      -332.2383596783         1.8521489177         1.1719380829         3.9527099904        -4.3515953706        -5.7986532778
        7.7650000000      -336.3778329193         1.8473909587         1.1923566977         3.9348468482        -3.8196967768        -5.8709007152
        7.7700000000      -340.3977927179         1.8427678533         1.1617287755         3.9118799510        -4.6175446675        -5.9410622494
        7.7750000000      -344.2968108016         1.8382808013         1.1770427366         3.8914649314        -4.2186207222        -6.0091129526
        7.7800000000      -348.0735018678         1.8339310770         1.1642811023         3.8787055441        -4.5510573433        -6.0750286465
        7.7850000000      -351.7265240762         1.8297200191         1.1617287755         3.8557386469        -4.6175446675        -6.1387859117
        7.7900000000      -355.2545795254         1.8256490210         1.1642811023         3.8531867695        -4.5510573433        -6.2003620955
        7.7950000000      -358.6564147141         1.8217195202         1.1464148143         3.8200123625        -5.0164686129        -6.2597353202
        7.8000000000      -361.9308209864         1.8179329893         1.1642811023         3.8098048527        -4.5510573433        -6.3168844907
        7.8050000000      -365.0766349614         1.8142909253         1.1438624875         3.7919417105        -5.0829559371        -6.3717893022
        7.8100000000      -368.0927389463         1.8107948412         1.1617287755         3.7740785683        -4.6175446675        -6.4244302473
        7.8150000000      -370.9780613339         1.8074462556         1.1413101606         3.7511116711        -5.1494432614        -6.4747886229
        7.8200000000      -373.7315769826         1.8042466846         1.1387578337         3.7332485289        -5.2159305856        -6.5228465370
        7.8250000000      -376.3523075817         1.8011976323         1.1464148143         3.7179372642        -5.0164686129        -6.5685869148
        7.8300000000      -378.8393219979         1.7983005825         1.1362055069         3.6949703670        -5.2824179098        -6.6119935049
        7.8350000000      -381.1917366069         1.7955569907         1.1515194680         3.6745553474        -4.8834939645        -6.6530508852
        7.8400000000      -383.4087156069         1.7929682758         1.1362055069         3.6566922051        -5.2824179098        -6.6917444682
        7.8450000000      -385.4894713160         1.7905358129         1.1362055069         3.6337253080        -5.2824179098        -6.7280605062
        7.8500000000      -387.4332644514         1.7882609257         1.1106822383         3.6133102883        -5.9472911521        -6.7619860964
        7.8550000000      -389.2394043928         1.7861448804         1.1387578337         3.5928952687        -5.2159305856        -6.7935091852
        7.8600000000      -390.9072494273         1.7841888785         1.1132345652         3.5648246166        -5.8808038279        -6.8226185724
        7.8650000000      -392.4362069773         1.7823940512         1.1311008532         3.5546171068        -5.4153925583        -6.8493039158
        7.8700000000      -393.8257338117         1.7807614539         1.1132345652         3.5265464547        -5.8808038279        -6.8735557341
        7.8750000000      -395.0753362381         1.7792920610         1.1413101606         3.5061314351        -5.1494432614        -6.8953654108
        7.8800000000      -396.1845702787         1.7779867608         1.1106822383         3.4882682929        -5.9472911521        -6.9147251970
        7.8850000000      -397.1530418279         1.7768463520         1.1157868920         3.4601976408        -5.8143165036        -6.9316282142
        7.8900000000      -397.9804067925         1.7758715392         1.1055775846         3.4346788662        -6.0802658005        -6.9460684570
        7.8950000000      -398.6663712136         1.7750629300         1.1183392189         3.4244713564        -5.7478291794        -6.9580407947
        7.9000000000      -399.2106913713         1.7744210320         1.1132345652         3.3938488269        -5.8808038279        -6.9675409736
        7.9050000000      -399.6131738712         1.7739462507         1.0928159503         3.3606744199        -6.4127024217        -6.9745656184
        7.9100000000      -399.8736757133         1.7736388871         1.1055775846         3.3377075228        -6.0802658005        -6.9791122332
        7.9150000000      -399.9921043425         1.7734991368         1.1004729309         3.3275000129        -6.2132404490        -6.9811792028
        7.9200000000      -399.9684176815         1.7735270888         1.1081299115         3.2917737285        -6.0137784763        -6.9807657925
        7.9250000000      -399.8026241463         1.7737227254         1.1106822383         3.2815662187        -5.9472911521        -6.9778721495
        7.9300000000      -399.4947826424         1.7740859219         1.0800543160         3.2458399342        -6.7451390428        -6.9724993016
        7.9350000000      -399.0450025445         1.7746164474         1.1081299115         3.2254249146        -6.0137784763        -6.9646491580
        7.9400000000      -398.4534436573         1.7753139659         1.0979206040         3.1973542625        -6.2797277732        -6.9543245077
        7.9450000000      -397.7203161588         1.7761780377         1.0979206040         3.1769392429        -6.2797277732        -6.9415290190
        7.9500000000      -396.8458805258         1.7772081215         1.0979206040         3.1514204683        -6.2797277732        -6.9262672382
        7.9550000000      -395.8304474411         1.7784035772         1.0953682772         3.1233498162        -6.3462150974        -6.9085445875
        7.9600000000      -394.6743776831         1.7797636682         1.0953682772         3.1105904289        -6.3462150974        -6.8883673638
        7.9650000000      -393.3780819981         1.7812875656         1.0672926818         3.0774160220        -7.0775756639        -6.8657427360
        7.9700000000      -391.9420209537         1.7829743519         1.1132345652         3.0570010023        -5.8808038279        -6.8406787426
        7.9750000000      -390.3667047755         1.7848230252         1.0979206040         3.0340341051        -6.2797277732        -6.8131842885
        7.9800000000      -388.6526931659         1.7868325042         1.0851589698         3.0136190855        -6.6121643943        -6.7832691425
        7.9850000000      -386.8005951050         1.7890016336         1.0953682772         2.9829965560        -6.3462150974        -6.7509439333
        7.9900000000      -384.8110686344         1.7913291897         1.0851589698         2.9574777814        -6.6121643943        -6.7162201458
        7.9950000000      -382.6848206235         1.7938138864         1.0902636235         2.9345108842        -6.4791897459        -6.6791101173
        8.0000000000      -380.4226065181         1.7964543820         1.1055775846         2.9140958646        -6.0802658005        -6.6396270328
        8.0050000000      -378.0252300719         1.7992492861         1.0775019892         2.8783695801        -6.8116263670        -6.5977849204
        8.0100000000      -375.4935430616         1.8021971667         1.0928159503         2.8579545605        -6.4127024217        -6.5535986464
        8.0150000000      -372.8284449833         1.8052965579         1.0902636235         2.8324357859        -6.4791897459        -6.5070839100
        8.0200000000      -370.0308827338         1.8085459683         1.0877112966         2.8094688888        -6.5456770701        -6.4582572378
        8.0250000000      -367.1018502736         1.8119438888         1.0953682772         2.7762944818        -6.3462150974        -6.4071359774
        8.0300000000      -364.0423882740         1.8154888016         1.0902636235         2.7584313396        -6.4791897459        -6.3537382922
        8.0350000000      -360.8535837473         1.8191791887         1.0800543160         2.7303606875        -6.7451390428        -6.2980831540
        8.0400000000      -357.5365696605         1.8230135416         1.0928159503         2.6997381580        -6.4127024217        -6.2401903369
        8.0450000000      -354.0925245330         1.8269903702         1.0953682772         2.6844268933        -6.3462150974        -6.1800804098
        8.0500000000      -350.5226720176         1.8311082127         1.0800543160         2.6487006088        -6.7451390428        -6.1177747296
        8.0550000000      -346.8282804658         1.8353656450         1.0953682772         2.6359412215        -6.3462150974        -6.0532954332
        8.0600000000      -343.0106624775         1.8397612910         1.1030252578         2.6180780793        -6.1467531248        -5.9866654297
        8.0650000000      -339.0711744340         1.8442938323         1.0928159503         2.5874555498        -6.4127024217        -5.9179083925
        8.0700000000      -335.0112160169         1.8489620182         1.1004729309         2.5593848978        -6.2132404490        -5.8470487506
        8.0750000000      -330.8322297098         1.8537646761         1.1004729309         2.5389698781        -6.2132404490        -5.7741116802
        8.0800000000      -326.5357002869         1.8587007214         1.0979206040         2.5185548584        -6.2797277732        -5.6991230953
        8.0850000000      -322.1231542845         1.8637691675         1.0902636235         2.4828285740        -6.4791897459        -5.6221096392
        8.0900000000      -317.5961594591         1.8689691359         1.1362055069         2.4751729416        -5.2824179098        -5.5430986743
        8.0950000000      -312.9563242306         1.8742998660         1.0953682772         2.4317910248        -6.3462150974        -5.4621182728
        8.1000000000      -308.2052971103         1.8797607249         1.1132345652         2.4164797601        -5.8808038279        -5.3791972067
        8.1050000000      -303.3447661155         1.8853512167         1.1055775846         2.4011684953        -6.0802658005        -5.2943649374
        8.1100000000      -298.3764581697         1.8910709920         1.1081299115         2.3705459658        -6.0137784763        -5.2076516055
        8.1150000000      -293.3021384890         1.8969198566         1.1285485263         2.3526828236        -5.4818798825        -5.1190880198
        8.1200000000      -288.1236099552         1.9028977802         1.1004729309         2.3246121715        -6.2132404490        -5.0287056464
        8.1250000000      -282.8427124746         1.9090049047         1.1259961995         2.2914377646        -5.5483672067        -4.9365365980
        8.1300000000      -277.4613223251         1.9152415520         1.1081299115         2.2786783773        -6.0137784763        -4.8426136215
        8.1350000000      -271.9813514890         1.9216082310         1.1208915457         2.2531596027        -5.6813418552        -4.7469700875
        8.1400000000      -266.4047469737         1.9281056448         1.1285485263         2.2352964605        -5.4818798825        -4.6496399776
        8.1450000000      -260.7334901204         1.9347346967         1.1311008532         2.2174333183        -5.4153925583        -4.5506578728
        8.1500000000      -254.9695958995         1.9414964956         1.1208915457         2.1868107888        -5.6813418552        -4.4500589409
        8.1550000000      -249.1151121953         1.9483923615         1.1285485263         2.1689476465        -5.4818798825        -4.3478789243
        8.1600000000      -243.1721190779         1.9554238288         1.1413101606         2.1561882593        -5.1494432614        -4.2441541270
        8.1650000000      -237.1427280644         1.9625926504         1.1285485263         2.1281176072        -5.4818798825        -4.1389214019
        8.1700000000      -231.0290813689         1.9699008003         1.1387578337         2.1051507101        -5.2159305856        -4.0322181377
        8.1750000000      -224.8333511409         1.9773504748         1.1438624875         2.0949432002        -5.0829559371        -3.9240822457
        8.1800000000      -218.5577386937         1.9849440941         1.1438624875         2.0643206707        -5.0829559371        -3.8145521459
        8.1850000000      -212.2044737227         1.9926843018         1.1285485263         2.0566650383        -5.4818798825        -3.7036667539
        8.1900000000      -205.7758135126         2.0005739639         1.1566241217         2.0311462638        -4.7505193160        -3.5914654668
        8.1950000000      -199.2740421358         2.0086161671         1.1489671412         2.0158349990        -4.9499812887        -3.4779881490
        8.2000000000      -192.7014696407         2.0168142153         1.1693857560         2.0005237343        -4.4180826949        -3.3632751187
        8.2050000000      -186.0604312310         2.0251716259         1.1591764486         1.9750049597        -4.6840319918        -3.2473671327
        8.2100000000      -179.3532864360         2.0336921242         1.1617287755         1.9545899400        -4.6175446675        -3.1303053726
        8.2150000000      -172.5824182724         2.0423796375         1.1668334292         1.9443824302        -4.4845700191        -3.0121314299
        8.2200000000      -165.7502323973         2.0512382872         1.1770427366         1.9265192879        -4.2186207222        -2.8928872913
        8.2250000000      -158.8591562539         2.0602723806         1.1821473903         1.9163117781        -4.0856460737        -2.7726153236
        8.2300000000      -151.9116382087         2.0694864009         1.1719380829         1.8907930035        -4.3515953706        -2.6513582588
        8.2350000000      -144.9101466818         2.0788849963         1.1898043709         1.8856892486        -3.8861841010        -2.5291591791
        8.2400000000      -137.8571692698         2.0884729679         1.1821473903         1.8652742289        -4.0856460737        -2.4060615012
        8.2450000000      -130.7552118620         2.0982552565         1.2025660052         1.8525148416        -3.5537474799        -2.2821089611
        8.2500000000      -123.6067977500         2.1082369281         1.1898043709         1.8397554543        -3.8861841010        -2.1573455986
        8.2550000000      -116.4144667313         2.1184231581         1.2051183320         1.8244441896        -3.4872601557        -2.0318157414
        8.2600000000      -109.1807742069         2.1288192149         1.1872520440         1.8116848023        -3.9526714253        -1.9055639898
        8.2650000000      -101.9082902734         2.1394304418         1.2102229857         1.7938216601        -3.3542855072        -1.7786352003
        8.2700000000       -94.5995988095         2.1502622381         1.2153276394         1.7912697826        -3.2213108588        -1.6510744703
        8.2750000000       -87.2572965586         2.1613200391         1.2178799663         1.7759585179        -3.1548235346        -1.5229271213
        8.2800000000       -79.8839922058         2.1726092947         1.2178799663         1.7631991306        -3.1548235346        -1.3942386836
        8.2850000000       -72.4823054509         2.1841354480         1.2280892737         1.7504397433        -2.8888742376        -1.2650548796
        8.2900000000       -65.0548660780         2.1959039116         1.2229846200         1.7325766011        -3.0218488861        -1.1354216075
        8.2950000000       -57.6043130209         2.2079200441         1.2382985811         1.7300247236        -2.6229249407        -1.0053849256
        8.3000000000       -50.1332934257         2.2201891252         1.2280892737         1.7121615814        -2.8888742376        -0.8749910351
        8.3050000000       -42.6444617101         2.2327163303         1.2408509080         1.7096097039        -2.5564376165        -0.7442862646
        8.3100000000       -35.1404786203         2.2455067039         1.2459555617         1.7019540715        -2.4234629681        -0.6133170527
        8.3150000000       -27.6240102858         2.2585651333         1.2587171960         1.6994021941        -2.0910263469        -0.4821299321
        8.3200000000       -20.0977272719         2.2718963206         1.2587171960         1.6815390519        -2.0910263469        -0.3507715131
        8.3250000000       -12.5643036313         2.3602967335         1.2663741766         1.6687796646        -1.8915643742        -0.2192884666
