% Stabilization Loop  omega_c=0 rad/s
% Kp_stab=1.0288  Ki_stab=29.5203  (Tustin integrator)
% Vg_offset=1.339600V  K_gimbal=26.049690  samples=2001

Time[s]               OmegaU[deg/s]           Vc[V]                  Vg[V]                  Pot[V]                 Omega_h[deg/s]         Error[deg/s]           disturbance[V]      
        0.0004892000       129.4140691594         2.8733575528         1.3327346748         3.9297430933       -10.2474018564       110.2474018564         1.3968249959
        0.0054850000       128.8855719033         2.8727638700         1.3429439823         3.9450543580         4.9903704208        95.0096295792         1.3942737988
        0.0105146000       109.3067774613         2.8506774616         1.3633625971         3.9476062355        35.4659149752        64.5340850248         1.4019273900
        0.0155169000       135.6332843532         2.8803349420         1.3531532897         3.9399506031        20.2281426980        79.7718573020         1.4044785871
        0.0204765000       134.8068457929         2.8794086770         1.3608102703         3.9348468482        31.6564719059        68.3435280941         1.3993761929
        0.0254825000       136.4938634843         2.8812991797         1.3659149240         3.9501581129        39.2753580446        60.7246419554         1.4044785871
        0.0304711000       137.0563221533         2.8819292284         1.3710195777         3.9501581129        46.8942441832        53.1057558168         1.4044785871
        0.0354729000       136.4942217998         2.8812995811         1.3761242314         3.9578137453        54.5131303218        45.4868696782         1.3993761929
        0.0404623000       126.4069728535         2.8699779144         1.3863335388         3.9603656228        69.7509025990        30.2490974010         1.3917226017
        0.0454524000       135.0720797888         2.8797059790         1.3837812120         3.9629175002        65.9414595297        34.0585404703         1.3917226017
        0.0504342000       144.2994662353         2.8900319496         1.3812288851         3.9654693777        62.1320164604        37.8679835396         1.3942737988
        0.0554846000       124.6870686959         2.8680431130         1.3965428462         3.9756768875        84.9886748762        15.0113251238         1.3891714046
        0.0604349000       139.5036471571         2.8846692049         1.3888858657         3.9731250101        73.5603456683        26.4396543317         1.3891714046
        0.0654463000       143.4061797959         2.8890337046         1.3888858657         3.9833325199        73.5603456683        26.4396543317         1.3968249959
        0.0704214000       147.3087124348         2.8933927004         1.3888858657         3.9833325199        73.5603456683        26.4396543317         1.3993761929
        0.0754344000       151.2112450736         2.8977465010         1.3888858657         3.9858843974        73.5603456683        26.4396543317         1.3993761929
        0.0804425000       150.9134829271         2.8974144833         1.3914381925         3.9935400297        77.3697887376        22.6302112624         1.3993761929
        0.0854570000       150.0534412695         2.8964553387         1.3939905194         4.0011956621        81.1792318069        18.8207681931         1.3968249959
        0.0904413000       136.0302357447         2.8807797438         1.4041998268         4.0139550494        96.4170040842         3.5829959158         1.3917226017
        0.0954542000       140.7593861017         2.8860742129         1.4016475000         4.0190588043        92.6075610149         7.3924389851         1.3891714046
        0.1004164000       141.8505211846         2.8872945700         1.4016475000         4.0267144367        92.6075610149         7.3924389851         1.3942737988
        0.1054403000       130.3407719115         2.8743982635         1.4093044805         4.0394738240       104.0358902228        -4.0358902228         1.3968249959
        0.1104251000       129.7450684608         2.8737293160         1.4093044805         4.0394738240       104.0358902228        -4.0358902228         1.3942737988
        0.1154407000       141.7502493660         2.8871824415         1.4016475000         4.0420257015        92.6075610149         7.3924389851         1.3968249959
        0.1204200000       134.4407948783         2.8789983218         1.4067521537         4.0547850888       100.2264471535        -0.2264471535         1.3993761929
        0.1254546000       134.4073709387         2.8789608498         1.4067521537         4.0624407211       100.2264471535        -0.2264471535         1.3942737988
        0.1304219000       146.9748313551         2.8930199742         1.3990951731         4.0624407211        88.7981179455        11.2018820545         1.3968249959
        0.1354336000       127.6267720227         2.8713493147         1.4118568074         4.0752001084       107.8453332921        -7.8453332921         1.4044785871
        0.1404377000       126.4687890608         2.8700474294         1.4118568074         4.0879594957       107.8453332921        -7.8453332921         1.3993761929
        0.1454580000        79.1075634605         2.8161886280         1.4399324028         4.0981670056       149.7492070545       -49.7492070545         1.3942737988
        0.1504326000       130.5686328697         2.8746541005         1.4041998268         4.0956151281        96.4170040842         3.5829959158         1.3993761929
        0.1554427000       126.8971936561         2.8705291417         1.4067521537         4.1007188830       100.2264471535        -0.2264471535         1.4044785871
        0.1604214000       131.0640645019         2.8752102828         1.4041998268         4.1083745154        96.4170040842         3.5829959158         1.3917226017
        0.1654532000       144.1938044294         2.8899138878         1.3965428462         4.1109263928        84.9886748762        15.0113251238         1.3891714046
        0.1704565000       146.4094985347         2.8923887809         1.3965428462         4.1160301478        84.9886748762        15.0113251238         1.3891714046
        0.1754696000       131.8240134987         2.8760632151         1.4067521537         4.1236857801       100.2264471535        -0.2264471535         1.3968249959
        0.1804574000       131.7905895592         2.8760257067         1.4067521537         4.1313414125       100.2264471535        -0.2264471535         1.3968249959
        0.1854785000       135.9574604050         2.8806982005         1.4041998268         4.1466526773        96.4170040842         3.5829959158         1.4044785871
        0.1904864000       119.6851368354         2.8624083782         1.4144091342         4.1517564322       111.6547763614       -11.6547763614         1.4044785871
        0.1954419000       138.9663482888         2.8840678543         1.4016475000         4.1492045547        92.6075610149         7.3924389851         1.4044785871
        0.2004519000       119.0560094452         2.8616988112         1.4144091342         4.1696195744       111.6547763614       -11.6547763614         1.4044785871
        0.2054387000       108.9351574015         2.8502563638         1.4195137880         4.1798270842       119.2736625000       -19.2736625000         1.4019273900
        0.2104202000       118.6912202619         2.8612872918         1.4118568074         4.1900345941       107.8453332921        -7.8453332921         1.3993761929
        0.2154765000       104.9323529441         2.8457158050         1.4195137880         4.1951383490       119.2736625000       -19.2736625000         1.3942737988
        0.2204697000       118.8887105898         2.8615100892         1.4093044805         4.1900345941       104.0358902228        -4.0358902228         1.4044785871
        0.2254825000       122.4933019244         2.8655732642         1.4067521537         4.1976902265       100.2264471535        -0.2264471535         1.3891714046
        0.2304532000       122.4598779849         2.8655356165         1.4067521537         4.2130014912       100.2264471535        -0.2264471535         1.3942737988
        0.2354241000       114.0258644747         2.8560184369         1.4118568074         4.2206571236       107.8453332921        -7.8453332921         1.3942737988
        0.2404268000       112.8678815128         2.8547089398         1.4118568074         4.2283127560       107.8453332921        -7.8453332921         1.3993761929
        0.2454174000       115.9101933362         2.8581478406         1.4093044805         4.2359683883       104.0358902228        -4.0358902228         1.3917226017
        0.2504491000       127.9153742414         2.8716736884         1.4016475000         4.2436240207        92.6075610149         7.3924389851         1.4044785871
        0.2554288000       116.4056249684         2.8587074079         1.4093044805         4.2487277756       104.0358902228        -4.0358902228         1.4044785871
        0.2604554000       103.2090371617         2.8437582022         1.4169614611         4.2589352855       115.4642194307       -15.4642194307         1.3993761929
        0.2654296000       113.5273795333         2.8554548140         1.4093044805         4.2640390404       104.0358902228        -4.0358902228         1.4044785871
        0.2704445000       121.3322656532         2.8642651990         1.4041998268         4.2665909178        96.4170040842         3.5829959158         1.4044785871
        0.2754251000        96.6593525131         2.8363022733         1.4195137880         4.2844540601       119.2736625000       -19.2736625000         1.3917226017
        0.2804315000       106.4154153735         2.8473991465         1.4118568074         4.2870059375       107.8453332921        -7.8453332921         1.4044785871
        0.2854408000       101.0571376263         2.8413113496         1.4144091342         4.2870059375       111.6547763614       -11.6547763614         1.3993761929
        0.2904491000       103.5371699385         2.8441310757         1.4118568074         4.2997653248       107.8453332921        -7.8453332921         1.3917226017
        0.2954392000       106.5794817619         2.8475852935         1.4093044805         4.3150765896       104.0358902228        -4.0358902228         1.3993761929
        0.3004472000       110.1840730965         2.8516712647         1.4067521537         4.3227322219       100.2264471535        -0.2264471535         1.3993761929
        0.3054299000       110.1506491569         2.8516334096         1.4067521537         4.3227322219       100.2264471535        -0.2264471535         1.3942737988
        0.3105464000       105.9169304321         2.8468334817         1.4093044805         4.3303878543       104.0358902228        -4.0358902228         1.3968249959
        0.3154248000       113.7218165520         2.8556746738         1.4041998268         4.3329397318        96.4170040842         3.5829959158         1.4044785871
        0.3204818000        93.2491981972         2.8324100081         1.4169614611         4.3533547515       115.4642194307       -15.4642194307         1.3942737988
        0.3254439000       103.5675405688         2.8441655843         1.4093044805         4.3584585064       104.0358902228        -4.0358902228         1.3968249959
        0.3304530000        98.7715423327         2.8387095015         1.4118568074         4.3661141388       107.8453332921        -7.8453332921         1.3942737988
        0.3354407000        80.8123802296         2.8181513456         1.4220661148         4.3737697711       123.0831055693       -23.0831055693         1.3917226017
        0.3404463000        90.0061635788         2.8287017087         1.4144091342         4.3661141388       111.6547763614       -11.6547763614         1.3968249959
        0.3454286000       113.4876698175         2.8554099098         1.3990951731         4.3763216486        88.7981179455        11.2018820545         1.3993761929
        0.3504407000       110.9407896263         2.8525281432         1.4016475000         4.3890810359        92.6075610149         7.3924389851         1.4044785871
        0.3554431000       103.6313351386         2.8442380689         1.4067521537         4.3967366683       100.2264471535        -0.2264471535         1.4044785871
        0.3604580000       111.9985007696         2.8537253463         1.4016475000         4.3992885457        92.6075610149         7.3924389851         1.4044785871
        0.3654242000        96.2884567113         2.8358792899         1.4118568074         4.4043923006       107.8453332921        -7.8453332921         1.3942737988
        0.3704510000       111.9316528906         2.8536497000         1.4016475000         4.4094960556        92.6075610149         7.3924389851         1.3891714046
        0.3754331000       108.8224931882         2.8501286845         1.4041998268         4.4197035654        96.4170040842         3.5829959158         1.3917226017
        0.3804462000       105.1510539745         2.8459641181         1.4067521537         4.4273591978       100.2264471535        -0.2264471535         1.3917226017
        0.3854529000       105.1176300350         2.8459261703         1.4067521537         4.4350148301       100.2264471535        -0.2264471535         1.3917226017
        0.3904228000       113.4847956661         2.8554066596         1.4016475000         4.4426704625        92.6075610149         7.3924389851         1.4070297842
        0.3954288000       106.1753411783         2.8471267353         1.4067521537         4.4477742174       100.2264471535        -0.2264471535         1.4070297842
        0.4004683000        89.3407380976         2.8279399827         1.4169614611         4.4630854822       115.4642194307       -15.4642194307         1.3993761929
        0.4054431000       108.0596700398         2.8492640160         1.4041998268         4.4630854822        96.4170040842         3.5829959158         1.4070297842
        0.4104317000       112.7888203968         2.8546195086         1.4016475000         4.4656373597        92.6075610149         7.3924389851         1.3866202076
        0.4154361000       122.2805450503         2.8653336125         1.3965428462         4.4707411146        84.9886748762        15.0113251238         1.3866202076
        0.4204346000       128.6965339408         2.8725514863         1.3939905194         4.4860523793        81.1792318069        18.8207681931         1.3942737988
        0.4254336000        93.6718544896         2.8328928101         1.4169614611         4.4911561342       115.4642194307       -15.4642194307         1.3917226017
        0.4304270000        99.7899020759         2.8398691520         1.4118568074         4.5064673990       107.8453332921        -7.8453332921         1.3968249959
        0.4354321000        90.2313295434         2.8289593958         1.4169614611         4.5166749088       115.4642194307       -15.4642194307         1.3993761929
        0.4404554000        37.5452501354         2.7676368883         1.4475893834         4.5217786637       161.1775362624       -61.1775362624         1.3993761929
        0.4454424000        41.1162383727         2.7718664129         1.4399324028         4.5268824187       149.7492070545       -49.7492070545         1.3993761929
        0.4504437000       100.9778973525         2.8412211967         1.3990951731         4.5243305412        88.7981179455        11.2018820545         1.4044785871
        0.4554512000        90.0304275906         2.8287294788         1.4067521537         4.5370899285       100.2264471535        -0.2264471535         1.3942737988
        0.4604671000        89.9970036511         2.8286912251         1.4067521537         4.5498493158       100.2264471535        -0.2264471535         1.3891714046
        0.4654380000        81.5629901410         2.8190148621         1.4118568074         4.5549530707       107.8453332921        -7.8453332921         1.3891714046
        0.4704307000        97.2061863203         2.8369257500         1.4016475000         4.5549530707        92.6075610149         7.3924389851         1.4044785871
        0.4754544000        77.2958474766         2.8141005885         1.4144091342         4.5677124580       111.6547763614       -11.6547763614         1.3891714046
        0.4804405000        96.5770589300         2.8362084299         1.4016475000         4.5702643355        92.6075610149         7.3924389851         1.4019273900
        0.4854361000       110.2690783688         2.8517675369         1.3939905194         4.5677124580        81.1792318069        18.8207681931         1.3968249959
        0.4904393000        71.0441041322         2.8068770592         1.4195137880         4.5779199678       119.2736625000       -19.2736625000         1.3993761929
        0.4954205000        93.4010513485         2.8325834835         1.4041998268         4.5881274777        96.4170040842         3.5829959158         1.3942737988
        0.5004292000       106.5307912761         2.8475300516         1.3965428462         4.5983349875        84.9886748762        15.0113251238         1.3993761929
        0.5054595000       100.3458958108         2.8405020262         1.4016475000         4.6034387424        92.6075610149         7.3924389851         1.4044785871
        0.5104280000       101.4370308936         2.8417435093         1.4016475000         4.6059906199        92.6075610149         7.3924389851         1.3840690105
        0.5154417000       110.9287555471         2.8525145187         1.3965428462         4.6136462523        84.9886748762        15.0113251238         1.3840690105
        0.5204182000       121.5450392230         2.8645049653         1.3914381925         4.6289575170        77.3697887376        22.6302112624         1.3968249959
        0.5254303000        95.4832288535         2.8349606877         1.4093044805         4.6340612719       104.0358902228        -4.0358902228         1.3968249959
        0.5304392000        99.0878201881         2.8390697271         1.4067521537         4.6315093945       100.2264471535        -0.2264471535         1.3942737988
        0.5354248000       107.4549858192         2.8485783731         1.4016475000         4.6468206592        92.6075610149         7.3924389851         1.3993761929
        0.5404291000        95.9452365461         2.8354877937         1.4093044805         4.6493725367       104.0358902228        -4.0358902228         1.4019273900
        0.5454493000       116.3510070219         2.8586457255         1.3965428462         4.6595800465        84.9886748762        15.0113251238         1.3993761929
        0.5504249000       105.9658167713         2.8468889625         1.4041998268         4.6621319240        96.4170040842         3.5829959158         1.4044785871
        0.5554406000       114.8952619135         2.8570011334         1.3990951731         4.6672356789        88.7981179455        11.2018820545         1.4044785871
        0.5604411000       120.7489712929         2.8636077962         1.3965428462         4.6723394338        84.9886748762        15.0113251238         1.4044785871
        0.5654364000       127.1649601834         2.8708301854         1.3939905194         4.6697875564        81.1792318069        18.8207681931         1.3866202076
        0.5704374000       134.1432285852         2.8786646999         1.3914381925         4.6799950662        77.3697887376        22.6302112624         1.3891714046
        0.5754591000       124.8825973569         2.8682631404         1.3990951731         4.6927544535        88.7981179455        11.2018820545         1.3942737988
        0.5804411000       155.9380754481         2.9030134003         1.3812288851         4.6953063310        62.1320164604        37.8679835396         1.4044785871
        0.5854520000       115.3242039822         2.8574858321         1.4093044805         4.7106175957       104.0358902228        -4.0358902228         1.3993761929
        0.5904296000       127.3293848874         2.8710150285         1.4016475000         4.7106175957        92.6075610149         7.3924389851         1.3993761929
        0.5954400000       111.6193408291         2.8532962506         1.4118568074         4.7157213506       107.8453332921        -7.8453332921         1.3942737988
        0.6004232000       114.6616526524         2.8567371186         1.4093044805         4.7259288605       104.0358902228        -4.0358902228         1.3917226017
        0.6054626000       122.4665387723         2.8655431191         1.4041998268         4.7310326154        96.4170040842         3.5829959158         1.3993761929
        0.6104455000       114.5948047734         2.8566615649         1.4093044805         4.7386882478       104.0358902228        -4.0358902228         1.4070297842
        0.6154567000       118.1993961080         2.8607323604         1.4067521537         4.7463438801       100.2264471535        -0.2264471535         1.4044785871
        0.6204740000       113.9656773832         2.8559503919         1.4093044805         4.7539995125       104.0358902228        -4.0358902228         1.3917226017
        0.6254864000       100.7690895765         2.8409836150         1.4169614611         4.7616551449       115.4642194307       -15.4642194307         1.3942737988
        0.6304329000       111.0874319481         2.8526941604         1.4093044805         4.7718626547       104.0358902228        -4.0358902228         1.3942737988
        0.6354449000       110.4917284974         2.8520196796         1.4093044805         4.7718626547       104.0358902228        -4.0358902228         1.3993761929
        0.6404468000       114.0963198320         2.8560980884         1.4067521537         4.7795182871       100.2264471535        -0.2264471535         1.3993761929
        0.6454420000       118.2631906778         2.8608043473         1.4041998268         4.7922776744        96.4170040842         3.5829959158         1.3942737988
        0.6504513000       106.1911618936         2.8471446880         1.4118568074         4.8024851842       107.8453332921        -7.8453332921         1.3942737988
        0.6554522000       109.2334737169         2.8505944041         1.4093044805         4.8075889392       104.0358902228        -4.0358902228         1.3917226017
        0.6604472000       100.2371806956         2.8403782928         1.4144091342         4.8229002039       111.6547763614       -11.6547763614         1.3815178134
        0.6654200000        98.5169182225         2.8384194532         1.4144091342         4.8280039588       111.6547763614       -11.6547763614         1.3993761929
        0.6705631000       100.9969505347         2.8412428741         1.4118568074         4.8305558363       107.8453332921        -7.8453332921         1.3942737988
        0.6754441000        95.6386727875         2.8351380488         1.4144091342         4.8458671010       111.6547763614       -11.6547763614         1.3968249959
        0.6804331000       106.5192946703         2.8475170080         1.4067521537         4.8407633461       100.2264471535        -0.2264471535         1.4044785871
        0.6854356000       119.0867550867         2.8617334925         1.3990951731         4.8484189785        88.7981179455        11.2018820545         1.3968249959
        0.6904533000       108.1392853248         2.8493542757         1.4067521537         4.8535227334       100.2264471535        -0.2264471535         1.3968249959
        0.6954331000        99.7052718147         2.8397728033         1.4118568074         4.8688339982       107.8453332921        -7.8453332921         1.3942737988
        0.7005006000       111.1481732087         2.8527629236         1.4041998268         4.8764896306        96.4170040842         3.5829959158         1.3942737988
        0.7054915000       107.4767339951         2.8486030365         1.4067521537         4.8841452629       100.2264471535        -0.2264471535         1.4019273900
        0.7104485000       103.2430152702         2.8437968160         1.4093044805         4.8969046502       104.0358902228        -4.0358902228         1.3917226017
        0.7154478000        90.0464274636         2.8287477904         1.4169614611         4.9045602826       115.4642194307       -15.4642194307         1.3840690105
        0.7204318000        91.9641802646         2.8309414354         1.4144091342         4.9096640375       111.6547763614       -11.6547763614         1.3968249959
        0.7254498000        90.2439177915         2.8289738012         1.4144091342         4.9173196699       111.6547763614       -11.6547763614         1.3993761929
        0.7304337000        96.9242448890         2.8366043151         1.4093044805         4.9198715474       104.0358902228        -4.0358902228         1.4044785871
        0.7354322000        87.9279518677         2.8263217813         1.4144091342         4.9249753023       111.6547763614       -11.6547763614         1.4044785871
        0.7404450000       103.0088685358         2.8435307102         1.4041998268         4.9300790572        96.4170040842         3.5829959158         1.4044785871
        0.7454266000        99.3374293222         2.8393539779         1.4067521537         4.9402865670       100.2264471535        -0.2264471535         1.3993761929
        0.7504454000       111.9048897385         2.8536194137         1.3990951731         4.9453903219        88.7981179455        11.2018820545         1.4019273900
        0.7554331000       100.9574199767         2.8411978986         1.4067521537         4.9555978318       100.2264471535        -0.2264471535         1.3840690105
        0.7604815000       109.3245856078         2.8506976388         1.4016475000         4.9581497092        92.6075610149         7.3924389851         1.4019273900
        0.7654543000        97.8148363347         2.8376194933         1.4093044805         4.9683572191       104.0358902228        -4.0358902228         1.3840690105
        0.7704729000       101.4194276693         2.8417234861         1.4067521537         4.9785647289       100.2264471535        -0.2264471535         1.3840690105
        0.7754570000        84.5848245886         2.8224873142         1.4169614611         4.9913241162       115.4642194307       -15.4642194307         1.3942737988
        0.7804933000        82.3022826043         2.8198649771         1.4169614611         4.9964278711       115.4642194307       -15.4642194307         1.3993761929
        0.7854603000        67.4188562641         2.8026749307         1.4246184417         4.9913241162       126.8925486386       -26.8925486386         1.4044785871
        0.7904881000        46.6482966050         2.7783955743         1.4348277491         5.0066353810       142.1303209159       -42.1303209159         1.4044785871
        0.7954698000        57.2309771835         2.7908107188         1.4246184417         5.0091872584       126.8925486386       -26.8925486386         1.4044785871
        0.8004698000        65.8624810216         2.8008677962         1.4169614611         5.0040835035       115.4642194307       -15.4642194307         1.4019273900
        0.8054714000        92.9820025344         2.8321047315         1.3990951731         5.0015316260        88.7981179455        11.2018820545         1.3993761929
        0.8104726000        90.4351223431         2.8291925946         1.4016475000         5.0091872584        92.6075610149         7.3924389851         1.4019273900
        0.8154710000        78.9253730701         2.8159787553         1.4093044805         5.0142910133       104.0358902228        -4.0358902228         1.3840690105
        0.8205372000        74.1293748341         2.8104454970         1.4118568074         5.0117391359       107.8453332921        -7.8453332921         1.3891714046
        0.8254941000        89.7725710134         2.8284343433         1.4016475000         5.0066353810        92.6075610149         7.3924389851         1.3942737988
        0.8304655000        90.8637060962         2.8296829329         1.4016475000         5.0015316260        92.6075610149         7.3924389851         1.3968249959
        0.8354641000        83.5542516085         2.8213037632         1.4067521537         5.0066353810       100.2264471535        -0.2264471535         1.3917226017
        0.8404610000        83.5208276690         2.8212653657         1.4067521537         5.0117391359       100.2264471535        -0.2264471535         1.3942737988
        0.8454453000        75.0868141588         2.8115514472         1.4118568074         5.0040835035       107.8453332921        -7.8453332921         1.3917226017
        0.8504341000        82.3294207675         2.8198961762         1.4067521537         5.0117391359       100.2264471535        -0.2264471535         1.3993761929
        0.8554201000        94.8968811839         2.8342915321         1.3990951731         5.0040835035        88.7981179455        11.2018820545         1.4044785871
        0.8604287000       100.7505905633         2.8409625656         1.3965428462         5.0040835035        84.9886748762        15.0113251238         1.4044785871
        0.8654433000        98.7659898832         2.8387031770         1.3990951731         5.0040835035        88.7981179455        11.2018820545         1.4044785871
        0.8704164000        92.0188149067         2.8310038954         1.4041998268         4.9989797486        96.4170040842         3.5829959158         1.3993761929
        0.8754377000        96.7479652637         2.8364033182         1.4016475000         5.0040835035        92.6075610149         7.3924389851         1.4044785871
        0.8804391000        93.6388055612         2.8328550622         1.4041998268         5.0117391359        96.4170040842         3.5829959158         1.3968249959
        0.8854475000        73.1661872064         2.8093322279         1.4169614611         4.9964278711       115.4642194307       -15.4642194307         1.3917226017
        0.8904332000        75.0839400074         2.8115481282         1.4144091342         1.1048147461       111.6547763614       -11.6547763614         1.3917226017
        0.8954423000        94.3651514608         2.8336845238         1.4016475000         1.0971591138        92.6075610149         7.3924389851         1.3917226017
        0.9004284000        78.6551074025         2.8156673818         1.4118568074         1.1073666236       107.8453332921        -7.8453332921         1.3815178134
        0.9054392000       102.6988931523         2.8431783773         1.3965428462         1.1048147461        84.9886748762        15.0113251238         1.3942737988
        0.9104290000        96.5139976870         2.8361365152         1.4016475000         1.1073666236        92.6075610149         7.3924389851         1.3993761929
        0.9154377000        97.6051327699         2.8373804971         1.4016475000         1.1048147461        92.6075610149         7.3924389851         1.4044785871
        0.9204380000        90.2956782821         2.8290330325         1.4067521537         1.1124703785       100.2264471535        -0.2264471535         1.3942737988
        0.9254484000        77.6613699867         2.8145220490         1.4144091342         1.1175741334       111.6547763614       -11.6547763614         1.3968249959
        0.9304385000        75.9411075136         2.8125376880         1.4144091342         0.0049555613       111.6547763614       -11.6547763614         1.4044785871
        0.9354465000        78.4211398258         2.8153977855         1.4118568074         0.0049555613       107.8453332921        -7.8453332921         1.4044785871
        0.9404278000        98.2646307904         2.8381320283         1.3990951731        -0.0027000711        88.7981179455        11.2018820545         1.3968249959
        0.9454485000        99.9180453844         2.8400150306         1.3990951731        -0.0027000711        88.7981179455        11.2018820545         1.3993761929
        0.9504284000        88.9705756226         2.8275161257         1.4067521537        -0.0001481936       100.2264471535        -0.2264471535         1.3815178134
        0.9554653000        72.1359725419         2.8081407282         1.4169614611         0.0049555613       115.4642194307       -15.4642194307         1.3993761929
        0.9604439000        86.6546096988         2.8248621740         1.4067521537         0.0024036839       100.2264471535        -0.2264471535         1.4044785871
        0.9654462000        90.8214805446         2.8296346283         1.4041998268         0.0024036839        96.4170040842         3.5829959158         1.3968249959
        0.9704393000        95.5506309015         2.8350375951         1.4016475000        -0.0052519485        92.6075610149         7.3924389851         1.3968249959
        0.9755411000       105.0423555550         2.8458407053         1.3965428462        -0.0027000711        84.9886748762        15.0113251238         1.3891714046
        0.9804551000        82.0562809484         2.8195821409         1.4118568074         0.0024036839       107.8453332921        -7.8453332921         1.3968249959
        0.9854725000        76.6980032012         2.8134110463         1.4144091342        -0.0001481936       111.6547763614       -11.6547763614         1.3917226017
        0.9904289000        79.1780355134         2.8162698014         1.4118568074         0.0100593162       107.8453332921        -7.8453332921         1.3993761929
        0.9954354000        69.6194629809         2.8052269093         1.4169614611         0.0049555613       115.4642194307       -15.4642194307         1.3993761929
        1.0004529000        88.3383949231         2.8267920363         1.4041998268         0.0100593162        96.4170040842         3.5829959158         1.3993761929
        1.0054259000        84.6669557095         2.8225816059         1.4067521537         0.0024036839       100.2264471535        -0.2264471535         1.3968249959
        1.0104466000        80.4332369847         2.8177150226         1.4093044805         0.0075074388       104.0358902228        -4.0358902228         1.3866202076
        1.0154460000        67.2366491780         2.8024634639         1.4169614611         0.0177149486       115.4642194307       -15.4642194307         1.3866202076
        1.0204395000        81.7552863349         2.8192360205         1.4067521537         0.0151630711       100.2264471535        -0.2264471535         1.4019273900
        1.0254411000        77.5215676101         2.8143608631         1.4093044805         0.0228187035       104.0358902228        -4.0358902228         1.4044785871
        1.0304346000        43.3235058770         2.7744748432         1.4297230954         0.0279224584       134.5114347772       -34.5114347772         1.3993761929
        1.0354433000        50.8304506926         2.7833134179         1.4220661148         0.0279224584       123.0831055693       -23.0831055693         1.3993761929
        1.0404426000        26.4218757594         2.7543841460         1.4348277491         0.0355780908       142.1303209159       -42.1303209159         1.3968249959
        1.0454363000        53.8057354792         2.7868028555         1.4144091342         0.0534412330       111.6547763614       -11.6547763614         1.3942737988
        1.0504430000        56.2857677914         2.7897057136         1.4118568074         0.0559931105       107.8453332921        -7.8453332921         1.3942737988
        1.0554254000        76.1292587560         2.8127548285         1.3990951731         0.0662006203        88.7981179455        11.2018820545         1.3891714046
        1.0604433000        69.3820837794         2.8049518056         1.4041998268         0.0764081302        96.4170040842         3.5829959158         1.3891714046
        1.0654193000        65.7106445658         2.8006913954         1.4067521537         0.0764081302       100.2264471535        -0.2264471535         1.4019273900
        1.0704556000        65.6772206263         2.8006525616         1.4067521537         0.0866156400       100.2264471535        -0.2264471535         1.3891714046
        1.0754356000        74.0443862573         2.8103472932         1.4016475000         0.0866156400        92.6075610149         7.3924389851         1.4044785871
        1.0804310000        75.1355213402         2.8116076916         1.4016475000         0.0968231498        92.6075610149         7.3924389851         1.3917226017
        1.0854371000        67.8260668525         2.8031474407         1.4067521537         0.1019269048       100.2264471535        -0.2264471535         1.3917226017
        1.0904427000        76.1932324835         2.8128286531         1.4016475000         0.1070306597        92.6075610149         7.3924389851         1.3917226017
        1.0954313000        68.8837779958         2.8043741692         1.4067521537         0.1197900470       100.2264471535        -0.2264471535         1.3993761929
        1.1004396000        68.8503540563         2.8043354174         1.4067521537         0.1274456793       100.2264471535        -0.2264471535         1.3993761929
        1.1054460000        68.8169301168         2.8042966647         1.4067521537         0.1325494343       100.2264471535        -0.2264471535         1.3993761929
        1.1104546000        68.7835061772         2.8042579112         1.4067521537         0.1427569441       100.2264471535        -0.2264471535         1.3993761929
        1.1154192000        93.9518509495         2.8332125895         1.3914381925         0.1351013117        77.3697887376        22.6302112624         1.3993761929
        1.1204263000       109.8929884331         2.8513415691         1.3837812120         0.1427569441        65.9414595297        34.0585404703         1.3968249959
        1.1254412000       110.7197853090         2.8522779176         1.3863335388         0.1478606990        69.7509025990        30.2490974010         1.3993761929
        1.1304468000        98.3834183178         2.8382673648         1.3965428462         0.1555163314        84.9886748762        15.0113251238         1.3993761929
        1.1354345000        75.3973437113         2.8119100001         1.4118568074         0.1657238412       107.8453332921        -7.8453332921         1.3942737988
        1.1404496000        74.2393607494         2.8105725773         1.4118568074         0.1733794736       107.8453332921        -7.8453332921         1.3917226017
        1.1454293000        77.2816725727         2.8140842424         1.4093044805         0.1835869834       104.0358902228        -4.0358902228         1.3993761929
        1.1504347000        89.2868534779         2.8278782873         1.4016475000         0.1963463707        92.6075610149         7.3924389851         1.3993761929
        1.1554250000        81.9773989902         2.8194914388         1.4067521537         0.1963463707       100.2264471535        -0.2264471535         1.4044785871
        1.1604556000        77.7436802654         2.8146169425         1.4093044805         0.2065538806       104.0358902228        -4.0358902228         1.4019273900
        1.1654403000       102.3497455265         2.8427814527         1.3939905194         0.1988982482        81.1792318069        18.8207681931         1.3942737988
        1.1704504000        92.5268347870         2.8315845892         1.4016475000         0.2142095129        92.6075610149         7.3924389851         1.3917226017
        1.1754385000       102.0185594405         2.8424048823         1.3965428462         0.2218651453        84.9886748762        15.0113251238         1.4070297842
        1.1804619000        91.6333691898         2.8305632011         1.4041998268         0.2269689002        96.4170040842         3.5829959158         1.4044785871
        1.1854802000        96.3625195468         2.8359637606         1.4016475000         0.2346245326        92.6075610149         7.3924389851         1.4044785871
        1.1904492000        89.0530650591         2.8276105885         1.4067521537         0.2422801650       100.2264471535        -0.2264471535         1.3917226017
        1.1954465000        89.0196411195         2.8275723136         1.4067521537         0.2473839199       100.2264471535        -0.2264471535         1.3917226017
        1.2004377000        88.9862171800         2.8275340380         1.4067521537         0.2575914298       100.2264471535        -0.2264471535         1.3891714046
        1.2054388000        88.9527932405         2.8274957617         1.4067521537         0.2626951847       100.2264471535        -0.2264471535         1.3942737988
        1.2104405000        76.3184849451         2.8129731838         1.4144091342         0.2729026945       111.6547763614       -11.6547763614         1.3968249959
        1.2154407000        74.5982224720         2.8109871526         1.4144091342         0.2805583269       111.6547763614       -11.6547763614         1.3917226017
        1.2204570000        85.4788443548         2.8235134601         1.4067521537         0.2805583269       100.2264471535        -0.2264471535         1.4019273900
        1.2254516000        77.0448308446         2.8138111020         1.4118568074         0.2933177142       107.8453332921        -7.8453332921         1.4044785871
        1.2304370000        88.4877322386         2.8269631084         1.4041998268         0.2933177142        96.4170040842         3.5829959158         1.4044785871
        1.2354507000        72.2154086691         2.8082326285         1.4144091342         0.3137327338       111.6547763614       -11.6547763614         1.3993761929
        1.2404377000        66.2948514107         2.8013700177         1.4169614611         0.3213883662       115.4642194307       -15.4642194307         1.3993761929
        1.2454427000        72.4128989970         2.8084610863         1.4118568074         0.3213883662       107.8453332921        -7.8453332921         1.3942737988
        1.2504309000        75.4552108204         2.8119768086         1.4093044805         0.3264921211       104.0358902228        -4.0358902228         1.3942737988
        1.2554445000        87.4603917255         2.8257859508         1.4016475000         0.3315958761        92.6075610149         7.3924389851         1.3993761929
        1.2604257000        80.1509372378         2.8173900831         1.4067521537         0.3366996310       100.2264471535        -0.2264471535         1.3968249959
        1.2654392000        80.1175132983         2.8173516070         1.4067521537         0.3494590183       100.2264471535        -0.2264471535         1.3942737988
        1.2704142000        59.0826154323         2.7929732509         1.4195137880         0.3622184056       119.2736625000       -19.2736625000         1.3993761929
        1.2754328000        77.2392678633         2.8140353416         1.4067521537         0.3647702830       100.2264471535        -0.2264471535         1.3917226017
        1.2804369000        81.4061387091         2.8188344495         1.4041998268         0.3673221605        96.4170040842         3.5829959158         1.3993761929
        1.2854444000        77.7346994954         2.8146065890         1.4067521537         0.3775296703       100.2264471535        -0.2264471535         1.4044785871
        1.2904354000        86.1018651265         2.8242282388         1.4016475000         0.3800815478        92.6075610149         7.3924389851         1.4070297842
        1.2954511000        82.9927054241         2.8206585567         1.4041998268         0.3902890576        96.4170040842         3.5829959158         1.4044785871
        1.3004319000        91.9221505663         2.8308933844         1.3990951731         0.3953928125        88.7981179455        11.2018820545         1.3891714046
        1.3054348000        97.7758599457         2.8375750745         1.3965428462         0.4004965675        84.9886748762        15.0113251238         1.3942737988
        1.3104258000        91.5909644803         2.8305147124         1.4016475000         0.4056003224        92.6075610149         7.3924389851         1.4044785871
        1.3154559000        71.6806256367         2.8076138429         1.4144091342         0.4234634646       111.6547763614       -11.6547763614         1.3968249959
        1.3204137000        61.5597735930         2.7958619478         1.4195137880         0.4209115871       119.2736625000       -19.2736625000         1.3993761929
        1.3254587000        71.3158364534         2.8071916308         1.4118568074         0.4413266068       107.8453332921        -7.8453332921         1.3942737988
        1.3304382000        74.3581482768         2.8107098171         1.4093044805         0.4438784843       104.0358902228        -4.0358902228         1.3968249959
        1.3354523000        65.3618552555         2.8002861101         1.4144091342         0.4540859941       111.6547763614       -11.6547763614         1.3942737988
        1.3404764000        76.2424771383         2.8128854786         1.4067521537         0.4540859941       100.2264471535        -0.2264471535         1.4044785871
        1.3454872000        67.8084636282         2.8031270173         1.4118568074         0.4642935039       107.8453332921        -7.8453332921         1.3993761929
        1.3504691000        66.6504806662         2.8017829913         1.4118568074         0.4745010138       107.8453332921        -7.8453332921         1.4019273900
        1.3554843000        73.8930872749         2.8101724549         1.4067521537         0.4745010138       100.2264471535        -0.2264471535         1.3917226017
        1.3605631000        82.2602529060         2.8198166571         1.4016475000         0.4821566461        92.6075610149         7.3924389851         1.3866202076
        1.3654551000        74.9507984183         2.8113943745         1.4067521537         0.4898122785       100.2264471535        -0.2264471535         1.3917226017
        1.3704888000        74.9173744787         2.8113557741         1.4067521537         0.5025716658       100.2264471535        -0.2264471535         1.3993761929
        1.3754671000        70.6836557539         2.8064596996         1.4093044805         0.5025716658       104.0358902228        -4.0358902228         1.3917226017
        1.3804604000        70.0879523032         2.8057697258         1.4093044805         0.5102272982       104.0358902228        -4.0358902228         1.3993761929
        1.3854408000        86.2934279937         2.8244479627         1.3990951731         0.5153310531        88.7981179455        11.2018820545         1.4044785871
        1.3904321000        92.1471373730         2.8311505903         1.3965428462         0.5204348080        84.9886748762        15.0113251238         1.3993761929
        1.3954440000        98.5631262636         2.8384720928         1.3939905194         0.5229866855        81.1792318069        18.8207681931         1.3993761929
        1.4004858000        71.9390363830         2.8079128709         1.4118568074         0.5357460728       107.8453332921        -7.8453332921         1.3891714046
        1.4054388000        83.3819377769         2.8211058006         1.4041998268         0.5434017052        96.4170040842         3.5829959158         1.3942737988
        1.4104416000        67.1096142074         2.8023160138         1.4144091342         0.5561610925       111.6547763614       -11.6547763614         1.3917226017
        1.4154276000        82.1905308755         2.8197364976         1.4041998268         0.5561610925        96.4170040842         3.5829959158         1.4019273900
        1.4204291000        78.5190916619         2.8155106582         1.4067521537         0.5612648474       100.2264471535        -0.2264471535         1.4044785871
        1.4254507000        74.2853729370         2.8106257382         1.4093044805         0.5714723572       104.0358902228        -4.0358902228         1.4044785871
        1.4304314000        52.6881955598         2.7854930842         1.4220661148         0.5714723572       123.0831055693       -23.0831055693         1.3993761929
        1.4354445000        61.8819789090         2.7962373177         1.4144091342         0.5842317445       111.6547763614       -11.6547763614         1.3993761929
        1.4404299000        72.7626007918         2.8088655519         1.4067521537         0.5918873769       100.2264471535        -0.2264471535         1.3942737988
        1.4454277000        76.9294716376         2.8136780481         1.4041998268         0.5969911318        96.4170040842         3.5829959158         1.3942737988
        1.4504488000        73.2580324240         2.8094384137         1.4067521537         0.6046467642       100.2264471535        -0.2264471535         1.3942737988
        1.4554289000        85.8254928404         2.8239111947         1.3990951731         0.6046467642        88.7981179455        11.2018820545         1.3891714046
        1.4604366000        83.2786126491         2.8209870859         1.4016475000         0.6148542740        92.6075610149         7.3924389851         1.3866202076
        1.4654220000        75.9691581614         2.8125700622         1.4067521537         0.6199580289       100.2264471535        -0.2264471535         1.3968249959
        1.4704354000        84.3363237925         2.8222019920         1.4016475000         0.6276136613        92.6075610149         7.3924389851         1.3968249959
        1.4754204000        77.0268693047         2.8137903860         1.4067521537         0.6403730486       100.2264471535        -0.2264471535         1.3917226017
        1.4804301000        72.7931505799         2.8089008815         1.4093044805         0.6480286810       104.0358902228        -4.0358902228         1.3942737988
        1.4854720000        80.5980366998         2.8179046886         1.4041998268         0.6556843134        96.4170040842         3.5829959158         1.3917226017
        1.4904406000        18.1224704920         2.7243996552         1.4424847297         0.6633399457       153.5586501238       -53.5586501238         1.3917226017
        1.4954319000        60.6206708193         2.7947674142         1.4118568074         0.6709955781       107.8453332921        -7.8453332921         1.4044785871
        1.5004411000        80.4641617839         2.8177506150         1.3990951731         0.6786512105        88.7981179455        11.2018820545         1.4044785871
        1.5054266000        77.9172815927         2.8148170673         1.4016475000         0.6812030879        92.6075610149         7.3924389851         1.3891714046
        1.5104401000        74.8081218902         2.8112295954         1.4041998268         0.6837549654        96.4170040842         3.5829959158         1.3891714046
        1.5154187000        83.7375670325         2.8215143427         1.3990951731         0.6990662302        88.7981179455        11.2018820545         1.3917226017
        1.5204355000        68.5898024854         2.8040333038         1.4093044805         0.7041699851       104.0358902228        -4.0358902228         1.3942737988
        1.5254335000        67.9940990346         2.8033423810         1.4093044805         0.7118256175       104.0358902228        -4.0358902228         1.3917226017
        1.5304532000        75.7989851545         2.8123736513         1.4041998268         0.7169293724        96.4170040842         3.5829959158         1.3917226017
        1.5354332000        72.1275459409         2.8081309791         1.4067521537         0.7322406371       100.2264471535        -0.2264471535         1.3993761929
        1.5404423000        80.4947115720         2.8177857752         1.4016475000         0.7398962695        92.6075610149         7.3924389851         1.3993761929
        1.5454286000        77.3855518695         2.8142040297         1.4041998268         0.7450000244        96.4170040842         3.5829959158         1.3993761929
        1.5504375000        77.9144074412         2.8148137542         1.4041998268         0.7501037793        96.4170040842         3.5829959158         1.3942737988
        1.5554484000        82.6435577982         2.8202572835         1.4016475000         0.7501037793        92.6075610149         7.3924389851         1.3993761929
        1.5604509000        96.3355772369         2.8359330325         1.3939905194         0.7501037793        81.1792318069        18.8207681931         1.4070297842
        1.5654407000       103.3138456387         2.8438773080         1.3914381925         0.7577594117        77.3697887376        22.6302112624         1.4044785871
        1.5704575000        89.8529196251         2.8285263127         1.4016475000         0.7705187990        92.6075610149         7.3924389851         1.4044785871
        1.5754401000        86.7437599227         2.8249644002         1.4041998268         0.7705187990        96.4170040842         3.5829959158         1.4044785871
        1.5804459000        78.8720259238         2.8159172981         1.4093044805         0.7883819412       104.0358902228        -4.0358902228         1.3968249959
        1.5854488000        82.4766172584         2.8200653902         1.4067521537         0.7909338187       100.2264471535        -0.2264471535         1.3993761929
        1.5904335000        90.8437828894         2.8296601416         1.4016475000         0.7985894511        92.6075610149         7.3924389851         1.3917226017
        1.5954267000        87.7346231870         2.8261002414         1.4041998268         0.8062450834        96.4170040842         3.5829959158         1.3968249959
        1.6004357000        88.2634787587         2.8267062112         1.4041998268         0.8113488384        96.4170040842         3.5829959158         1.3942737988
        1.6054385000        97.1929239009         2.8369106309         1.3990951731         0.8190044707        88.7981179455        11.2018820545         1.3942737988
        1.6104528000        90.4457489244         2.8292047538         1.4041998268         0.8215563482        96.4170040842         3.5829959158         1.4019273900
        1.6154387000        99.3751940667         2.8393969805         1.3990951731         0.8266601031        88.7981179455        11.2018820545         1.3968249959
        1.6204245000        63.2259555930         2.7978021566         1.4220661148         0.8368676129       123.0831055693       -23.0831055693         1.3942737988
        1.6254263000        68.2194441569         2.8036037781         1.4169614611         0.8470751228       115.4642194307       -15.4642194307         1.3917226017
        1.6304419000        78.5377865285         2.8155322001         1.4093044805         0.8572826326       104.0358902228        -4.0358902228         1.3993761929
        1.6354436000        73.7417882925         2.8099975999         1.4118568074         0.8572826326       107.8453332921        -7.8453332921         1.3942737988
        1.6404304000        80.9843949012         2.8183492693         1.4067521537         0.8725938974       100.2264471535        -0.2264471535         1.3993761929
        1.6454648000        80.9509709617         2.8183108127         1.4067521537         0.8700420199       100.2264471535        -0.2264471535         1.3917226017
        1.6504289000        89.3181365928         2.8279141053         1.4016475000         0.8776976523        92.6075610149         7.3924389851         1.3942737988
        1.6554326000        90.4092716756         2.8291630153         1.4016475000         0.8828014072        92.6075610149         7.3924389851         1.3917226017
        1.6604183000        87.3001119732         2.8256022347         1.4041998268         0.8930089170        96.4170040842         3.5829959158         1.3968249959
        1.6654402000        75.2280831890         2.8117145722         1.4118568074         0.8981126720       107.8453332921        -7.8453332921         1.3968249959
        1.6704406000        95.0715741536         2.8344909186         1.3990951731         0.9006645494        88.7981179455        11.2018820545         1.3993761929
        1.6754551000        92.5246939623         2.8315821425         1.4016475000         0.9057683043        92.6075610149         7.3924389851         1.3968249959
        1.6804348000        76.8146499040         2.8135456046         1.4118568074         0.9236314466       107.8453332921        -7.8453332921         1.4019273900
        1.6854479000        92.4578460833         2.8315057411         1.4016475000         0.9261833240        92.6075610149         7.3924389851         1.3993761929
        1.6904239000        89.3486863808         2.8279490830         1.4041998268         0.9261833240        96.4170040842         3.5829959158         1.4044785871
        1.6954707000        85.6772471672         2.8237411117         1.4067521537         0.9414945888       100.2264471535        -0.2264471535         1.4044785871
        1.7004682000        94.0444127983         2.8333182921         1.4016475000         0.9440464662        92.6075610149         7.3924389851         1.4044785871
        1.7054800000        82.5346635252         2.8201321149         1.4093044805         0.9593577310       104.0358902228        -4.0358902228         1.3968249959
        1.7104679000        94.5398444304         2.8338839679         1.4016475000         0.9568058535        92.6075610149         7.3924389851         1.3942737988
        1.7154603000        87.2303899427         2.8255223126         1.4067521537         0.9695652408       100.2264471535        -0.2264471535         1.3993761929
        1.7204957000        87.1969660032         2.8254839976         1.4067521537         0.9746689957       100.2264471535        -0.2264471535         1.3968249959
        1.7254511000        91.3638368490         2.8302549785         1.4041998268         0.9848765056        96.4170040842         3.5829959158         1.3968249959
        1.7304290000        87.6923976353         2.8260518509         1.4067521537         0.9899802605       100.2264471535        -0.2264471535         1.3942737988
        1.7354519000        91.8592684811         2.8308214916         1.4041998268         0.9950840154        96.4170040842         3.5829959158         1.3942737988
        1.7404297000        88.1878292675         2.8266195423         1.4067521537         1.0052915252       100.2264471535        -0.2264471535         1.4019273900
        1.7454421000        83.9541105426         2.8217630628         1.4093044805         1.0129471576       104.0358902228        -4.0358902228         1.3993761929
        1.7504410000        83.3584070919         2.8210787658         1.4093044805         1.0154990351       104.0358902228        -4.0358902228         1.3968249959
        1.7554349000        91.1632932118         2.8300256175         1.4041998268         1.0180509125        96.4170040842         3.5829959158         1.3968249959
        1.7604359000       104.2930331394         2.8449897662         1.3965428462         1.0257065449        84.9886748762        15.0113251238         1.3942737988
        1.7654804000        93.9078428887         2.8331623318         1.4041998268         1.0333621773        96.4170040842         3.5829959158         1.3942737988
        1.7704384000        90.2364036751         2.8289652024         1.4067521537         1.0333621773       100.2264471535        -0.2264471535         1.3968249959
        1.7754305000        98.6035693062         2.8385181639         1.4016475000         1.0486734420        92.6075610149         7.3924389851         1.3942737988
        1.7804344000        95.4944096038         2.8349734454         1.4041998268         1.0563290744        96.4170040842         3.5829959158         1.3942737988
        1.7854386000        91.8229703901         2.8307799910         1.4067521537         1.0588809519       100.2264471535        -0.2264471535         1.3917226017
        1.7904470000       100.1901360212         2.8403247470         1.4016475000         1.0614328293        92.6075610149         7.3924389851         1.3993761929
        1.7954317000       109.6818606747         2.8511024078         1.3965428462         1.0665365843        84.9886748762        15.0113251238         1.4019273900
        1.8004410000        99.2966704240         2.8393075649         1.4041998268         1.0818478490        96.4170040842         3.5829959158         1.4044785871
        1.8054265000       104.0258207810         2.8446862397         1.4016475000         1.0792959716        92.6075610149         7.3924389851         1.3993761929
        1.8104435000       105.1169558638         2.8459254049         1.4016475000         1.0869516039        92.6075610149         7.3924389851         1.3993761929
        1.8154272000       102.0077961614         2.8423926430         1.4041998268         1.0971591138        96.4170040842         3.5829959158         1.3993761929
        1.8204325000        98.3363569478         2.8382137480         1.4067521537         1.1048147461       100.2264471535        -0.2264471535         1.4044785871
        1.8254434000        94.1026382230         2.8333847809         1.4093044805         1.1124703785       104.0358902228        -4.0358902228         1.3993761929
        1.8304540000        76.7057556310         2.8134199895         1.4195137880         1.1252297658       119.2736625000       -19.2736625000         1.3917226017
        1.8354314000        94.8624080621         2.8342521838         1.4067521537         1.1277816433       100.2264471535        -0.2264471535         1.3917226017
        1.8404481000        94.8289841225         2.8342140324         1.4067521537         1.1354372756       100.2264471535        -0.2264471535         1.3968249959
        1.8454270000        77.9943810418         2.8149059394         1.4169614611         1.1354372756       115.4642194307       -15.4642194307         1.3917226017
        1.8504398000        88.3127234134         2.8267626271         1.4093044805         1.1456447855       104.0358902228        -4.0358902228         1.4044785871
        1.8554432000        87.7170199627         2.8260800682         1.4093044805         1.1584041728       104.0358902228        -4.0358902228         1.3993761929
        1.8604635000        87.1213165120         2.8253972755         1.4093044805         1.1609560502       104.0358902228        -4.0358902228         1.3942737988
        1.8654381000        78.1250234906         2.8150565206         1.4144091342         1.1711635601       111.6547763614       -11.6547763614         1.3917226017
        1.8704289000        59.6035818763         2.7935811814         1.4246184417         1.1788191925       126.8925486386       -26.8925486386         1.3993761929
        1.8754336000        80.8359700703         2.8181784898         1.4093044805         1.1890267023       104.0358902228        -4.0358902228         1.3993761929
        1.8804457000        84.4405614048         2.8223216800         1.4067521537         1.1864748248       100.2264471535        -0.2264471535         1.3993761929
        1.8854267000        97.0080218212         2.8366998322         1.3990951731         1.1890267023        88.7981179455        11.2018820545         1.3993761929
        1.8904402000        86.0605520594         2.8241808492         1.4067521537         1.2017860896       100.2264471535        -0.2264471535         1.3942737988
        1.8954266000        86.0271281199         2.8241425083         1.4067521537         1.2119935994       100.2264471535        -0.2264471535         1.3891714046
        1.9004401000        81.7934093950         2.8192798626         1.4093044805         1.2222011093       104.0358902228        -4.0358902228         1.3891714046
        1.9054223000        93.7985903002         2.8330375590         1.4016475000         1.2222011093        92.6075610149         7.3924389851         1.4044785871
        1.9104798000        78.0885462419         2.8150144774         1.4118568074         1.2349604965       107.8453332921        -7.8453332921         1.3891714046
        1.9154459000        93.7317424212         2.8329612112         1.4016475000         1.2375123740        92.6075610149         7.3924389851         1.4044785871
        1.9204474000        90.6225827187         2.8294070806         1.4041998268         1.2400642515        96.4170040842         3.5829959158         1.4044785871
        1.9254336000        95.3517330757         2.8348106397         1.4016475000         1.2477198838        92.6075610149         7.3924389851         1.4019273900
        1.9304430000        92.2425733733         2.8312596835         1.4041998268         1.2477198838        96.4170040842         3.5829959158         1.3993761929
        1.9354295000        84.3708393743         2.8222416244         1.4093044805         1.2604792711       104.0358902228        -4.0358902228         1.3917226017
        1.9404702000        75.3745463530         2.8118836795         1.4144091342         1.2706867810       111.6547763614       -11.6547763614         1.3968249959
        1.9454554000        73.6542838799         2.8098964640         1.4144091342         1.2808942908       111.6547763614       -11.6547763614         1.3968249959
        1.9504482000        92.9354953333         2.8320515915         1.4016475000         1.2808942908        92.6075610149         7.3924389851         1.3968249959
        1.9554389000        94.0266304162         2.8332979856         1.4016475000         1.2834461683        92.6075610149         7.3924389851         1.3891714046
        1.9604300000        86.7171759284         2.8249339176         1.4067521537         1.2885499232       100.2264471535        -0.2264471535         1.3968249959
        1.9654334000        95.0843415595         2.8345054900         1.4016475000         1.3013093105        92.6075610149         7.3924389851         1.4044785871
        1.9704423000        87.7748870718         2.8261463828         1.4067521537         1.3064130654       100.2264471535        -0.2264471535         1.3993761929
        1.9754503000        87.7414631323         2.8261080799         1.4067521537         1.3166205752       100.2264471535        -0.2264471535         1.3993761929
        1.9804346000       100.3089235486         2.8404599472         1.3990951731         1.3166205752        88.7981179455        11.2018820545         1.3993761929
        1.9854666000        97.7620433574         2.8375593284         1.4016475000         1.3268280851        92.6075610149         7.3924389851         1.3917226017
        1.9904313000        90.4525888697         2.8292125802         1.4067521537         1.3344837175       100.2264471535        -0.2264471535         1.4070297842
        1.9954660000        61.0171014330         2.7952295449         1.4246184417         1.3421393498       126.8925486386       -26.8925486386         1.3968249959
        2.0004299000        94.8503739829         2.8342384477         1.4016475000         1.3472431047        92.6075610149         7.3924389851         1.3866202076
        2.0054683000        87.5409194951         2.8258782470         1.4067521537         1.3446912273       100.2264471535        -0.2264471535         1.3968249959
        2.0104452000        79.1069059850         2.8161878707         1.4118568074         1.3676581244       107.8453332921        -7.8453332921         1.3891714046
        2.0154323000        98.9503969496         2.8389132158         1.3990951731         1.3625543695        88.7981179455        11.2018820545         1.3968249959
        2.0204347000        79.6023376171         2.8167584608         1.4118568074         1.3753137568       107.8453332921        -7.8453332921         1.3917226017
        2.0254543000        70.0437650846         2.8057185353         1.4169614611         1.3880731441       115.4642194307       -15.4642194307         1.3968249959
        2.0304401000        97.1632865974         2.8368768441         1.3990951731         1.3829693892        88.7981179455        11.2018820545         1.4044785871
        2.0354436000        90.4161116209         2.8291708419         1.4041998268         1.3957287765        96.4170040842         3.5829959158         1.4044785871
        2.0404298000        99.3455567632         2.8393632327         1.3990951731         1.3982806539        88.7981179455        11.2018820545         1.3993761929
        2.0454497000        92.5983817866         2.8316663581         1.4041998268         1.4059362863        96.4170040842         3.5829959158         1.3993761929
        2.0504311000        67.9254686465         2.8032627630         1.4195137880         1.4237994285       119.2736625000       -19.2736625000         1.3993761929
        2.0554341000        86.0821210775         2.8242055909         1.4067521537         1.4340069384       100.2264471535        -0.2264471535         1.3993761929
        2.0604412000        86.0486971380         2.8241672504         1.4067521537         1.4314550609       100.2264471535        -0.2264471535         1.3968249959
        2.0656692000        86.0152731985         2.8241289092         1.4067521537         1.4365588158       100.2264471535        -0.2264471535         1.4044785871
        2.0704356000        81.7815544736         2.8192662293         1.4093044805         1.4518700806       104.0358902228        -4.0358902228         1.3993761929
        2.0754578000        68.5849666670         2.8040276961         1.4169614611         1.4595257129       115.4642194307       -15.4642194307         1.3942737988
        2.0804344000        66.3024246827         2.8013788132         1.4169614611         1.4697332228       115.4642194307       -15.4642194307         1.3993761929
        2.0854755000        89.2216514102         2.8278036315         1.4016475000         1.4646294679        92.6075610149         7.3924389851         1.3942737988
        2.0904565000        73.5116073519         2.8097315492         1.4118568074         1.4824926101       107.8453332921        -7.8453332921         1.3993761929
        2.0961583000        84.9545087459         2.8229116989         1.4041998268         1.4824926101        96.4170040842         3.5829959158         1.3917226017
        2.1004927000        81.2830695322         2.8186928817         1.4067521537         1.4927001199       100.2264471535        -0.2264471535         1.3917226017
        2.1054636000        72.8490560221         2.8089655322         1.4118568074         1.4978038748       107.8453332921        -7.8453332921         1.3993761929
        2.1104569000        84.2919574161         2.8221510472         1.4041998268         1.5003557523        96.4170040842         3.5829959158         1.4044785871
        2.1154540000        89.0211077731         2.8275739932         1.4016475000         1.5054595072        92.6075610149         7.3924389851         1.4044785871
        2.1204379000        98.5128324265         2.8384147987         1.3965428462         1.5029076297        84.9886748762        15.0113251238         1.3968249959
        2.1254708000        88.1276421759         2.8265505854         1.4041998268         1.5156670170        96.4170040842         3.5829959158         1.3968249959
        2.1304303000        84.4562029623         2.8223396394         1.4067521537         1.5284264043       100.2264471535        -0.2264471535         1.3968249959
        2.1354529000        88.6230738080         2.8271181352         1.4041998268         1.5335301593        96.4170040842         3.5829959158         1.4044785871
        2.1404514000       110.1534033062         2.8516365289         1.3914381925         1.5309782818        77.3697887376        22.6302112624         1.3993761929
        2.1454787000        92.4921825074         2.8315449850         1.4041998268         1.5488414240        96.4170040842         3.5829959158         1.3993761929
        2.1504453000        93.0210380790         2.8321493332         1.4041998268         1.5488414240        96.4170040842         3.5829959158         1.4044785871
        2.1554258000        97.7501884360         2.8375458179         1.4016475000         1.5564970564        92.6075610149         7.3924389851         1.3968249959
        2.1604429000        98.8413235189         2.8387889842         1.4016475000         1.5641526888        92.6075610149         7.3924389851         1.3942737988
        2.1654262000        91.5318690311         2.8304471364         1.4067521537         1.5667045662       100.2264471535        -0.2264471535         1.4019273900
        2.1704379000        99.8990346622         2.8399933894         1.4016475000         1.5667045662        92.6075610149         7.3924389851         1.4044785871
        2.1754377000       109.3907593157         2.8507726145         1.3965428462         1.5769120761        84.9886748762        15.0113251238         1.3993761929
        2.1804283000        86.4046847091         2.8245755637         1.4118568074         1.5922233408       107.8453332921        -7.8453332921         1.3993761929
        2.1854362000       106.2481756737         2.8472093837         1.3990951731         1.6024308506        88.7981179455        11.2018820545         1.3993761929
        2.1904473000       112.1018850531         2.8538423333         1.3965428462         1.6024308506        84.9886748762        15.0113251238         1.3993761929
        2.1954315000       114.3175791583         2.8563482109         1.3965428462         1.5973270957        84.9886748762        15.0113251238         1.3942737988
        2.2004426000       116.5332732636         2.8588515607         1.3965428462         1.6049827281        84.9886748762        15.0113251238         1.3942737988
        2.2054313000       110.3483777982         2.8518573435         1.4016475000         1.6177421154        92.6075610149         7.3924389851         1.4044785871
        2.2104364000       111.4395128811         2.8530927125         1.4016475000         1.6202939929        92.6075610149         7.3924389851         1.4044785871
        2.2154256000       104.1300583934         2.8448046480         1.4067521537         1.6279496252       100.2264471535        -0.2264471535         1.3993761929
        2.2204313000       108.2969292391         2.8495329860         1.4041998268         1.6330533802        96.4170040842         3.5829959158         1.3993761929
        2.2254428000       104.6254900255         2.8453673473         1.4067521537         1.6407090125       100.2264471535        -0.2264471535         1.3968249959
        2.2304615000       104.5920660860         2.8453293896         1.4067521537         1.6458127674       100.2264471535        -0.2264471535         1.3968249959
        2.2354364000        87.7574630053         2.8261264154         1.4169614611         1.6611240322       115.4642194307       -15.4642194307         1.3917226017
        2.2404222000        93.8755105916         2.8331254072         1.4118568074         1.6687796646       107.8453332921        -7.8453332921         1.3866202076
        2.2454271000        92.7175276297         2.8318025191         1.4118568074         1.6789871744       107.8453332921        -7.8453332921         1.3891714046
        2.2504652000        91.5595446677         2.8304787839         1.4118568074         1.6815390519       107.8453332921        -7.8453332921         1.3942737988
        2.2554472000        82.0009721352         2.8195185447         1.4169614611         1.6994021941       115.4642194307       -15.4642194307         1.3891714046
        2.2604390000        83.9187249362         2.8217224213         1.4144091342         1.6968503166       111.6547763614       -11.6547763614         1.4044785871
        2.2654376000        94.7993468190         2.8341802026         1.4067521537         1.6968503166       100.2264471535        -0.2264471535         1.3968249959
        2.2704255000        65.3638593824         2.8002884392         1.4246184417         1.7172653363       126.8925486386       -26.8925486386         1.3917226017
        2.2754311000        69.7950684351         2.8054303946         1.4195137880         1.7249209687       119.2736625000       -19.2736625000         1.3968249959
        2.2804271000        83.7514260808         2.8215302620         1.4093044805         1.7198172138       104.0358902228        -4.0358902228         1.3993761929
        2.2854359000        70.5548382742         2.8063105194         1.4169614611         1.7325766011       115.4642194307       -15.4642194307         1.3942737988
        2.2904466000        64.0720015046         2.7987865000         1.4195137880         1.7478878658       119.2736625000       -19.2736625000         1.3993761929
        2.2954576000        73.8280643650         2.8100973105         1.4118568074         1.7478878658       107.8453332921        -7.8453332921         1.4044785871
        2.3004485000        72.6700814031         2.8087585527         1.4118568074         1.7555434982       107.8453332921        -7.8453332921         1.3840690105
        2.3054678000        67.3118036559         2.8025506902         1.4144091342         1.7683028855       111.6547763614       -11.6547763614         1.3891714046
        2.3104231000        86.5930151093         2.8247915421         1.4016475000         1.7606472531        92.6075610149         7.3924389851         1.4019273900
        2.3154767000        79.2835606215         2.8163913442         1.4067521537         1.7734066404       100.2264471535        -0.2264471535         1.3891714046
        2.3204483000        87.6507262526         2.8260040943         1.4016475000         1.7785103953        92.6075610149         7.3924389851         1.4044785871
        2.3254319000        21.5371447707         2.7485254979         1.4424847297         1.7912697826       153.5586501238       -53.5586501238         1.3968249959
        2.3304351000        17.8321024597         2.7209543974         1.4399324028         1.7887179052       149.7492070545       -49.7492070545         1.3968249959
        2.3354797000        73.4934666542         2.8097105799         1.4016475000         1.8014772924        92.6075610149         7.3924389851         1.4044785871
        2.3404372000        57.7834225959         2.7914562167         1.4118568074         1.8116848023       107.8453332921        -7.8453332921         1.3993761929
        2.3454440000        60.8257344192         2.7950064787         1.4093044805         1.8142366797       104.0358902228        -4.0358902228         1.3942737988
        2.3504297000        72.8309153244         2.8089445540         1.4016475000         1.8218923121        92.6075610149         7.3924389851         1.3891714046
        2.3554415000        69.7217556220         2.8053454452         1.4041998268         1.8346516994        96.4170040842         3.5829959158         1.3891714046
        2.3604676000        74.4509059790         2.8108169765         1.4016475000         1.8346516994        92.6075610149         7.3924389851         1.3917226017
        2.3654358000       113.3446941295         2.8552482245         1.3786765582         1.8423073318        58.3225733911        41.6774266089         1.4044785871
        2.3704163000        73.2931021748         2.8094789575         1.4067521537         1.8423073318       100.2264471535        -0.2264471535         1.3993761929
        2.3754553000        81.6602678059         2.8191267436         1.4016475000         1.8474110867        92.6075610149         7.3924389851         1.4044785871
        2.3804336000        82.7514028888         2.8203812381         1.4016475000         1.8601704740        92.6075610149         7.3924389851         1.3942737988
        2.3854538000        75.4419484011         2.8119614971         1.4067521537         1.8678261064       100.2264471535        -0.2264471535         1.3993761929
        2.3904332000        88.0094088174         2.8264151174         1.3990951731         1.8678261064        88.7981179455        11.2018820545         1.3993761929
        2.3954415000        85.4625286262         2.8234947379         1.4016475000         1.8805854937        92.6075610149         7.3924389851         1.4044785871
        2.4004210000        90.7539584944         2.8295573831         1.3990951731         1.8882411261        88.7981179455        11.2018820545         1.4044785871
        2.4054423000        71.4058991619         2.8072958799         1.4118568074         1.8984486359       107.8453332921        -7.8453332921         1.3968249959
        2.4104440000        87.0490953412         2.8253144800         1.4016475000         1.9010005134        92.6075610149         7.3924389851         1.3917226017
        2.4154351000        75.5393460682         2.8120739397         1.4093044805         1.9112080232       104.0358902228        -4.0358902228         1.3993761929
        2.4204328000        66.5430530468         2.8016582516         1.4144091342         1.9163117781       111.6547763614       -11.6547763614         1.3968249959
        2.4254467000        73.2233801443         2.8093983516         1.4093044805         1.9265192879       104.0358902228        -4.0358902228         1.3917226017
        2.4304316000        60.0267923377         2.7940748747         1.4169614611         1.9316230429       115.4642194307       -15.4642194307         1.3993761929
        2.4354418000        74.5454294946         2.8109261694         1.4067521537         1.9418305527       100.2264471535        -0.2264471535         1.3942737988
        2.4404341000        66.1114159845         2.8011569654         1.4118568074         1.9443824302       107.8453332921        -7.8453332921         1.3891714046
        2.4454643000        64.9534330226         2.7998114117         1.4118568074         1.9494861851       107.8453332921        -7.8453332921         1.3993761929
        2.4504663000        67.9957448460         2.8033442903         1.4093044805         1.9571418174       104.0358902228        -4.0358902228         1.3993761929
        2.4554794000        80.0009257512         2.8172173905         1.4016475000         1.9494861851        92.6075610149         7.3924389851         1.3993761929
        2.4604656000        76.8917660487         2.8136345568         1.4041998268         1.9647974498        96.4170040842         3.5829959158         1.3942737988
        2.4654647000        73.2203268351         2.8093948215         1.4067521537         1.9750049597       100.2264471535        -0.2264471535         1.3968249959
        2.4704948000        60.5860185397         2.7947270130         1.4144091342         1.9826605920       111.6547763614       -11.6547763614         1.3942737988
        2.4754561000        67.2663456372         2.8024979309         1.4093044805         1.9852124695       104.0358902228        -4.0358902228         1.3968249959
        2.4804258000        66.6706421864         2.8018064008         1.4093044805         1.9903162244       104.0358902228        -4.0358902228         1.3917226017
        2.4854717000        74.4755283063         2.8108454207         1.4041998268         1.9928681019        96.4170040842         3.5829959158         1.3993761929
        2.4904565000        66.6037943074         2.8017287824         1.4093044805         2.0107312441       104.0358902228        -4.0358902228         1.3917226017
        2.4954376000        70.2083856420         2.8059092394         1.4067521537         2.0107312441       100.2264471535        -0.2264471535         1.3993761929
        2.5004297000        74.3752564878         2.8107295820         1.4041998268         2.0158349990        96.4170040842         3.5829959158         1.4044785871
        2.5054551000        62.3032277035         2.7967279477         1.4118568074         2.0311462638       107.8453332921        -7.8453332921         1.3993761929
        2.5104393000        73.7461290975         2.8100026167         1.4041998268         2.0311462638        96.4170040842         3.5829959158         1.4044785871
        2.5154222000        82.6755742398         2.8202940833         1.3990951731         2.0336981412        88.7981179455        11.2018820545         1.3993761929
        2.5204303000        75.9283992633         2.8125230209         1.4041998268         2.0388018961        96.4170040842         3.5829959158         1.4044785871
        2.5254395000        72.2569600496         2.8082806978         1.4067521537         2.0515612834       100.2264471535        -0.2264471535         1.4044785871
        2.5304320000        93.2250100366         2.8323823745         1.3939905194         2.0541131609        81.1792318069        18.8207681931         1.3993761929
        2.5354421000        87.6023940825         2.8259487027         1.3990951731         2.0592169158        88.7981179455        11.2018820545         1.3993761929
        2.5404223000        85.0555138912         2.8230276333         1.4016475000         2.0719763031        92.6075610149         7.3924389851         1.3917226017
        2.5454710000        94.5472385447         2.8338924093         1.3965428462         2.0745281806        84.9886748762        15.0113251238         1.3891714046
        2.5504377000        92.5626378646         2.8316255079         1.3990951731         2.0796319355        88.7981179455        11.2018820545         1.3917226017
        2.5554646000        73.2145785322         2.8093881757         1.4118568074         2.1000469552       107.8453332921        -7.8453332921         1.3993761929
        2.5604398000        80.4571851409         2.8177425854         1.4067521537         2.1051507101       100.2264471535        -0.2264471535         1.3968249959
        2.5654196000        63.6225820602         2.7982636876         1.4169614611         2.1051507101       115.4642194307       -15.4642194307         1.4044785871
        2.5704542000        82.3415140024         2.8199100789         1.4041998268         2.1179100974        96.4170040842         3.5829959158         1.3993761929
        2.5754348000        53.4683060769         2.7864074959         1.4220661148         2.1128063424       123.0831055693       -23.0831055693         1.3993761929
        2.5804502000        75.2629737820         2.8117548585         1.4067521537         2.1255657297       100.2264471535        -0.2264471535         1.3993761929
        2.5854346000        75.2295498425         2.8117162656         1.4067521537         2.1281176072       100.2264471535        -0.2264471535         1.3942737988
        2.5904522000        79.3964206883         2.8165213267         1.4041998268         2.1408769945        96.4170040842         3.5829959158         1.3993761929
        2.5954244000       100.9267501865         2.8411630038         1.3914381925         2.1383251170        77.3697887376        22.6302112624         1.3917226017
        2.6004438000        91.6661189582         2.8306006488         1.3990951731         2.1485326269        88.7981179455        11.2018820545         1.3891714046
        2.6054446000        93.3195335523         2.8324903602         1.3990951731         2.1536363818        88.7981179455        11.2018820545         1.3840690105
        2.6104629000        82.3720637904         2.8199451993         1.4067521537         2.1689476465       100.2264471535        -0.2264471535         1.3891714046
        2.6154392000        99.1398189921         2.8391289455         1.3965428462         2.1612920142        84.9886748762        15.0113251238         1.3993761929
        2.6204282000        84.5543339562         2.8224523079         1.4067521537         2.1791551564       100.2264471535        -0.2264471535         1.3993761929
        2.6254401000        97.1217943725         2.8368295417         1.3990951731         2.1791551564        88.7981179455        11.2018820545         1.4044785871
        2.6304426000       107.1757985372         2.8482617385         1.3939905194         2.1791551564        81.1792318069        18.8207681931         1.3968249959
        2.6354279000        88.9522982271         2.8274951948         1.4067521537         2.1995701761       100.2264471535        -0.2264471535         1.3993761929
        2.6404404000       101.5197586435         2.8418376077         1.3990951731         2.1995701761        88.7981179455        11.2018820545         1.4044785871
        2.6454294000        86.3719940964         2.8245380715         1.4093044805         2.2046739310       104.0358902228        -4.0358902228         1.3917226017
        2.6504390000        81.5759958604         2.8190298207         1.4118568074         2.2199851957       107.8453332921        -7.8453332921         1.3917226017
        2.6554197000        97.2191920396         2.8369405763         1.4016475000         2.2148814408        92.6075610149         7.3924389851         1.4044785871
        2.6604490000        89.9097375519         2.8285913456         1.4067521537         2.2276408281       100.2264471535        -0.2264471535         1.3968249959
        2.6654400000        89.8763136124         2.8285530893         1.4067521537         2.2352964605       100.2264471535        -0.2264471535         1.3942737988
        2.6704283000       102.4437740288         2.8428883549         1.3990951731         2.2352964605        88.7981179455        11.2018820545         1.4044785871
        2.6754288000        99.8968938375         2.8399909523         1.4016475000         2.2404002154        92.6075610149         7.3924389851         1.3993761929
        2.6804472000        92.5874393498         2.8316538526         1.4067521537         2.2531596027       100.2264471535        -0.2264471535         1.3942737988
        2.6854297000        96.7543101956         2.8364105531         1.4041998268         2.2608152351        96.4170040842         3.5829959158         1.4044785871
        2.6904364000       109.8840501231         2.8513314445         1.3965428462         2.2608152351        84.9886748762        15.0113251238         1.3993761929
        2.6954443000        95.2985650872         2.8347499674         1.4067521537         2.2710227449       100.2264471535        -0.2264471535         1.3942737988
        2.7004548000        91.0648463624         2.8299130148         1.4093044805         2.2914377646       104.0358902228        -4.0358902228         1.3993761929
        2.7054447000        90.4691429116         2.8292315215         1.4093044805         2.2939896420       104.0358902228        -4.0358902228         1.3891714046
        2.7104472000        94.0737342462         2.8333517751         1.4067521537         2.2965415195       100.2264471535        -0.2264471535         1.3942737988
        2.7154335000        98.2406050920         2.8381046544         1.4041998268         2.3016452744        96.4170040842         3.5829959158         1.3917226017
        2.7204380000        98.7694606637         2.8387071304         1.4041998268         2.3093009068        96.4170040842         3.5829959158         1.3993761929
        2.7254336000        99.2983162354         2.8393094390         1.4041998268         2.3118527843        96.4170040842         3.5829959158         1.3993761929
        2.7305210000        87.2262874511         2.8255176098         1.4118568074         2.3271640490       107.8453332921        -7.8453332921         1.3993761929
        2.7354700000        90.2685992745         2.8290020453         1.4093044805         2.3348196814       104.0358902228        -4.0358902228         1.3993761929
        2.7405024000       106.4740749650         2.8474657024         1.3990951731         2.3297159265        88.7981179455        11.2018820545         1.3993761929
        2.7454604000        95.5266052031         2.8350101815         1.4067521537         2.3424753138       100.2264471535        -0.2264471535         1.3917226017
        2.7504725000        91.2928864783         2.8301738358         1.4093044805         2.3501309461       104.0358902228        -4.0358902228         1.3942737988
        2.7554608000        94.8974778129         2.8342922131         1.4067521537         2.3526828236       100.2264471535        -0.2264471535         1.4044785871
        2.7604569000       111.6652330146         2.8533481909         1.3965428462         2.3552347011        84.9886748762        15.0113251238         1.3917226017
        2.7654425000        84.4788636227         2.8223656577         1.4144091342         2.3730978433       111.6547763614       -11.6547763614         1.3968249959
        2.7704433000        91.1591907202         2.8300209252         1.4093044805         2.3756497207       104.0358902228        -4.0358902228         1.4044785871
        2.7754513000       107.3646664107         2.8484759439         1.3990951731         2.3756497207        88.7981179455        11.2018820545         1.3993761929
        2.7804580000        88.0166070783         2.8264233652         1.4118568074         2.3960647404       107.8453332921        -7.8453332921         1.4019273900
        2.7854759000       107.8600980429         2.8490377464         1.3990951731         2.3884091080        88.7981179455        11.2018820545         1.4019273900
        2.7904461000        92.7123334957         2.8317965834         1.4093044805         2.4088241277       104.0358902228        -4.0358902228         1.3993761929
        2.7954610000        92.1166300450         2.8311157161         1.4093044805         2.4088241277       104.0358902228        -4.0358902228         1.4070297842
        2.8004501000        95.7212213796         2.8352322305         1.4067521537         2.4139278826       100.2264471535        -0.2264471535         1.3917226017
        2.8054415000        87.2872078695         2.8255874430         1.4118568074         2.4292391474       107.8453332921        -7.8453332921         1.3993761929
        2.8104229000        98.7301092635         2.8386623068         1.4041998268         2.4241353924        96.4170040842         3.5829959158         1.3993761929
        2.8154527000       103.4592596204         2.8440425480         1.4016475000         2.4317910248        92.6075610149         7.3924389851         1.3993761929
        2.8204328000        83.5489207768         2.8212976392         1.4144091342         2.4471022896       111.6547763614       -11.6547763614         1.3993761929
        2.8254524000        86.0289530890         2.8241446018         1.4118568074         2.4496541670       107.8453332921        -7.8453332921         1.4044785871
        2.8304314000        68.0697909859         2.8034301869         1.4220661148         2.4598616769       123.0831055693       -23.0831055693         1.3917226017
        2.8354424000        73.0632795498         2.8092132449         1.4169614611         2.4751729416       115.4642194307       -15.4642194307         1.3993761929
        2.8404255000        95.9825062773         2.8355303092         1.4016475000         2.4675173092        92.6075610149         7.3924389851         1.3993761929
        2.8454462000        88.6730517895         2.8271753794         1.4067521537         2.4802766965       100.2264471535        -0.2264471535         1.3993761929
        2.8504218000        76.0387434941         2.8126503704         1.4144091342         2.4955879613       111.6547763614       -11.6547763614         1.3891714046
        2.8554440000        65.9178914504         2.8009321665         1.4195137880         2.5006917162       119.2736625000       -19.2736625000         1.3968249959
        2.8604432000        84.0745438814         2.8219013777         1.4067521537         2.5032435937       100.2264471535        -0.2264471535         1.3968249959
        2.8654569000        75.6405303713         2.8121907465         1.4118568074         2.5108992261       107.8453332921        -7.8453332921         1.4044785871
        2.8704304000        78.6828421947         2.8156993375         1.4093044805         2.5160029810       104.0358902228        -4.0358902228         1.3942737988
        2.8754505000        61.2859596028         2.7955428884         1.4195137880         2.5262104908       119.2736625000       -19.2736625000         1.3917226017
        2.8804324000        71.0420224632         2.8068746491         1.4118568074         2.5313142457       107.8453332921        -7.8453332921         1.4044785871
        2.8854377000        78.2846290719         2.8152404688         1.4067521537         2.5338661232       100.2264471535        -0.2264471535         1.4044785871
        2.8904318000        78.2512051323         2.8152019487         1.4067521537         2.5466255105       100.2264471535        -0.2264471535         1.3840690105
        2.8954351000        74.0174864075         2.8103162095         1.4093044805         2.5517292654       104.0358902228        -4.0358902228         1.3840690105
        2.9004423000        69.2214881715         2.8047656637         1.4118568074         2.5670405302       107.8453332921        -7.8453332921         1.3840690105
        2.9054278000        72.2637999949         2.8082886105         1.4093044805         2.5670405302       104.0358902228        -4.0358902228         1.4044785871
        2.9104410000        88.4692756854         2.8269419665         1.3990951731         2.5670405302        88.7981179455        11.2018820545         1.3968249959
        2.9154558000        73.3215111382         2.8095118002         1.4093044805         2.5823517949       104.0358902228        -4.0358902228         1.3917226017
        2.9204295000        68.5255129022         2.8039587510         1.4118568074         2.5874555498       107.8453332921        -7.8453332921         1.4044785871
        2.9254358000        79.9684142962         2.8171799614         1.4041998268         2.5976630597        96.4170040842         3.5829959158         1.3993761929
        2.9304258000        84.6975646532         2.8226167457         1.4016475000         2.6002149371        92.6075610149         7.3924389851         1.3917226017
        2.9354444000        64.7872258095         2.7996181959         1.4144091342         2.6078705695       111.6547763614       -11.6547763614         1.3942737988
        2.9404462000        67.2672581217         2.8024989900         1.4118568074         2.6231818342       107.8453332921        -7.8453332921         1.3942737988
        2.9454276000        82.9104543010         2.8205640335         1.4016475000         2.6231818342        92.6075610149         7.3924389851         1.3942737988
        2.9504374000        92.4021789545         2.8314421161         1.3965428462         2.6206299568        84.9886748762        15.0113251238         1.3891714046
        2.9554235000        86.2172834891         2.8243606274         1.4016475000         2.6333893441        92.6075610149         7.3924389851         1.3968249959
        2.9604414000        83.1081237867         2.8207911879         1.4041998268         2.6410449765        96.4170040842         3.5829959158         1.3917226017
        2.9654176000        66.8358002172         2.8019981542         1.4144091342         2.6487006088       111.6547763614       -11.6547763614         1.4019273900
        2.9704517000        81.9167168853         2.8194216609         1.4041998268         2.6563562412        96.4170040842         3.5829959158         1.3968249959
        2.9754384000        86.6458672422         2.8248521490         1.4016475000         2.6538043638        92.6075610149         7.3924389851         1.3968249959
        2.9804448000        83.5367075398         2.8212836086         1.4041998268         2.6691156285        96.4170040842         3.5829959158         1.3917226017
        2.9854402000        84.0655631115         2.8218910638         1.4041998268         2.6742193834        96.4170040842         3.5829959158         1.4044785871
        2.9904480000        92.9950082537         2.8321195919         1.3990951731         2.6716675060        88.7981179455        11.2018820545         1.4044785871
        2.9954539000        98.8487176331         2.8387974061         1.3965428462         2.6793231383        84.9886748762        15.0113251238         1.3993761929
        3.0004364000        80.0629378119         2.8172887804         1.4093044805         2.6997381580       104.0358902228        -4.0358902228         1.3891714046
        3.0054267000        87.8678239317         2.8262528819         1.4041998268         2.6946344031        96.4170040842         3.5829959158         1.3993761929
        3.0104577000        88.3966795034         2.8268588055         1.4041998268         2.7073937904        96.4170040842         3.5829959158         1.3917226017
        3.0154610000        72.1243559339         2.8081272885         1.4144091342         2.7176013002       111.6547763614       -11.6547763614         1.3917226017
        3.0204651000        78.8046830314         2.8158397145         1.4093044805         2.7252569326       104.0358902228        -4.0358902228         1.3968249959
        3.0254557000        65.6080952248         2.8005722453         1.4169614611         2.7201531777       115.4642194307       -15.4642194307         1.3968249959
        3.0304617000        50.7246688846         2.7831892161         1.4246184417         2.7354644424       126.8925486386       -26.8925486386         1.3942737988
        3.0354497000        97.1588257903         2.8368717587         1.3939905194         2.7329125650        81.1792318069        18.8207681931         1.4044785871
        3.0405331000        83.1356202655         2.8208227838         1.4041998268         2.7456719523        96.4170040842         3.5829959158         1.3993761929
        3.0457733000        79.4641810519         2.8165993629         1.4067521537         2.7533275847       100.2264471535        -0.2264471535         1.3968249959
        3.0505242000       100.4322310389         2.8406002831         1.3939905194         2.7533275847        81.1792318069        18.8207681931         1.3993761929
        3.0554626000        94.8096150847         2.8341919235         1.3990951731         2.7609832170        88.7981179455        11.2018820545         1.3917226017
        3.0604764000        88.0624401082         2.8264758801         1.4041998268         2.7686388494        96.4170040842         3.5829959158         1.3891714046
        3.0655150000        92.7915904651         2.8318871543         1.4016475000         2.7813982367        92.6075610149         7.3924389851         1.4044785871
        3.0704546000        72.8812516215         2.8090027630         1.4144091342         2.7916057465       111.6547763614       -11.6547763614         1.3917226017
        3.0754346000        92.1624630749         2.8311681096         1.4016475000         2.7865019916        92.6075610149         7.3924389851         1.4044785871
        3.0804524000        84.8530085872         2.8227951894         1.4067521537         2.8018132564       100.2264471535        -0.2264471535         1.3993761929
        3.0854585000        76.4189950771         2.8130891557         1.4118568074         2.8171245211       107.8453332921        -7.8453332921         1.3993761929
        3.0904641000        83.6616016857         2.8214270820         1.4067521537         2.8145726437       100.2264471535        -0.2264471535         1.3993761929
        3.0954497000        79.4278829609         2.8165575606         1.4093044805         2.8273320310       104.0358902228        -4.0358902228         1.3993761929
        3.1004445000        83.0324742955         2.8207042575         1.4067521537         2.8273320310       100.2264471535        -0.2264471535         1.3968249959
        3.1054452000        91.3996399266         2.8302959236         1.4016475000         2.8349876633        92.6075610149         7.3924389851         1.3917226017
        3.1104209000        92.4907750094         2.8315433764         1.4016475000         2.8400914183        92.6075610149         7.3924389851         1.4044785871
        3.1154624000        89.3816153070         2.8279867840         1.4041998268         2.8502989281        96.4170040842         3.5829959158         1.4044785871
        3.1204198000        77.3095865228         2.8141164318         1.4118568074         2.8605064379       107.8453332921        -7.8453332921         1.3993761929
        3.1254633000        88.7524879168         2.8272663612         1.4041998268         2.8605064379        96.4170040842         3.5829959158         1.3917226017
        3.1304313000        80.8807539178         2.8182300203         1.4093044805         2.8758177027       104.0358902228        -4.0358902228         1.4019273900
        3.1354239000        92.8859348230         2.8319949612         1.4016475000         2.8758177027        92.6075610149         7.3924389851         1.3968249959
        3.1404362000        89.7767751206         2.8284391555         1.4041998268         2.8834733351        96.4170040842         3.5829959158         1.3968249959
        3.1454450000        81.9050411216         2.8194082347         1.4093044805         2.8911289674       104.0358902228        -4.0358902228         1.3968249959
        3.1504296000        89.7099272415         2.8283626364         1.4041998268         2.8936808449        96.4170040842         3.5829959158         1.3942737988
        3.1554460000        90.2387828132         2.8289679250         1.4041998268         2.9038883547        96.4170040842         3.5829959158         1.3917226017
        3.1604404000        78.1667540290         2.8151046176         1.4118568074         2.9140958646       107.8453332921        -7.8453332921         1.3917226017
        3.1654388000        85.4093606377         2.8234337267         1.4067521537         2.9140958646       100.2264471535        -0.2264471535         1.4019273900
        3.1704408000        93.7765262687         2.8330123597         1.4016475000         2.9166477420        92.6075610149         7.3924389851         1.3968249959
        3.1754557000        86.4670717810         2.8246471122         1.4067521537         2.9243033744       100.2264471535        -0.2264471535         1.3993761929
        3.1804291000        73.8327634856         2.8101027412         1.4144091342         2.9421665166       111.6547763614       -11.6547763614         1.3993761929
        3.1854497000        84.7133853684         2.8226349080         1.4067521537         2.9447183941       100.2264471535        -0.2264471535         1.3993761929
        3.1904303000        97.2808457848         2.8370108594         1.3990951731         2.9447183941        88.7981179455        11.2018820545         1.3942737988
        3.1954441000        82.1330812376         2.8196704452         1.4093044805         2.9574777814       104.0358902228        -4.0358902228         1.3968249959
        3.2004208000        89.9379673575         2.8286236563         1.4041998268         2.9651334138        96.4170040842         3.5829959158         1.3968249959
        3.2054331000        77.8659385733         2.8147578821         1.4118568074         2.9702371687       107.8453332921        -7.8453332921         1.4044785871
        3.2104195000        85.1085451820         2.8230885002         1.4067521537         2.9778928011       100.2264471535        -0.2264471535         1.3993761929
        3.2154866000        85.0751212424         2.8230501379         1.4067521537         2.9778928011       100.2264471535        -0.2264471535         1.3993761929
        3.2204325000        93.4422868735         2.8326305880         1.4016475000         2.9855484334        92.6075610149         7.3924389851         1.3993761929
        3.2254450000        94.5334219564         2.8338766358         1.4016475000         2.9932040658        92.6075610149         7.3924389851         1.4019273900
        3.2304311000        87.2239674686         2.8255149503         1.4067521537         3.0059634531       100.2264471535        -0.2264471535         1.3917226017
        3.2354352000        87.1905435291         2.8254766353         1.4067521537         3.0161709629       100.2264471535        -0.2264471535         1.3942737988
        3.2404314000        91.3574143749         2.8302476335         1.4041998268         3.0187228404        96.4170040842         3.5829959158         1.3840690105
        3.2454438000       104.4871543025         2.8452102430         1.3965428462         3.0212747179        84.9886748762        15.0113251238         1.3891714046
        3.2504198000       106.7028484077         2.8477252533         1.3965428462         3.0263784728        84.9886748762        15.0113251238         1.4019273900
        3.2554434000        92.1173633718         2.8311165544         1.4067521537         3.0442416150       100.2264471535        -0.2264471535         1.3993761929
        3.2604414000        92.0839394323         2.8310783454         1.4067521537         3.0467934924       100.2264471535        -0.2264471535         1.3917226017
        3.2654642000        83.6499259221         2.8214136698         1.4118568074         3.0518972474       107.8453332921        -7.8453332921         1.3917226017
        3.2704640000       103.4934168867         2.8440813605         1.3990951731         3.0544491248        88.7981179455        11.2018820545         1.4044785871
        3.2754457000        79.9450627690         2.8171530773         1.4144091342         3.0621047572       111.6547763614       -11.6547763614         1.4044785871
        3.2804558000        74.0245055106         2.8103243203         1.4169614611         3.0748641445       115.4642194307       -15.4642194307         1.3968249959
        3.2854394000        88.5431426675         2.8270265797         1.4067521537         3.0799678994       100.2264471535        -0.2264471535         1.3993761929
        3.2904507000        84.3094239426         2.8221711037         1.4093044805         3.0927272867       104.0358902228        -4.0358902228         1.3968249959
        3.2954331000        87.9140152772         2.8263058119         1.4067521537         3.0927272867       100.2264471535        -0.2264471535         1.3968249959
        3.3004342000        92.0808861230         2.8310748549         1.4041998268         3.1003829191        96.4170040842         3.5829959158         1.3968249959
        3.3054277000       101.0103312653         2.8412580977         1.3990951731         3.1029347965        88.7981179455        11.2018820545         1.3968249959
        3.3104367000        90.0628615034         2.8287665987         1.4067521537         3.1080385515       100.2264471535        -0.2264471535         1.3968249959
        3.3154448000        94.2297323492         2.8335299049         1.4041998268         3.1131423064        96.4170040842         3.5829959158         1.3968249959
        3.3204506000        82.1577035650         2.8196987549         1.4118568074         3.1207979388       107.8453332921        -7.8453332921         1.3968249959
        3.3254321000        80.9997206031         2.8183669024         1.4118568074         3.1412129584       107.8453332921        -7.8453332921         1.3917226017
        3.3304248000        92.4426219971         2.8314883408         1.4041998268         3.1412129584        96.4170040842         3.5829959158         1.4070297842
        3.3354369000       101.3720671393         2.8416696137         1.3990951731         3.1437648359        88.7981179455        11.2018820545         1.4044785871
        3.3404690000        44.2213547392         2.7755346040         1.4348277491         3.1616279781       142.1303209159       -42.1303209159         1.3968249959
        3.3454329000        84.2060988148         2.8220524543         1.4067521537         3.1616279781       100.2264471535        -0.2264471535         1.3866202076
        3.3504407000        88.3729696606         2.8268316444         1.4041998268         3.1667317330        96.4170040842         3.5829959158         1.3840690105
        3.3554473000        80.5012356617         2.8177932838         1.4093044805         3.1794911203       104.0358902228        -4.0358902228         1.3840690105
        3.3604554000        92.5064165669         2.8315612533         1.4016475000         3.1794911203        92.6075610149         7.3924389851         1.3840690105
        3.3654418000        89.3972568644         2.8280046921         1.4041998268         3.1922505076        96.4170040842         3.5829959158         1.3993761929
        3.3704263000       102.5269967920         2.8429829676         1.3965428462         3.1973542625        84.9886748762        15.0113251238         1.4044785871
        3.3754377000       113.1432804679         2.8550204360         1.3914381925         3.2050098949        77.3697887376        22.6302112624         1.4044785871
        3.3804535000        87.0814700984         2.8253515954         1.4093044805         3.2101136498       104.0358902228        -4.0358902228         1.4019273900
        3.3854268000        99.0866510036         2.8390683955         1.4016475000         3.2101136498        92.6075610149         7.3924389851         1.3993761929
        3.3904423000       100.1777860864         2.8403106902         1.4016475000         3.2152174047        92.6075610149         7.3924389851         1.3993761929
        3.3954226000        92.8683315987         2.8319748465         1.4067521537         3.2254249146       100.2264471535        -0.2264471535         1.3917226017
        3.4004347000        84.4343180886         2.8223145115         1.4118568074         3.2381843019       107.8453332921        -7.8453332921         1.3968249959
        3.4054442000        95.8772194826         2.8354102011         1.4041998268         3.2458399342        96.4170040842         3.5829959158         1.3968249959
        3.4104547000        92.2057802689         2.8312176259         1.4067521537         3.2534955666       100.2264471535        -0.2264471535         1.3968249959
        3.4154334000        96.3726511147         2.8359753157         1.4041998268         3.2560474441        96.4170040842         3.5829959158         1.4044785871
        3.4204277000        84.3006223305         2.8221609970         1.4118568074         3.2611511990       107.8453332921        -7.8453332921         1.4019273900
        3.4254320000        91.5432289392         2.8304601267         1.4067521537         3.2637030765       100.2264471535        -0.2264471535         1.3993761929
        3.4304410000        91.5098049997         2.8304219055         1.4067521537         3.2764624638       100.2264471535        -0.2264471535         1.3993761929
        3.4354319000        83.0757914895         2.8207540347         1.4118568074         3.2892218510       107.8453332921        -7.8453332921         1.3891714046
        3.4404349000        81.9178085276         2.8194229162         1.4118568074         3.2943256060       107.8453332921        -7.8453332921         1.3891714046
        3.4454474000        72.3592359951         2.8083990115         1.4169614611         3.3019812383       115.4642194307       -15.4642194307         1.3891714046
        3.4504628000        82.6775783667         2.8202963868         1.4093044805         3.3019812383       104.0358902228        -4.0358902228         1.4044785871
        3.4554376000        82.0818749160         2.8196115690         1.4093044805         3.3096368707       104.0358902228        -4.0358902228         1.3917226017
        3.4604487000        68.8852871094         2.8043759189         1.4169614611         3.3223962580       115.4642194307       -15.4642194307         1.3993761929
        3.4654380000        54.0018607692         2.7870326074         1.4246184417         3.3249481355       126.8925486386       -26.8925486386         1.3942737988
        3.4704193000        66.8336593925         2.8019956688         1.4144091342         3.3377075228       111.6547763614       -11.6547763614         1.3993761929
        3.4754276000        65.1133969194         2.7999973491         1.4144091342         3.3428112777       111.6547763614       -11.6547763614         1.4019273900
        3.4804408000        67.5934292316         2.8028775135         1.4118568074         3.3530187875       107.8453332921        -7.8453332921         1.3993761929
        3.4854809000        66.4354462697         2.8015332949         1.4118568074         3.3632262974       107.8453332921        -7.8453332921         1.3942737988
        3.4904308000        61.0771685225         2.7952995557         1.4144091342         3.3683300523       111.6547763614       -11.6547763614         1.3942737988
        3.4954492000        59.3569060493         2.7932933560         1.4144091342         3.3734338072       111.6547763614       -11.6547763614         1.3993761929
        3.5004449000        66.0372331468         2.8010707977         1.4093044805         3.3810894396       104.0358902228        -4.0358902228         1.3942737988
        3.5054437000        52.8406453402         2.7856718200         1.4169614611         3.3861931945       115.4642194307       -15.4642194307         1.3968249959
        3.5104447000        54.7583981412         2.7879185519         1.4144091342         3.3938488269       111.6547763614       -11.6547763614         1.3993761929
        3.5154311000        61.4387252387         2.7957209047         1.4093044805         3.3938488269       104.0358902228        -4.0358902228         1.4044785871
        3.5204397000        60.8430217880         2.7950266308         1.4093044805         3.4015044592       104.0358902228        -4.0358902228         1.4044785871
        3.5254310000        68.6479079079         2.8041006824         1.4041998268         3.4015044592        96.4170040842         3.5829959158         1.4019273900
        3.5304408000        77.5773530502         2.8144251829         1.3990951731         3.4091600916        88.7981179455        11.2018820545         1.3993761929
        3.5354249000        66.6298832883         2.8017590753         1.4067521537         3.4193676015       100.2264471535        -0.2264471535         1.3840690105
        3.5404331000        79.1973437047         2.8162920410         1.3990951731         3.4295751113        88.7981179455        11.2018820545         1.3840690105
        3.5454510000        59.8492843723         2.7938678217         1.4118568074         3.4346788662       107.8453332921        -7.8453332921         1.3815178134
        3.5504473000        75.4924805515         2.8120198358         1.4016475000         3.4423344986        92.6075610149         7.3924389851         1.3866202076
        3.5554390000        51.3818469226         2.7839606734         1.4169614611         3.4550938859       115.4642194307       -15.4642194307         1.3968249959
        3.5604202000        61.7001892942         2.7960255427         1.4093044805         3.4525420084       104.0358902228        -4.0358902228         1.4044785871
        3.5654311000        48.5036014876         2.7805791425         1.4169614611         3.4678532732       115.4642194307       -15.4642194307         1.3968249959
        3.5704325000        42.0207647180         2.7729358723         1.4195137880         3.4729570281       119.2736625000       -19.2736625000         1.3917226017
        3.5754481000        51.7768275784         2.7844241595         1.4118568074         3.4729570281       107.8453332921        -7.8453332921         1.3968249959
        3.5804301000        67.4200237577         2.8026762856         1.4016475000         3.4806126605        92.6075610149         7.3924389851         1.3942737988
        3.5854352000        76.9117484111         2.8136576055         1.3965428462         3.4831645379        84.9886748762        15.0113251238         1.3942737988
        3.5904307000        83.3277373017         2.8210435283         1.3939905194         3.4933720478        81.1792318069        18.8207681931         1.3968249959
        3.5955039000        94.5063004887         2.8338456728         1.3888858657         3.4908201703        73.5603456683        26.4396543317         1.3968249959
        3.6004424000        90.0082435570         2.8287040892         1.3939905194         3.5035795576        81.1792318069        18.8207681931         1.3968249959
        3.6055060000        80.1853328175         2.8174296769         1.4016475000         3.5112351900        92.6075610149         7.3924389851         1.3917226017
        3.6104356000        85.4767626857         2.8235110714         1.3990951731         3.5137870674        88.7981179455        11.2018820545         1.3917226017
        3.6154451000        91.3304720651         2.8302168211         1.3965428462         3.5188908224        84.9886748762        15.0113251238         1.4044785871
        3.6205029000        93.5461661703         2.8327492475         1.3965428462         3.5265464547        84.9886748762        15.0113251238         1.4044785871
        3.6254905000        99.9621550609         2.8400652429         1.3939905194         3.5265464547        81.1792318069        18.8207681931         1.3993761929
        3.6304358000        73.3380651802         2.8095309376         1.4118568074         3.5469614744       107.8453332921        -7.8453332921         1.3993761929
        3.6354387000        93.1815561448         2.8323327299         1.3990951731         3.5469614744        88.7981179455        11.2018820545         1.4044785871
        3.6404534000        86.4343811683         2.8246096213         1.4041998268         3.5520652293        96.4170040842         3.5829959158         1.4044785871
        3.6454282000        95.3638263105         2.8348244395         1.3990951731         3.5520652293        88.7981179455        11.2018820545         1.3968249959
        3.6504421000        84.4163565487         2.8222938881         1.4067521537         3.5673764941       100.2264471535        -0.2264471535         1.3968249959
        3.6554424000        92.7835221798         2.8318779345         1.4016475000         3.5673764941        92.6075610149         7.3924389851         1.3917226017
        3.6604484000        89.6743624773         2.8283219252         1.4041998268         3.5826877588        96.4170040842         3.5829959158         1.3942737988
        3.6654431000        81.8026284784         2.8192904645         1.4093044805         3.5852396363       104.0358902228        -4.0358902228         1.3917226017
        3.6704352000        85.4072198130         2.8234312701         1.4067521537         3.5954471461       100.2264471535        -0.2264471535         1.3993761929
        3.6754381000        85.3737958735         2.8233929145         1.4067521537         3.6056546560       100.2264471535        -0.2264471535         1.3993761929
        3.6804517000        81.1400771486         2.8185283828         1.4093044805         3.6133102883       104.0358902228        -4.0358902228         1.3968249959
        3.6854365000        84.7446684832         2.8226708208         1.4067521537         3.6133102883       100.2264471535        -0.2264471535         1.4070297842
        3.6904416000        80.5109497584         2.8178044637         1.4093044805         3.6260696756       104.0358902228        -4.0358902228         1.3993761929
        3.6954308000        79.9152463077         2.8171187496         1.4093044805         3.6311734306       104.0358902228        -4.0358902228         1.3968249959
        3.7004379000        83.5198376423         2.8212642284         1.4067521537         3.6388290629       100.2264471535        -0.2264471535         1.3891714046
        3.7054264000       100.2875928439         2.8404356699         1.3965428462         3.6311734306        84.9886748762        15.0113251238         1.4044785871
        3.7104670000        98.3029921639         2.8381757349         1.3990951731         3.6439328179        88.7981179455        11.2018820545         1.3866202076
        3.7154388000        70.5543432609         2.8063099461         1.4169614611         3.6515884502       115.4642194307       -15.4642194307         1.3942737988
        3.7204623000        93.4735699883         2.8326663228         1.4016475000         3.6515884502        92.6075610149         7.3924389851         1.3993761929
        3.7254329000        94.5647050712         2.8339123494         1.4016475000         3.6592440826        92.6075610149         7.3924389851         1.3968249959
        3.7304291000       108.2567245100         2.8494874099         1.3939905194         3.6643478375        81.1792318069        18.8207681931         1.3917226017
        3.7354329000        98.4338137705         2.8383247785         1.4016475000         3.6771072248        92.6075610149         7.3924389851         1.4019273900
        3.7404503000        78.5234749269         2.8155157090         1.4144091342         3.6898666121       111.6547763614       -11.6547763614         1.3993761929
        3.7454482000        85.2038020244         2.8231978269         1.4093044805         3.6975222445       104.0358902228        -4.0358902228         1.3942737988
        3.7504342000        84.6080985737         2.8225140347         1.4093044805         3.6949703670       104.0358902228        -4.0358902228         1.3917226017
        3.7554420000       105.0138690494         2.8458083615         1.3965428462         3.6975222445        84.9886748762        15.0113251238         1.3968249959
        3.7604211000       107.2295631547         2.8483227179         1.3965428462         3.7051778769        84.9886748762        15.0113251238         1.3993761929
        3.7654433000       105.2449624747         2.8460707335         1.3990951731         3.7153853867        88.7981179455        11.2018820545         1.4044785871
        3.7704263000       106.8983770687         2.8479470639         1.3990951731         3.7255928965        88.7981179455        11.2018820545         1.4044785871
        3.7754305000        95.9509073069         2.8354942627         1.4067521537         3.7383522838       100.2264471535        -0.2264471535         1.4019273900
        3.7804494000       104.3180729380         2.8450182068         1.4016475000         3.7383522838        92.6075610149         7.3924389851         1.3942737988
        3.7854347000        97.0086184502         2.8367005125         1.4067521537         3.7460079162       100.2264471535        -0.2264471535         1.3840690105
        3.7904711000        96.9751945107         2.8366624051         1.4067521537         3.7460079162       100.2264471535        -0.2264471535         1.3917226017
        3.7954433000        96.9417705712         2.8366242971         1.4067521537         3.7562154260       100.2264471535        -0.2264471535         1.3968249959
        3.8004352000       101.1086414170         2.8413699444         1.4041998268         3.7638710584        96.4170040842         3.5829959158         1.4044785871
        3.8054435000        80.6360230621         2.8179484040         1.4169614611         3.7766304457       115.4642194307       -15.4642194307         1.3942737988
        3.8104502000        95.1546602190         2.8345857426         1.4067521537         3.7791823232       100.2264471535        -0.2264471535         1.3917226017
        3.8154393000       103.5218258501         2.8441136409         1.4016475000         3.7842860781        92.6075610149         7.3924389851         1.3942737988
        3.8204184000        96.2123713624         2.8357925089         1.4067521537         3.7944935879       100.2264471535        -0.2264471535         1.3917226017
        3.8254573000        96.1789474228         2.8357543853         1.4067521537         3.7970454654       100.2264471535        -0.2264471535         1.4044785871
        3.8304397000       104.5461130539         2.8452772023         1.4016475000         3.7995973429        92.6075610149         7.3924389851         1.4070297842
        3.8354281000       118.2381324927         2.8607760715         1.3939905194         3.8098048527        81.1792318069        18.8207681931         1.3993761929
        3.8404334000       104.2149269679         2.8449010496         1.4041998268         3.8149086076        96.4170040842         3.5829959158         1.3942737988
        3.8454486000       104.7437825396         2.8455016805         1.4041998268         3.8225642400        96.4170040842         3.5829959158         1.3942737988
        3.8504287000       105.2726381113         2.8461021530         1.4041998268         3.8225642400        96.4170040842         3.5829959158         1.3993761929
        3.8554381000       135.2035571800         2.8798533420         1.3863335388         3.8302198724        69.7509025990        30.2490974010         1.4044785871
        3.8604283000       114.4666006183         2.8565166580         1.4016475000         3.8378755047        92.6075610149         7.3924389851         1.3993761929
        3.8654317000       107.1571461305         2.8482405827         1.4067521537         3.8531867695       100.2264471535        -0.2264471535         1.4044785871
        3.8704331000       107.1237221910         2.8482026724         1.4067521537         3.8659461568       100.2264471535        -0.2264471535         1.3993761929
        3.8754265000       102.8900034662         2.8433956090         1.4093044805         3.8633942793       104.0358902228        -4.0358902228         1.4044785871
        3.8804390000       106.4945948008         2.8474889840         1.4067521537         3.8787055441       100.2264471535        -0.2264471535         1.4019273900
        3.8854193000       102.2608760759         2.8426804113         1.4093044805         3.8787055441       104.0358902228        -4.0358902228         1.3968249959
        3.8904300000        93.2645830546         2.8324275842         1.4144091342         3.8838092990       111.6547763614       -11.6547763614         1.3917226017
        3.8954643000       108.3454997227         2.8495880444         1.4041998268         3.8889130539        96.4170040842         3.5829959158         1.3993761929
        3.9004502000        96.2734709385         2.8358621978         1.4118568074         3.8991205638       107.8453332921        -7.8453332921         1.3942737988
        3.9054615000        95.1154879766         2.8345410368         1.4118568074         3.9093280736       107.8453332921        -7.8453332921         1.3840690105
        3.9104178000       102.3580945853         2.8427909451         1.4067521537         3.9144318285       100.2264471535        -0.2264471535         1.4044785871
        3.9154301000        89.7237862899         2.8283785008         1.4144091342         3.9271912158       111.6547763614       -11.6547763614         1.4044785871
        3.9204380000       104.8047029580         2.8455708588         1.4041998268         3.9322949707        96.4170040842         3.5829959158         1.4044785871
        3.9254535000       105.3335585296         2.8461713131         1.4041998268         3.9373987256        96.4170040842         3.5829959158         1.4070297842
        3.9304334000        97.4618245307         2.8372171554         1.4093044805         3.9450543580       104.0358902228        -4.0358902228         1.4070297842
        3.9354464000       105.2667106506         2.8460954238         1.4041998268         3.9527099904        96.4170040842         3.5829959158         1.3993761929
        3.9404292000       101.5952714369         2.8419234960         1.4067521537         3.9680212551       100.2264471535        -0.2264471535         1.3968249959
        3.9454636000       101.5618474974         2.8418854800         1.4067521537         3.9654693777       100.2264471535        -0.2264471535         1.3917226017
        3.9504654000       101.5284235579         2.8418474633         1.4067521537         3.9705731326       100.2264471535        -0.2264471535         1.3917226017
        3.9554760000       101.4949996184         2.8418094460         1.4067521537         3.9782287650       100.2264471535        -0.2264471535         1.3968249959
        3.9604652000       105.6618704642         2.8465439940         1.4041998268         3.9833325199        96.4170040842         3.5829959158         1.3993761929
        3.9654690000       101.9904312505         2.8423728967         1.4067521537         3.9909881523       100.2264471535        -0.2264471535         1.3917226017
        3.9704474000       101.9570073110         2.8423348884         1.4067521537         3.9986437847       100.2264471535        -0.2264471535         1.3968249959
        3.9754842000       106.1238781568         2.8470683362         1.4041998268         3.9986437847        96.4170040842         3.5829959158         1.4044785871
        3.9804557000        94.0518493725         2.8333267842         1.4118568074         4.0216106818       107.8453332921        -7.8453332921         1.3942737988
        3.9854703000        88.6935716253         2.8271988821         1.4144091342         4.0267144367       111.6547763614       -11.6547763614         1.3993761929
        3.9904555000        95.3738987228         2.8348359333         1.4093044805         4.0343700691       104.0358902228        -4.0358902228         1.3942737988
        3.9954319000        90.5779004868         2.8293559587         1.4118568074         4.0394738240       107.8453332921        -7.8453332921         1.3891714046
        4.0004400000        93.6202123102         2.8328338250         1.4093044805         4.0369219465       104.0358902228        -4.0358902228         1.3993761929
        4.0054249000       101.4250984301         2.8417299364         1.4041998268         4.0471294564        96.4170040842         3.5829959158         1.3968249959
        4.0104466000       101.9539540018         2.8423314162         1.4041998268         4.0573369662        96.4170040842         3.5829959158         1.3993761929
        4.0154466000       106.6831043587         2.8477028542         1.4016475000         4.0624407211        92.6075610149         7.3924389851         1.3942737988
        4.0204330000       103.5739446563         2.8441728608         1.4041998268         4.0700963535        96.4170040842         3.5829959158         1.4070297842
        4.0254409000       112.5033897986         2.8542966122         1.3990951731         4.0700963535        88.7981179455        11.2018820545         1.4070297842
        4.0304518000       118.3570991779         2.8609103117         1.3965428462         4.0803038633        84.9886748762        15.0113251238         1.3968249959
        4.0354366000        99.5713193567         2.8396202944         1.4093044805         4.0956151281       104.0358902228        -4.0358902228         1.3891714046
        4.0404522000       111.5765002619         2.8532477631         1.4016475000         4.1007188830        92.6075610149         7.3924389851         1.3917226017
        4.0454243000       112.6676353447         2.8544824219         1.4016475000         4.0981670056        92.6075610149         7.3924389851         1.4044785871
        4.0504461000       117.9590652129         2.8604611485         1.3990951731         4.1032707605        88.7981179455        11.2018820545         1.3968249959
        4.0554315000        94.4107110951         2.8337365403         1.4144091342         4.1236857801       111.6547763614       -11.6547763614         1.3942737988
        4.0604411000        88.4901538367         2.8269658823         1.4169614611         4.1236857801       115.4642194307       -15.4642194307         1.3942737988
        4.0654218000        94.6082014230         2.8339620048         1.4118568074         4.1364451674       107.8453332921        -7.8453332921         1.3968249959
        4.0704529000        89.2499236758         2.8278360033         1.4144091342         4.1364451674       111.6547763614       -11.6547763614         1.3917226017
        4.0754420000       100.1305455586         2.8402569199         1.4067521537         4.1466526773       100.2264471535        -0.2264471535         1.3993761929
        4.0804480000       104.2974164044         2.8449947448         1.4041998268         4.1543083097        96.4170040842         3.5829959158         1.4044785871
        4.0854307000       109.0265667614         2.8503599504         1.4016475000         4.1594120646        92.6075610149         7.3924389851         1.3840690105
        4.0904650000       105.9174070589         2.8468340226         1.4041998268         4.1594120646        96.4170040842         3.5829959158         1.3968249959
        4.0954317000       102.2459678453         2.8426634607         1.4067521537         4.1747233293       100.2264471535        -0.2264471535         1.3968249959
        4.1004624000        89.6116595499         2.8282501466         1.4144091342         4.1798270842       111.6547763614       -11.6547763614         1.3840690105
        4.1054468000        96.2919866474         2.8358833159         1.4093044805         4.1874827166       104.0358902228        -4.0358902228         1.3993761929
        4.1104544000        87.2956936261         2.8255971701         1.4144091342         4.1951383490       111.6547763614       -11.6547763614         1.3993761929
        4.1154195000       102.3766102942         2.8428119962         1.4041998268         4.1976902265        96.4170040842         3.5829959158         1.4019273900
        4.1204483000        98.7051710805         2.8386339002         1.4067521537         4.2078977363       100.2264471535        -0.2264471535         1.4044785871
        4.1254312000       107.0723367116         2.8481443885         1.4016475000         4.2104496138        92.6075610149         7.3924389851         1.4019273900
        4.1304511000       103.9631770092         2.8446150767         1.4041998268         4.2232090010        96.4170040842         3.5829959158         1.4070297842
        4.1354702000       104.4920325808         2.8452157833         1.4041998268         4.2283127560        96.4170040842         3.5829959158         1.3993761929
        4.1404878000        88.2197090113         2.8266560662         1.4144091342         4.2359683883       111.6547763614       -11.6547763614         1.3942737988
        4.1454631000        99.1003308941         2.8390839749         1.4067521537         4.2512796531       100.2264471535        -0.2264471535         1.3942737988
        4.1504772000        94.8666121693         2.8342569825         1.4093044805         4.2512796531       104.0358902228        -4.0358902228         1.3917226017
        4.1554679000        94.2709087186         2.8335769204         1.4093044805         4.2614871629       104.0358902228        -4.0358902228         1.3968249959
        4.1604725000        97.8755000531         2.8376886260         1.4067521537         4.2640390404       100.2264471535        -0.2264471535         1.4070297842
        4.1654595000       102.0423708989         2.8424319589         1.4041998268         4.2691427953        96.4170040842         3.5829959158         1.3942737988
        4.1704612000        94.1706369000         2.8334624272         1.4093044805         4.2767984277       104.0358902228        -4.0358902228         1.3917226017
        4.1754527000        85.1743438787         2.8231640183         1.4144091342         4.2895578150       111.6547763614       -11.6547763614         1.3993761929
        4.1804781000       100.2552605468         2.8403988707         1.4041998268         4.2972134474        96.4170040842         3.5829959158         1.4019273900
        4.1854803000       100.7841161184         2.8410007131         1.4041998268         4.2972134474        96.4170040842         3.5829959158         1.4070297842
        4.1905408000       101.3129716901         2.8416023911         1.4041998268         4.3048690797        96.4170040842         3.5829959158         1.3891714046
        4.1954697000       106.0421220471         2.8469755582         1.4016475000         4.3099728347        92.6075610149         7.3924389851         1.3891714046
        4.2004699000        94.5323727740         2.8338754380         1.4093044805         4.3201803445       104.0358902228        -4.0358902228         1.3917226017
        4.2056409000       106.5375536792         2.8475377240         1.4016475000         4.3227322219        92.6075610149         7.3924389851         1.3917226017
        4.2104465000        86.6272148356         2.8248307600         1.4144091342         4.3354916092       111.6547763614       -11.6547763614         1.3968249959
        4.2156427000       118.5093106449         2.8610820548         1.3939905194         4.3303878543        81.1792318069        18.8207681931         1.3993761929
        4.2204474000       108.6863999054         2.8499744446         1.4016475000         4.3456991191        92.6075610149         7.3924389851         1.3942737988
        4.2254552000       101.3769454177         2.8416751628         1.4067521537         4.3508028740       100.2264471535        -0.2264471535         1.3942737988
        4.2304376000       109.7441110488         2.8511729263         1.4016475000         4.3559066289        92.6075610149         7.3924389851         1.4070297842
        4.2354590000       123.4361304875         2.8666350209         1.3939905194         4.3559066289        81.1792318069        18.8207681931         1.3993761929
        4.2404351000       101.0123353922         2.8412603779         1.4093044805         4.3737697711       104.0358902228        -4.0358902228         1.3968249959
        4.2454439000       104.6169267268         2.8453576225         1.4067521537         4.3737697711       100.2264471535        -0.2264471535         1.3993761929
        4.2504291000       121.3846819284         2.8643242669         1.3965428462         4.3737697711        84.9886748762        15.0113251238         1.3993761929
        4.2554602000       127.8006708190         2.8715447722         1.3939905194         4.3839772810        81.1792318069        18.8207681931         1.4044785871
        4.2604445000       122.1780548649         2.8652181587         1.3990951731         4.3941847908        88.7981179455        11.2018820545         1.3968249959
        4.2654362000        94.4294059618         2.8337578843         1.4169614611         4.4018404232       115.4642194307       -15.4642194307         1.3917226017
        4.2704375000       100.5474535481         2.8407314093         1.4118568074         4.4145998105       107.8453332921        -7.8453332921         1.3968249959
        4.2754268000       107.7900601568         2.8489583340         1.4067521537         4.4069441781       100.2264471535        -0.2264471535         1.3917226017
        4.2804328000       111.9569310026         2.8536783055         1.4041998268         4.4222554428        96.4170040842         3.5829959158         1.3891714046
        4.2854473000        99.8849022183         2.8399773013         1.4118568074         4.4299110752       107.8453332921        -7.8453332921         1.3917226017
        4.2904281000        94.5266244711         2.8338688756         1.4144091342         4.4350148301       111.6547763614       -11.6547763614         1.3917226017
        4.2954821000        92.8063619980         2.8319040340         1.4144091342         4.4452223400       111.6547763614       -11.6547763614         1.3917226017
        4.3004244000        65.8843308131         2.8008931794         1.4297230954         4.4554298498       134.5114347772       -34.5114347772         1.3993761929
        4.3054264000        60.7903912728         2.7949652778         1.4297230954         4.4605336047       134.5114347772       -34.5114347772         1.4044785871
        4.3104338000        93.4991048003         2.8326954909         1.4067521537         4.4605336047       100.2264471535        -0.2264471535         1.4044785871
        4.3154431000        93.4656808608         2.8326573111         1.4067521537         4.4656373597       100.2264471535        -0.2264471535         1.4070297842
        4.3204323000        97.6325517065         2.8374117476         1.4041998268         4.4809486244        96.4170040842         3.5829959158         1.3993761929
        4.3254367000        98.1614072782         2.8380144172         1.4041998268         4.4911561342        96.4170040842         3.5829959158         1.3993761929
        4.3304309000        81.8890837087         2.8193898848         1.4144091342         4.4988117666       111.6547763614       -11.6547763614         1.3891714046
        4.3354366000        88.5694108062         2.8270566684         1.4093044805         4.5013636441       104.0358902228        -4.0358902228         1.3891714046
        4.3404233000       108.9751812819         2.8503017201         1.3965428462         4.5039155215        84.9886748762        15.0113251238         1.4044785871
        4.3454297000       127.9920545284         2.8717598668         1.3863335388         4.5141230314        69.7509025990        30.2490974010         1.4044785871
        4.3504729000        98.8545083960         2.8388040017         1.4067521537         4.5268824187       100.2264471535        -0.2264471535         1.3891714046
        4.3554299000        94.6207896712         2.8339763754         1.4093044805         4.5268824187       104.0358902228        -4.0358902228         1.3917226017
        4.3604392000       102.4256757911         2.8428677792         1.4041998268         4.5370899285        96.4170040842         3.5829959158         1.3917226017
        4.3654198000       107.1548261481         2.8482379514         1.4016475000         4.5421936834        92.6075610149         7.3924389851         1.4070297842
        4.3704479000       104.0456664456         2.8447087838         1.4041998268         4.5472974383        96.4170040842         3.5829959158         1.3968249959
        4.3754360000       108.7748168026         2.8500746521         1.4016475000         4.5549530707        92.6075610149         7.3924389851         1.4070297842
        4.3804544000       109.8659518855         2.8513109440         1.4016475000         4.5549530707        92.6075610149         7.3924389851         1.4070297842
        4.3854353000        98.3562026124         2.8382363582         1.4093044805         4.5702643355       104.0358902228        -4.0358902228         1.3968249959
        4.3904510000       101.9607939470         2.8423391944         1.4067521537         4.5779199678       100.2264471535        -0.2264471535         1.3993761929
        4.3954301000       101.9273700075         2.8423011855         1.4067521537         4.5830237228       100.2264471535        -0.2264471535         1.3917226017
        4.4004227000       101.8939460680         2.8422631760         1.4067521537         4.5906793551       100.2264471535        -0.2264471535         1.3993761929
        4.4054447000       101.8605221284         2.8422251658         1.4067521537         4.6085424974       100.2264471535        -0.2264471535         1.3993761929
        4.4104589000       101.8270981889         2.8421871550         1.4067521537         4.6085424974       100.2264471535        -0.2264471535         1.4044785871
        4.4154208000        93.3930846788         2.8325743828         1.4118568074         4.6213018847       107.8453332921        -7.8453332921         1.3917226017
        4.4204540000        96.4353965022         2.8360468756         1.4093044805         4.6213018847       104.0358902228        -4.0358902228         1.3942737988
        4.4254421000       104.2402826221         2.8449298501         1.4041998268         4.6289575170        96.4170040842         3.5829959158         1.4044785871
        4.4304212000       108.9694329790         2.8502952060         1.4016475000         4.6315093945        92.6075610149         7.3924389851         1.3917226017
        4.4354351000        89.0590941354         2.8276174926         1.4144091342         4.6493725367       111.6547763614       -11.6547763614         1.3968249959
        4.4404378000        95.7394212329         2.8352529946         1.4093044805         4.6493725367       104.0358902228        -4.0358902228         1.4044785871
        4.4454296000       103.5443073528         2.8441391856         1.4041998268         4.6544762916        96.4170040842         3.5829959158         1.3942737988
        4.4504317000        87.2719837832         2.8255699918         1.4144091342         4.6697875564       111.6547763614       -11.6547763614         1.3968249959
        4.4554196000        93.9523108807         2.8332131147         1.4093044805         4.6774431887       104.0358902228        -4.0358902228         1.3993761929
        4.4604382000        97.5569022153         2.8373255257         1.4067521537         4.6774431887       100.2264471535        -0.2264471535         1.3993761929
        4.4654346000       101.7237730611         2.8420696461         1.4041998268         4.6927544535        96.4170040842         3.5829959158         1.3993761929
        4.4704492000        93.8520390622         2.8330986016         1.4093044805         4.6953063310       104.0358902228        -4.0358902228         1.3993761929
        4.4754293000        97.4566303968         2.8372112350         1.4067521537         4.7004100859       100.2264471535        -0.2264471535         1.3993761929
        4.4804723000        93.2229116719         2.8323799772         1.4093044805         4.7055138408       104.0358902228        -4.0358902228         1.3917226017
        4.4854798000       109.4283873624         2.8508152465         1.3990951731         4.7055138408        88.7981179455        11.2018820545         1.3993761929
        4.4904552000       106.8815071712         2.8479279273         1.4016475000         4.7106175957        92.6075610149         7.3924389851         1.3968249959
        4.4954541000       112.1729370393         2.8539227306         1.3990951731         4.7259288605        88.7981179455        11.2018820545         1.4044785871
        4.5004540000       105.4257620628         2.8462759834         1.4041998268         4.7310326154        96.4170040842         3.5829959158         1.3968249959
        4.5054554000        93.3537332786         2.8325294294         1.4118568074         4.7386882478       107.8453332921        -7.8453332921         1.4044785871
        4.5104280000       113.1972242432         2.8550814457         1.3990951731         4.7361363703        88.7981179455        11.2018820545         1.3993761929
        4.5154651000       119.0509336225         2.8616930856         1.3965428462         4.7463438801        84.9886748762        15.0113251238         1.4044785871
        4.5204642000       108.6657433719         2.8499510328         1.4041998268         4.7591032674        96.4170040842         3.5829959158         1.4044785871
        4.5254778000       113.3948937288         2.8553049943         1.4016475000         4.7642070224        92.6075610149         7.3924389851         1.4044785871
        4.5304536000       114.4860288117         2.8565386178         1.4016475000         4.7693107773        92.6075610149         7.3924389851         1.3891714046
        4.5354513000       115.5771638946         2.8577716294         1.4016475000         4.7795182871        92.6075610149         7.3924389851         1.3917226017
        4.5404470000       108.2677094068         2.8494998625         1.4067521537         4.7871739195       100.2264471535        -0.2264471535         1.3917226017
        4.5454479000       112.4345802526         2.8542187642         1.4041998268         4.7948295519        96.4170040842         3.5829959158         1.3942737988
        4.5504494000       108.7631410390         2.8500614196         1.4067521537         4.8024851842       100.2264471535        -0.2264471535         1.3942737988
        4.5554423000       100.3291275289         2.8404829419         1.4118568074         4.8177964490       107.8453332921        -7.8453332921         1.3993761929
        4.5604475000        99.1711445670         2.8391646196         1.4118568074         4.8229002039       107.8453332921        -7.8453332921         1.3993761929
        4.5654301000       106.4137511756         2.8473972583         1.4067521537         4.8229002039       100.2264471535        -0.2264471535         1.4044785871
        4.5704380000       110.5806220214         2.8521203406         1.4041998268         4.8305558363        96.4170040842         3.5829959158         1.4044785871
        4.5754567000       106.9091828078         2.8479593215         1.4067521537         4.8356595912       100.2264471535        -0.2264471535         1.4044785871
        4.5804379000       115.2763484389         2.8574317607         1.4016475000         4.8407633461        92.6075610149         7.3924389851         1.3891714046
        4.5854280000       116.3674835217         2.8586643333         1.4016475000         4.8484189785        92.6075610149         7.3924389851         1.3917226017
        4.5904330000       109.0580290340         2.8503956029         1.4067521537         4.8560746109       100.2264471535        -0.2264471535         1.3917226017
        4.5954473000       113.2248998798         2.8551127459         1.4041998268         4.8662821207        96.4170040842         3.5829959158         1.3917226017
        4.6004281000        59.1499232425         2.7930518068         1.4373800759         4.8790415080       145.9397639852       -45.9397639852         1.3993761929
        4.6054765000       102.7726825923         2.8432622549         1.4067521537         4.8790415080       100.2264471535        -0.2264471535         1.3968249959
        4.6104497000        90.1383742969         2.8288530188         1.4144091342         4.8866971404       111.6547763614       -11.6547763614         1.3917226017
        4.6154560000        88.4181118238         2.8268833572         1.4144091342         4.8943527728       111.6547763614       -11.6547763614         1.3942737988
        4.6204410000        86.6978493506         2.8249117564         1.4144091342         4.9071121601       111.6547763614       -11.6547763614         1.3993761929
        4.6254489000        93.3781764481         2.8325573524         1.4093044805         4.9147677924       104.0358902228        -4.0358902228         1.3993761929
        4.6304385000       105.3833573533         2.8462278458         1.4016475000         4.9173196699        92.6075610149         7.3924389851         1.3942737988
        4.6354180000       110.6747872215         2.8522269666         1.3990951731         4.9198715474        88.7981179455        11.2018820545         1.3993761929
        4.6404273000        99.7273174597         2.8397979019         1.4067521537         4.9224234248       100.2264471535        -0.2264471535         1.3968249959
        4.6454387000        99.6938935201         2.8397598492         1.4067521537         4.9377346896       100.2264471535        -0.2264471535         1.3993761929
        4.6504478000       103.8607643659         2.8444987317         1.4041998268         4.9428384445        96.4170040842         3.5829959158         1.3917226017
        4.6554442000       100.1893251523         2.8403238241         1.4067521537         4.9479421994       100.2264471535        -0.2264471535         1.4044785871
        4.6604383000       104.3561959981         2.8450615070         1.4041998268         4.9504940769        96.4170040842         3.5829959158         1.3968249959
        4.6655023000       100.6847567844         2.8408876538         1.4067521537         4.9683572191       100.2264471535        -0.2264471535         1.3968249959
        4.6704354000        96.4510380596         2.8360647141         1.4093044805         4.9709090965       104.0358902228        -4.0358902228         1.4044785871
        4.6754824000       100.0556293942         2.8401716457         1.4067521537         4.9760128515       100.2264471535        -0.2264471535         1.3866202076
        4.6804656000       100.0222054547         2.8401335995         1.4067521537         4.9785647289       100.2264471535        -0.2264471535         1.3993761929
        4.6854617000        87.3878971592         2.8257028581         1.4144091342         4.9989797486       111.6547763614       -11.6547763614         1.3891714046
        4.6904686000        94.0682242567         2.8333454831         1.4093044805         4.9989797486       104.0358902228        -4.0358902228         1.3942737988
        4.6954593000        97.6728155913         2.8374576372         1.4067521537         5.0066353810       100.2264471535        -0.2264471535         1.3917226017
        4.7004636000        80.8382125106         2.8181810701         1.4169614611         5.0117391359       115.4642194307       -15.4642194307         1.3917226017
        4.7054688000        99.5571444528         2.8396041552         1.4041998268         4.9989797486        96.4170040842         3.5829959158         1.4044785871
        4.7104662000       104.2862948098         2.8449821126         1.4016475000         5.0066353810        92.6075610149         7.3924389851         1.4044785871
        4.7154305000        96.9768403220         2.8366642816         1.4067521537         5.0066353810       100.2264471535        -0.2264471535         1.3942737988
        4.7204562000       101.1437111678         2.8414098416         1.4041998268         4.9989797486        96.4170040842         3.5829959158         1.3993761929
        4.7254410000       101.6725667395         2.8420114082         1.4041998268         5.0066353810        96.4170040842         3.5829959158         1.3917226017
        4.7304575000       102.2014223112         2.8426128118         1.4041998268         5.0015316260        96.4170040842         3.5829959158         1.4019273900
        4.7354344000        98.5299830975         2.8384343367         1.4067521537         5.0066353810       100.2264471535        -0.2264471535         1.3840690105
        4.7404576000       106.8971487286         2.8479456705         1.4016475000         5.0040835035        92.6075610149         7.3924389851         1.3815178134
        4.7454300000        82.7865150997         2.8204215936         1.4169614611         5.0117391359       115.4642194307       -15.4642194307         1.3942737988
        4.7504499000        93.1048574713         2.8322451014         1.4093044805         5.0091872584       104.0358902228        -4.0358902228         1.3968249959
        4.7554292000       109.3103331617         2.8506814903         1.3990951731         5.0066353810        88.7981179455        11.2018820545         1.4044785871
        4.7604441000       115.1640425411         2.8573048629         1.3965428462         4.9989797486        84.9886748762        15.0113251238         1.4044785871
        4.7654442000       113.1794418611         2.8550613342         1.3990951731         4.9989797486        88.7981179455        11.2018820545         1.3993761929
        4.7704520000        43.4278451050         2.7745980358         1.4424847297         4.9989797486       153.5586501238       -53.5586501238         1.4019273900
        4.7754171000        90.1263402177         2.8288392467         1.4093044805         5.0091872584       104.0358902228        -4.0358902228         1.3993761929
        4.7804317000        97.9312263376         2.8377521299         1.4041998268         5.0015316260        96.4170040842         3.5829959158         1.3993761929
        4.7854284000       111.0609662651         2.8526641988         1.3965428462         4.9887722387        84.9886748762        15.0113251238         1.4019273900
        4.7904441000       109.0763655851         2.8504163813         1.3990951731         1.1048147461        88.7981179455        11.2018820545         1.3993761929
        4.7954328000        93.9286010379         2.8331860380         1.4093044805         1.1124703785       104.0358902228        -4.0358902228         1.3917226017
        4.8004379000       101.7334871578         2.8420806940         1.4041998268         1.1073666236        96.4170040842         3.5829959158         1.3993761929
        4.8054287000        98.0620479442         2.8379012028         1.4067521537         1.1073666236       100.2264471535        -0.2264471535         1.3942737988
        4.8104364000        98.0286240047         2.8378631168         1.4067521537         1.1124703785       100.2264471535        -0.2264471535         1.3942737988
        4.8154190000        89.5946104945         2.8282306294         1.4118568074         1.1175741334       107.8453332921        -7.8453332921         1.3993761929
        4.8204538000        96.8372171032         2.8365050869         1.4067521537         1.1124703785       100.2264471535        -0.2264471535         1.3993761929
        4.8254348000        96.8037931637         2.8364669761         1.4067521537         1.1073666236       100.2264471535        -0.2264471535         1.3942737988
        4.8304475000       100.9706640095         2.8412129670         1.4041998268         0.0151630711        96.4170040842         3.5829959158         1.3993761929
        4.8354284000        93.0989300106         2.8322383291         1.4093044805         0.0024036839       104.0358902228        -4.0358902228         1.3968249959
        4.8404470000       105.1041109157         2.8459108213         1.4016475000        -0.0052519485        92.6075610149         7.3924389851         1.3968249959
        4.8454504000       106.1952459986         2.8471493224         1.4016475000        -0.0052519485        92.6075610149         7.3924389851         1.4044785871
        4.8504640000       107.2863810815         2.8483871586         1.4016475000        -0.0052519485        92.6075610149         7.3924389851         1.4044785871
        4.8554649000       112.5778109496         2.8543808060         1.3990951731        -0.0052519485        88.7981179455        11.2018820545         1.4044785871
        4.8604745000        93.2297516172         2.8323877915         1.4118568074        -0.0001481936       107.8453332921        -7.8453332921         1.4044785871
        4.8654601000       100.4723582259         2.8406459498         1.4067521537        -0.0052519485       100.2264471535        -0.2264471535         1.4044785871
        4.8705517000        87.8380499305         2.8262187636         1.4144091342         0.0100593162       111.6547763614       -11.6547763614         1.3993761929
        4.8754383000        81.9174926721         2.8194225530         1.4169614611         0.0100593162       115.4642194307       -15.4642194307         1.3917226017
        4.8804607000        75.4346559025         2.8119530779         1.4195137880         0.0024036839       119.2736625000       -19.2736625000         1.3866202076
        4.8854704000        97.7916031188         2.8375930161         1.4041998268        -0.0052519485        96.4170040842         3.5829959158         1.3993761929
        4.8904601000        94.1201639051         2.8334047934         1.4067521537        -0.0052519485       100.2264471535        -0.2264471535         1.3993761929
        4.8954641000        94.0867399656         2.8333666265         1.4067521537        -0.0001481936       100.2264471535        -0.2264471535         1.4044785871
        4.9004706000        98.2536108114         2.8381194726         1.4041998268         0.0100593162        96.4170040842         3.5829959158         1.3968249959
        4.9054664000        65.1801081007         2.8000748863         1.4246184417         0.0024036839       126.8925486386       -26.8925486386         1.4044785871
        4.9104777000        90.6127910799         2.8293958779         1.4067521537         0.0024036839       100.2264471535        -0.2264471535         1.4044785871
        4.9154580000        90.5793671403         2.8293576368         1.4067521537         0.0126111937       100.2264471535        -0.2264471535         1.4019273900
        4.9204563000        90.5459432008         2.8293193949         1.4067521537         0.0151630711       100.2264471535        -0.2264471535         1.3942737988
        4.9254694000        77.9116349054         2.8148105582         1.4144091342         0.0304743359       111.6547763614       -11.6547763614         1.3993761929
        4.9304372000        97.1928463588         2.8369105425         1.4016475000         0.0228187035        92.6075610149         7.3924389851         1.3891714046
        4.9354365000        89.8833918711         2.8285611910         1.4067521537         0.0381299683       100.2264471535        -0.2264471535         1.3840690105
        4.9404362000        85.6496731462         2.8237094743         1.4093044805         0.0457856007       104.0358902228        -4.0358902228         1.4044785871
        4.9454450000        97.6548540514         2.8374371662         1.4016475000         0.0432337232        92.6075610149         7.3924389851         1.4044785871
        4.9504297000        98.7459891343         2.8386803950         1.4016475000         0.0508893556        92.6075610149         7.3924389851         1.3993761929
        4.9554403000        91.4365346465         2.8303381163         1.4067521537         0.0662006203       100.2264471535        -0.2264471535         1.4044785871
        4.9604200000        91.4031107070         2.8302998928         1.4067521537         0.0687524978       100.2264471535        -0.2264471535         1.3993761929
        4.9654395000        82.9690971969         2.8206314266         1.4118568074         0.0738562527       107.8453332921        -7.8453332921         1.3993761929
        4.9704409000        98.6122933762         2.8385281018         1.4016475000         0.0789600076        92.6075610149         7.3924389851         1.3993761929
        4.9754577000        99.7034284591         2.8397707047         1.4016475000         0.0891675175        92.6075610149         7.3924389851         1.4044785871
        4.9804365000       100.7945635419         2.8410126007         1.4016475000         0.0942712724        92.6075610149         7.3924389851         1.3917226017
        4.9854869000       101.8856986248         2.8422537970         1.4016475000         0.1019269048        92.6075610149         7.3924389851         1.3891714046
        4.9904472000        86.1756545665         2.8243128787         1.4118568074         0.1121344146       107.8453332921        -7.8453332921         1.3917226017
        4.9954523000        80.8173768192         2.8181570951         1.4144091342         0.1197900470       111.6547763614       -11.6547763614         1.3942737988
        5.0004424000        91.6979987020         2.8306371010         1.4067521537         0.1274456793       100.2264471535        -0.2264471535         1.3917226017
        5.0054552000        91.6645747625         2.8305988831         1.4067521537         0.1351013117       100.2264471535        -0.2264471535         1.3891714046
        5.0104411000        45.4279081847         2.7769575940         1.4348277491         0.1427569441       142.1303209159       -42.1303209159         1.3968249959
        5.0154314000        85.4126522603         2.8234375040         1.4067521537         0.1504125765       100.2264471535        -0.2264471535         1.4044785871
        5.0204411000        72.7783439649         2.8088837584         1.4144091342         0.1606200863       111.6547763614       -11.6547763614         1.3993761929
        5.0254495000        75.2583762771         2.8117495500         1.4118568074         0.1708275961       107.8453332921        -7.8453332921         1.3942737988
        5.0304589000        82.5009828858         2.8200933990         1.4067521537         0.1657238412       100.2264471535        -0.2264471535         1.3993761929
        5.0354670000        90.8681485169         2.8296880148         1.4016475000         0.1733794736        92.6075610149         7.3924389851         1.4044785871
        5.0404461000        96.1595783850         2.8357322925         1.3990951731         0.1784832285        88.7981179455        11.2018820545         1.3917226017
        5.0454503000        85.2121086232         2.8232073601         1.4067521537         0.1937944933       100.2264471535        -0.2264471535         1.3917226017
        5.0504418000       106.1801586102         2.8471322019         1.3939905194         0.1912426158        81.1792318069        18.8207681931         1.3968249959
        5.0554333000        87.9566583001         2.8263546746         1.4067521537         0.2091057580       100.2264471535        -0.2264471535         1.3917226017
        5.0604415000       100.5241187165         2.8407048543         1.3990951731         0.2091057580        88.7981179455        11.2018820545         1.3968249959
        5.0654321000        97.9772385252         2.8378045626         1.4016475000         0.2167613904        92.6075610149         7.3924389851         1.3993761929
        5.0704555000        86.4674892522         2.8246475909         1.4093044805         0.2320726552       104.0358902228        -4.0358902228         1.3993761929
        5.0754166000        94.2723753721         2.8335785951         1.4041998268         0.2346245326        96.4170040842         3.5829959158         1.4044785871
        5.0804343000        82.2003465879         2.8197477830         1.4118568074         0.2499357974       107.8453332921        -7.8453332921         1.3968249959
        5.0854396000        72.6417740554         2.8087258138         1.4169614611         0.2550395523       115.4642194307       -15.4642194307         1.3917226017
        5.0904481000        82.9601164269         2.8206211059         1.4093044805         0.2550395523       104.0358902228        -4.0358902228         1.3993761929
        5.0954283000       103.3658869027         2.8439364460         1.3965428462         0.2575914298        84.9886748762        15.0113251238         1.3968249959
        5.1004431000        84.5801070815         2.8224818981         1.4093044805         0.2703508170       104.0358902228        -4.0358902228         1.4044785871
        5.1054280000        79.7841088455         2.8169677639         1.4118568074         0.2805583269       107.8453332921        -7.8453332921         1.4044785871
        5.1104460000        61.8249467424         2.7961708811         1.4220661148         0.2933177142       123.0831055693       -23.0831055693         1.3993761929
        5.1154271000        66.8184353063         2.8019779940         1.4169614611         0.3009733466       115.4642194307       -15.4642194307         1.3993761929
        5.1204577000        85.5373672485         2.8235806132         1.4041998268         0.2958695916        96.4170040842         3.5829959158         1.4019273900
        5.1254335000        77.6656332495         2.8145269641         1.4093044805         0.3035252240       104.0358902228        -4.0358902228         1.3993761929
        5.1304659000        72.8696350135         2.8089893297         1.4118568074         0.3188364888       107.8453332921        -7.8453332921         1.4044785871
        5.1354356000        80.1122416222         2.8173455384         1.4067521537         0.3213883662       100.2264471535        -0.2264471535         1.3993761929
        5.1404459000        75.8785228974         2.8124654551         1.4093044805         0.3315958761       104.0358902228        -4.0358902228         1.4044785871
        5.1454297000        83.6834090173         2.8214521323         1.4041998268         0.3341477535        96.4170040842         3.5829959158         1.4044785871
        5.1504364000        63.2107906624         2.7977845076         1.4169614611         0.3571146507       115.4642194307       -15.4642194307         1.3993761929
        5.1554440000        77.7294278193         2.8146005115         1.4067521537         0.3571146507       100.2264471535        -0.2264471535         1.3942737988
        5.1604619000        73.4957090945         2.8097131720         1.4093044805         0.3622184056       104.0358902228        -4.0358902228         1.3993761929
        5.1654180000        64.4994160732         2.7992835659         1.4144091342         0.3749777929       111.6547763614       -11.6547763614         1.3815178134
        5.1704458000        87.9809223119         2.8263824771         1.3990951731         0.3724259154        88.7981179455        11.2018820545         1.3993761929
        5.1754397000        72.8331577647         2.8089471472         1.4093044805         0.3826334252       104.0358902228        -4.0358902228         1.3840690105
        5.1804473000        72.2374543140         2.8082581325         1.4093044805         0.3851853027       104.0358902228        -4.0358902228         1.3891714046
        5.1854502000        88.4429300045         2.8269117871         1.3990951731         0.3928409351        88.7981179455        11.2018820545         1.3968249959
        5.1904471000        90.0963445986         2.8288049187         1.3990951731         0.3979446900        88.7981179455        11.2018820545         1.3993761929
        5.1954498000        79.1488748367         2.8162362131         1.4067521537         0.4081521998       100.2264471535        -0.2264471535         1.3968249959
        5.2004362000        62.3142717560         2.7967408088         1.4169614611         0.4183597097       115.4642194307       -15.4642194307         1.3993761929
        5.2054443000        55.8314349864         2.7891743070         1.4195137880         0.4336709744       119.2736625000       -19.2736625000         1.3993761929
        5.2104607000        78.1883822027         2.8151295448         1.4041998268         0.4336709744        96.4170040842         3.5829959158         1.4044785871
        5.2154410000        74.5169429891         2.8108932627         1.4067521537         0.4413266068       100.2264471535        -0.2264471535         1.3993761929
        5.2204458000        74.4835190496         2.8108546516         1.4067521537         0.4489822392       100.2264471535        -0.2264471535         1.3942737988
        5.2254640000        61.8492107541         2.7961991465         1.4144091342         0.4617416265       111.6547763614       -11.6547763614         1.3993761929
        5.2304208000        81.1304222075         2.8185172752         1.4016475000         0.4591897490        92.6075610149         7.3924389851         1.4044785871
        5.2354866000        69.6206729345         2.8052283114         1.4093044805         0.4745010138       104.0358902228        -4.0358902228         1.3917226017
        5.2404439000        64.8246746985         2.7996617321         1.4118568074         0.4847085236       107.8453332921        -7.8453332921         1.3968249959
        5.2454540000        59.4663969513         2.7934211179         1.4144091342         0.4923641560       111.6547763614       -11.6547763614         1.3891714046
        5.2504318000        53.5458396929         2.7864983491         1.4169614611         0.4974679109       115.4642194307       -15.4642194307         1.3942737988
        5.2554604000        80.6653612057         2.8179821661         1.3990951731         0.4974679109        88.7981179455        11.2018820545         1.4044785871
        5.2604478000        78.1184810144         2.8150489799         1.4016475000         0.5000197884        92.6075610149         7.3924389851         1.4044785871
        5.2654356000        87.6102056679         2.8259576554         1.3965428462         0.5051235433        84.9886748762        15.0113251238         1.3968249959
        5.2704257000        77.2250154172         2.8140189056         1.4041998268         0.5178829306        96.4170040842         3.5829959158         1.3840690105
        5.2754503000        77.7538709889         2.8146286908         1.4041998268         0.5280904404        96.4170040842         3.5829959158         1.4044785871
        5.2804410000        74.0824317753         2.8103912552         1.4067521537         0.5306423179       100.2264471535        -0.2264471535         1.3815178134
        5.2854505000        69.8487130505         2.8054925513         1.4093044805         0.5434017052       104.0358902228        -4.0358902228         1.3866202076
        5.2904307000        86.0541887409         2.8241735499         1.3990951731         0.5382979502        88.7981179455        11.2018820545         1.3942737988
        5.2954517000        79.3070137644         2.8164183563         1.4041998268         0.5510573375        96.4170040842         3.5829959158         1.3942737988
        5.3004475000        67.2349849802         2.8024615323         1.4118568074         0.5638167248       107.8453332921        -7.8453332921         1.3891714046
        5.3054477000        57.6764124477         2.7913312017         1.4169614611         0.5663686023       115.4642194307       -15.4642194307         1.4070297842
        5.3104426000        72.1950496046         2.8082090754         1.4067521537         0.5663686023       100.2264471535        -0.2264471535         1.3968249959
        5.3154350000        72.1616256650         2.8081704070         1.4067521537         0.5867836220       100.2264471535        -0.2264471535         1.3942737988
        5.3204406000        67.9279069402         2.8032655917         1.4093044805         0.5918873769       104.0358902228        -4.0358902228         1.3942737988
        5.3254573000        71.5324982748         2.8074424103         1.4067521537         0.5969911318       100.2264471535        -0.2264471535         1.3993761929
        5.3304422000        88.3002534765         2.8267483413         1.3965428462         0.5944392543        84.9886748762        15.0113251238         1.3866202076
        5.3354259000        73.7147684405         2.8099663715         1.4067521537         0.6123023966       100.2264471535        -0.2264471535         1.3917226017
        5.3404364000        65.2807549304         2.8001918598         1.4118568074         0.6174061515       107.8453332921        -7.8453332921         1.3993761929
        5.3454562000        76.7236563244         2.8134406394         1.4041998268         0.6174061515        96.4170040842         3.5829959158         1.3840690105
        5.3504312000        94.0536910373         2.8333288872         1.3939905194         0.6174061515        81.1792318069        18.8207681931         1.3968249959
        5.3554624000        80.0304855125         2.8172514208         1.4041998268         0.6301655388        96.4170040842         3.5829959158         1.4019273900
        5.3604499000        93.1602254401         2.8323083599         1.3965428462         0.6327174162        84.9886748762        15.0113251238         1.3993761929
        5.3654431000        74.3744456188         2.8107286453         1.4093044805         0.6429249261       104.0358902228        -4.0358902228         1.3968249959
        5.3704394000        73.7787421681         2.8100403087         1.4093044805         0.6556843134       104.0358902228        -4.0358902228         1.3993761929
        5.3754571000        77.3833335027         2.8142014717         1.4067521537         0.6582361908       100.2264471535        -0.2264471535         1.3993761929
        5.3804749000        85.7504991338         2.8238251559         1.4016475000         0.6684437007        92.6075610149         7.3924389851         1.3993761929
        5.3854411000        91.0419290019         2.8298868012         1.3990951731         0.6658918232        88.7981179455        11.2018820545         1.3891714046
        5.3904357000        80.0944592401         2.8173250677         1.4067521537         0.6760993330       100.2264471535        -0.2264471535         1.3917226017
        5.3954438000        92.6619196565         2.8317389709         1.3990951731         0.6786512105        88.7981179455        11.2018820545         1.3968249959
        5.4004527000       119.5171029624         2.8622188786         1.3837812120         0.6863068429        65.9414595297        34.0585404703         1.3993761929
        5.4054377000        90.9418363412         2.8297723082         1.4041998268         0.6990662302        96.4170040842         3.5829959158         1.3942737988
        5.4104412000        95.6709866981         2.8351749170         1.4016475000         0.7016181076        92.6075610149         7.3924389851         1.3993761929
        5.4154576000       105.1627113516         2.8459773531         1.3965428462         0.7041699851        84.9886748762        15.0113251238         1.3993761929
        5.4204389000        94.7775211010         2.8341552891         1.4041998268         0.7169293724        96.4170040842         3.5829959158         1.3942737988
        5.4254755000       103.7069662432         2.8443239995         1.3990951731         0.7169293724        88.7981179455        11.2018820545         1.3968249959
        5.4304288000        92.7594964814         2.8318504794         1.4067521537         0.7373443920       100.2264471535        -0.2264471535         1.3942737988
        5.4354424000        92.7260725419         2.8318122840         1.4067521537         0.7398962695       100.2264471535        -0.2264471535         1.3968249959
        5.4404240000       101.0932381729         2.8413524206         1.4016475000         0.7450000244        92.6075610149         7.3924389851         1.3917226017
        5.4454776000       110.5849628264         2.8521252559         1.3965428462         0.7475519019        84.9886748762        15.0113251238         1.3917226017
        5.4504393000        95.9994777905         2.8355496692         1.4067521537         0.7577594117       100.2264471535        -0.2264471535         1.3917226017
        5.4554558000        95.9660538509         2.8355115412         1.4067521537         0.7628631666       100.2264471535        -0.2264471535         1.4044785871
        5.4604384000       112.7338090526         2.8545572797         1.3965428462         0.7654150441        84.9886748762        15.0113251238         1.4044785871
        5.4654286000       106.5489135873         2.8475506125         1.4016475000         0.7730706765        92.6075610149         7.3924389851         1.4019273900
        5.4704323000       103.4397538848         2.8440203835         1.4041998268         0.7832781863        96.4170040842         3.5829959158         1.3993761929
        5.4754678000       108.1689042418         2.8493878537         1.4016475000         0.7883819412        92.6075610149         7.3924389851         1.3993761929
        5.4804515000       105.0597445394         2.8458604487         1.4041998268         0.7909338187        96.4170040842         3.5829959158         1.3993761929
        5.4855993000       101.3883053257         2.8416880847         1.4067521537         0.8036932060       100.2264471535        -0.2264471535         1.3917226017
        5.4904449000        92.9542918156         2.8320730689         1.4118568074         0.8087969609       107.8453332921        -7.8453332921         1.3891714046
        5.4954309000       100.1968984243         2.8403324440         1.4067521537         0.8215563482       100.2264471535        -0.2264471535         1.3891714046
        5.5004627000        91.7628849142         2.8307112917         1.4118568074         0.8292119806       107.8453332921        -7.8453332921         1.3917226017
        5.5054524000        99.0054915229         2.8389759644         1.4067521537         0.8343157355       100.2264471535        -0.2264471535         1.3917226017
        5.5104459000        77.9705936569         2.8148785203         1.4195137880         0.8470751228       119.2736625000       -19.2736625000         1.3917226017
        5.5154426000        96.1272460879         2.8356954130         1.4067521537         0.8470751228       100.2264471535        -0.2264471535         1.3942737988
        5.5204334000        87.6932325777         2.8260528077         1.4118568074         0.8623863875       107.8453332921        -7.8453332921         1.3993761929
        5.5254420000        82.3349548305         2.8199025383         1.4144091342         0.8700420199       111.6547763614       -11.6547763614         1.3942737988
        5.5304296000        84.8149871427         2.8227515437         1.4118568074         0.8725938974       107.8453332921        -7.8453332921         1.3942737988
        5.5354328000        83.6570041808         2.8214218007         1.4118568074         0.8828014072       107.8453332921        -7.8453332921         1.3993761929
        5.5404444000        99.3002003601         2.8393115845         1.4016475000         0.8828014072        92.6075610149         7.3924389851         1.3917226017
        5.5454253000       100.3913354430         2.8405537409         1.4016475000         0.8904570396        92.6075610149         7.3924389851         1.3942737988
        5.5504550000       105.6827653111         2.8465677106         1.3990951731         0.8904570396        88.7981179455        11.2018820545         1.4044785871
        5.5554199000        98.9355903346         2.8388963519         1.4041998268         0.9083201818        96.4170040842         3.5829959158         1.3917226017
        5.5604394000        95.2641511210         2.8347106952         1.4067521537         0.9159758142       100.2264471535        -0.2264471535         1.3917226017
        5.5654645000       116.2322011079         2.8585115477         1.3939905194         0.9159758142        81.1792318069        18.8207681931         1.3917226017
        5.5704311000       110.6095851538         2.8521531369         1.3990951731         0.9134239367        88.7981179455        11.2018820545         1.3891714046
        5.5754304000       112.2629997478         2.8540246352         1.3990951731         0.9261833240        88.7981179455        11.2018820545         1.3891714046
        5.5804496000       101.3155299860         2.8416053013         1.4067521537         0.9312870789       100.2264471535        -0.2264471535         1.3968249959
        5.5854299000       109.6826956171         2.8511033536         1.4016475000         0.9389427113        92.6075610149         7.3924389851         1.3917226017
        5.5904388000       106.5735359146         2.8475785477         1.4041998268         0.9440464662        96.4170040842         3.5829959158         1.3917226017
        5.5954273000        90.3012123451         2.8290393652         1.4144091342         0.9593577310       111.6547763614       -11.6547763614         1.3968249959
        5.6004318000       101.1818342279         2.8414532115         1.4067521537         0.9619096084       100.2264471535        -0.2264471535         1.3993761929
        5.6054465000       105.3487050737         2.8461885079         1.4041998268         0.9670133634        96.4170040842         3.5829959158         1.4044785871
        5.6104781000       118.4784450012         2.8610472294         1.3965428462         0.9746689957        84.9886748762        15.0113251238         1.4019273900
        5.6154361000       116.4938443212         2.8588070346         1.3990951731         0.9848765056        88.7981179455        11.2018820545         1.3993761929
        5.6204252000       122.3475537006         2.8654090941         1.3965428462         0.9797727506        84.9886748762        15.0113251238         1.3891714046
        5.6254302000       120.3629530205         2.8631726439         1.3990951731         0.9899802605        88.7981179455        11.2018820545         1.3840690105
        5.6304408000       109.4154832587         2.8508006264         1.4067521537         1.0001877703       100.2264471535        -0.2264471535         1.3891714046
        5.6354304000       126.1832384604         2.8697263010         1.3965428462         0.9976358929        84.9886748762        15.0113251238         1.3993761929
        5.6404610000       136.7995221362         2.8816415846         1.3914381925         1.0052915252        77.3697887376        22.6302112624         1.3917226017
        5.6454192000       102.3371221962         2.8427671007         1.4144091342         1.0154990351       111.6547763614       -11.6547763614         1.4044785871
        5.6504283000        71.2147962259         2.8070746678         1.4322754222         1.0154990351       138.3208778465       -38.3208778465         1.3993761929
        5.6554413000        94.9606406716         2.8343643064         1.4144091342         1.0308102998       111.6547763614       -11.6547763614         1.3942737988
        5.6604492000       101.6409677691         2.8419754694         1.4093044805         1.0359140547       104.0358902228        -4.0358902228         1.3917226017
        5.6654404000       101.0452643184         2.8412978414         1.4093044805         1.0486734420       104.0358902228        -4.0358902228         1.3993761929
        5.6704830000       100.4495608676         2.8406200054         1.4093044805         1.0563290744       104.0358902228        -4.0358902228         1.3942737988
        5.6754342000        95.6535626316         2.8351550373         1.4118568074         1.0563290744       107.8453332921        -7.8453332921         1.3840690105
        5.6804394000       102.8961692403         2.8434026172         1.4067521537         1.0639847068       100.2264471535        -0.2264471535         1.3815178134
        5.6854305000       119.6639244420         2.8623844567         1.3965428462         1.0767440941        84.9886748762        15.0113251238         1.3993761929
        5.6904342000       100.8781446207         2.8411077011         1.4093044805         1.0843997265       104.0358902228        -4.0358902228         1.3993761929
        5.6954409000        83.4812620288         2.8212199117         1.4195137880         1.0895034814       119.2736625000       -19.2736625000         1.3968249959
        5.7004340000       110.0385040304         2.8515063923         1.4016475000         1.0843997265        92.6075610149         7.3924389851         1.4044785871
        5.7054370000        77.5272808309         2.8143674505         1.4220661148         1.0971591138       123.0831055693       -23.0831055693         1.3942737988
        5.7104243000        82.5207693948         2.8201161437         1.4169614611         1.1073666236       115.4642194307       -15.4642194307         1.3993761929
        5.7154325000        92.8391117664         2.8319414574         1.4093044805         1.1150222560       104.0358902228        -4.0358902228         1.3993761929
        5.7204447000        83.8428187451         2.8216352379         1.4144091342         1.1226778884       111.6547763614       -11.6547763614         1.3942737988
        5.7254543000        94.7234406279         2.8340935563         1.4067521537         1.1252297658       100.2264471535        -0.2264471535         1.3942737988
        5.7304372000       103.0906062589         2.8436236081         1.4016475000         1.1328853982        92.6075610149         7.3924389851         1.3891714046
        5.7354416000        78.9799726300         2.8160416533         1.4169614611         1.1430929080       115.4642194307       -15.4642194307         1.3891714046
        5.7404340000        97.6989045722         2.8374873708         1.4041998268         1.1430929080        96.4170040842         3.5829959158         1.4044785871
        5.7454473000        89.8271705733         2.8284968400         1.4093044805         1.1507485404       104.0358902228        -4.0358902228         1.4070297842
        5.7504219000       101.8323514785         2.8421931293         1.4016475000         1.1507485404        92.6075610149         7.3924389851         1.3993761929
        5.7556264000        98.7231917760         2.8386544273         1.4041998268         1.1635079277        96.4170040842         3.5829959158         1.3840690105
        5.7604617000       103.4523421330         2.8440346876         1.4016475000         1.1635079277        92.6075610149         7.3924389851         1.4044785871
        5.7654583000       108.7437720012         2.8500394679         1.3990951731         1.1686116826        88.7981179455        11.2018820545         1.4019273900
        5.7705111000       114.5974813805         2.8566645901         1.3965428462         1.1762673150        84.9886748762        15.0113251238         1.3993761929
        5.7755131000       104.2122911299         2.8448980556         1.4041998268         1.1890267023        96.4170040842         3.5829959158         1.4019273900
        5.7804668000       100.5408519163         2.8407238967         1.4067521537         1.1966823347       100.2264471535        -0.2264471535         1.3942737988
        5.7856279000       100.5074279767         2.8406858601         1.4067521537         1.2094417220       100.2264471535        -0.2264471535         1.3891714046
        5.7904562000       100.4740040372         2.8406478228         1.4067521537         1.2094417220       100.2264471535        -0.2264471535         1.3891714046
        5.7954363000       104.6408748830         2.8453848189         1.4041998268         1.2196492318        96.4170040842         3.5829959158         1.4044785871
        5.8004235000       109.3700252400         2.8507491228         1.4016475000         1.2196492318        92.6075610149         7.3924389851         1.3993761929
        5.8054372000       106.2608655375         2.8472237831         1.4041998268         1.2324086191        96.4170040842         3.5829959158         1.3993761929
        5.8104222000        85.7882471827         2.8238684640         1.4169614611         1.2451680064       115.4642194307       -15.4642194307         1.3993761929
        5.8154765000        96.1065895543         2.8356718510         1.4093044805         1.2502717613       104.0358902228        -4.0358902228         1.3917226017
        5.8204319000        95.5108861036         2.8349922456         1.4093044805         1.2502717613       104.0358902228        -4.0358902228         1.4044785871
        5.8254314000       103.3157722235         2.8438794973         1.4041998268         1.2528236388        96.4170040842         3.5829959158         1.4070297842
        5.8304296000       103.8446277951         2.8444803994         1.4041998268         1.2604792711        96.4170040842         3.5829959158         1.3968249959
        5.8354422000        95.9728937962         2.8355193438         1.4093044805         1.2630311486       104.0358902228        -4.0358902228         1.3968249959
        5.8404524000        99.5774851308         2.8396273145         1.4067521537         1.2732386584       100.2264471535        -0.2264471535         1.3968249959
        5.8454304000       103.7443559766         2.8443664797         1.4041998268         1.2859980457        96.4170040842         3.5829959158         1.3917226017
        5.8504454000        87.4720324070         2.8257992929         1.4144091342         1.2962055556       111.6547763614       -11.6547763614         1.3917226017
        5.8554305000        94.1523595045         2.8334415569         1.4093044805         1.3064130654       104.0358902228        -4.0358902228         1.3993761929
        5.8604413000        85.1560664832         2.8231430414         1.4144091342         1.3115168203       111.6547763614       -11.6547763614         1.3993761929
        5.8654205000        91.8363935807         2.8307953382         1.4093044805         1.3115168203       104.0358902228        -4.0358902228         1.3993761929
        5.8704540000        87.0403953447         2.8253045059         1.4118568074         1.3268280851       107.8453332921        -7.8453332921         1.3917226017
        5.8754355000        90.0827071681         2.8287893113         1.4093044805         1.3319318400       104.0358902228        -4.0358902228         1.3968249959
        5.8804549000        81.0864141468         2.8184666451         1.4144091342         1.3370355949       111.6547763614       -11.6547763614         1.3968249959
        5.8854290000        91.9670360295         2.8309447002         1.4067521537         1.3395874724       100.2264471535        -0.2264471535         1.4044785871
        5.8904460000        91.9336120900         2.8309064880         1.4067521537         1.3446912273       100.2264471535        -0.2264471535         1.4044785871
        5.8954305000        91.9001881505         2.8308682751         1.4067521537         1.3472431047       100.2264471535        -0.2264471535         1.3993761929
        5.9004441000        96.0670589963         2.8356267595         1.4041998268         1.3548987371        96.4170040842         3.5829959158         1.3993761929
        5.9054466000       100.7962093532         2.8410144734         1.4016475000         1.3625543695        92.6075610149         7.3924389851         1.3993761929
        5.9104328000        89.2864600802         2.8278778369         1.4093044805         1.3727618793       104.0358902228        -4.0358902228         1.3917226017
        5.9154197000        92.8910514148         2.8320008077         1.4067521537         1.3855212666       100.2264471535        -0.2264471535         1.3891714046
        5.9204529000        92.8576274753         2.8319626151         1.4067521537         1.3931768990       100.2264471535        -0.2264471535         1.3942737988
        5.9254423000        84.4236139652         2.8223022211         1.4118568074         1.4033844088       107.8453332921        -7.8453332921         1.3917226017
        5.9304563000        79.0653362179         2.8161399868         1.4144091342         1.4084881638       111.6547763614       -11.6547763614         1.3993761929
        5.9354323000        94.1462528860         2.8334345839         1.4041998268         1.4110400412        96.4170040842         3.5829959158         1.4044785871
        5.9404689000        86.2745188871         2.8244262749         1.4093044805         1.4237994285       104.0358902228        -4.0358902228         1.3993761929
        5.9454301000        68.8776362952         2.8043670486         1.4195137880         1.4212475511       119.2736625000       -19.2736625000         1.3917226017
        5.9504396000        70.2331095850         2.8059378790         1.4169614611         1.4391106933       115.4642194307       -15.4642194307         1.3993761929
        5.9554202000        84.7517467419         2.8226789465         1.4067521537         1.4442144482       100.2264471535        -0.2264471535         1.3968249959
        5.9604559000        97.3192071583         2.8370545888         1.3990951731         1.4442144482        88.7981179455        11.2018820545         1.3917226017
        5.9654403000        69.5705582552         2.8051702361         1.4169614611         1.4569738355       115.4642194307       -15.4642194307         1.3993761929
        5.9704451000        84.0891954121         2.8219182040         1.4067521537         1.4595257129       100.2264471535        -0.2264471535         1.4044785871
        5.9754361000        88.2560662579         2.8266977191         1.4041998268         1.4646294679        96.4170040842         3.5829959158         1.4044785871
        5.9804293000       101.3858061855         2.8416852419         1.3965428462         1.4646294679        84.9886748762        15.0113251238         1.3993761929
        5.9854618000        95.2009107201         2.8346385252         1.4016475000         1.4799407326        92.6075610149         7.3924389851         1.4044785871
        5.9904392000       104.6926353736         2.8454435987         1.3965428462         1.4799407326        84.9886748762        15.0113251238         1.3968249959
        5.9954470000       102.7080346935         2.8431887688         1.3990951731         1.4927001199        88.7981179455        11.2018820545         1.4044785871
        6.0004326000       100.1611545023         2.8402917599         1.4016475000         1.4901482425        92.6075610149         7.3924389851         1.3993761929
        6.0054486000        92.8517000146         2.8319558419         1.4067521537         1.5054595072       100.2264471535        -0.2264471535         1.3942737988
        6.0104282000        97.0185708604         2.8367118593         1.4041998268         1.5105632621        96.4170040842         3.5829959158         1.4070297842
        6.0154357000       101.7477212173         2.8420968823         1.4016475000         1.5105632621        92.6075610149         7.3924389851         1.3993761929
        6.0204279000        86.0376771590         2.8241546093         1.4118568074         1.5309782818       107.8453332921        -7.8453332921         1.3891714046
        6.0254590000        84.8796941971         2.8228258218         1.4118568074         1.5386339142       107.8453332921        -7.8453332921         1.3942737988
        6.0304373000        92.1223008058         2.8311221986         1.4067521537         1.5386339142       100.2264471535        -0.2264471535         1.4044785871
        6.0354357000        96.2891716515         2.8358801053         1.4041998268         1.5437376691        96.4170040842         3.5829959158         1.3891714046
        6.0404386000        80.0168480820         2.8172357210         1.4144091342         1.5564970564       111.6547763614       -11.6547763614         1.3993761929
        6.0454469000       103.4983543207         2.8440869708         1.3990951731         1.5513933015        88.7981179455        11.2018820545         1.4019273900
        6.0504346000        92.5508845589         2.8316120754         1.4067521537         1.5641526888       100.2264471535        -0.2264471535         1.3942737988
        6.0554476000        71.5159866928         2.8074232998         1.4195137880         1.5769120761       119.2736625000       -19.2736625000         1.3968249959
        6.0604500000        93.8729339091         2.8331224646         1.4041998268         1.5794639535        96.4170040842         3.5829959158         1.3993761929
        6.0654411000       102.8023790514         2.8432960105         1.3990951731         1.5794639535        88.7981179455        11.2018820545         1.3993761929
        6.0704432000        96.0552040749         2.8356132367         1.4041998268         1.5896714634        96.4170040842         3.5829959158         1.3917226017
        6.0754313000        92.3837648612         2.8314210692         1.4067521537         1.5973270957       100.2264471535        -0.2264471535         1.3968249959
        6.0804448000       109.1515200629         2.8505015422         1.3965428462         1.6049827281        84.9886748762        15.0113251238         1.3942737988
        6.0854513000       102.9666245976         2.8434826970         1.4016475000         1.6049827281        92.6075610149         7.3924389851         1.3942737988
        6.0904380000        95.6571701098         2.8351591532         1.4067521537         1.6177421154       100.2264471535        -0.2264471535         1.3917226017
        6.0954679000        95.6237461703         2.8351210182         1.4067521537         1.6228458703       100.2264471535        -0.2264471535         1.3891714046
        6.1004337000        95.5903222308         2.8350828825         1.4067521537         1.6305015027       100.2264471535        -0.2264471535         1.4044785871
        6.1054487000        40.9530660824         2.7716734074         1.4399324028         1.6305015027       149.7492070545       -49.7492070545         1.3993761929
        6.1104445000        75.6129563503         2.8121589159         1.4144091342         1.6432608900       111.6547763614       -11.6547763614         1.3993761929
        6.1154359000        69.6923990919         2.8053114279         1.4169614611         1.6560202773       115.4642194307       -15.4642194307         1.3993761929
        6.1204425000        84.2110362488         2.8220581241         1.4067521537         1.6636759097       100.2264471535        -0.2264471535         1.3993761929
        6.1254303000        96.7784966652         2.8364381319         1.3990951731         1.6585721547        88.7981179455        11.2018820545         1.3891714046
        6.1304399000        85.8310269034         2.8239175437         1.4067521537         1.6713315420       100.2264471535        -0.2264471535         1.3840690105
        6.1354202000        81.5973081785         2.8190543329         1.4093044805         1.6789871744       104.0358902228        -4.0358902228         1.4044785871
        6.1404560000        85.2018995131         2.8231956435         1.4067521537         1.6866428068       100.2264471535        -0.2264471535         1.3942737988
        6.1454354000        80.9681807883         2.8183306139         1.4093044805         1.6917465617       104.0358902228        -4.0358902228         1.3942737988
        6.1504449000        80.3724773376         2.8176450903         1.4093044805         1.7070578265       104.0358902228        -4.0358902228         1.3917226017
        6.1554299000        79.7767738868         2.8169593184         1.4093044805         1.7070578265       104.0358902228        -4.0358902228         1.4044785871
        6.1604489000        58.1795965096         2.7919189659         1.4220661148         1.7070578265       123.0831055693       -23.0831055693         1.3993761929
        6.1654329000        75.7739694294         2.8123447768         1.4093044805         1.7198172138       104.0358902228        -4.0358902228         1.3917226017
        6.1704634000        66.7776764081         2.8019306731         1.4144091342         1.7249209687       111.6547763614       -11.6547763614         1.3917226017
        6.1754494000        81.8585930762         2.8193548223         1.4041998268         1.7325766011        96.4170040842         3.5829959158         1.4044785871
        6.1804357000        82.3874486479         2.8199628856         1.4041998268         1.7402322334        96.4170040842         3.5829959158         1.3840690105
        6.1854484000        74.5157146490         2.8108918437         1.4093044805         1.7453359884       104.0358902228        -4.0358902228         1.3840690105
        6.1904294000        78.1203059835         2.8150510833         1.4067521537         1.7580953756       100.2264471535        -0.2264471535         1.3993761929
        6.1954443000        82.2871768293         2.8198476107         1.4041998268         1.7606472531        96.4170040842         3.5829959158         1.3968249959
        6.2004576000        82.8160324010         2.8204555180         1.4041998268         1.7657510080        96.4170040842         3.5829959158         1.4019273900
        6.2054311000        58.1431192609         2.7918763643         1.4195137880         1.7708547629       119.2736625000       -19.2736625000         1.4044785871
        6.2104606000        80.5000664772         2.8177919382         1.4041998268         1.7785103953        96.4170040842         3.5829959158         1.4044785871
        6.2154308000        76.8286272635         2.8135617275         1.4067521537         1.7912697826       100.2264471535        -0.2264471535         1.3942737988
        6.2204938000        85.1957928946         2.8231886350         1.4016475000         1.7912697826        92.6075610149         7.3924389851         1.3917226017
        6.2254487000        82.0866331922         2.8196170401         1.4041998268         1.7989254150        96.4170040842         3.5829959158         1.4044785871
        6.2304453000        91.0160783345         2.8298572320         1.3990951731         1.8014772924        88.7981179455        11.2018820545         1.3840690105
        6.2354660000        67.4677242167         2.8027316418         1.4144091342         1.8167885572       111.6547763614       -11.6547763614         1.3840690105
        6.2404559000        78.3483460995         2.8153138988         1.4067521537         1.8218923121       100.2264471535        -0.2264471535         1.3917226017
        6.2454545000        90.9158065159         2.8297425325         1.3990951731         1.8218923121        88.7981179455        11.2018820545         1.3942737988
        6.2504476000        92.5692211099         2.8316330317         1.3990951731         1.8295479445        88.7981179455        11.2018820545         1.3917226017
        6.2554551000        85.8220461334         2.8239072405         1.4041998268         1.8423073318        96.4170040842         3.5829959158         1.3917226017
        6.2604373000        65.3494277786         2.8002716679         1.4169614611         1.8474110867       115.4642194307       -15.4642194307         1.3993761929
        6.2654509000        63.0668857943         2.7976170213         1.4169614611         1.8499629642       115.4642194307       -15.4642194307         1.4044785871
        6.2704358000        85.9861125218         2.8240954579         1.4016475000         1.8525148416        92.6075610149         7.3924389851         1.3942737988
        6.2754448000        78.6766580340         2.8156922122         1.4067521537         1.8627223515       100.2264471535        -0.2264471535         1.3993761929
        6.2804390000        95.4444132357         2.8349163968         1.3965428462         1.8601704740        84.9886748762        15.0113251238         1.3942737988
        6.2854590000        93.4598125557         2.8326506077         1.3990951731         1.8729298613        88.7981179455        11.2018820545         1.3993761929
        6.2904777000        95.1132271497         2.8345384566         1.3990951731         1.8729298613        88.7981179455        11.2018820545         1.3917226017
        6.2954905000       100.9669365291         2.8412087261         1.3965428462         1.8805854937        84.9886748762        15.0113251238         1.3993761929
        6.3004374000        86.3814514931         2.8245489181         1.4067521537         1.8907930035       100.2264471535        -0.2264471535         1.4044785871
        6.3054806000        86.3480275536         2.8245105843         1.4067521537         1.8984486359       100.2264471535        -0.2264471535         1.3891714046
        6.3104453000        86.3146036141         2.8244722498         1.4067521537         1.9035523908       100.2264471535        -0.2264471535         1.3942737988
        6.3154767000       103.0823588158         2.8436142347         1.3965428462         1.9035523908        84.9886748762        15.0113251238         1.3968249959
        6.3204334000       101.0977581357         2.8413575628         1.3990951731         1.9137599006        88.7981179455        11.2018820545         1.4044785871
        6.3255000000        77.5494040180         2.8143929584         1.4144091342         1.9290711654       111.6547763614       -11.6547763614         1.3942737988
        6.3304786000       101.0309102567         2.8412815107         1.3990951731         1.9214155330        88.7981179455        11.2018820545         1.3993761929
        6.3355347000        85.8831457095         2.8239773362         1.4093044805         1.9392786752       104.0358902228        -4.0358902228         1.3968249959
        6.3404689000        97.8883266147         2.8377032429         1.4016475000         1.9418305527        92.6075610149         7.3924389851         1.3942737988
        6.3454692000        98.9794616976         2.8389463186         1.4016475000         1.9494861851        92.6075610149         7.3924389851         1.3968249959
        6.3504456000       104.2708915658         2.8449646171         1.3990951731         1.9545899400        88.7981179455        11.2018820545         1.3917226017
        6.3554596000        84.9228322333         2.8228753389         1.4118568074         1.9596936949       107.8453332921        -7.8453332921         1.3917226017
        6.3604617000        92.1654388420         2.8311715112         1.4067521537         1.9673493273       100.2264471535        -0.2264471535         1.3917226017
        6.3655062000       108.9331940437         2.8502541388         1.3965428462         1.9673493273        84.9886748762        15.0113251238         1.3891714046
        6.3704553000        98.5480037930         2.8384548656         1.4041998268         1.9801087146        96.4170040842         3.5829959158         1.3993761929
        6.3754684000        99.0768593647         2.8390572442         1.4041998268         1.9928681019        96.4170040842         3.5829959158         1.3993761929
        6.3804323000       108.0063045070         2.8492035137         1.3990951731         1.9852124695        88.7981179455        11.2018820545         1.3993761929
        6.3854368000       101.2591295304         2.8415411425         1.4041998268         2.0005237343        96.4170040842         3.5829959158         1.3968249959
        6.3904564000        97.5876903168         2.8373606170         1.4067521537         2.0056274892       100.2264471535        -0.2264471535         1.3968249959
        6.3954529000       101.7545611626         2.8421046612         1.4041998268         2.0132831215        96.4170040842         3.5829959158         1.3840690105
        6.4004405000        89.6825323784         2.8283312774         1.4118568074         2.0260425088       107.8453332921        -7.8453332921         1.3968249959
        6.4054629000       101.1254337723         2.8413890483         1.4041998268         2.0260425088        96.4170040842         3.5829959158         1.3815178134
        6.4104579000        84.8531102028         2.8227953060         1.4144091342         2.0413537736       111.6547763614       -11.6547763614         1.3968249959
        6.4154470000       112.5349112268         2.8543322732         1.3965428462         2.0388018961        84.9886748762        15.0113251238         1.4019273900
        6.4204254000        89.5488366203         2.8281782282         1.4118568074         2.0541131609       107.8453332921        -7.8453332921         1.3993761929
        6.4254656000        88.3908536584         2.8268521316         1.4118568074         2.0617687933       107.8453332921        -7.8453332921         1.3993761929
        6.4304230000       104.0340498376         2.8446955877         1.4016475000         2.0617687933        92.6075610149         7.3924389851         1.3917226017
        6.4354350000        88.3240057793         2.8267755522         1.4118568074         2.0745281806       107.8453332921        -7.8453332921         1.3968249959
        6.4404442000        99.7669071733         2.8398429735         1.4041998268         2.0745281806        96.4170040842         3.5829959158         1.4044785871
        6.4454552000       112.8966471009         2.8547414776         1.3965428462         2.0719763031        84.9886748762        15.0113251238         1.4044785871
        6.4504368000       102.5114568502         2.8429653012         1.4041998268         2.0872875679        96.4170040842         3.5829959158         1.3993761929
        6.4554474000        94.6397228513         2.8339979890         1.4093044805         2.0923913228       104.0358902228        -4.0358902228         1.4044785871
        6.4604335000       102.4446089712         2.8428893041         1.4041998268         2.1025988326        96.4170040842         3.5829959158         1.3917226017
        6.4654392000        90.3725801869         2.8291210308         1.4118568074         2.1128063424       107.8453332921        -7.8453332921         1.3993761929
        6.4704406000       101.8154815809         2.8421739441         1.4041998268         2.1153582199        96.4170040842         3.5829959158         1.3993761929
        6.4754398000       114.9452215085         2.8570575919         1.3965428462         2.1128063424        84.9886748762        15.0113251238         1.4019273900
        6.4804423000       104.5600312579         2.8452930088         1.4041998268         2.1255657297        96.4170040842         3.5829959158         1.3942737988
        6.4854305000       105.0888868295         2.8458935363         1.4041998268         2.1332213621        96.4170040842         3.5829959158         1.4044785871
        6.4904318000       114.0183319718         2.8560099211         1.3990951731         2.1357732396        88.7981179455        11.2018820545         1.3968249959
        6.4954429000       103.0708622100         2.8436011686         1.4067521537         2.1536363818       100.2264471535        -0.2264471535         1.3993761929
        6.5004573000        98.8371434851         2.8387842231         1.4093044805         2.1587401367       104.0358902228        -4.0358902228         1.3891714046
        6.5054400000       136.0440931021         2.8807952704         1.3863335388         2.1587401367        69.7509025990        30.2490974010         1.4044785871
        6.5104545000       106.9065469697         2.8479563315         1.4067521537         2.1587401367       100.2264471535        -0.2264471535         1.4044785871
        6.5154286000       111.0734178155         2.8526782951         1.4041998268         2.1740514015        96.4170040842         3.5829959158         1.3993761929
        6.5204477000       111.6022733872         2.8532769335         1.4041998268         2.1791551564        96.4170040842         3.5829959158         1.3993761929
        6.5254304000       112.1311289589         2.8538754239         1.4041998268         2.1868107888        96.4170040842         3.5829959158         1.3942737988
        6.5304433000       100.0591001746         2.8401755965         1.4118568074         2.1995701761       107.8453332921        -7.8453332921         1.3993761929
        6.5354229000       115.7022963539         2.8579129936         1.4016475000         2.1995701761        92.6075610149         7.3924389851         1.4044785871
        6.5404544000       108.3928418662         2.8496417091         1.4067521537         2.2097776859       100.2264471535        -0.2264471535         1.3993761929
        6.5454177000        99.9588283561         2.8400614560         1.4118568074         2.2148814408       107.8453332921        -7.8453332921         1.3917226017
        6.5504269000        98.8008453942         2.8387428789         1.4118568074         2.2225370732       107.8453332921        -7.8453332921         1.3917226017
        6.5554396000       114.4440415734         2.8564911590         1.4016475000         2.2301927056        92.6075610149         7.3924389851         1.3968249959
        6.5604501000       115.5351766563         2.8577241939         1.4016475000         2.2327445830        92.6075610149         7.3924389851         1.4044785871
        6.5654279000       108.2257221686         2.8494522650         1.4067521537         2.2378483379       100.2264471535        -0.2264471535         1.4044785871
        6.5704380000       116.5928877997         2.8589188804         1.4016475000         2.2429520929        92.6075610149         7.3924389851         1.3968249959
        6.5754530000       109.2834333119         2.8506510116         1.4067521537         2.2582633576       100.2264471535        -0.2264471535         1.3942737988
        6.5804643000        92.4488302312         2.8314954365         1.4169614611         2.2710227449       115.4642194307       -15.4642194307         1.3968249959
        6.5854681000       111.1677621734         2.8527850992         1.4041998268         2.2812302547        96.4170040842         3.5829959158         1.3993761929
        6.5904356000       103.2960281745         2.8438570604         1.4093044805         2.2812302547       104.0358902228        -4.0358902228         1.3993761929
        6.5954346000        98.5000299385         2.8384002140         1.4118568074         2.2812302547       107.8453332921        -7.8453332921         1.3968249959
        6.6004542000       101.5423417618         2.8418632941         1.4093044805         2.2965415195       104.0358902228        -4.0358902228         1.3993761929
        6.6054289000        75.7448695993         2.8123111876         1.4246184417         2.3016452744       126.8925486386       -26.8925486386         1.3891714046
        6.6104418000        67.5751942961         2.8028563539         1.4271707685         2.3067490293       130.7019917079       -30.7019917079         1.3942737988
        6.6154240000        88.2453029789         2.8266853882         1.4118568074         2.3220602941       107.8453332921        -7.8453332921         1.3993761929
        6.6204366000        82.8870252316         2.8205371080         1.4144091342         2.3297159265       111.6547763614       -11.6547763614         1.3993761929
        6.6254449000        85.3670575438         2.8233851819         1.4118568074         2.3322678039       107.8453332921        -7.8453332921         1.3942737988
        6.6304345000        84.2090745819         2.8220558715         1.4118568074         2.3424753138       107.8453332921        -7.8453332921         1.3891714046
        6.6354391000        83.0510916200         2.8207256515         1.4118568074         2.3501309461       107.8453332921        -7.8453332921         1.3866202076
        6.6404326000        98.6942877993         2.8386215032         1.4016475000         2.3501309461        92.6075610149         7.3924389851         1.4019273900
        6.6454401000        95.5851280969         2.8350769561         1.4041998268         2.3628903334        96.4170040842         3.5829959158         1.3993761929
        6.6504444000       100.3142784538         2.8404660418         1.4016475000         2.3628903334        92.6075610149         7.3924389851         1.3917226017
        6.6554493000        93.0048239661         2.8321308072         1.4067521537         2.3679940883       100.2264471535        -0.2264471535         1.3993761929
        6.6604313000        46.7681573883         2.7785367343         1.4348277491         2.3756497207       142.1303209159       -42.1303209159         1.3942737988
        6.6654659000        65.7514275374         2.8007387781         1.4195137880         2.3858572306       119.2736625000       -19.2736625000         1.3917226017
        6.6704330000        88.1083747537         2.8265285100         1.4041998268         2.3884091080        96.4170040842         3.5829959158         1.4044785871
        6.6754419000       109.6387042519         2.8510535181         1.3914381925         2.3909609855        77.3697887376        22.6302112624         1.3993761929
        6.6804266000        75.1763043118         2.8116547842         1.4144091342         2.4088241277       111.6547763614       -11.6547763614         1.3840690105
        6.6854357000        94.4575157652         2.8337899770         1.4016475000         2.4139278826        92.6075610149         7.3924389851         1.3815178134
        6.6904471000        78.7474717069         2.8157738007         1.4118568074         2.4139278826       107.8453332921        -7.8453332921         1.3840690105
        6.6954294000        73.3891939597         2.8095900438         1.4144091342         2.4317910248       111.6547763614       -11.6547763614         1.3993761929
        6.7004375000        71.6689314866         2.8076003095         1.4144091342         2.4292391474       111.6547763614       -11.6547763614         1.3917226017
        6.7054351000        78.3492585841         2.8153149503         1.4093044805         2.4368947797       104.0358902228        -4.0358902228         1.4044785871
        6.7104319000        56.7520812069         2.7902509542         1.4220661148         2.4445504121       123.0831055693       -23.0831055693         1.4044785871
        6.7154461000        78.5467489120         2.8155425272         1.4067521537         2.4445504121       100.2264471535        -0.2264471535         1.3968249959
        6.7204253000        70.1127354018         2.8057984362         1.4118568074         2.4649654318       107.8453332921        -7.8453332921         1.3993761929
        6.7254478000        77.3553420105         2.8141691943         1.4067521537         2.4649654318       100.2264471535        -0.2264471535         1.3993761929
        6.7304332000        89.9228024269         2.8286062992         1.3990951731         2.4649654318        88.7981179455        11.2018820545         1.3917226017
        6.7354725000        83.1756274504         2.8208687545         1.4041998268         2.4726210642        96.4170040842         3.5829959158         1.3866202076
        6.7404647000        79.5041882367         2.8166454356         1.4067521537         2.4853804515       100.2264471535        -0.2264471535         1.3891714046
        6.7454784000        87.8713538678         2.8262569269         1.4016475000         2.4853804515        92.6075610149         7.3924389851         1.3891714046
        6.7504609000        76.3616045948         2.8130229375         1.4093044805         2.5006917162       104.0358902228        -4.0358902228         1.3917226017
        6.7554707000        92.5670802853         2.8316305850         1.3990951731         2.5006917162        88.7981179455        11.2018820545         1.3942737988
        6.7604471000        81.6196105234         2.8190799835         1.4067521537         2.5134511035       100.2264471535        -0.2264471535         1.3993761929
        6.7654723000        77.3858917986         2.8142044217         1.4093044805         2.5262104908       104.0358902228        -4.0358902228         1.3942737988
        6.7704488000        80.9904831332         2.8183562742         1.4067521537         2.5313142457       100.2264471535        -0.2264471535         1.3993761929
        6.7754403000        80.9570591937         2.8183178177         1.4067521537         2.5338661232       100.2264471535        -0.2264471535         1.4044785871
        6.7804467000        97.7248143953         2.8375168999         1.3965428462         2.5313142457        84.9886748762        15.0113251238         1.4070297842
        6.7854417000        87.3396241447         2.8256475260         1.4041998268         2.5466255105        96.4170040842         3.5829959158         1.3968249959
        6.7904430000        92.0687745017         2.8310610092         1.4016475000         2.5466255105        92.6075610149         7.3924389851         1.3917226017
        6.7954574000        97.3602043698         2.8371013220         1.3990951731         2.5542811429        88.7981179455        11.2018820545         1.3866202076
        6.8004365000        82.2124398227         2.8197616867         1.4093044805         2.5670405302       104.0358902228        -4.0358902228         1.3917226017
        6.8054737000       102.6182102985         2.8430866601         1.3965428462         2.5746961625        84.9886748762        15.0113251238         1.3891714046
        6.8104527000        83.8324304772         2.8216233060         1.4093044805         2.5823517949       104.0358902228        -4.0358902228         1.3917226017
        6.8154179000        91.6373165971         2.8305677148         1.4041998268         2.5823517949        96.4170040842         3.5829959158         1.3993761929
        6.8204493000        83.7655825982         2.8215465229         1.4093044805         2.5951111822       104.0358902228        -4.0358902228         1.4044785871
        6.8254351000        87.3701739328         2.8256825433         1.4067521537         2.6027668146       100.2264471535        -0.2264471535         1.3993761929
        6.8304486000        74.7358656373         2.8111461400         1.4144091342         2.6078705695       111.6547763614       -11.6547763614         1.3993761929
        6.8354230000        73.0156031642         2.8091581183         1.4144091342         2.6231818342       111.6547763614       -11.6547763614         1.3993761929
        6.8404385000        79.6959302617         2.8168662323         1.4093044805         2.6231818342       104.0358902228        -4.0358902228         1.3942737988
        6.8454176000        83.3005215963         2.8210122587         1.4067521537         2.6282855892       100.2264471535        -0.2264471535         1.4044785871
        6.8504377000        83.2670976568         2.8209738554         1.4067521537         2.6384930990       100.2264471535        -0.2264471535         1.4044785871
        6.8554184000        87.4339685026         2.8257556651         1.4041998268         2.6410449765        96.4170040842         3.5829959158         1.3993761929
        6.8604276000        92.1631188595         2.8311688592         1.4016475000         2.6461487314        92.6075610149         7.3924389851         1.3993761929
        6.8654400000        80.6533695865         2.8179683663         1.4093044805         2.6589081187       104.0358902228        -4.0358902228         1.3993761929
        6.8704435000        92.6585504917         2.8317351206         1.4016475000         2.6589081187        92.6075610149         7.3924389851         1.4019273900
        6.8754294000        85.3490960039         2.8233645698         1.4067521537         2.6716675060       100.2264471535        -0.2264471535         1.3840690105
        6.8804455000        81.1153772791         2.8184999666         1.4093044805         2.6793231383       104.0358902228        -4.0358902228         1.3917226017
        6.8854291000        67.9187894725         2.8032550143         1.4169614611         2.6920825256       115.4642194307       -15.4642194307         1.3968249959
        6.8905474000        82.4374266294         2.8200203389         1.4067521537         2.6920825256       100.2264471535        -0.2264471535         1.3993761929
        6.8954649000        95.0048870458         2.8344148072         1.3990951731         2.6997381580        88.7981179455        11.2018820545         1.4044785871
        6.9004492000        79.8571224986         2.8170518300         1.4093044805         2.7073937904       104.0358902228        -4.0358902228         1.4019273900
        6.9054420000        75.0611242626         2.8115217812         1.4118568074         2.7099456679       107.8453332921        -7.8453332921         1.3993761929
        6.9104516000        86.5040256566         2.8246894914         1.4041998268         2.7150494228        96.4170040842         3.5829959158         1.4044785871
        6.9154364000        74.4319968724         2.8107951320         1.4118568074         2.7252569326       107.8453332921        -7.8453332921         1.4044785871
        6.9204505000        81.6746034811         2.8191432309         1.4067521537         2.7380163199       100.2264471535        -0.2264471535         1.4044785871
        6.9254248000        81.6411795415         2.8191047903         1.4067521537         2.7405681974       100.2264471535        -0.2264471535         1.3942737988
        6.9304356000        77.4074608167         2.8142292928         1.4093044805         2.7507757072       104.0358902228        -4.0358902228         1.3917226017
        6.9354201000        89.4126417219         2.8280223061         1.4016475000         2.7533275847        92.6075610149         7.3924389851         1.4019273900
        6.9404605000        61.1017133077         2.7953281629         1.4195137880         2.7737426043       119.2736625000       -19.2736625000         1.3891714046
        6.9454418000        70.8577761681         2.8066613241         1.4118568074         2.7737426043       107.8453332921        -7.8453332921         1.4044785871
        6.9504580000        69.6997932062         2.8053199960         1.4118568074         2.7813982367       107.8453332921        -7.8453332921         1.4044785871
        6.9554410000        26.5388623913         2.7545241606         1.4373800759         2.7865019916       145.9397639852       -45.9397639852         1.3917226017
        6.9604500000        53.3604425998         2.7862810939         1.4169614611         2.7890538691       115.4642194307       -15.4642194307         1.3993761929
        6.9654338000        80.4799641126         2.8177688022         1.3990951731         2.7967095015        88.7981179455        11.2018820545         1.3993761929
        6.9704349000        77.9330839214         2.8148352829         1.4016475000         2.8018132564        92.6075610149         7.3924389851         1.4044785871
        6.9754460000        74.8239242189         2.8112478465         1.4041998268         2.8222282761        96.4170040842         3.5829959158         1.3993761929
        6.9805037000        66.9521902200         2.8021332737         1.4093044805         2.8273320310       104.0358902228        -4.0358902228         1.3891714046
        6.9854629000        74.7570763399         2.8111706386         1.4041998268         2.8247801535        96.4170040842         3.5829959158         1.3968249959
        6.9904492000        83.6865214821         2.8214557076         1.3990951731         2.8298839084        88.7981179455        11.2018820545         1.3891714046
        6.9954428000        89.5402308615         2.8281683762         1.3965428462         2.8375395408        84.9886748762        15.0113251238         1.3968249959
        7.0004270000        74.9547458256         2.8113989333         1.4067521537         2.8477470506       100.2264471535        -0.2264471535         1.3917226017
        7.0054364000        70.7210271007         2.8065029760         1.4093044805         2.8554026830       104.0358902228        -4.0358902228         1.3942737988
        7.0104430000        74.3256184353         2.8106722351         1.4067521537         2.8656101929       100.2264471535        -0.2264471535         1.3942737988
        7.0154504000        78.4924892811         2.8154800042         1.4041998268         2.8707139478        96.4170040842         3.5829959158         1.3917226017
        7.0204306000        66.4204604969         2.8015158922         1.4118568074         2.8834733351       107.8453332921        -7.8453332921         1.3993761929
        7.0254410000        69.4627723202         2.8050453220         1.4093044805         2.8860252125       104.0358902228        -4.0358902228         1.3968249959
        7.0304315000        85.6682480107         2.8237307865         1.3990951731         2.8911289674        88.7981179455        11.2018820545         1.3968249959
        7.0354411000        87.3216626048         2.8256269375         1.3990951731         2.8962327224        88.7981179455        11.2018820545         1.3968249959
        7.0404207000        93.1753719842         2.8323256646         1.3965428462         2.8962327224        84.9886748762        15.0113251238         1.3968249959
        7.0454574000        91.1907713041         2.8300570456         1.3990951731         2.9115439871        88.7981179455        11.2018820545         1.3942737988
        7.0504371000        80.2433015423         2.8174964046         1.4067521537         2.9140958646       100.2264471535        -0.2264471535         1.3968249959
        7.0554346000        76.0095828174         2.8126167166         1.4093044805         2.9294071293       104.0358902228        -4.0358902228         1.3942737988
        7.0604332000        88.0147637226         2.8264212531         1.4016475000         2.9294071293        92.6075610149         7.3924389851         1.3917226017
        7.0654518000        84.9056040202         2.8228555632         1.4041998268         2.9345108842        96.4170040842         3.5829959158         1.3942737988
        7.0704312000        77.0338700213         2.8137984603         1.4093044805         2.9472702715       104.0358902228        -4.0358902228         1.3993761929
        7.0754449000        80.6384613558         2.8179512100         1.4067521537         2.9549259039       100.2264471535        -0.2264471535         1.3993761929
        7.0804313000        97.4062165575         2.8371537705         1.3965428462         2.9549259039        84.9886748762        15.0113251238         1.4044785871
        7.0854612000        78.6204367363         2.8156274339         1.4093044805         2.9727890461       104.0358902228        -4.0358902228         1.4019273900
        7.0904435000        78.0247332856         2.8149409252         1.4093044805         2.9727890461       104.0358902228        -4.0358902228         1.4044785871
        7.0954617000        98.4305037613         2.8383210076         1.3965428462         2.9702371687        84.9886748762        15.0113251238         1.4044785871
        7.1004370000        92.2456082960         2.8312631526         1.4016475000         2.9829965560        92.6075610149         7.3924389851         1.3891714046
        7.1054564000        72.3352694524         2.8083712875         1.4144091342         2.9957559433       111.6547763614       -11.6547763614         1.3993761929
        7.1104550000        91.6164809057         2.8305438899         1.4016475000         3.0034115756        92.6075610149         7.3924389851         1.3968249959
        7.1154196000        88.5073212033         2.8269855473         1.4041998268         2.9957559433        96.4170040842         3.5829959158         1.3968249959
        7.1204256000        84.8358819897         2.8227755295         1.4067521537         3.0059634531       100.2264471535        -0.2264471535         1.3993761929
        7.1254416000        97.4033424061         2.8371504944         1.3990951731         3.0110672080        88.7981179455        11.2018820545         1.4019273900
        7.1304501000       103.2570517854         2.8438127674         1.3965428462         3.0161709629        84.9886748762        15.0113251238         1.3993761929
        7.1354345000        80.2709771789         2.8175282612         1.4118568074         3.0289303502       107.8453332921        -7.8453332921         1.3917226017
        7.1404430000        91.7138785729         2.8306552582         1.4041998268         3.0365859826        96.4170040842         3.5829959158         1.3917226017
        7.1454290000        88.0424393592         2.8264529637         1.4067521537         3.0442416150       100.2264471535        -0.2264471535         1.4044785871
        7.1504387000        83.8087206344         2.8215960727         1.4093044805         3.0518972474       104.0358902228        -4.0358902228         1.4044785871
        7.1554186000        87.4133119690         2.8257319887         1.4067521537         3.0518972474       100.2264471535        -0.2264471535         1.3993761929
        7.1604545000        87.3798880295         2.8256936779         1.4067521537         3.0646566347       100.2264471535        -0.2264471535         1.4044785871
        7.1654340000        87.3464640899         2.8256553663         1.4067521537         3.0723122670       100.2264471535        -0.2264471535         1.3917226017
        7.1704506000        87.3130401504         2.8256170539         1.4067521537         3.0825197769       100.2264471535        -0.2264471535         1.3993761929
        7.1754338000       104.0807953521         2.8447486886         1.3965428462         3.0774160220        84.9886748762        15.0113251238         1.3891714046
        7.1804483000        93.6956051015         2.8329199371         1.4041998268         3.0901754092        96.4170040842         3.5829959158         1.3891714046
        7.1854261000        98.4247554584         2.8383144588         1.4016475000         3.0978310416        92.6075610149         7.3924389851         1.3968249959
        7.1904432000        91.1153009707         2.8299707252         1.4067521537         3.1003829191       100.2264471535        -0.2264471535         1.4044785871
        7.1954438000       112.0833509577         2.8538213610         1.3939905194         3.1003829191        81.1792318069        18.8207681931         1.4044785871
        7.2004539000       106.4607350035         2.8474505669         1.3990951731         3.1131423064        88.7981179455        11.2018820545         1.4044785871
        7.2054402000        95.5132652417         2.8349949603         1.4067521537         3.1182460613       100.2264471535        -0.2264471535         1.3993761929
        7.2104279000        99.6801360875         2.8397441863         1.4041998268         3.1207979388        96.4170040842         3.5829959158         1.3993761929
        7.2154408000       100.2089916591         2.8403462084         1.4041998268         3.1284535711        96.4170040842         3.5829959158         1.3968249959
        7.2204786000       100.7378472308         2.8409480653         1.4041998268         3.1412129584        96.4170040842         3.5829959158         1.4019273900
        7.2254344000        88.6658184466         2.8271670945         1.4118568074         3.1514204683       107.8453332921        -7.8453332921         1.3891714046
        7.2304583000        91.7081302700         2.8306486856         1.4093044805         3.1616279781       104.0358902228        -4.0358902228         1.3942737988
        7.2354287000       103.7133111751         2.8443312083         1.4016475000         3.1539723457        92.6075610149         7.3924389851         1.3993761929
        7.2404449000       104.8044462580         2.8455705673         1.4016475000         3.1590761006        92.6075610149         7.3924389851         1.3993761929
        7.2454621000       101.6952865556         2.8420372481         1.4041998268         3.1667317330        96.4170040842         3.5829959158         1.3968249959
        7.2504530000        93.8235525566         2.8330660680         1.4093044805         3.1845948752       104.0358902228        -4.0358902228         1.3993761929
        7.2554334000       105.8287334618         2.8467333841         1.4016475000         3.1794911203        92.6075610149         7.3924389851         1.3968249959
        7.2604260000        94.3189841888         2.8336318122         1.4093044805         3.2024580174       104.0358902228        -4.0358902228         1.3917226017
        7.2654341000        93.7232807381         2.8329515468         1.4093044805         3.2050098949       104.0358902228        -4.0358902228         1.3917226017
        7.2704161000        93.1275772873         2.8322710593         1.4093044805         3.2101136498       104.0358902228        -4.0358902228         1.3968249959
        7.2754596000        96.7321686219         2.8363853056         1.4067521537         3.2152174047       100.2264471535        -0.2264471535         1.3993761929
        7.2804322000        96.6987446824         2.8363471927         1.4067521537         3.2177692822       100.2264471535        -0.2264471535         1.3891714046
        7.2854458000        96.6653207429         2.8363090790         1.4067521537         3.2279767920       100.2264471535        -0.2264471535         1.3917226017
        7.2904318000        79.8307176622         2.8170214286         1.4169614611         3.2432880568       115.4642194307       -15.4642194307         1.3917226017
        7.2954479000        94.3493548191         2.8336664881         1.4067521537         3.2407361793       100.2264471535        -0.2264471535         1.3968249959
        7.3004264000        90.1156360942         2.8288269966         1.4093044805         3.2458399342       104.0358902228        -4.0358902228         1.3993761929
        7.3054582000        93.7202274288         2.8329480595         1.4067521537         3.2560474441       100.2264471535        -0.2264471535         1.4044785871
        7.3104381000        93.6868034893         2.8329098843         1.4067521537         3.2611511990       100.2264471535        -0.2264471535         1.4019273900
        7.3154310000        93.6533795498         2.8328717084         1.4067521537         3.2713587088       100.2264471535        -0.2264471535         1.3942737988
        7.3204359000        85.2193660397         2.8232156892         1.4118568074         3.2764624638       107.8453332921        -7.8453332921         1.3942737988
        7.3254242000        79.8610882924         2.8170563960         1.4144091342         3.2866699736       111.6547763614       -11.6547763614         1.3840690105
        7.3304362000        78.1408258193         2.8150747339         1.4144091342         3.2943256060       111.6547763614       -11.6547763614         1.3840690105
        7.3354451000        84.8211529168         2.8227586216         1.4093044805         3.2994293609       104.0358902228        -4.0358902228         1.3891714046
        7.3404262000        75.8248598955         2.8124035169         1.4144091342         3.2994293609       111.6547763614       -11.6547763614         1.3968249959
        7.3454402000        99.3063661342         2.8393186057         1.3990951731         3.3147406256        88.7981179455        11.2018820545         1.4044785871
        7.3504213000        96.7594859430         2.8364164548         1.4016475000         3.3172925031        92.6075610149         7.3924389851         1.4044785871
        7.3554531000        64.2482627434         2.7989915022         1.4220661148         3.3377075228       123.0831055693       -23.0831055693         1.3917226017
        7.3604437000        77.6423408779         2.8145001101         1.4118568074         3.3453631551       107.8453332921        -7.8453332921         1.3968249959
        7.3654616000        68.0837683454         2.8034464008         1.4169614611         3.3504669101       115.4642194307       -15.4642194307         1.4019273900
        7.3704379000        82.6024055023         2.8202099819         1.4067521537         3.3530187875       100.2264471535        -0.2264471535         1.4044785871
        7.3754450000        78.3686867775         2.8153373395         1.4093044805         3.3606744199       104.0358902228        -4.0358902228         1.3993761929
        7.3804270000        81.9732781121         2.8194867003         1.4067521537         3.3683300523       100.2264471535        -0.2264471535         1.4019273900
        7.3854448000        73.5392646020         2.8097635184         1.4118568074         3.3810894396       107.8453332921        -7.8453332921         1.3942737988
        7.3908801000        76.5815764253         2.8132767320         1.4093044805         3.3785375621       104.0358902228        -4.0358902228         1.3993761929
        7.3956329000        59.1846938334         2.7930923865         1.4195137880         3.3938488269       119.2736625000       -19.2736625000         1.3968249959
        7.4004635000        68.9407566938         2.8044402285         1.4118568074         3.4015044592       107.8453332921        -7.8453332921         1.3942737988
        7.4054702000        76.1833633025         2.8128172644         1.4067521537         3.4015044592       100.2264471535        -0.2264471535         1.3968249959
        7.4104633000        63.5490550071         2.7981781379         1.4144091342         3.4142638465       111.6547763614       -11.6547763614         1.3942737988
        7.4154436000        66.0290873193         2.8010613356         1.4118568074         3.4219194789       107.8453332921        -7.8453332921         1.3993761929
        7.4205201000        73.2716939280         2.8094542077         1.4067521537         3.4219194789       100.2264471535        -0.2264471535         1.3917226017
        7.4254617000        73.2382699885         2.8094155661         1.4067521537         3.4270232338       100.2264471535        -0.2264471535         1.3917226017
        7.4304747000        81.6054356195         2.8190636805         1.4016475000         3.4372307437        92.6075610149         7.3924389851         1.3942737988
        7.4357006000        74.2959811318         2.8106379943         1.4067521537         3.4423344986       100.2264471535        -0.2264471535         1.4044785871
        7.4404625000        61.6616728364         2.7959806697         1.4144091342         3.4550938859       111.6547763614       -11.6547763614         1.3917226017
        7.4454859000        72.5422947192         2.8086107562         1.4067521537         3.4550938859       100.2264471535        -0.2264471535         1.4070297842
        7.4504432000        85.1097551356         2.8230898889         1.3990951731         3.4627495183        88.7981179455        11.2018820545         1.3917226017
        7.4554451000        90.9634645149         2.8297970486         1.3965428462         3.4653013957        84.9886748762        15.0113251238         1.4044785871
        7.4604378000        80.5782742643         2.8178819453         1.4041998268         3.4780607830        96.4170040842         3.5829959158         1.4019273900
        7.4654234000        81.1071298359         2.8184904781         1.4041998268         3.4831645379        96.4170040842         3.5829959158         1.4044785871
        7.4704587000        69.0351010517         2.8045496030         1.4118568074         3.4882682929       107.8453332921        -7.8453332921         1.3917226017
        7.4754355000        76.2777076604         2.8129261315         1.4067521537         3.5035795576       100.2264471535        -0.2264471535         1.3942737988
        7.4804503000        80.4445785062         2.8177280760         1.4041998268         3.5010276801        96.4170040842         3.5829959158         1.3942737988
        7.4854295000        76.7731392925         2.8134977210         1.4067521537         3.5163389449       100.2264471535        -0.2264471535         1.3993761929
        7.4904564000        68.3391257824         2.8037425912         1.4118568074         3.5163389449       107.8453332921        -7.8453332921         1.3917226017
        7.4954504000        83.9823219617         2.8217954638         1.4016475000         3.5163389449        92.6075610149         7.3924389851         1.3993761929
        7.5004651000        85.0734570446         2.8230482278         1.4016475000         3.5290983322        92.6075610149         7.3924389851         1.4044785871
        7.5054281000        94.5651816980         2.8339128935         1.3965428462         3.5290983322        84.9886748762        15.0113251238         1.3993761929
        7.5104609000        67.3788123062         2.8026284585         1.4144091342         3.5469614744       111.6547763614       -11.6547763614         1.3993761929
        7.5154446000        74.0591394037         2.8103643408         1.4093044805         3.5571689842       104.0358902228        -4.0358902228         1.3993761929
        7.5204218000        86.0643203089         2.8241851718         1.4016475000         3.5622727392        92.6075610149         7.3924389851         1.3917226017
        7.5254344000        74.5545710358         2.8109367293         1.4093044805         3.5622727392       104.0358902228        -4.0358902228         1.3866202076
        7.5304425000        78.1591623704         2.8150958678         1.4067521537         3.5622727392       100.2264471535        -0.2264471535         1.3917226017
        7.5354285000        86.5263280015         2.8247150676         1.4016475000         3.5673764941        92.6075610149         7.3924389851         1.3968249959
        7.5404411000        96.0180526550         2.8355708579         1.3965428462         3.5801358814        84.9886748762        15.0113251238         1.4019273900
        7.5454299000        89.8331571896         2.8285036924         1.4016475000         3.5877915138        92.6075610149         7.3924389851         1.4044785871
        7.5504538000        86.7239974872         2.8249417396         1.4041998268         3.5928952687        96.4170040842         3.5829959158         1.3942737988
        7.5554444000        57.8507895617         2.7915349135         1.4220661148         3.6082065334       123.0831055693       -23.0831055693         1.3942737988
        7.5604523000        79.6454572669         2.8168081136         1.4067521537         3.6031027785       100.2264471535        -0.2264471535         1.3968249959
        7.5654388000        92.2129176832         2.8312257846         1.3990951731         3.6082065334        88.7981179455        11.2018820545         1.3993761929
        7.5704450000        98.0666270626         2.8379064206         1.3965428462         3.6184140433        84.9886748762        15.0113251238         1.4044785871
        7.5754296000       100.2823211678         2.8404296699         1.3965428462         3.6184140433        84.9886748762        15.0113251238         1.3891714046
        7.5804407000        94.0974257025         2.8333788287         1.4016475000         3.6362771855        92.6075610149         7.3924389851         1.3942737988
        7.5854224000       120.3903294972         2.8632035073         1.3863335388         3.6337253080        69.7509025990        30.2490974010         1.4019273900
        7.5904329000       133.2557312178         2.8776694499         1.3812288851         3.6464846953        62.1320164604        37.8679835396         1.3968249959
        7.5954165000       101.0424493225         2.8412946388         1.4041998268         3.6541403277        96.4170040842         3.5829959158         1.3993761929
        7.6005118000       101.5713048942         2.8418962368         1.4041998268         3.6592440826        96.4170040842         3.5829959158         1.3942737988
        7.6054350000       106.3004552512         2.8472687057         1.4016475000         3.6668997150        92.6075610149         7.3924389851         1.3917226017
        7.6104723000        98.9910007634         2.8389594607         1.4067521537         3.6745553474       100.2264471535        -0.2264471535         1.4044785871
        7.6154580000       103.1578716092         2.8437000546         1.4041998268         3.6873147347        96.4170040842         3.5829959158         1.3993761929
        7.6204414000        95.2861376103         2.8347357856         1.4093044805         3.6796591023       104.0358902228        -4.0358902228         1.4044785871
        7.6254334000        98.8907289449         2.8388452565         1.4067521537         3.6873147347       100.2264471535        -0.2264471535         1.3993761929
        7.6304154000        90.4567154347         2.8292173018         1.4118568074         3.7000741219       107.8453332921        -7.8453332921         1.3917226017
        7.6354456000       110.3002063993         2.8518027898         1.3990951731         3.7026259994        88.7981179455        11.2018820545         1.3968249959
        7.6404261000        95.1524418522         2.8345832109         1.4093044805         3.7153853867       104.0358902228        -4.0358902228         1.3942737988
        7.6454515000        90.3564436162         2.8291025662         1.4118568074         3.7204891416       107.8453332921        -7.8453332921         1.3917226017
        7.6504460000        97.5990502248         2.8373735645         1.4067521537         3.7306966515       100.2264471535        -0.2264471535         1.3942737988
        7.6554343000       105.9662158559         2.8468894154         1.4016475000         3.7485597937        92.6075610149         7.3924389851         1.3993761929
        7.6604472000        86.0558770123         2.8241754865         1.4144091342         3.7536635486       111.6547763614       -11.6547763614         1.3993761929
        7.6654280000       101.1367936804         2.8414019719         1.4041998268         3.7460079162        96.4170040842         3.5829959158         1.4070297842
        7.6704415000       114.2665336080         2.8562905087         1.3965428462         3.7511116711        84.9886748762        15.0113251238         1.3993761929
        7.6754497000       103.8813433573         2.8445221108         1.4041998268         3.7613191810        96.4170040842         3.5829959158         1.3942737988
        7.6804348000        96.0096093584         2.8355612265         1.4093044805         3.7740785683       104.0358902228        -4.0358902228         1.3968249959
        7.6854275000       108.0147902636         2.8492131344         1.4016475000         3.7715266908        92.6075610149         7.3924389851         1.4044785871
        7.6904268000       104.9056305611         2.8456854626         1.4041998268         3.7791823232        96.4170040842         3.5829959158         1.4044785871
        7.6954401000       101.2341913475         2.8415127732         1.4067521537         3.7919417105       100.2264471535        -0.2264471535         1.4044785871
        7.7004258000       109.6013569786         2.8510112085         1.4016475000         3.7919417105        92.6075610149         7.3924389851         1.4019273900
        7.7054389000        85.4907233496         2.8235270910         1.4169614611         3.8149086076       115.4642194307       -15.4642194307         1.3993761929
        7.7104370000        95.8090657212         2.8353324497         1.4093044805         3.8174604851       104.0358902228        -4.0358902228         1.3993761929
        7.7154279000       103.6139518411         2.8442183179         1.4041998268         3.8174604851        96.4170040842         3.5829959158         1.4044785871
        7.7204352000        91.5419230569         2.8304586334         1.4118568074         3.8251161174       107.8453332921        -7.8453332921         1.4044785871
        7.7254499000        98.7845296656         2.8387242947         1.4067521537         3.8327717498       100.2264471535        -0.2264471535         1.4070297842
        7.7304527000        98.7511057261         2.8386862232         1.4067521537         3.8404273822       100.2264471535        -0.2264471535         1.4044785871
        7.7356064000        81.9165026453         2.8194214145         1.4169614611         3.8531867695       115.4642194307       -15.4642194307         1.3968249959
        7.7404466000        96.4351398022         2.8360465828         1.4067521537         3.8506348920       100.2264471535        -0.2264471535         1.3917226017
        7.7454620000        96.4017158627         2.8360084638         1.4067521537         3.8582905244       100.2264471535        -0.2264471535         1.3993761929
        7.7504429000        87.9677023526         2.8263673293         1.4118568074         3.8736017892       107.8453332921        -7.8453332921         1.3968249959
        7.7554449000        99.4106037466         2.8394373007         1.4041998268         3.8684980342        96.4170040842         3.5829959158         1.4044785871
        7.7604416000       112.5403436741         2.8543384190         1.3965428462         3.8838092990        84.9886748762        15.0113251238         1.4044785871
        7.7654235000       102.1551534235         2.8425602023         1.4041998268         3.8812574215        96.4170040842         3.5829959158         1.3891714046
        7.7704511000        90.0831246393         2.8287897891         1.4118568074         3.9016724412       107.8453332921        -7.8453332921         1.3993761929
        7.7754171000       105.7263208186         2.8466171472         1.4016475000         3.8940168088        92.6075610149         7.3924389851         1.3968249959
        7.7804304000       102.6171611161         2.8430854674         1.4041998268         3.9042243187        96.4170040842         3.5829959158         1.3968249959
        7.7854396000       115.7469010437         2.8579633823         1.3965428462         3.9093280736        84.9886748762        15.0113251238         1.3968249959
        7.7904427000        96.9611212224         2.8366463597         1.4093044805         3.9169837060       104.0358902228        -4.0358902228         1.3968249959
        7.7954284000       100.5657125570         2.8407521879         1.4067521537         3.9271912158       100.2264471535        -0.2264471535         1.3942737988
        7.8004420000        96.3319938322         2.8359289456         1.4093044805         3.9348468482       104.0358902228        -4.0358902228         1.3917226017
        7.8054276000       108.3371747374         2.8495786075         1.4016475000         3.9450543580        92.6075610149         7.3924389851         1.3993761929
        7.8104373000       101.0277202497         2.8412778814         1.4067521537         3.9578137453       100.2264471535        -0.2264471535         1.3993761929
        7.8154193000       105.1945910954         2.8460135469         1.4041998268         3.9578137453        96.4170040842         3.5829959158         1.3968249959
        7.8204580000        97.3228570965         2.8370587495         1.4093044805         3.9654693777       104.0358902228        -4.0358902228         1.3942737988
        7.8254403000        88.3265640752         2.8267784830         1.4144091342         3.9705731326       111.6547763614       -11.6547763614         1.3840690105
        7.8304522000        99.2071859580         2.8392056635         1.4067521537         3.9782287650       100.2264471535        -0.2264471535         1.3840690105
        7.8354284000        90.7731724479         2.8295793641         1.4118568074         3.9833325199       107.8453332921        -7.8453332921         1.3917226017
        7.8404660000       110.6166634125         2.8521611519         1.3990951731         3.9858843974        88.7981179455        11.2018820545         1.3968249959
        7.8455378000       116.4703727918         2.8587805284         1.3965428462         3.9986437847        84.9886748762        15.0113251238         1.4044785871
        7.8505084000        76.6831190441         2.8133938759         1.4220661148         4.0062994170       123.0831055693       -23.0831055693         1.4070297842
        7.8554657000        31.2730701844         2.7601788351         1.4475893834         4.0190588043       161.1775362624       -61.1775362624         1.3993761929
        7.8604785000        72.6467114893         2.8087315242         1.4169614611         4.0267144367       115.4642194307       -15.4642194307         1.3942737988
        7.8654444000        99.7662330021         2.8398422060         1.3990951731         4.0241625592        88.7981179455        11.2018820545         1.3942737988
        7.8704255000        88.8187632403         2.8273422662         1.4067521537         4.0394738240       100.2264471535        -0.2264471535         1.3891714046
        7.8755504000        88.7853393008         2.8273039862         1.4067521537         4.0471294564       100.2264471535        -0.2264471535         1.3891714046
        7.8804983000        92.9522101466         2.8320706903         1.4041998268         4.0471294564        96.4170040842         3.5829959158         1.3942737988
        7.8854546000        97.6813605035         2.8374673759         1.4016475000         4.0496813338        92.6075610149         7.3924389851         1.3968249959
        7.8904814000        94.5722008011         2.8339209066         1.4041998268         4.0675444760        96.4170040842         3.5829959158         1.3993761929
        7.8954284000        86.7004668022         2.8249147578         1.4093044805         4.0777519859       104.0358902228        -4.0358902228         1.3993761929
        7.9004493000        98.7056477073         2.8386344431         1.4016475000         4.0726482310        92.6075610149         7.3924389851         1.3968249959
        7.9054439000        99.7967827902         2.8398769852         1.4016475000         4.0803038633        92.6075610149         7.3924389851         1.4044785871
        7.9104319000       109.2885074437         2.8506567608         1.3965428462         4.0854076183        84.9886748762        15.0113251238         1.3942737988
        7.9154456000        94.7030224077         2.8340702485         1.4067521537         4.0981670056       100.2264471535        -0.2264471535         1.4019273900
        7.9204406000       119.8713671800         2.8626183828         1.3914381925         4.0956151281        77.3697887376        22.6302112624         1.3942737988
        7.9254401000       110.6107359517         2.8521544400         1.3990951731         4.1032707605        88.7981179455        11.2018820545         1.3942737988
        7.9304179000       103.8635609752         2.8445019089         1.4041998268         4.1134782703        96.4170040842         3.5829959158         1.3993761929
        7.9354302000       104.3924165469         2.8451026455         1.4041998268         4.1160301478        96.4170040842         3.5829959158         1.4044785871
        7.9404371000       113.3218616892         2.8552224032         1.3990951731         4.1160301478        88.7981179455        11.2018820545         1.4019273900
        7.9454529000       110.7749814979         2.8523404143         1.4016475000         4.1211339027        92.6075610149         7.3924389851         1.4070297842
        7.9504310000       120.2667061514         2.8630641351         1.3965428462         4.1313414125        84.9886748762        15.0113251238         1.3968249959
        7.9554416000       101.4809263301         2.8417934385         1.4093044805         4.1415489224       104.0358902228        -4.0358902228         1.4019273900
        7.9604260000       109.2858124500         2.8506537073         1.4041998268         4.1492045547        96.4170040842         3.5829959158         1.4044785871
        7.9654354000       122.4155523776         2.8654856887         1.3965428462         4.1492045547        84.9886748762        15.0113251238         1.4044785871
        7.9704473000       107.8300673416         2.8490036964         1.4067521537         4.1594120646       100.2264471535        -0.2264471535         1.4044785871
        7.9754511000       120.3975277580         2.8632116224         1.3990951731         4.1645158195        88.7981179455        11.2018820545         1.4019273900
        7.9804463000       105.2497632109         2.8460761837         1.4093044805         4.1849308392       104.0358902228        -4.0358902228         1.3968249959
        7.9854468000       104.6540597601         2.8453997919         1.4093044805         4.1925864715       104.0358902228        -4.0358902228         1.3917226017
        7.9904651000        95.6577667388         2.8351598339         1.4144091342         4.1976902265       111.6547763614       -11.6547763614         1.3917226017
        7.9954421000       106.5383886216         2.8475386713         1.4067521537         4.2002421039       100.2264471535        -0.2264471535         1.4044785871
        8.0004332000       106.5049646821         2.8475007495         1.4067521537         4.2053458588       100.2264471535        -0.2264471535         1.3917226017
        8.0054627000       106.4715407426         2.8474628271         1.4067521537         4.2130014912       100.2264471535        -0.2264471535         1.3917226017
        8.0104492000       106.4381168031         2.8474249041         1.4067521537         4.2257608785       100.2264471535        -0.2264471535         1.3993761929
        8.0154419000        98.0041032929         2.8378351754         1.4118568074         4.2308646334       107.8453332921        -7.8453332921         1.4044785871
        8.0204427000       105.2467099016         2.8460727173         1.4067521537         4.2359683883       100.2264471535        -0.2264471535         1.4044785871
        8.0254513000       109.4135807474         2.8507984709         1.4041998268         4.2410721433        96.4170040842         3.5829959158         1.4070297842
        8.0304381000       101.5418467485         2.8418627310         1.4093044805         4.2512796531       104.0358902228        -4.0358902228         1.3968249959
        8.0354244000        92.5455537271         2.8316059829         1.4144091342         4.2614871629       111.6547763614       -11.6547763614         1.3993761929
        8.0404367000       103.4261756099         2.8440049543         1.4067521537         4.2640390404       100.2264471535        -0.2264471535         1.3968249959
        8.0454495000       107.5930464557         2.8487349358         1.4041998268         4.2742465502        96.4170040842         3.5829959158         1.3968249959
        8.0504379000       120.7227863833         2.8635782807         1.3965428462         4.2767984277        84.9886748762        15.0113251238         1.4044785871
        8.0554448000       106.1373013473         2.8470835687         1.4067521537         4.2793503051       100.2264471535        -0.2264471535         1.4044785871
        8.0604715000       106.1038774078         2.8470456394         1.4067521537         4.2895578150       100.2264471535        -0.2264471535         1.4044785871
        8.0654379000        93.4695691124         2.8326617527         1.4144091342         4.3023172023       111.6547763614       -11.6547763614         1.3917226017
        8.0704353000       104.3501909952         2.8450546866         1.4067521537         4.3099728347       100.2264471535        -0.2264471535         1.3891714046
        8.0754445000        95.9161774851         2.8354546440         1.4118568074         4.3150765896       107.8453332921        -7.8453332921         1.3891714046
        8.0804378000       107.3590788791         2.8484696070         1.4041998268         4.3125247121        96.4170040842         3.5829959158         1.3993761929
        8.0854397000       103.6876396654         2.8443020413         1.4067521537         4.3278359769       100.2264471535        -0.2264471535         1.3968249959
        8.0904490000       103.6542157259         2.8442640657         1.4067521537         4.3252840994       100.2264471535        -0.2264471535         1.3993761929
        8.0954332000        78.4190230746         2.8153953462         1.4220661148         4.3456991191       123.0831055693       -23.0831055693         1.3917226017
        8.1004469000        66.6113324973         2.8017375354         1.4271707685         4.3456991191       130.7019917079       -30.7019917079         1.3917226017
        8.1054273000        91.4817359653         2.8303898072         1.4093044805         4.3533547515       104.0358902228        -4.0358902228         1.4044785871
        8.1104365000       116.0878012264         2.8583484549         1.3939905194         4.3559066289        81.1792318069        18.8207681931         1.4044785871
        8.1154284000        89.4637113457         2.8280807743         1.4118568074         4.3661141388       107.8453332921        -7.8453332921         1.3815178134
        8.1204362000        88.3057283838         2.8267546135         1.4118568074         4.3814254035       107.8453332921        -7.8453332921         1.3840690105
        8.1254435000        95.5483349925         2.8350349754         1.4067521537         4.3839772810       100.2264471535        -0.2264471535         1.3840690105
        8.1304552000        99.7152058383         2.8397841131         1.4041998268         4.3941847908        96.4170040842         3.5829959158         1.3840690105
        8.1354378000        96.0437666247         2.8356001901         1.4067521537         4.3941847908       100.2264471535        -0.2264471535         1.4044785871
        8.1404471000       100.2106374705         2.8403480817         1.4041998268         4.3967366683        96.4170040842         3.5829959158         1.3993761929
        8.1454294000        88.1386086862         2.8265631500         1.4118568074         4.4171516879       107.8453332921        -7.8453332921         1.3942737988
        8.1504418000        91.1809205096         2.8300457788         1.4093044805         4.4222554428       104.0358902228        -4.0358902228         1.3993761929
        8.1554230000       115.7869857707         2.8580086641         1.3939905194         4.4145998105        81.1792318069        18.8207681931         1.4019273900
        8.1604365000       105.9640750312         2.8468869858         1.4016475000         4.4299110752        92.6075610149         7.3924389851         1.3917226017
        8.1654281000       107.0552101141         2.8481249623         1.4016475000         4.4324629527        92.6075610149         7.3924389851         1.3891714046
        8.1704375000       103.9460504117         2.8445956206         1.4041998268         4.4477742174        96.4170040842         3.5829959158         1.3891714046
        8.1754400000       112.8754955539         2.8547175523         1.3990951731         4.4477742174        88.7981179455        11.2018820545         1.3917226017
        8.1804535000       106.1283205774         2.8470733774         1.4041998268         4.4554298498        96.4170040842         3.5829959158         1.3891714046
        8.1854328000       119.2580605050         2.8619267174         1.3965428462         4.4579817273        84.9886748762        15.0113251238         1.3968249959
        8.1904327000       104.6725754690         2.8454208186         1.4067521537         4.4681892371       100.2264471535        -0.2264471535         1.3917226017
        8.1954279000       113.0397411001         2.8549033301         1.4016475000         4.4732929920        92.6075610149         7.3924389851         1.3917226017
        8.2004250000       118.3311709683         2.8608810553         1.3990951731         4.4835005019        88.7981179455        11.2018820545         1.3993761929
        8.2054472000        56.9801637828         2.7905175756         1.4373800759         4.4835005019       145.9397639852       -45.9397639852         1.3993761929
        8.2104373000        96.4026283473         2.8360095044         1.4093044805         4.4911561342       104.0358902228        -4.0358902228         1.3942737988
        8.2154398000       104.2075144672         2.8448926300         1.4041998268         4.5039155215        96.4170040842         3.5829959158         1.3917226017
        8.2204376000       108.9366648241         2.8502580720         1.4016475000         4.5115711539        92.6075610149         7.3924389851         1.3942737988
        8.2254633000        93.2266207658         2.8323842147         1.4118568074         4.5217786637       107.8453332921        -7.8453332921         1.3993761929
        8.2304212000       100.4692273745         2.8406423867         1.4067521537         4.5243305412       100.2264471535        -0.2264471535         1.4044785871
        8.2354406000       100.4358034350         2.8406043487         1.4067521537         4.5370899285       100.2264471535        -0.2264471535         1.3968249959
        8.2404368000        92.0017899248         2.8309844321         1.4118568074         4.5421936834       107.8453332921        -7.8453332921         1.3993761929
        8.2454506000        99.2443965335         2.8392480380         1.4067521537         4.5498493158       100.2264471535        -0.2264471535         1.3993761929
        8.2504355000        95.0106778087         2.8344214165         1.4093044805         4.5575049482       104.0358902228        -4.0358902228         1.3993761929
        8.2554461000       107.0158587139         2.8480803266         1.4016475000         4.5626087031        92.6075610149         7.3924389851         1.3942737988
        8.2604319000        95.5061094408         2.8349867953         1.4093044805         4.5677124580       104.0358902228        -4.0358902228         1.3993761929
        8.2654404000        94.9104059901         2.8343069694         1.4093044805         4.5677124580       104.0358902228        -4.0358902228         1.3942737988
        8.2704256000        90.1144077541         2.8288255909         1.4118568074         4.5830237228       107.8453332921        -7.8453332921         1.3917226017
        8.2754615000       105.7576039334         2.8466526537         1.4016475000         4.5779199678        92.6075610149         7.3924389851         1.3993761929
        8.2804375000        98.4481494457         2.8383411104         1.4067521537         4.5881274777       100.2264471535        -0.2264471535         1.3840690105
        8.2854341000        81.6135463649         2.8190730089         1.4169614611         4.5983349875       115.4642194307       -15.4642194307         1.3917226017
        8.2904376000       100.3324783071         2.8404867555         1.4041998268         4.6034387424        96.4170040842         3.5829959158         1.3917226017
        8.2954480000        96.6610390935         2.8363041965         1.4067521537         4.6085424974       100.2264471535        -0.2264471535         1.3917226017
        8.3004327000        92.4273203687         2.8314708518         1.4093044805         4.6238537621       104.0358902228        -4.0358902228         1.3968249959
        8.3054395000        83.4310273474         2.8211621992         1.4144091342         4.6289575170       111.6547763614       -11.6547763614         1.3968249959
        8.3104469000        94.3116492302         2.8336234373         1.4067521537         4.6366131494       100.2264471535        -0.2264471535         1.3968249959
        8.3154431000        98.4785200759         2.8383757096         1.4041998268         4.6391650269        96.4170040842         3.5829959158         1.4070297842
        8.3204339000       103.2076704329         2.8437566490         1.4016475000         4.6468206592        92.6075610149         7.3924389851         1.3917226017
        8.3254340000        95.8982159452         2.8354341538         1.4067521537         4.6493725367       100.2264471535        -0.2264471535         1.3917226017
        8.3304369000        91.6644972203         2.8305987944         1.4093044805         4.6570281691       104.0358902228        -4.0358902228         1.3917226017
        8.3354341000        91.0687937696         2.8299175299         1.4093044805         4.6697875564       104.0358902228        -4.0358902228         1.3993761929
        8.3404318000        94.6733851042         2.8340364164         1.4067521537         4.6748913113       100.2264471535        -0.2264471535         1.3993761929
        8.3454470000        94.6399611647         2.8339982610         1.4067521537         4.6850988211       100.2264471535        -0.2264471535         1.3917226017
        8.3504366000        98.8068320105         2.8387496978         1.4041998268         4.6902025760        96.4170040842         3.5829959158         1.3993761929
        8.3554592000        95.1353927968         2.8345637535         1.4067521537         4.7004100859       100.2264471535        -0.2264471535         1.3993761929
        8.3604304000       107.7028532132         2.8488594508         1.3990951731         4.6953063310        88.7981179455        11.2018820545         1.3968249959
        8.3654330000       100.9556782367         2.8411959170         1.4041998268         4.7080657183        96.4170040842         3.5829959158         1.3993761929
        8.3704776000       105.6848285936         2.8465700525         1.4016475000         4.7106175957        92.6075610149         7.3924389851         1.3917226017
        8.3754284000       123.5771428177         2.8667937848         1.3914381925         4.7157213506        77.3697887376        22.6302112624         1.4019273900
        8.3804379000       114.3165115895         2.8563470042         1.3990951731         4.7259288605        88.7981179455        11.2018820545         1.4044785871
        8.3854178000       111.7696313982         2.8534663437         1.4016475000         4.7284807379        92.6075610149         7.3924389851         1.3993761929
        8.3904319000       108.6604716958         2.8499450580         1.4041998268         4.7310326154        96.4170040842         3.5829959158         1.3968249959
        8.3954384000       125.9905064087         2.8695095350         1.3939905194         4.7361363703        81.1792318069        18.8207681931         1.3968249959
        8.4004458000       111.9673008839         2.8536900402         1.4041998268         4.7488957576        96.4170040842         3.5829959158         1.3993761929
        8.4054705000       116.6964512409         2.8590358252         1.4016475000         4.7565513900        92.6075610149         7.3924389851         1.3942737988
        8.4104638000       117.7875863237         2.8602676183         1.4016475000         4.7616551449        92.6075610149         7.3924389851         1.3942737988
        8.4154657000        97.8772474801         2.8376906173         1.4144091342         4.7769664097       111.6547763614       -11.6547763614         1.3891714046
        8.4205077000       112.9581641482         2.8548110604         1.4041998268         4.7718626547        96.4170040842         3.5829959158         1.3968249959
        8.4254676000       100.8861353640         2.8411167930         1.4118568074         4.7922776744       107.8453332921        -7.8453332921         1.3942737988
        8.4304737000        99.7281524021         2.8397988525         1.4118568074         4.7999333068       107.8453332921        -7.8453332921         1.3993761929
        8.4354518000       106.9707590107         2.8480291697         1.4067521537         4.7973814293       100.2264471535        -0.2264471535         1.3968249959
        8.4404788000       102.7370402859         2.8432217401         1.4093044805         4.8126926941       104.0358902228        -4.0358902228         1.3968249959
        8.4454617000       106.3416316205         2.8473154278         1.4067521537         4.8126926941       100.2264471535        -0.2264471535         1.4044785871
        8.4504536000       106.3082076810         2.8472775023         1.4067521537         4.8229002039       100.2264471535        -0.2264471535         1.3993761929
        8.4554358000       114.6753733121         2.8567526258         1.4016475000         4.8280039588        92.6075610149         7.3924389851         1.3942737988
        8.4604410000       111.5662136096         2.8532361204         1.4041998268         4.8331077137        96.4170040842         3.5829959158         1.3917226017
        8.4654430000        99.4941848254         2.8395324695         1.4118568074         4.8484189785       107.8453332921        -7.8453332921         1.3891714046
        8.4704381000       115.1373810047         2.8572747363         1.4016475000         4.8484189785        92.6075610149         7.3924389851         1.3917226017
        8.4754295000       103.6276317316         2.8442338611         1.4093044805         4.8637302433       104.0358902228        -4.0358902228         1.3942737988
        8.4804632000       111.4325178515         2.8530847948         1.4041998268         4.8560746109        96.4170040842         3.5829959158         1.4070297842
        8.4854386000       120.3619629938         2.8631715278         1.3990951731         4.8637302433        88.7981179455        11.2018820545         1.3993761929
        8.4905678000       109.4144932320         2.8507995047         1.4067521537         4.8764896306       100.2264471535        -0.2264471535         1.3917226017
        8.4954469000        96.7801849365         2.8364400570         1.4144091342         4.8918008953       111.6547763614       -11.6547763614         1.3942737988
        8.5005118000       103.4605120340         2.8440439711         1.4093044805         4.8994565277       104.0358902228        -4.0358902228         1.3993761929
        8.5054581000        98.6645137980         2.8385875875         1.4118568074         4.8943527728       107.8453332921        -7.8453332921         1.4019273900
        8.5104759000       101.7068256214         2.8420503716         1.4093044805         4.9045602826       104.0358902228        -4.0358902228         1.4044785871
        8.5154452000       105.3114169560         2.8461461770         1.4067521537         4.9147677924       100.2264471535        -0.2264471535         1.4044785871
        8.5204592000       105.2779930165         2.8461082323         1.4067521537         4.9224234248       100.2264471535        -0.2264471535         1.3968249959
        8.5254372000        88.4433899357         2.8269123140         1.4169614611         4.9351828121       115.4642194307       -15.4642194307         1.3891714046
        8.5304455000        94.5614375220         2.8339086191         1.4118568074         4.9428384445       107.8453332921        -7.8453332921         1.3942737988
        8.5354366000        93.4034545601         2.8325862287         1.4118568074         4.9402865670       107.8453332921        -7.8453332921         1.3891714046
        8.5404251000        79.6445872423         2.8168071118         1.4195137880         4.9504940769       119.2736625000       -19.2736625000         1.3942737988
        8.5454568000       102.0015344586         2.8423855226         1.4041998268         4.9581497092        96.4170040842         3.5829959158         1.4044785871
        8.5504450000       102.5303900303         2.8429868252         1.4041998268         4.9607015867        96.4170040842         3.5829959158         1.3968249959
        8.5554543000       107.2595403873         2.8483567172         1.4016475000         4.9632534642        92.6075610149         7.3924389851         1.3993761929
        8.5604371000        95.7497911142         2.8352648254         1.4093044805         4.9760128515       104.0358902228        -4.0358902228         1.3917226017
        8.5654463000        95.1540876635         2.8345850891         1.4093044805         4.9836684838       104.0358902228        -4.0358902228         1.3993761929
        8.5704314000       102.9589737834         2.8434740012         1.4041998268         4.9862203613        96.4170040842         3.5829959158         1.3917226017
        8.5754414000        95.0872397845         2.8345087977         1.4093044805         4.9989797486       104.0358902228        -4.0358902228         1.3968249959
        8.5804311000       111.2927154749         2.8529265473         1.3990951731         4.9964278711        88.7981179455        11.2018820545         1.4044785871
        8.5854404000        83.5440665719         2.8212920627         1.4169614611         5.0117391359       115.4642194307       -15.4642194307         1.3968249959
        8.5904244000        51.8594610905         2.7845211080         1.4348277491         5.0142910133       142.1303209159       -42.1303209159         1.3968249959
        8.5954337000        54.0415520984         2.7870791001         1.4297230954         5.0117391359       134.5114347772       -34.5114347772         1.3968249959
        8.6004354000        57.3482021288         2.7909477099         1.4246184417         5.0117391359       126.8925486386       -26.8925486386         1.3993761929
        8.6054461000        61.7794111815         2.7961178351         1.4195137880         5.0117391359       119.2736625000       -19.2736625000         1.3993761929
        8.6104362000        92.5369479684         2.8315961475         1.3990951731         5.0066353810        88.7981179455        11.2018820545         1.4044785871
        8.6154462000        85.7897729919         2.8238702145         1.4041998268         5.0066353810        96.4170040842         3.5829959158         1.4044785871
        8.6204240000        94.7192181341         2.8340887363         1.3990951731         5.0015316260        88.7981179455        11.2018820545         1.3891714046
        8.6254462000       100.5729275135         2.8407603983         1.3965428462         5.0015316260        84.9886748762        15.0113251238         1.3891714046
        8.6304481000       102.7886216187         2.8432803727         1.3965428462         5.0066353810        84.9886748762        15.0113251238         1.3942737988
        8.6354332000        92.4034313681         2.8314435476         1.4041998268         5.0015316260        96.4170040842         3.5829959158         1.3993761929
        8.6404371000       101.3328765104         2.8416250336         1.3990951731         5.0015316260        88.7981179455        11.2018820545         1.3968249959
        8.6454335000        86.1851119632         2.8243237265         1.4093044805         5.0066353810       104.0358902228        -4.0358902228         1.3942737988
        8.6504317000        93.9899980831         2.8332561529         1.4041998268         5.0015316260        96.4170040842         3.5829959158         1.3968249959
        8.6554217000        94.5188536548         2.8338600041         1.4041998268         5.0015316260        96.4170040842         3.5829959158         1.3993761929
        8.6604471000        82.4468248705         2.8200311427         1.4118568074         5.0091872584       107.8453332921        -7.8453332921         1.3993761929
        8.6654438000        89.6894314792         2.8283391749         1.4067521537         5.0091872584       100.2264471535        -0.2264471535         1.3993761929
        8.6704440000        98.0565971103         2.8378949918         1.4016475000         5.0015316260        92.6075610149         7.3924389851         1.3917226017
        8.6754653000        82.3465530520         2.8199158719         1.4118568074         1.1175741334       107.8453332921        -7.8453332921         1.3866202076
        8.6804480000        81.1885700901         2.8185841708         1.4118568074         1.1099185011       107.8453332921        -7.8453332921         1.3917226017
        8.6854366000        92.6314714841         2.8317041743         1.4041998268         1.1073666236        96.4170040842         3.5829959158         1.3993761929
        8.6904630000        84.7597374851         2.8226881197         1.4093044805         1.1150222560       104.0358902228        -4.0358902228         1.3891714046
        8.6954435000        88.3643288197         2.8268217457         1.4067521537         1.1175741334       100.2264471535        -0.2264471535         1.3968249959
        8.7004655000        79.9303153096         2.8171360986         1.4118568074         1.1201260109       107.8453332921        -7.8453332921         1.3917226017
        8.7054439000       103.9741010595         2.8446274865         1.3965428462         1.1073666236        84.9886748762        15.0113251238         1.4044785871
        8.7104476000        89.3886160235         2.8279947991         1.4067521537         1.1201260109       100.2264471535        -0.2264471535         1.3993761929
        8.7154388000        80.9546025134         2.8183149911         1.4118568074         1.1150222560       107.8453332921        -7.8453332921         1.3993761929
        8.7204404000        88.1972091221         2.8266302886         1.4067521537         0.0049555613       100.2264471535        -0.2264471535         1.3942737988
        8.7254277000        92.3640799679         2.8313985696         1.4041998268         0.0024036839        96.4170040842         3.5829959158         1.3942737988
        8.7304414000       101.2935251101         2.8415802697         1.3990951731        -0.0027000711        88.7981179455        11.2018820545         1.3942737988
        8.7354270000        94.5463501336         2.8338913950         1.4041998268        -0.0052519485        96.4170040842         3.5829959158         1.4044785871
        8.7404394000        78.2740265641         2.8152282498         1.4144091342         0.0075074388       111.6547763614       -11.6547763614         1.3993761929
        8.7454384000        89.1546484469         2.8277269107         1.4067521537         0.0024036839       100.2264471535        -0.2264471535         1.3917226017
        8.7504675000        93.3215192926         2.8324926287         1.4041998268        -0.0052519485        96.4170040842         3.5829959158         1.3993761929
        8.7554380000        98.0506696496         2.8378882375         1.4016475000        -0.0027000711        92.6075610149         7.3924389851         1.4019273900
        8.7604469000        99.1418047325         2.8391312069         1.4016475000        -0.0052519485        92.6075610149         7.3924389851         1.3993761929
        8.7654338000        87.6320554594         2.8259826966         1.4093044805         0.0075074388       104.0358902228        -4.0358902228         1.3942737988
        8.7704463000        70.2351728675         2.8059402690         1.4195137880         0.0075074388       119.2736625000       -19.2736625000         1.3942737988
        8.7754286000        92.5921200838         2.8316592020         1.4041998268         0.0024036839        96.4170040842         3.5829959158         1.4044785871
        8.7804628000        84.7203860849         2.8226429449         1.4093044805         0.0024036839       104.0358902228        -4.0358902228         1.4044785871
        8.7854493000        88.3249774195         2.8267766653         1.4067521537        -0.0001481936       100.2264471535        -0.2264471535         1.3993761929
        8.7904307000        71.4903743388         2.8073936558         1.4169614611        -0.0001481936       115.4642194307       -15.4642194307         1.3942737988
        8.7954386000        73.4081271398         2.8096119306         1.4144091342        -0.0001481936       111.6547763614       -11.6547763614         1.3917226017
        8.8004382000        67.4875698814         2.8027546721         1.4169614611         0.0126111937       115.4642194307       -15.4642194307         1.3993761929
        8.8054343000        86.2065018236         2.8243482609         1.4041998268         0.0151630711        96.4170040842         3.5829959158         1.3993761929
        8.8104787000        82.5350626099         2.8201325736         1.4067521537         0.0228187035       100.2264471535        -0.2264471535         1.3993761929
        8.8154558000        74.1010490998         2.8104127674         1.4118568074         0.0279224584       107.8453332921        -7.8453332921         1.3917226017
        8.8204363000        81.3436557085         2.8187625759         1.4067521537         0.0355780908       100.2264471535        -0.2264471535         1.3942737988
        8.8254448000        72.9096421984         2.8090355931         1.4118568074         0.0432337232       107.8453332921        -7.8453332921         1.3968249959
        8.8304305000        84.3525435924         2.8222206164         1.4041998268         0.0406818457        96.4170040842         3.5829959158         1.4044785871
        8.8354399000        80.6811043787         2.8180002830         1.4067521537         0.0483374781       100.2264471535        -0.2264471535         1.4044785871
        8.8404475000        76.4473856539         2.8131219124         1.4093044805         0.0559931105       104.0358902228        -4.0358902228         1.4044785871
        8.8454464000        84.2522717738         2.8221054761         1.4041998268         0.0559931105        96.4170040842         3.5829959158         1.3993761929
        8.8504469000        88.9814221308         2.8275285469         1.4016475000         0.0636487429        92.6075610149         7.3924389851         1.3993761929
        8.8554586000        81.6719676430         2.8191401995         1.4067521537         0.0738562527       100.2264471535        -0.2264471535         1.3993761929
        8.8604424000        81.6385437035         2.8191017588         1.4067521537         0.0815118851       100.2264471535        -0.2264471535         1.3993761929
        8.8654293000        81.6051197640         2.8190633173         1.4067521537         0.0917193949       100.2264471535        -0.2264471535         1.3840690105
        8.8704524000        89.9722853951         2.8286629346         1.4016475000         0.0942712724        92.6075610149         7.3924389851         1.4044785871
        8.8754491000        91.0634204779         2.8299113839         1.4016475000         0.0993750273        92.6075610149         7.3924389851         1.3891714046
        8.8804240000        66.9527868490         2.8021339664         1.4169614611         0.1146862920       115.4642194307       -15.4642194307         1.3917226017
        8.8854398000        73.0708344353         2.8092219802         1.4118568074         0.1274456793       107.8453332921        -7.8453332921         1.3917226017
        8.8904372000        84.5137358293         2.8224056962         1.4041998268         0.1325494343        96.4170040842         3.5829959158         1.3993761929
        8.8954408000        76.6420018303         2.8133464422         1.4093044805         0.1402050666       104.0358902228        -4.0358902228         1.3968249959
        8.9004377000        76.0462983796         2.8126590893         1.4093044805         0.1478606990       104.0358902228        -4.0358902228         1.3993761929
        8.9054559000        92.2517740701         2.8312702005         1.3990951731         0.1478606990        88.7981179455        11.2018820545         1.3993761929
        8.9104365000        93.9051886642         2.8331593006         1.3990951731         0.1504125765        88.7981179455        11.2018820545         1.3993761929
        8.9154446000        95.5586032582         2.8350466915         1.3990951731         0.1555163314        88.7981179455        11.2018820545         1.3993761929
        8.9204301000        76.2105439258         2.8128486297         1.4118568074         0.1708275961       107.8453332921        -7.8453332921         1.3840690105
        8.9254399000        70.8522661786         2.8066549441         1.4144091342         0.1810351060       111.6547763614       -11.6547763614         1.3891714046
        8.9304470000        77.5325932761         2.8143735757         1.4093044805         0.1912426158       104.0358902228        -4.0358902228         1.3891714046
        8.9354385000        85.3374793960         2.8233512388         1.4041998268         0.1912426158        96.4170040842         3.5829959158         1.4044785871
        8.9404463000        77.4657453970         2.8142964987         1.4093044805         0.1963463707       104.0358902228        -4.0358902228         1.4044785871
        8.9454381000        81.0703367316         2.8184481481         1.4067521537         0.1988982482       100.2264471535        -0.2264471535         1.3993761929
        8.9504366000        89.4375023627         2.8280507686         1.4016475000         0.2040020031        92.6075610149         7.3924389851         1.3993761929
        8.9554560000        27.5242156660         2.7557029296         1.4399324028         0.2218651453       149.7492070545       -49.7492070545         1.3993761929
        8.9604371000        83.1855798605         2.8208801903         1.4016475000         0.2269689002        92.6075610149         7.3924389851         1.4044785871
        8.9654398000        96.8775992993         2.8365511308         1.3939905194         0.2244170228        81.1792318069        18.8207681931         1.3891714046
        8.9704513000        91.2549833451         2.8301304863         1.3990951731         0.2397282875        88.7981179455        11.2018820545         1.4044785871
        8.9754398000        92.9083979392         2.8320206288         1.3990951731         0.2397282875        88.7981179455        11.2018820545         1.3891714046
        8.9804735000        90.3615177479         2.8291083724         1.4016475000         0.2524876748        92.6075610149         7.3924389851         1.4044785871
        8.9854134000        91.4526528308         2.8303565487         1.4016475000         0.2652470621        92.6075610149         7.3924389851         1.3993761929
        8.9904512000        84.1431983431         2.8219802214         1.4067521537         0.2626951847       100.2264471535        -0.2264471535         1.3917226017
        8.9954510000        92.5103639741         2.8315657648         1.4016475000         0.2703508170        92.6075610149         7.3924389851         1.3917226017
        9.0004384000        81.0006147011         2.8183679311         1.4093044805         0.2831102043       104.0358902228        -4.0358902228         1.3993761929
        9.0054343000        84.6052060357         2.8225107138         1.4067521537         0.2907658367       100.2264471535        -0.2264471535         1.3942737988
        9.0104324000        84.5717820962         2.8224723402         1.4067521537         0.2984214691       100.2264471535        -0.2264471535         1.3993761929
        9.0154230000        92.9389477272         2.8320555363         1.4016475000         0.3009733466        92.6075610149         7.3924389851         1.3993761929
        9.0204288000        85.6294932395         2.8236863202         1.4067521537         0.3035252240       100.2264471535        -0.2264471535         1.3942737988
        9.0254326000        98.1969536559         2.8380549188         1.3990951731         0.3035252240        88.7981179455        11.2018820545         1.3993761929
        9.0304423000       104.0506630352         2.8447144597         1.3965428462         0.3111808564        84.9886748762        15.0113251238         1.4044785871
        9.0354325000        89.4651779993         2.8280824534         1.4067521537         0.3239402437       100.2264471535        -0.2264471535         1.3917226017
        9.0404526000        89.4317540598         2.8280441875         1.4067521537         0.3315958761       100.2264471535        -0.2264471535         1.3917226017
        9.0454248000        76.7974457643         2.8135257593         1.4144091342         0.3469071408       111.6547763614       -11.6547763614         1.3993761929
        9.0504611000       100.2789520030         2.8404258353         1.3990951731         0.3392515084        88.7981179455        11.2018820545         1.3968249959
        9.0554445000        97.7320718118         2.8375251710         1.4016475000         0.3443552634        92.6075610149         7.3924389851         1.3993761929
        9.0608215000        90.4226173241         2.8291782859         1.4067521537         0.3596665281       100.2264471535        -0.2264471535         1.3840690105
        9.0654625000       102.9900777404         2.8435093533         1.3990951731         0.3673221605        88.7981179455        11.2018820545         1.4044785871
        9.0704518000       104.6434923345         2.8453877913         1.3990951731         0.3673221605        88.7981179455        11.2018820545         1.3993761929
        9.0754271000        93.6960225727         2.8329204140         1.4067521537         0.3775296703       100.2264471535        -0.2264471535         1.3993761929
        9.0804435000        93.6625986331         2.8328822383         1.4067521537         0.3851853027       100.2264471535        -0.2264471535         1.4044785871
        9.0854469000        85.2285851230         2.8232262696         1.4118568074         0.3979446900       107.8453332921        -7.8453332921         1.3968249959
        9.0904609000        96.6714865170         2.8363161099         1.4041998268         0.4004965675        96.4170040842         3.5829959158         1.3891714046
        9.0954409000        84.5994577328         2.8225041143         1.4118568074         0.4056003224       107.8453332921        -7.8453332921         1.3917226017
        9.1004313000        75.0408852003         2.8114984094         1.4169614611         0.4209115871       115.4642194307       -15.4642194307         1.3942737988
        9.1054349000        85.3592275719         2.8233761965         1.4093044805         0.4234634646       104.0358902228        -4.0358902228         1.3968249959
        9.1104491000        97.3644084770         2.8371061142         1.4016475000         0.4285672195        92.6075610149         7.3924389851         1.4044785871
        9.1154365000        94.2552487746         2.8335590399         1.4041998268         0.4362228519        96.4170040842         3.5829959158         1.3968249959
        9.1204532000        77.9829252051         2.8148927346         1.4144091342         0.4464303617       111.6547763614       -11.6547763614         1.3891714046
        9.1254305000        67.8620731614         2.8031892148         1.4195137880         0.4566378716       119.2736625000       -19.2736625000         1.3993761929
        9.1304402000        77.6181360218         2.8144722036         1.4118568074         0.4566378716       107.8453332921        -7.8453332921         1.3917226017
        9.1354503000        93.2613322011         2.8324238704         1.4016475000         0.4566378716        92.6075610149         7.3924389851         1.3968249959
        9.1404429000        69.1506985721         2.8046836073         1.4169614611         0.4642935039       115.4642194307       -15.4642194307         1.3993761929
        9.1454449000        83.6693357290         2.8214359662         1.4067521537         0.4796047687       100.2264471535        -0.2264471535         1.4044785871
        9.1504467000        66.8347326483         2.8019969148         1.4169614611         0.4898122785       115.4642194307       -15.4642194307         1.3993761929
        9.1554392000        81.3533698052         2.8187737501         1.4067521537         0.4974679109       100.2264471535        -0.2264471535         1.3993761929
        9.1604197000        77.1196510804         2.8138973936         1.4093044805         0.5051235433       104.0358902228        -4.0358902228         1.3917226017
        9.1654301000        72.3236528444         2.8083578495         1.4118568074         0.5076754207       107.8453332921        -7.8453332921         1.3840690105
        9.1704581000        83.7665542384         2.8215476390         1.4041998268         0.5153310531        96.4170040842         3.5829959158         1.4044785871
        9.1754463000        92.6959993806         2.8317779171         1.3990951731         0.5255385629        88.7981179455        11.2018820545         1.3968249959
        9.1804364000        98.5497087600         2.8384568079         1.3965428462         0.5280904404        84.9886748762        15.0113251238         1.4044785871
        9.1854419000        58.7624550122         2.7925995365         1.4220661148         0.5408498277       123.0831055693       -23.0831055693         1.3993761929
        9.1904401000        67.9562383614         2.8032984594         1.4144091342         0.5485054601       111.6547763614       -11.6547763614         1.3993761929
        9.1954393000        78.8368602442         2.8158767852         1.4067521537         0.5485054601       100.2264471535        -0.2264471535         1.3917226017
        9.2004413000        70.4028467341         2.8061344858         1.4118568074         0.5536092150       107.8453332921        -7.8453332921         1.3917226017
        9.2054628000        56.6439794163         2.7901245714         1.4195137880         0.5638167248       119.2736625000       -19.2736625000         1.4044785871
        9.2104365000        79.0009266326         2.8160657915         1.4041998268         0.5663686023        96.4170040842         3.5829959158         1.3993761929
        9.2154506000        92.1306665602         2.8311317619         1.3965428462         0.5714723572        84.9886748762        15.0113251238         1.3993761929
        9.2204436000        81.7454763095         2.8192247387         1.4041998268         0.5842317445        96.4170040842         3.5829959158         1.3815178134
        9.2254491000        86.4746266665         2.8246557763         1.4016475000         0.5893354994        92.6075610149         7.3924389851         1.3840690105
        9.2304318000       104.3669408906         2.8450737109         1.3914381925         0.6020948867        77.3697887376        22.6302112624         1.3968249959
        9.2354440000        82.5054253064         2.8200985056         1.4067521537         0.6046467642       100.2264471535        -0.2264471535         1.3917226017
        9.2404249000        95.0728857228         2.8344924155         1.3990951731         0.6071986416        88.7981179455        11.2018820545         1.3917226017
        9.2454385000        96.7263003169         2.8363786141         1.3990951731         0.6071986416        88.7981179455        11.2018820545         1.3993761929
        9.2504193000        94.1794201256         2.8334724564         1.4016475000         0.6148542740        92.6075610149         7.3924389851         1.4019273900
        9.2554327000        99.4708499938         2.8395059000         1.3990951731         0.6276136613        88.7981179455        11.2018820545         1.4070297842
        9.2604422000        96.9239698025         2.8366040014         1.4016475000         0.6352692937        92.6075610149         7.3924389851         1.4044785871
        9.2654444000       102.2153996707         2.8426287044         1.3990951731         0.6352692937        88.7981179455        11.2018820545         1.3993761929
        9.2704295000        95.4682246942         2.8349435672         1.4041998268         0.6505805584        96.4170040842         3.5829959158         1.4070297842
        9.2754172000        91.7967854805         2.8307500525         1.4067521537         0.6505805584       100.2264471535        -0.2264471535         1.3968249959
        9.2804629000       100.1639511116         2.8402949430         1.4016475000         0.6658918232        92.6075610149         7.3924389851         1.4019273900
        9.2854357000        88.6542018386         2.8271537891         1.4093044805         0.6658918232       104.0358902228        -4.0358902228         1.3993761929
        9.2904428000        96.4590879585         2.8360738946         1.4041998268         0.6786512105        96.4170040842         3.5829959158         1.4019273900
        9.2954328000       101.1882383154         2.8414604969         1.4016475000         0.6812030879        92.6075610149         7.3924389851         1.3993761929
        9.3004427000        98.0790786130         2.8379206088         1.4041998268         0.6939624752        96.4170040842         3.5829959158         1.4044785871
        9.3054277000        90.2073446141         2.8289319482         1.4093044805         0.6990662302       104.0358902228        -4.0358902228         1.4019273900
        9.3104427000        77.0107568075         2.8137718024         1.4169614611         0.7118256175       115.4642194307       -15.4642194307         1.3993761929
        9.3154448000        91.5293939644         2.8304443061         1.4067521537         0.7143774949       100.2264471535        -0.2264471535         1.3942737988
        9.3204299000        87.2956752395         2.8255971490         1.4093044805         0.7194812498       104.0358902228        -4.0358902228         1.3917226017
        9.3254383000       103.5011509300         2.8440901486         1.3990951731         0.7220331273        88.7981179455        11.2018820545         1.3968249959
        9.3304303000       100.9542707388         2.8411943156         1.4016475000         0.7271368822        92.6075610149         7.3924389851         1.3968249959
        9.3355586000       102.0454058216         2.8424354100         1.4016475000         0.7398962695        92.6075610149         7.3924389851         1.4044785871
        9.3404834000        86.3353617633         2.8244960578         1.4118568074         0.7526556568       107.8453332921        -7.8453332921         1.3942737988
        9.3454303000       106.1788527279         2.8471307201         1.3990951731         0.7501037793        88.7981179455        11.2018820545         1.3993761929
        9.3504363000       103.6319725366         2.8442387931         1.4016475000         0.7577594117        92.6075610149         7.3924389851         1.3993761929
        9.3554446000       108.9234024048         2.8502430425         1.3990951731         0.7654150441        88.7981179455        11.2018820545         1.3993761929
        9.3604311000        97.9759326430         2.8378030745         1.4067521537         0.7730706765       100.2264471535        -0.2264471535         1.3866202076
        9.3654227000        76.9410347769         2.8136913853         1.4195137880         0.7909338187       119.2736625000       -19.2736625000         1.3993761929
        9.3704210000        82.4968028521         2.8200885940         1.4144091342         0.7985894511       111.6547763614       -11.6547763614         1.3993761929
        9.3754398000        76.5762455937         2.8132705819         1.4169614611         0.8062450834       115.4642194307       -15.4642194307         1.3993761929
        9.3808873000        86.8945879652         2.8251373385         1.4093044805         0.8062450834       104.0358902228        -4.0358902228         1.3942737988
        9.3854675000        77.8982949439         2.8147951809         1.4144091342         0.8190044707       111.6547763614       -11.6547763614         1.3993761929
        9.3904429000        88.7789168267         2.8272966305         1.4067521537         0.8215563482       100.2264471535        -0.2264471535         1.4019273900
        9.3954451000        88.7454928872         2.8272583496         1.4067521537         0.8266601031       100.2264471535        -0.2264471535         1.4044785871
        9.4004322000        97.1126585183         2.8368191264         1.4016475000         0.8292119806        92.6075610149         7.3924389851         1.4019273900
        9.4054401000        89.8032040305         2.8284694072         1.4067521537         0.8343157355       100.2264471535        -0.2264471535         1.3993761929
        9.4104320000        89.7697800910         2.8284311486         1.4067521537         0.8496270002       100.2264471535        -0.2264471535         1.3866202076
        9.4154573000       106.5375352927         2.8475377031         1.3965428462         0.8598345101        84.9886748762        15.0113251238         1.4044785871
        9.4204252000        79.3511659008         2.8164692072         1.4144091342         0.8700420199       111.6547763614       -11.6547763614         1.3968249959
        9.4254390000        94.4320825689         2.8337609402         1.4041998268         0.8700420199        96.4170040842         3.5829959158         1.3993761929
        9.4304341000        90.7606433553         2.8295650307         1.4067521537         0.8674901425       100.2264471535        -0.2264471535         1.3993761929
        9.4354333000        90.7272194158         2.8295267927         1.4067521537         0.8828014072       100.2264471535        -0.2264471535         1.3917226017
        9.4404349000        82.2932059057         2.8198545421         1.4118568074         0.8955607945       107.8453332921        -7.8453332921         1.3942737988
        9.4454459000        76.9349281585         2.8136843418         1.4144091342         0.9032164269       111.6547763614       -11.6547763614         1.3917226017
        9.4504249000        75.2146656853         2.8116990794         1.4144091342         0.9083201818       111.6547763614       -11.6547763614         1.3993761929
        9.4554399000        98.6961719240         2.8386236494         1.3990951731         0.9032164269        88.7981179455        11.2018820545         1.3993761929
        9.4604417000        83.5484073769         2.8212970494         1.4093044805         0.9159758142       104.0358902228        -4.0358902228         1.3840690105
        9.4654402000        74.5521143556         2.8109338914         1.4144091342         0.9210795691       111.6547763614       -11.6547763614         1.3891714046
        9.4704418000        81.2324414531         2.8186346406         1.4093044805         0.9312870789       104.0358902228        -4.0358902228         1.3917226017
        9.4754276000        84.8370327877         2.8227768505         1.4067521537         0.9414945888       100.2264471535        -0.2264471535         1.3993761929
        9.4804351000        93.2041984187         2.8323585981         1.4016475000         0.9517020986        92.6075610149         7.3924389851         1.3968249959
        9.4854258000        52.2923856486         2.7850289344         1.4271707685         0.9517020986       130.7019917079       -30.7019917079         1.4044785871
        9.4904397000        85.5633786872         2.8236104598         1.4041998268         0.9491502211        96.4170040842         3.5829959158         1.4044785871
        9.4954637000        94.4928238295         2.8338302871         1.3990951731         0.9670133634        88.7981179455        11.2018820545         1.3993761929
        9.5004250000       104.5468279942         2.8452780142         1.3939905194         0.9619096084        81.1792318069        18.8207681931         1.3993761929
        9.5054597000       103.1245068253         2.8436621361         1.3965428462         0.9695652408        84.9886748762        15.0113251238         1.4044785871
        9.5104440000       113.7407905012         2.8556961275         1.3914381925         0.9772208732        77.3697887376        22.6302112624         1.4019273900
        9.5154318000        96.0795697023         2.8356410303         1.4041998268         0.9874283830        96.4170040842         3.5829959158         1.3840690105
        9.5204469000        92.4081304887         2.8314489185         1.4067521537         1.0001877703       100.2264471535        -0.2264471535         1.3891714046
        9.5254274000       104.9755909051         2.8457648995         1.3990951731         0.9950840154        88.7981179455        11.2018820545         1.3968249959
        9.5304362000       127.6304794256         2.8713534818         1.3863335388         1.0052915252        69.7509025990        30.2490974010         1.3917226017
        9.5354215000       115.2941124344         2.8574518321         1.3965428462         1.0129471576        84.9886748762        15.0113251238         1.4044785871
        9.5404250000       109.1092169691         2.8504536071         1.4016475000         1.0129471576        92.6075610149         7.3924389851         1.3993761929
        9.5454506000       118.6009416226         2.8611854382         1.3965428462         1.0180509125        84.9886748762        15.0113251238         1.3993761929
        9.5504478000       116.6163409425         2.8589453644         1.3990951731         1.0257065449        88.7981179455        11.2018820545         1.3968249959
        9.5554393000       101.4685763954         2.8417793911         1.4093044805         1.0461215646       104.0358902228        -4.0358902228         1.3993761929
        9.5604207000       113.4737573006         2.8553941772         1.4016475000         1.0410178097        92.6075610149         7.3924389851         1.4019273900
        9.5654271000       118.7651871687         2.8613707393         1.3990951731         1.0512253195        88.7981179455        11.2018820545         1.3917226017
        9.5704334000       107.8177174069         2.8489896935         1.4067521537         1.0588809519       100.2264471535        -0.2264471535         1.3840690105
        9.5754322000        99.3837038968         2.8394066705         1.4118568074         1.0665365843       107.8453332921        -7.8453332921         1.4019273900
        9.5804466000       140.2286687878         2.8854804823         1.3863335388         1.0690884617        69.7509025990        30.2490974010         1.4044785871
        9.5854887000        98.4902382996         2.8383890592         1.4144091342         1.0818478490       111.6547763614       -11.6547763614         1.4044785871
        9.5904499000       100.9702706118         2.8412125194         1.4118568074         1.0895034814       107.8453332921        -7.8453332921         1.4044785871
        9.5954656000       108.2128772205         2.8494377036         1.4067521537         1.0895034814       100.2264471535        -0.2264471535         1.3968249959
        9.6004425000        95.5785689250         2.8350694722         1.4144091342         1.0997109912       111.6547763614       -11.6547763614         1.4019273900
        9.6054273000        89.6580116666         2.8283032080         1.4169614611         1.1124703785       115.4642194307       -15.4642194307         1.3993761929
        9.6104633000        87.3754696823         2.8256886135         1.4169614611         1.1226778884       115.4642194307       -15.4642194307         1.3993761929
        9.6155436000        97.6938120539         2.8374815669         1.4093044805         1.1252297658       104.0358902228        -4.0358902228         1.4044785871
        9.6204808000        88.6975190326         2.8272034033         1.4144091342         1.1379891531       111.6547763614       -11.6547763614         1.3993761929
        9.6254608000        95.3778461301         2.8348404377         1.4093044805         1.1303335207       104.0358902228        -4.0358902228         1.4044785871
        9.6304652000       103.1827322500         2.8437283079         1.4041998268         1.1379891531        96.4170040842         3.5829959158         1.3993761929
        9.6354505000        86.9104086805         2.8251554776         1.4144091342         1.1584041728       111.6547763614       -11.6547763614         1.3917226017
        9.6404376000        76.7895566367         2.8135166590         1.4195137880         1.1660598052       119.2736625000       -19.2736625000         1.3993761929
        9.6456618000        90.7459142825         2.8295481803         1.4093044805         1.1737154375       104.0358902228        -4.0358902228         1.3993761929
        9.6504629000        90.1502108317         2.8288665647         1.4093044805         1.1737154375       104.0358902228        -4.0358902228         1.3993761929
        9.6554712000        89.5545073810         2.8281847200         1.4093044805         1.1813710699       104.0358902228        -4.0358902228         1.4044785871
        9.6604848000       101.5596882862         2.8418830241         1.4016475000         1.1864748248        92.6075610149         7.3924389851         1.3993761929
        9.6654659000        77.4490546573         2.8142772535         1.4169614611         1.1992342121       115.4642194307       -15.4642194307         1.3993761929
        9.6704726000        91.9676918142         2.8309454500         1.4067521537         1.1992342121       100.2264471535        -0.2264471535         1.4044785871
        9.6754688000        91.9342678746         2.8309072378         1.4067521537         1.2068898445       100.2264471535        -0.2264471535         1.3917226017
        9.6804680000        79.2999595792         2.8164102317         1.4144091342         1.2196492318       111.6547763614       -11.6547763614         1.3968249959
        9.6854794000        85.9802866767         2.8240887748         1.4093044805         1.2222011093       104.0358902228        -4.0358902228         1.3968249959
        9.6904675000        97.9854675819         2.8378139398         1.4016475000         1.2222011093        92.6075610149         7.3924389851         1.3993761929
        9.6954289000        78.0751287383         2.8149990123         1.4144091342         1.2400642515       111.6547763614       -11.6547763614         1.3993761929
        9.7004374000        88.9557506211         2.8274991484         1.4067521537         1.2400642515       100.2264471535        -0.2264471535         1.4044785871
        9.7054245000        93.1226214668         2.8322653972         1.4041998268         1.2477198838        96.4170040842         3.5829959158         1.4070297842
        9.7104417000        93.6514770385         2.8328695354         1.4041998268         1.2477198838        96.4170040842         3.5829959158         1.4044785871
        9.7154387000       102.5809221808         2.8430442712         1.3990951731         1.2604792711        88.7981179455        11.2018820545         1.4044785871
        9.7204266000        83.2328628483         2.8209345197         1.4118568074         1.2630311486       107.8453332921        -7.8453332921         1.3993761929
        9.7254309000        90.4754694570         2.8292387603         1.4067521537         1.2681349035       100.2264471535        -0.2264471535         1.3968249959
        9.7304317000        82.0414559469         2.8195650947         1.4118568074         1.2808942908       107.8453332921        -7.8453332921         1.3917226017
        9.7354321000        89.2840625556         2.8278750918         1.4067521537         1.2808942908       100.2264471535        -0.2264471535         1.3968249959
        9.7404462000        80.8500490455         2.8181946899         1.4118568074         1.2962055556       107.8453332921        -7.8453332921         1.4019273900
        9.7454329000        88.0926556542         2.8265104999         1.4067521537         1.3013093105       100.2264471535        -0.2264471535         1.4044785871
        9.7504405000        88.0592317146         2.8264722040         1.4067521537         1.3166205752       100.2264471535        -0.2264471535         1.3993761929
        9.7554216000        88.0258077751         2.8264339074         1.4067521537         1.3140686978       100.2264471535        -0.2264471535         1.3891714046
        9.7604520000        79.5917942650         2.8167463198         1.4118568074         1.3217243302       107.8453332921        -7.8453332921         1.3840690105
        9.7654226000        86.8344008737         2.8250683303         1.4067521537         1.3293799625       100.2264471535        -0.2264471535         1.3891714046
        9.7704515000        99.4018612900         2.8394273459         1.3990951731         1.3293799625        88.7981179455        11.2018820545         1.3993761929
        9.7754535000        80.0538019576         2.8172782632         1.4118568074         1.3497949822       107.8453332921        -7.8453332921         1.3891714046
        9.7804353000        83.0961137810         2.8207773873         1.4093044805         1.3497949822       104.0358902228        -4.0358902228         1.3968249959
        9.7854276000        65.6992311891         2.8006781348         1.4195137880         1.3548987371       119.2736625000       -19.2736625000         1.4044785871
        9.7904411000        83.8558836201         2.8216502441         1.4067521537         1.3625543695       100.2264471535        -0.2264471535         1.4044785871
        9.7954527000        79.6221648953         2.8167812923         1.4093044805         1.3676581244       104.0358902228        -4.0358902228         1.4044785871
        9.8004308000        83.2267562298         2.8209275031         1.4067521537         1.3778656343       100.2264471535        -0.2264471535         1.3993761929
        9.8054393000        91.5939218609         2.8305180941         1.4016475000         1.3753137568        92.6075610149         7.3924389851         1.4019273900
        9.8104453000        88.4847621585         2.8269597062         1.4041998268         1.3880731441        96.4170040842         3.5829959158         1.4044785871
        9.8154392000       101.6145020860         2.8419453684         1.3965428462         1.3880731441        84.9886748762        15.0113251238         1.3942737988
        9.8204181000        95.4296066207         2.8348995014         1.4016475000         1.3982806539        92.6075610149         7.3924389851         1.4044785871
        9.8254506000        92.3204469183         2.8313486966         1.4041998268         1.4084881638        96.4170040842         3.5829959158         1.3840690105
        9.8304396000        80.2484181340         2.8175022942         1.4118568074         1.4135919187       107.8453332921        -7.8453332921         1.3917226017
        9.8354496000        83.2907299574         2.8210010084         1.4093044805         1.4212475511       104.0358902228        -4.0358902228         1.3993761929
        9.8404306000        86.8953212920         2.8251381793         1.4067521537         1.4340069384       100.2264471535        -0.2264471535         1.3968249959
        9.8454488000        95.2624869231         2.8347087960         1.4016475000         1.4340069384        92.6075610149         7.3924389851         1.4044785871
        9.8504301000       100.5539167913         2.8407387644         1.3990951731         1.4416625707        88.7981179455        11.2018820545         1.3993761929
        9.8554427000       106.4076261706         2.8473903086         1.3965428462         1.4391106933        84.9886748762        15.0113251238         1.3993761929
        9.8604192000       100.2227307053         2.8403618461         1.4016475000         1.4518700806        92.6075610149         7.3924389851         1.3917226017
        9.8654327000       105.5141605734         2.8463763297         1.3990951731         1.4569738355        88.7981179455        11.2018820545         1.3840690105
        9.8704444000       102.9672803822         2.8434834424         1.4016475000         1.4646294679        92.6075610149         7.3924389851         1.3840690105
        9.8754313000        95.6578258945         2.8351599014         1.4067521537         1.4799407326       100.2264471535        -0.2264471535         1.3968249959
        9.8804556000        95.6244019549         2.8351217664         1.4067521537         1.4850444875       100.2264471535        -0.2264471535         1.3942737988
        9.8854499000        99.7912728007         2.8398707124         1.4041998268         1.4875963650        96.4170040842         3.5829959158         1.3942737988
        9.8904300000        96.1198335871         2.8356869579         1.4067521537         1.4901482425       100.2264471535        -0.2264471535         1.4044785871
        9.8954395000       104.4869992182         2.8452100669         1.4016475000         1.4978038748        92.6075610149         7.3924389851         1.4044785871
        9.9004459000        97.1775447304         2.8368930986         1.4067521537         1.5054595072       100.2264471535        -0.2264471535         1.4044785871
        9.9054373000       113.9452999321         2.8559273535         1.3965428462         1.5029076297        84.9886748762        15.0113251238         1.3993761929
        9.9104187000        99.3598148962         2.8393794684         1.4067521537         1.5156670170       100.2264471535        -0.2264471535         1.3917226017
        9.9154324000        90.9258013860         2.8297539657         1.4118568074         1.5233226494       107.8453332921        -7.8453332921         1.3917226017
        9.9204605000       106.5689975653         2.8475733987         1.4016475000         1.5233226494        92.6075610149         7.3924389851         1.3993761929
        9.9254503000        99.2595430776         2.8392652863         1.4067521537         1.5360820367       100.2264471535        -0.2264471535         1.3840690105
        9.9304342000        86.6252347822         2.8248284895         1.4144091342         1.5513933015       111.6547763614       -11.6547763614         1.3993761929
        9.9354337000        97.5058566650         2.8372673443         1.4067521537         1.5462895465       100.2264471535        -0.2264471535         1.4044785871
        9.9404506000        97.4724327254         2.8372292470         1.4067521537         1.5564970564       100.2264471535        -0.2264471535         1.4044785871
        9.9454444000       101.6393035712         2.8419735766         1.4041998268         1.5641526888        96.4170040842         3.5829959158         1.3993761929
        9.9504300000        93.7675695723         2.8330021302         1.4093044805         1.5718083211       104.0358902228        -4.0358902228         1.4044785871
        9.9554317000        97.3721609069         2.8371149512         1.4067521537         1.5743601986       100.2264471535        -0.2264471535         1.3942737988
        9.9604400000        93.1384421820         2.8322834725         1.4093044805         1.5845677084       104.0358902228        -4.0358902228         1.3942737988
        9.9654318000        88.3424439460         2.8267966748         1.4118568074         1.5973270957       107.8453332921        -7.8453332921         1.3891714046
        9.9704486000        82.9841661988         2.8206487436         1.4144091342         1.6049827281       111.6547763614       -11.6547763614         1.3891714046
        9.9754275000       123.2668515787         2.8664444199         1.3888858657         1.6024308506        73.5603456683        26.4396543317         1.3993761929
        9.9804538000       101.9676155057         2.8423469516         1.4041998268         1.6100864830        96.4170040842         3.5829959158         1.3891714046
        9.9854381000       123.4979450039         2.8667046182         1.3914381925         1.6177421154        77.3697887376        22.6302112624         1.3968249959
        9.9904491000       105.8367242051         2.8467424532         1.4041998268         1.6228458703        96.4170040842         3.5829959158         1.4044785871
        9.9954380000       110.5658745620         2.8521036412         1.4016475000         1.6330533802        92.6075610149         7.3924389851         1.4044785871
       10.0004479000        99.0561252890         2.8390336308         1.4093044805         1.6381571351       104.0358902228        -4.0358902228         1.4044785871
