% Stabilization Loop  omega_cmd=0 rad/s
% Kp_stab=2.0620  Ki_stab=66.4207  (Tustin integrator)
% LPF=OFF  fc=20.0 Hz
% Vg_offset=1.339026V  K_gimbal=26.049690  samples=601

Time[s]               OmegaU[deg/s]           Vc[V]                  Vg[V]                  Pot[V]                 Omega_h[deg/s]         omega_LPF[deg/s]       Error[deg/s]           disturbance[V]      
        0.0004468000      1192.8012427056         4.6077116138         1.3403916554         1.6687796646         2.0380520421        -0.8607161436       497.9619479579         1.4044785871
        0.0054563000      1358.1760593706         5.0000000000         1.3403916554         1.6687796646         2.0380520421         0.5252268051       497.9619479579         1.4070297842
        0.0104469000      1506.5756603511         5.0000000000         1.3454963091         1.6713315420         9.6569381807         3.0698801743       490.3430618193         1.3968249959
        0.0154884000       616.9568471888         3.4592067598         1.6619848393         1.6942984392       482.0278787748       119.1429333447        17.9721212252         1.3891714046
        0.0204606000       580.4874091225         3.4076929734         1.6747464736         1.7198172138       501.0750941213       297.1968428522        -1.0750941213         1.3993761929
        0.0254431000       690.4692687436         3.5693680934         1.6415662245         1.7580953756       451.5523342203       382.8352067707        48.4476657797         1.3993761929
        0.0304321000       757.4845464988         3.6778714377         1.6262522633         1.7810622728       428.6956758045       410.2258088740        71.3043241955         1.3917226017
        0.0354696000       696.2888709457         3.5784736467         1.6517755319         1.8116848023       466.7901064975       428.1632679282        33.2098935025         1.3942737988
        0.0404500000       571.5162613932         3.3953172550         1.6926127616         1.8550667191       527.7411956065       461.2021156371       -27.7411956065         1.3891714046
        0.0454655000       664.1546123097         3.5289166329         1.6619848393         1.8805854937       482.0278787748       482.0873124715        17.9721212252         1.3917226017
        0.0504203000       644.6603899279         3.4996922907         1.6696418199         1.9061042683       493.4562079827       484.7909210134         6.5437920173         1.4044785871
        0.0554367000       578.9327422511         3.4055401443         1.6900604347         1.9469343076       523.9317525372       496.2193189719       -23.9317525372         1.3993761929
        0.0604407000       596.4477512821         3.4299954528         1.6824034542         1.9852124695       512.5034233292       506.7370091762       -12.5034233292         1.4019273900
        0.0654545000       566.8324993434         3.3889008844         1.6900604347         2.0132831215       523.9317525372       512.2260397424       -23.9317525372         1.4070297842
        0.0704333000       575.8599005322         3.4012951159         1.6849557810         2.0490094060       516.3128663985       516.0013603773       -16.3128663985         1.3866202076
        0.0754430000       544.9795198989         3.3593606472         1.6926127616         2.0872875679       527.7411956065       518.8823205574       -27.7411956065         1.3840690105
        0.0804453000       544.2541845508         3.3583911279         1.6900604347         2.1204619748       523.9317525372       522.2072018208       -23.9317525372         1.3968249959
        0.0854866000       519.3311543706         3.3254898908         1.6951650884         2.1561882593       531.5506386758       524.8530842006       -31.5506386758         1.4019273900
        0.0904906000       525.8282981701         3.3339909068         1.6900604347         2.1919145437       523.9317525372       526.2339319889       -23.9317525372         1.4070297842
        0.0954504000       500.9052679899         3.3016615294         1.6951650884         2.2327445830       531.5506386758       526.9545765002       -31.5506386758         1.3917226017
        0.1004639000       473.4519804205         3.2668913050         1.7002697422         2.2633671125       539.1695248144       530.9733699940       -39.1695248144         1.3917226017
        0.1054203000       502.8816903576         3.3041979945         1.6875081079         2.2990933970       520.1223094678       530.3386956070       -20.1223094678         1.3968249959
        0.1104662000       487.7113967142         3.2848451723         1.6900604347         2.3322678039       523.9317525372       526.3647686791       -23.9317525372         1.3891714046
        0.1154368000       496.7387979029         3.2963294244         1.6849557810         2.3705459658       516.3128663985       523.3801587440       -16.3128663985         1.4070297842
        0.1204645000       465.8584172697         3.2574204721         1.6926127616         2.4011684953       527.7411956065       522.7332088219       -27.7411956065         1.4019273900
        0.1254360000       507.5711211328         3.3102347222         1.6772988005         2.4445504121       504.8845371906       519.6635503532        -4.8845371906         1.3917226017
        0.1304517000       471.9985187411         3.2650737553         1.6875081079         2.4828285740       520.1223094678       516.2401901791       -20.1223094678         1.3917226017
        0.1354412000       516.2414799934         3.3214656308         1.6721941467         2.5057954711       497.2656510520       512.6322381950         2.7343489480         1.4019273900
        0.1404424000       559.5876055711         3.3790357181         1.6594325125         2.5389698781       478.2184357055       500.7318764592        21.7815642945         1.4019273900
        0.1454324000       498.9204726727         3.2991189313         1.6798511273         2.5746961625       508.6939802599       497.2532742474        -8.6939802599         1.4019273900
        0.1504629000       462.0827415864         3.2527340490         1.6900604347         2.6155262019       523.9317525372       506.3659406130       -23.9317525372         1.4044785871
        0.1554428000       496.5729663019         3.2961176168         1.6772988005         2.6487006088       504.8845371906       510.2110346529        -4.8845371906         1.3993761929
        0.1604524000       452.5127560680         3.2409215008         1.6900604347         2.6895306482       523.9317525372       512.2177336813       -23.9317525372         1.3968249959
        0.1654449000       478.5153729412         3.2732409281         1.6798511273         2.7176013002       508.6939802599       514.1756757967        -8.6939802599         1.4095809812
        0.1704505000       501.0908967506         3.3018995628         1.6721941467         2.7456719523       497.2656510520       508.8227733144         2.7343489480         1.4070297842
        0.1754143000       468.0485517481         3.2601457570         1.6824034542         2.7916057465       512.5034233292       506.9398457270       -12.5034233292         1.3968249959
        0.1804534000       429.9456919673         3.2134244391         1.6926127616         2.8196763986       527.7411956065       513.2425720915       -27.7411956065         1.3891714046
        0.1854564000       463.1707879881         3.2540830214         1.6798511273         2.8528508056       508.6939802599       515.6211990406        -8.6939802599         1.3866202076
        0.1905020000       494.2339196398         3.2931334689         1.6696418199         2.8885770900       493.4562079827       508.6664961279         6.5437920173         1.3866202076
        0.1954499000       496.4071347009         3.2959058411         1.6696418199         2.9243033744       493.4562079827       501.3942376193         6.5437920173         1.3942737988
        0.2004372000       456.1423105508         3.2453905872         1.6824034542         2.9498221490       512.5034233292       502.1523253858       -12.5034233292         1.4070297842
        0.2054380000       460.4774899811         3.2507460827         1.6798511273         2.9957559433       508.6939802599       506.1906599735        -8.6939802599         1.4070297842
        0.2104896000       500.0282294750         3.3005374414         1.6670894930         3.0161709629       489.6467649134       502.8341591502        10.3532350866         1.3993761929
        0.2154661000       478.0037497040         3.2725980705         1.6747464736         3.0595528797       501.0750941213       499.2611000953        -1.0750941213         1.3993761929
        0.2204472000       494.6219230603         3.2936280456         1.6696418199         3.0927272867       493.4562079827       498.3070470790         6.5437920173         1.3968249959
        0.2254452000       462.8447067525         3.2536786129         1.6798511273         3.1310054486       508.6939802599       499.6304903605        -8.6939802599         1.3917226017
        0.2305130000       502.3954462463         3.3035735409         1.6670894930         3.1565242232       489.6467649134       499.4105014054        10.3532350866         1.4044785871
        0.2354281000       505.8337900020         3.3079951991         1.6670894930         3.1845948752       489.6467649134       494.7423179297        10.3532350866         1.3968249959
        0.2404610000       517.7597416000         3.3234416796         1.6645371662         3.2177692822       485.8373218441       491.3953855324        14.1626781559         1.3993761929
        0.2454478000       488.5127826813         3.2858609032         1.6747464736         3.2585993215       501.0750941213       492.3806945190        -1.0750941213         1.3891714046
        0.2504972000       505.1309560377         3.3070902258         1.6696418199         3.2815662187       493.4562079827       494.7162628115         6.5437920173         1.4044785871
        0.2554361000       524.2793867833         3.3319594947         1.6645371662         3.3172925031       485.8373218441       492.2924626263        14.1626781559         1.4019273900
        0.2604569000       478.0572121801         3.2726652330         1.6798511273         3.3606744199       508.6939802599       494.6702158614        -8.6939802599         1.3968249959
        0.2654392000       458.1946967783         3.2479236174         1.6849557810         3.3989525818       516.3128663985       503.1965299920       -16.3128663985         1.3942737988
        0.2704793000       503.7027867252         3.3052531121         1.6696418199         3.4270232338       493.4562079827       504.0035906207         6.5437920173         1.3891714046
        0.2754475000       514.3636096286         3.3190254476         1.6670894930         3.4525420084       489.6467649134       498.0500597174        10.3532350866         1.3917226017
        0.2804501000       475.3639141731         3.2692856445         1.6798511273         3.4882682929       508.6939802599       498.5856974856        -8.6939802599         1.3968249959
        0.2854490000       506.4270458247         3.3087595364         1.6696418199         3.5214426998       493.4562079827       499.7759139820         6.5437920173         1.3942737988
        0.2904482000       466.1622216746         3.2577982077         1.6824034542         3.5622727392       512.5034233292       501.3077456598       -12.5034233292         1.3917226017
        0.2954367000       462.0097932627         3.2526436509         1.6824034542         3.6031027785       512.5034233292       506.6605609000       -12.5034233292         1.3993761929
        0.3004231000       500.2954040620         3.3008797798         1.6696418199         3.6260696756       493.4562079827       504.9007434223         6.5437920173         1.4044785871
        0.3054669000       536.4190504920         3.3479621527         1.6594325125         3.6566922051       478.2184357055       495.7862461523        21.7815642945         1.3993761929
        0.3104442000       501.2147411204         3.3020583921         1.6721941467         3.7026259994       497.2656510520       491.9401965899         2.7343489480         1.3993761929
        0.3154586000       476.6600039601         3.2709110094         1.6798511273         3.7332485289       508.6939802599       497.2183979572        -8.6939802599         1.4070297842
        0.3204335000       473.7727042428         3.2672926757         1.6798511273         3.7664229359       508.6939802599       502.7050396464        -8.6939802599         1.3891714046
        0.3254533000       479.3730123677         3.2743192010         1.6772988005         3.8021492203       504.8845371906       504.6577637936        -4.8845371906         1.3942737988
        0.3304326000       503.2136648717         3.3046244894         1.6696418199         3.8276679949       493.4562079827       502.0341627800         6.5437920173         1.3942737988
        0.3355300000       479.9240564061         3.2750124313         1.6772988005         3.8633942793       504.8845371906       500.6649433148        -4.8845371906         1.3942737988
        0.3404415000       469.8142775411         3.2623466291         1.6798511273         3.9042243187       508.6939802599       503.5930669919        -8.6939802599         1.3917226017
        0.3454385000       492.3898013506         3.2907851894         1.6721941467         3.9322949707       497.2656510520       503.2998626684         2.7343489480         1.3917226017
        0.3504216000       442.3722406636         3.2285049647         1.6875081079         3.9731250101       520.1223094678       505.8788682189       -20.1223094678         1.4044785871
        0.3554357000       452.6647705469         3.2411084103         1.6824034542         4.0088512945       512.5034233292       510.8675134909       -12.5034233292         1.4019273900
        0.3604435000       448.5123421350         3.2360110848         1.6824034542         4.0445775789       512.5034233292       511.6496656189       -12.5034233292         1.3993761929
        0.3654503000       435.8723058808         3.2205986488         1.6849557810         4.0777519859       516.3128663985       512.9685343983       -16.3128663985         1.3993761929
        0.3704372000       481.3803958278         3.2768461624         1.6696418199         4.1032707605       493.4562079827       509.1034585420         6.5437920173         1.3993761929
        0.3754460000       458.0907873621         3.2477952703         1.6772988005         4.1389970449       504.8845371906       504.3543066413        -4.8845371906         1.3993761929
        0.3804341000       447.9810084972         3.2353600809         1.6798511273         4.1721714519       508.6939802599       505.5184924109        -8.6939802599         1.3917226017
        0.3854415000       462.0689244644         3.2527169263         1.6747464736         4.2130014912       501.0750941213       505.2153892612        -1.0750941213         1.3917226017
        0.3904240000       470.1994899785         3.2628272143         1.6721941467         4.2359683883       497.2656510520       502.3251794554         2.7343489480         1.3993761929
        0.3954366000       488.0827920295         3.2853158137         1.6670894930         4.2742465502       489.6467649134       498.0847960623        10.3532350866         1.3993761929
        0.4004227000       457.5707044162         3.2471530386         1.6772988005         4.3048690797       504.8845371906       497.6931509985        -4.8845371906         1.3993761929
        0.4054611000       489.8989647625         3.2876195603         1.6670894930         4.3354916092       489.6467649134       497.4887570979        10.3532350866         1.3968249959
        0.4104439000       518.8001320449         3.3247974051         1.6594325125         4.3712178937       478.2184357055       491.0073626885        21.7815642945         1.4019273900
        0.4154520000       551.4966854111         3.3681030504         1.6517755319         4.4043923006       466.7901064975       482.1607672825        33.2098935025         1.4019273900
        0.4204343000       443.6992915431         3.2301241348         1.6875081079         4.4477742174       520.1223094678       487.5612806690       -20.1223094678         1.3866202076
        0.4254247000       487.9422527954         3.2851377005         1.6721941467         4.4758448695       497.2656510520       497.6651296522         2.7343489480         1.3942737988
        0.4304323000       497.3379470041         3.2970949502         1.6696418199         4.5166749088       493.4562079827       496.5634582784         6.5437920173         1.3942737988
        0.4354367000       491.0235542230         3.2890479365         1.6721941467         4.5447455609       497.2656510520       495.9885119046         2.7343489480         1.4044785871
        0.4404238000       491.9316405895         3.2902023770         1.6721941467         4.5804718453       497.2656510520       496.5991305821         2.7343489480         1.3942737988
        0.4454586000       501.3273347982         3.3022028081         1.6696418199         4.6085424974       493.4562079827       496.0071287645         6.5437920173         1.3917226017
        0.4504472000       495.0129420171         3.2941266417         1.6721941467         4.6544762916       497.2656510520       495.6981715686         2.7343489480         1.3942737988
        0.4554906000       461.9705970146         3.2525950808         1.6824034542         4.6850988211       512.5034233292       500.0903056900       -12.5034233292         1.4019273900
        0.4604386000       500.2562078139         3.3008295513         1.6696418199         4.7259288605       493.4562079827       501.4718221501         6.5437920173         1.4044785871
        0.4654288000       493.9418150327         3.2927612459         1.6721941467         4.7488957576       497.2656510520       498.5501160970         2.7343489480         1.3968249959
        0.4704301000       537.2879406104         3.3491147582         1.6594325125         4.7871739195       478.2184357055       493.3826203838        21.7815642945         1.3968249959
        0.4754497000       510.5712390810         3.3141105603         1.6696418199         4.8254520814       493.4562079827       489.7751041433         6.5437920173         1.3993761929
        0.4804489000       487.2816306153         3.2843007562         1.6772988005         4.8611783658       504.8845371906       494.2671177216        -4.8845371906         1.3993761929
        0.4855332000       519.6098909616         3.3258535198         1.6670894930         4.8918008953       489.6467649134       495.7007598274        10.3532350866         1.3993761929
        0.4904457000       523.0482347173         3.3303469686         1.6670894930         4.9275271797       489.6467649134       492.8062573956        10.3532350866         1.3993761929
        0.4954322000       484.0485392618         3.2802118161         1.6798511273         4.9683572191       508.6939802599       495.8490328122        -8.6939802599         1.3942737988
        0.5004444000       515.1116709134         3.3199969936         1.6696418199         5.0015316260       493.4562079827       498.3476882262         6.5437920173         1.3942737988
        0.5054458000       474.8468467633         3.2686377239         1.6824034542         5.0040835035       512.5034233292       500.5623752717       -12.5034233292         1.3942737988
        0.5104624000       462.2068105091         3.2528878089         1.6849557810         5.0117391359       516.3128663985       507.1822377466       -16.3128663985         1.3993761929
        0.5154368000       516.2025082983         3.3214149455         1.6670894930         4.9989797486       489.6467649134       505.1729990318        10.3532350866         1.4095809812
        0.5204283000       528.1284598963         3.3370131548         1.6645371662         1.1048147461       485.8373218441       496.8390073052        14.1626781559         1.3917226017
        0.5254316000       515.8567166621         3.3209653022         1.6696418199         1.1099185011       493.4562079827       493.4002923097         6.5437920173         1.3968249959
        0.5304210000       492.5671081964         3.2910108005         1.6772988005         0.0024036839       504.8845371906       496.1590510518        -4.8845371906         1.4044785871
        0.5354303000       473.9697214893         3.2675392886         1.6824034542         0.0075074388       512.5034233292       502.1521818011       -12.5034233292         1.3968249959
        0.5404424000       444.3544695506         3.2309241653         1.6900604347         0.0049555613       523.9317525372       509.8332845733       -23.9317525372         1.3917226017
        0.5454233000       444.8942628971         3.2315836149         1.6875081079         0.0100593162       520.1223094678       515.6632909069       -20.1223094678         1.3993761929
        0.5504390000       455.1867927805         3.2442127619         1.6824034542         0.0432337232       512.5034233292       515.9738623340       -12.5034233292         1.3942737988
        0.5554181000       459.5219722108         3.2495640200         1.6798511273         0.0764081302       508.6939802599       513.4039204240        -8.6939802599         1.3917226017
        0.5604267000       456.6346724935         3.2459978627         1.6798511273         0.1121344146       508.6939802599       511.1520299860        -8.6939802599         1.3942737988
        0.5654392000       419.7969414072         3.2012139595         1.6900604347         0.1478606990       523.9317525372       513.6195004346       -23.9317525372         1.3993761929
        0.5704432000       471.2623818072         3.2641540839         1.6721941467         0.1810351060       497.2656510520       512.1752129626         2.7343489480         1.4019273900
        0.5754334000       489.1456838581         3.2866635984         1.6670894930         0.2091057580       489.6467649134       503.2253862441        10.3532350866         1.3968249959
        0.5804451000       484.0964197716         3.2802722860         1.6696418199         0.2422801650       493.4562079827       497.6439260962         6.5437920173         1.3968249959
        0.5854289000       477.7820269904         3.2723195636         1.6721941467         0.2703508170       497.2656510520       496.5523924489         2.7343489480         1.3968249959
        0.5904434000       529.6157604104         3.3389709176         1.6568801856         0.3086289789       474.4089926362       491.4293623897        25.5910073638         1.3993761929
        0.5954171000       504.1641875755         3.3058463670         1.6670894930         0.3418033859       489.6467649134       486.9343772481        10.3532350866         1.3993761929
        0.6004560000       465.1644921200         3.2565580434         1.6798511273         0.3877371802       508.6939802599       492.7845833956        -8.6939802599         1.3968249959
        0.6054333000       428.3267610337         3.2114703665         1.6900604347         0.4234634646       523.9317525372       504.0337954176       -23.9317525372         1.4019273900
        0.6104605000       377.9409073268         3.1517707429         1.7028220690         0.4566378716       542.9789678837       518.1006706049       -42.9789678837         1.3993761929
        0.6154384000       474.0063513072         3.2675851439         1.6696418199         0.4847085236       493.4562079827       518.1565704687         6.5437920173         1.4070297842
        0.6204436000       476.1795663683         3.2703083022         1.6696418199         0.5178829306       493.4562079827       506.3469703125         6.5437920173         1.3993761929
        0.6254362000       520.7908206406         3.3273951808         1.6568801856         0.5485054601       474.4089926362       495.6303361887        25.5910073638         1.3866202076
        0.6304366000       452.9012085945         3.2413991692         1.6798511273         0.5893354994       508.6939802599       493.6801791996        -8.6939802599         1.3917226017
        0.6354256000       534.8899872996         3.3459361745         1.6543278587         0.6123023966       470.5995495669       491.7517455578        29.4004504331         1.3968249959
        0.6404638000       485.2407196327         3.2817182214         1.6721941467         0.6531324359       497.2656510520       488.0132992496         2.7343489480         1.3993761929
        0.6454741000       494.6364138414         3.2936465200         1.6696418199         0.6837549654       493.4562079827       491.5263074335         6.5437920173         1.3993761929
        0.6504584000       496.8096289025         3.2964199026         1.6696418199         0.7143774949       493.4562079827       492.4490207678         6.5437920173         1.3968249959
        0.6554353000       507.4704518058         3.3101048551         1.6670894930         0.7577594117       489.6467649134       492.0198966426        10.3532350866         1.4019273900
        0.6604567000       527.8840112460         3.3366916500         1.6619848393         0.7832781863       482.0278787748       489.0639183104        17.9721212252         1.3942737988
        0.6654287000       508.3897888642         3.3112912835         1.6696418199         0.8190044707       493.4562079827       488.4319108082         6.5437920173         1.3942737988
        0.6704490000       493.5877882408         3.2923102482         1.6747464736         0.8547307552       501.0750941213       492.6554496417        -1.0750941213         1.3942737988
        0.6754310000       527.1811772816         3.3357676858         1.6645371662         0.8802495297       485.8373218441       493.0383037733        14.1626781559         1.3917226017
        0.6804387000       565.8350811009         3.3875384385         1.6543278587         0.9185276916       470.5995495669       485.9527107442        29.4004504331         1.3917226017
        0.6854399000       516.1858134340         3.3213932333         1.6721941467         0.9414945888       497.2656510520       484.9868667603         2.7343489480         1.3917226017
        0.6905262000       491.6310762737         3.2898201686         1.6798511273         0.9899802605       508.6939802599       493.5895555754        -8.6939802599         1.3917226017
        0.6954425000       514.2066000831         3.3188216178         1.6721941467         1.0129471576       497.2656510520       498.0791745831         2.7343489480         1.3891714046
        0.7004411000       557.5527256608         3.3762777996         1.6594325125         1.0461215646       478.2184357055       493.1368428115        21.7815642945         1.4070297842
        0.7054399000       522.3484162891         3.3294312102         1.6721941467         1.0818478490       497.2656510520       490.5575112628         2.7343489480         1.4070297842
        0.7104216000       540.2317183401         3.3530270252         1.6670894930         1.1099185011       489.6467649134       491.9434200427        10.3532350866         1.3917226017
        0.7154523000       518.2072385691         3.3240246464         1.6747464736         1.1456447855       501.0750941213       493.5773806960        -1.0750941213         1.4070297842
        0.7204313000       500.8749805565         3.3016226954         1.6798511273         1.1788191925       508.6939802599       498.9834955731        -8.6939802599         1.3840690105
        0.7257931000       506.4752886814         3.3088217098         1.6772988005         1.2119935994       504.8845371906       502.7155437077        -4.8845371906         1.4044785871
        0.7304551000       487.8779019742         3.2850561526         1.6824034542         1.2426161289       512.5034233292       505.5739205951       -12.5034233292         1.3866202076
        0.7354769000       517.6759049313         3.3233324906         1.6721941467         1.2757905359       497.2656510520       505.2443164298         2.7343489480         1.3866202076
        0.7404311000       510.0963834555         3.3134963759         1.6747464736         1.3064130654       501.0750941213       502.3402761268        -1.0750941213         1.3993761929
        0.7454411000       526.7145568119         3.3351545981         1.6696418199         1.3370355949       493.4562079827       499.9140245643         6.5437920173         1.3993761929
        0.7504425000       503.4249483462         3.3048959977         1.6772988005         1.3727618793       504.8845371906       499.5584738101        -4.8845371906         1.3993761929
        0.7554302000       527.2656008503         3.3358786383         1.6696418199         1.4135919187       493.4562079827       499.3729170082         6.5437920173         1.3993761929
        0.7604427000       487.0007767001         3.2839450905         1.6824034542         1.4442144482       512.5034233292       501.0974273614       -12.5034233292         1.3942737988
        0.7654538000       474.3607404460         3.2680288638         1.6849557810         1.4850444875       516.3128663985       507.4614737022       -16.3128663985         1.3968249959
        0.7704336000       477.4307911817         3.2718784848         1.6824034542         1.5156670170       512.5034233292       510.7827775447       -12.5034233292         1.3917226017
        0.7754402000       490.2535784543         3.2880698110         1.6772988005         1.5488414240       504.8845371906       509.7840933855        -4.8845371906         1.3891714046
        0.7804338000       514.0942309583         3.3186757586         1.6696418199         1.5769120761       493.4562079827       504.7095201328         6.5437920173         1.4044785871
        0.7854597000       499.2922303349         3.2995948164         1.6747464736         1.6100864830       501.0750941213       501.1504987821        -1.0750941213         1.3942737988
        0.7904281000       473.4723644800         3.2669168114         1.6824034542         1.6432608900       512.5034233292       503.8464713753       -12.5034233292         1.3993761929
        0.7954598000       494.7827595948         3.2938331101         1.6747464736         1.6764352970       501.0750941213       505.2534605224        -1.0750941213         1.4044785871
        0.8004222000       536.8637564779         3.3485519450         1.6619848393         1.7070578265       482.0278787748       498.7023487620        17.9721212252         1.3891714046
        0.8054797000       483.4191027272         3.2794171179         1.6798511273         1.7478878658       508.6939802599       497.1047679469        -8.6939802599         1.3968249959
        0.8104375000       497.5070186943         3.2973110465         1.6747464736         1.7759585179       501.0750941213       500.8243880184        -1.0750941213         1.3993761929
        0.8154456000       471.6871528395         3.2646846884         1.6824034542         1.8142366797       512.5034233292       503.6762788792       -12.5034233292         1.3917226017
        0.8204311000       501.4851557965         3.3024052590         1.6721941467         1.8397554543       497.2656510520       504.2539646338         2.7343489480         1.3917226017
        0.8254449000       451.4675951096         3.2396370491         1.6875081079         1.8703779838       520.1223094678       506.3768002506       -20.1223094678         1.3866202076
        0.8304205000       470.2477328352         3.2628874125         1.6798511273         1.9086561457       508.6939802599       510.2167021408        -8.6939802599         1.3917226017
        0.8354559000       492.8232566446         3.2913367958         1.6721941467         1.9392786752       497.2656510520       506.7566421595         2.7343489480         1.3993761929
        0.8404212000       502.2189508533         3.3033469475         1.6696418199         1.9699012047       493.4562079827       501.3081873089         6.5437920173         1.3993761929
        0.8454353000       512.8797737567         3.3171003292         1.6670894930         1.9979718568       489.6467649134       496.6433676701        10.3532350866         1.4019273900
        0.8504423000       490.8552939856         3.2888341324         1.6747464736         2.0336981412       501.0750941213       496.0302154616        -1.0750941213         1.4070297842
        0.8554560000       515.9610751843         3.3211009873         1.6670894930         2.0745281806       489.6467649134       495.7102201823        10.3532350866         1.4070297842
        0.8604317000       502.4242032555         3.3036104640         1.6721941467         2.1025988326       497.2656510520       494.6325443855         2.7343489480         1.3968249959
        0.8654584000       494.8446817797         3.2939120681         1.6747464736         2.1408769945       501.0750941213       496.8021456075        -1.0750941213         1.3917226017
        0.8704479000       452.0496002404         3.2403521699         1.6875081079         2.1740514015       520.1223094678       503.3984784424       -20.1223094678         1.3866202076
        0.8754812000       521.7553850194         3.3286556671         1.6645371662         2.2123295633       485.8373218441       503.1983097157        14.1626781559         1.3968249959
        0.8804484000       407.6323476784         3.1866975023         1.7002697422         2.2506077252       539.1695248144       507.6472189674       -39.1695248144         1.3968249959
        0.8854844000       496.4753125111         3.2959929039         1.6696418199         2.2812302547       493.4562079827       511.7903901987         6.5437920173         1.4044785871
        0.8904372000       490.1609197300         3.2879521490         1.6721941467         2.3118527843       497.2656510520       503.9352276869         2.7343489480         1.4044785871
        0.8954452000       491.0690060965         3.2891056966         1.6721941467         2.3450271912       497.2656510520       500.7464067409         2.7343489480         1.3993761929
        0.9004605000       449.5390532517         3.2372698297         1.6849557810         2.3807534756       516.3128663985       503.6355815771       -16.3128663985         1.3917226017
        0.9054452000       461.0967118297         3.2515126198         1.6798511273         2.4215835150       508.6939802599       507.8754248344        -8.6939802599         1.4019273900
        0.9104501000       509.1350591658         3.3122538176         1.6645371662         2.4419985347       485.8373218441       502.8027387073        14.1626781559         1.4019273900
        0.9154415000       488.3757080894         3.2856871141         1.6721941467         2.4802766965       497.2656510520       497.4233524528         2.7343489480         1.3866202076
        0.9204560000       497.7714022981         3.2976490308         1.6696418199         2.5160029810       493.4562079827       496.4372782511         6.5437920173         1.3866202076
        0.9254288000       491.4570095170         3.2895988662         1.6721941467         2.5568330203       497.2656510520       495.9226603712         2.7343489480         1.3993761929
        0.9304488000       475.3898801990         3.2693181893         1.6772988005         2.5797999174       504.8845371906       498.3861133855        -4.8845371906         1.3917226017
        0.9354231000       482.2553170185         3.2779489357         1.6747464736         2.6155262019       501.0750941213       500.5824288072        -1.0750941213         1.3917226017
        0.9404372000       532.8239217439         3.3432034504         1.6594325125         2.6435968539       478.2184357055       495.3539299096        21.7815642945         1.3993761929
        0.9454249000       514.5948280567         3.3193256701         1.6670894930         2.6818750158       489.6467649134       489.8932272213        10.3532350866         1.3968249959
        0.9504590000       484.0827404434         3.2802550096         1.6772988005         2.7124975453       504.8845371906       493.4180895658        -4.8845371906         1.4044785871
        0.9554386000       516.4110007897         3.3216861254         1.6670894930         2.7482238297       489.6467649134       495.2576642989        10.3532350866         1.4070297842
        0.9604303000       545.3121680721         3.3598055130         1.6594325125         2.7813982367       478.2184357055       489.8429875898        21.7815642945         1.3968249959
        0.9654325000       501.6202508581         3.3025785807         1.6747464736         2.8222282761       501.0750941213       489.7491706934        -1.0750941213         1.3917226017
        0.9704423000       484.2879928456         3.2805142554         1.6798511273         2.8502989281       508.6939802599       496.9856080797        -8.6939802599         1.3840690105
        0.9754571000       515.3511244972         3.3203081286         1.6696418199         2.8834733351       493.4562079827       498.9408504379         6.5437920173         1.3866202076
        0.9804616000       500.5491238738         3.3012049557         1.6747464736         2.9166477420       501.0750941213       498.1399134095        -1.0750941213         1.3866202076
        0.9854296000       517.1672972302         3.3226702644         1.6696418199         2.9472702715       493.4562079827       497.7219159457         6.5437920173         1.4095809812
        0.9904311000       519.3405122913         3.3255020972         1.6696418199         2.9855484334       493.4562079827       495.6824193410         6.5437920173         1.4070297842
        0.9954450000       513.0261195101         3.3172900782         1.6721941467         3.0161709629       497.2656510520       495.5287104117         2.7343489480         1.4044785871
        1.0004533000       496.9589901921         3.2966107131         1.6772988005         3.0544491248       504.8845371906       498.1805165931        -4.8845371906         1.4070297842
        1.0054414000       495.3368191694         3.2945397574         1.6772988005         3.0799678994       504.8845371906       501.3858056952        -4.8845371906         1.3993761929
        1.0104414000       493.7146481467         3.2924718395         1.6772988005         3.1182460613       504.8845371906       503.0585997701        -4.8845371906         1.4044785871
        1.0154360000       475.1172614395         3.2689765357         1.6824034542         3.1565242232       512.5034233292       505.7529565979       -12.5034233292         1.3917226017
        1.0204467000       521.8904800810         3.3288323007         1.6670894930         3.1820429978       489.6467649134       503.5164029657        10.3532350866         1.3917226017
        1.0254227000       499.8660003100         3.3003296132         1.6747464736         3.2228730371       501.0750941213       499.6171532861        -1.0750941213         1.3917226017
        1.0304404000       474.0461344552         3.2676349484         1.6824034542         3.2560474441       512.5034233292       503.0462405136       -12.5034233292         1.3917226017
        1.0354411000       469.8937060432         3.2624457099         1.6824034542         3.2968774834       512.5034233292       507.5678562478       -12.5034233292         1.3968249959
        1.0404318000       465.7412776313         3.2572748523         1.6824034542         3.3198443806       512.5034233292       509.9276221746       -12.5034233292         1.4070297842
        1.0454389000       444.6136335349         3.2312407429         1.6875081079         3.3606744199       520.1223094678       512.9804996871       -20.1223094678         1.4095809812
        1.0504366000       471.8813791028         3.2649273714         1.6772988005         3.3912969494       504.8845371906       512.7524025880        -4.8845371906         1.3942737988
        1.0554270000       487.2344237645         3.2842409685         1.6721941467         3.4193676015       497.2656510520       507.1693127054         2.7343489480         1.3942737988
        1.0604814000       488.1425101310         3.2853915045         1.6721941467         3.4550938859       497.2656510520       502.4342289885         2.7343489480         1.3917226017
        1.0654361000       421.1497337596         3.2028362376         1.6926127616         3.5010276801       527.7411956065       507.2484562747       -27.7411956065         1.3891714046
        1.0704403000       454.3748297805         3.2432126177         1.6798511273         3.5265464547       508.6939802599       512.4929565941        -8.6939802599         1.3891714046
        1.0754505000       434.5123143786         3.2189494700         1.6849557810         3.5648246166       516.3128663985       512.4979608914       -16.3128663985         1.3840690105
        1.0804609000       429.0947572721         3.2123970491         1.6849557810         3.6031027785       516.3128663985       514.3219223291       -16.3128663985         1.3968249959
        1.0854452000       440.6524158501         3.2264090921         1.6798511273         3.6362771855       508.6939802599       513.4524716850        -8.6939802599         1.3993761929
        1.0904194000       471.7155475017         3.2647201646         1.6696418199         3.6643478375       493.4562079827       507.5346686531         6.5437920173         1.4070297842
        1.0954644000       456.9135468783         3.2463419337         1.6747464736         3.6975222445       501.0750941213       502.6249029792        -1.0750941213         1.3968249959
        1.1004195000       456.5565045502         3.2459014344         1.6747464736         3.7332485289       501.0750941213       501.8839169738        -1.0750941213         1.3840690105
        1.1054624000       507.1251092756         3.3096594427         1.6594325125         3.7613191810       478.2184357055       496.0331577809        21.7815642945         1.4019273900
        1.1104414000       437.9703685349         3.2231462643         1.6824034542         3.7970454654       512.5034233292       495.7117557363       -12.5034233292         1.3866202076
        1.1154462000       459.2807636497         3.2492657716         1.6747464736         3.8327717498       501.0750941213       501.0080699544        -1.0750941213         1.3866202076
        1.1204300000       484.3865448483         3.2806387491         1.6670894930         3.8710499117       489.6467649134       498.3080905260        10.3532350866         1.3993761929
        1.1254639000       479.3372807618         3.2742742610         1.6696418199         3.9042243187       493.4562079827       495.0776605022         6.5437920173         1.3968249959
        1.1304299000       447.5600644539         3.2348445272         1.6798511273         3.9322949707       508.6939802599       497.9451201617        -8.6939802599         1.4044785871
        1.1354638000       495.5984117900         3.2948735155         1.6645371662         3.9680212551       485.8373218441       497.6202561639        14.1626781559         1.3993761929
        1.1404586000       500.3018842403         3.3008880841         1.6645371662         3.9935400297       485.8373218441       491.9866650350        14.1626781559         1.4044785871
        1.1454672000       488.0301410062         3.2852490835         1.6696418199         4.0318181916       493.4562079827       490.8679249818         6.5437920173         1.4044785871
        1.1504452000       473.2281403828         3.2666112455         1.6747464736         4.0675444760       501.0750941213       493.9267702453        -1.0750941213         1.4019273900
        1.1554454000       498.3339215814         3.2983684180         1.6670894930         4.0981670056       489.6467649134       494.6124625129        10.3532350866         1.4019273900
        1.1604289000       510.2598731793         3.3137078049         1.6645371662         4.1287895351       485.8373218441       491.3276158664        14.1626781559         1.3917226017
        1.1654783000       514.9633456296         3.3198043016         1.6645371662         4.1619639420       485.8373218441       488.7026269748        14.1626781559         1.4019273900
        1.1704516000       477.2287788687         3.2716248607         1.6772988005         4.2002421039       504.8845371906       491.8860576144        -4.8845371906         1.3891714046
        1.1754471000       441.6561764771         3.2276319834         1.6875081079         4.2410721433       520.1223094678       501.7435180263       -20.1223094678         1.3968249959
        1.1804191000       477.4115298871         3.2718543006         1.6747464736         4.2716946728       501.0750941213       505.9773093187        -1.0750941213         1.4044785871
        1.1854603000       477.0544875590         3.2714060757         1.6747464736         4.3099728347       501.0750941213       503.6334894094        -1.0750941213         1.3917226017
        1.1904773000       476.6974452309         3.2709579899         1.6747464736         4.3354916092       501.0750941213       502.4102836605        -1.0750941213         1.3993761929
        1.1954574000       510.2908342718         3.3137478482         1.6645371662         4.3712178937       485.8373218441       498.1292107174        14.1626781559         1.4044785871
        1.2004343000       540.4571302488         3.3533270607         1.6568801856         4.3992885457       474.4089926362       489.5202564125        25.5910073638         1.3993761929
        1.2054426000       515.0055574139         3.3198591369         1.6670894930         4.4324629527       489.6467649134       485.9380424199        10.3532350866         1.3993761929
        1.2104284000       492.9810776429         3.2915376891         1.6747464736         4.4783967469       501.0750941213       490.4432608757        -1.0750941213         1.3840690105
        1.2154453000       526.5744666838         3.3349705887         1.6645371662         4.5039155215       485.8373218441       491.8837944163        14.1626781559         1.3866202076
        1.2204301000       505.8151156074         3.3079711462         1.6721941467         4.5345380510       497.2656510520       491.7249131757         2.7343489480         1.4019273900
        1.2254315000       540.6736333428         3.3536153005         1.6619848393         4.5728162129       482.0278787748       490.7313204680        17.9721212252         1.4044785871
        1.2304191000       512.6918031188         3.3168566483         1.6721941467         4.6034387424       497.2656510520       490.2127787885         2.7343489480         1.4019273900
        1.2354763000       505.1122816430         3.3070661885         1.6747464736         4.6493725367       501.0750941213       494.4955337958        -1.0750941213         1.3942737988
        1.2404365000       504.7552393149         3.3066066913         1.6747464736         4.6697875564       501.0750941213       497.6413166438        -1.0750941213         1.4019273900
        1.2454506000       461.9601577756         3.2525821453         1.6875081079         4.7131694732       520.1223094678       503.8364296826       -20.1223094678         1.4070297842
        1.2504297000       506.2031190279         3.3084709849         1.6721941467         4.7412401252       497.2656510520       506.1588947917         2.7343489480         1.3968249959
        1.2554486000       515.5988132366         3.3206300378         1.6696418199         4.7846220420       493.4562079827       500.9962315934         6.5437920173         1.3993761929
        1.2604305000       483.8215969288         3.2799252380         1.6798511273         4.8152445715       508.6939802599       501.0339369074        -8.6939802599         1.3891714046
        1.2654559000       506.3971207382         3.3087209715         1.6721941467         4.8586264883       497.2656510520       501.9642896496         2.7343489480         1.3968249959
        1.2704585000       515.7928149469         3.3208822249         1.6696418199         4.8943527728       493.4562079827       498.8071277702         6.5437920173         1.3993761929
        1.2754384000       492.5032064813         3.2909294857         1.6772988005         4.9249753023       504.8845371906       498.9808003648        -4.8845371906         1.3968249959
        1.2804463000       507.8562511431         3.3106026160         1.6721941467         4.9581497092       497.2656510520       499.9821124665         2.7343489480         1.3993761929
        1.2854720000       491.7891218250         3.2900211321         1.6772988005         4.9938759937       504.8845371906       500.5046827862        -4.8845371906         1.3968249959
        1.2904469000       481.6793429601         3.2772228677         1.6798511273         5.0066353810       508.6939802599       503.5094293373        -8.6939802599         1.3968249959
        1.2954559000       487.2796510850         3.2842982490         1.6772988005         5.0066353810       504.8845371906       505.0775631521        -4.8845371906         1.3968249959
        1.3004350000       468.6822643778         3.2609352610         1.6824034542         5.0117391359       512.5034233292       506.8066244185       -12.5034233292         1.3942737988
        1.3054615000       489.9926594926         3.2877385100         1.6747464736         2.5108992261       501.0750941213       506.7983216297        -1.0750941213         1.3866202076
        1.3104520000       464.1727936378         3.2553264106         1.6824034542         1.1099185011       512.5034233292       506.7939885242       -12.5034233292         1.3866202076
        1.3154384000       443.0451495414         3.2293257855         1.6875081079         0.0100593162       520.1223094678       511.3451015572       -20.1223094678         1.3942737988
        1.3204465000       487.2881107937         3.2843089635         1.6721941467         0.0100593162       497.2656510520       510.0775621637         2.7343489480         1.3917226017
        1.3254321000       513.6590206869         3.3181109850         1.6645371662        -0.0052519485       485.8373218441       501.2199777137        14.1626781559         1.4019273900
        1.3304663000       458.9492382415         3.2488559464         1.6824034542         0.0075074388       512.5034233292       500.2400318914       -12.5034233292         1.3891714046
        1.3354459000       480.2596333563         3.2754347612         1.6747464736         0.0304743359       501.0750941213       503.3713118588        -1.0750941213         1.4019273900
        1.3404654000       479.9025910282         3.2749854209         1.6747464736         0.0636487429       501.0750941213       502.2734569845        -1.0750941213         1.4044785871
        1.3454371000       496.5207643846         3.2960509488         1.6696418199         0.0942712724       493.4562079827       499.8791526193         6.5437920173         1.4044785871
        1.3504530000       430.7931167077         3.2144482537         1.6900604347         0.1299975568       523.9317525372       504.0936490641       -23.9317525372         1.4019273900
        1.3554321000       473.7709492655         3.2672904791         1.6747464736         0.1708275961       501.0750941213       508.1144836381        -1.0750941213         1.3866202076
        1.3604458000       456.4386912529         3.2457561113         1.6798511273         0.2065538806       508.6939802599       506.5701995778        -8.6939802599         1.3840690105
        1.3654282000       436.5761758511         3.2214528731         1.6849557810         0.2473839199       516.3128663985       509.4069595720       -16.3128663985         1.3968249959
        1.3704458000       439.6462265868         3.2251842131         1.6824034542         0.2831102043       512.5034233292       511.7980985133       -12.5034233292         1.3993761929
        1.3754259000       511.8822687551         3.3158076756         1.6594325125         0.3060771015       478.2184357055       503.9392505449        21.7815642945         1.3968249959
        1.3804357000       468.1903515411         3.2603223797         1.6747464736         0.3443552634       501.0750941213       497.1058066778        -1.0750941213         1.3942737988
        1.3854380000       459.3457013707         3.2493460596         1.6772988005         0.3877371802       504.8845371906       499.9142552334        -4.8845371906         1.3942737988
        1.3904549000       483.1863538748         3.2791233715         1.6696418199         0.4132559548       493.4562079827       499.5585941929         6.5437920173         1.3917226017
        1.3954326000       476.8719610936         3.2711769888         1.6721941467         0.4489822392       497.2656510520       497.5516300669         2.7343489480         1.4070297842
        1.4004517000       477.7800474601         3.2723170774         1.6721941467         0.4821566461       497.2656510520       497.4148993683         2.7343489480         1.4019273900
        1.4054313000       444.7377024576         3.2313923204         1.6824034542         0.5229866855       512.5034233292       500.9862411267       -12.5034233292         1.3917226017
        1.4104399000       508.4861367836         3.3114156816         1.6619848393         0.5510573375       482.0278787748       499.2073732598        17.9721212252         1.3891714046
        1.4154567000       463.5290908751         3.2545275192         1.6772988005         0.5893354994       504.8845371906       496.4576580525        -4.8845371906         1.3917226017
        1.4204403000       478.8821355369         3.2737019440         1.6721941467         0.6199580289       497.2656510520       498.6653209461         2.7343489480         1.4044785871
        1.4254292000       454.3273983766         3.2431542142         1.6798511273         0.6505805584       508.6939802599       500.7281431993        -8.6939802599         1.3942737988
        1.4304290000       459.9277065016         3.2500658354         1.6772988005         0.6939624752       504.8845371906       503.6260500986        -4.8845371906         1.3942737988
        1.4354431000       441.3303197944         3.2272348828         1.6824034542         0.7296887597       512.5034233292       506.0491007262       -12.5034233292         1.3968249959
        1.4404510000       488.1035384359         3.2853421086         1.6670894930         0.7552075343       489.6467649134       503.6709563078        10.3532350866         1.4044785871
        1.4454365000       483.0542743493         3.2789567041         1.6696418199         0.7909338187       493.4562079827       497.8764626752         6.5437920173         1.3968249959
        1.4504506000       451.2770580415         3.2394030062         1.6798511273         0.8292119806       508.6939802599       499.4057745809        -8.6939802599         1.4019273900
        1.4554342000       490.8277975354         3.2887991964         1.6670894930         0.8496270002       489.6467649134       499.2932254866        10.3532350866         1.3917226017
        1.4604439000       460.3157099221         3.2505458798         1.6772988005         0.8879051621       504.8845371906       498.3238128566        -4.8845371906         1.3866202076
        1.4654312000       501.1315781106         3.3019517343         1.6645371662         0.9210795691       485.8373218441       496.9072155267        14.1626781559         1.4044785871
        1.4704323000       488.8598348764         3.2863010060         1.6696418199         0.9465983437       493.4562079827       493.4358891951         6.5437920173         1.3968249959
        1.4754420000       533.4710891487         3.3440588512         1.6568801856         0.9874283830       474.4089926362       488.8922294828        25.5910073638         1.3917226017
        1.4804736000       482.5566927871         3.2783289941         1.6747464736         1.0206027900       501.0750941213       488.3423088894        -1.0750941213         1.3866202076
        1.4854396000       516.1500818280         3.3213467644         1.6645371662         1.0461215646       485.8373218441       490.7873379276        14.1626781559         1.3993761929
        1.4904441000       486.9031229093         3.2838214452         1.6747464736         1.0920553588       501.0750941213       492.0633632587        -1.0750941213         1.3942737988
        1.4954312000       537.4717276347         3.3493586815         1.6594325125         1.1099185011       478.2184357055       490.9079526767        21.7815642945         1.4019273900
        1.5004488000       561.6806731587         3.3818783883         1.6543278587         1.1405410306       470.5995495669       483.0195615172        29.4004504331         1.3942737988
        1.5054540000       520.5190133339         3.3270401932         1.6696418199         1.1788191925       493.4562079827       482.5454236710         6.5437920173         1.3866202076
        1.5104358000       505.7170127106         3.3078447952         1.6747464736         1.2094417220       501.0750941213       489.5833770482        -1.0750941213         1.3968249959
        1.5154451000       522.3351860669         3.3294139035         1.6696418199         1.2426161289       493.4562079827       493.2563832369         6.5437920173         1.3968249959
        1.5204421000       575.4340481815         3.4007078694         1.6543278587         1.2681349035       470.5995495669       487.8878730329        29.4004504331         1.3968249959
        1.5254376000       517.2971726723         3.3228393369         1.6747464736         1.3013093105       501.0750941213       486.9074748848        -1.0750941213         1.3968249959
        1.5304287000       525.4277381864         3.3334652802         1.6721941467         1.3421393498       497.2656510520       492.7705434408         2.7343489480         1.3942737988
        1.5354595000       509.3606088684         3.3125452518         1.6772988005         1.3676581244       504.8845371906       496.7410690989        -4.8845371906         1.3968249959
        1.5404229000       516.2260456879         3.3214455572         1.6747464736         1.4110400412       501.0750941213       499.7239039604        -1.0750941213         1.3942737988
        1.5454304000       498.8937876753         3.2990847781         1.6798511273         1.4467663256       508.6939802599       502.1912772646        -8.6939802599         1.3917226017
        1.5504186000       538.4445271692         3.3506505155         1.6670894930         1.4697332228       489.6467649134       500.7469390944        10.3532350866         1.3968249959
        1.5554429000       516.4200473982         3.3216978933         1.6747464736         1.5054595072       501.0750941213       498.1718101027        -1.0750941213         1.3993761929
        1.5604333000       516.0630050701         3.3212335277         1.6747464736         1.5335301593       501.0750941213       499.5599121364        -1.0750941213         1.4044785871
        1.5654370000       541.1687862687         3.3542747484         1.6670894930         1.5718083211       489.6467649134       497.5523178826        10.3532350866         1.4044785871
        1.5704275000       485.1938751287         3.2816590000         1.6849557810         1.6075346056       516.3128663985       500.1472829803       -16.3128663985         1.3942737988
        1.5754325000       488.2639258644         3.2855454075         1.6824034542         1.6458127674       512.5034233292       506.9656070767       -12.5034233292         1.3993761929
        1.5804196000       484.1114974525         3.2802913286         1.6824034542         1.6687796646       512.5034233292       509.6133170331       -12.5034233292         1.4019273900
        1.5854320000       513.9095004096         3.3184360051         1.6721941467         1.7096097039       497.2656510520       507.3524190727         2.7343489480         1.3942737988
        1.5904381000       480.8671554071         3.2761996551         1.6824034542         1.7478878658       512.5034233292       506.1724890908       -12.5034233292         1.3993761929
        1.5954554000       493.6899426796         3.2924403688         1.6772988005         1.7759585179       504.8845371906       507.3780504473        -4.8845371906         1.4095809812
        1.6004272000       466.6049481302         3.2583488462         1.6849557810         1.8065810474       516.3128663985       508.9178903859       -16.3128663985         1.3866202076
        1.6054452000       469.6749988659         3.2621729060         1.6824034542         1.8448592093       512.5034233292       511.5428603708       -12.5034233292         1.3942737988
        1.6104297000       482.4977861385         3.2782547003         1.6772988005         1.8678261064       504.8845371906       510.1807696314        -4.8845371906         1.3968249959
        1.6154892000       421.4623602201         3.2032113721         1.6951650884         1.9137599006       531.5506386758       514.0232885712       -31.5506386758         1.3993761929
        1.6204487000       478.8851510731         3.2737057351         1.6747464736         1.9418305527       501.0750941213       515.1179688085        -1.0750941213         1.3840690105
        1.6254311000       487.0157165872         3.2839640077         1.6721941467         1.9750049597       497.2656510520       507.4931926564         2.7343489480         1.4044785871
        1.6304449000       453.9733715847         3.2427183635         1.6824034542         2.0030756117       512.5034233292       506.2459567904       -12.5034233292         1.4044785871
        1.6354513000       492.2589823840         3.2906187541         1.6696418199         2.0362500187       493.4562079827       504.6843675273         6.5437920173         1.3993761929
        1.6404355000       494.4321974451         3.2933861862         1.6696418199         2.0821838129       493.4562079827       499.3160222333         6.5437920173         1.4044785871
        1.6454414000       479.6301968217         3.2746427053         1.6747464736         2.1102544650       501.0750941213       498.3357101494        -1.0750941213         1.4070297842
        1.6504496000       504.7359780203         3.3065819072         1.6670894930         2.1357732396       489.6467649134       496.9134245519        10.3532350866         1.4044785871
        1.6554418000       482.7114982493         3.2785242551         1.6747464736         2.1791551564       501.0750941213       496.1711542466        -1.0750941213         1.3917226017
        1.6604275000       490.8420637634         3.2888173224         1.6721941467         2.2123295633       497.2656510520       497.6051238654         2.7343489480         1.3917226017
        1.6654449000       449.3121109187         3.2369915091         1.6849557810         2.2429520929       516.3128663985       501.9961914271       -16.3128663985         1.3993761929
        1.6704386000       537.2582400768         3.3490753436         1.6568801856         2.2684708674       474.4089926362       498.8237768470        25.5910073638         1.3942737988
        1.6754308000       511.8066672420         3.3157097537         1.6670894930         2.3093009068       489.6467649134       490.7934153246        10.3532350866         1.3917226017
        1.6804437000       489.7821874710         3.2874713203         1.6747464736         2.3475790687       501.0750941213       492.9772098480        -1.0750941213         1.3917226017
        1.6854464000       446.9871059316         3.2341430734         1.6875081079         2.3833053531       520.1223094678       501.4022997293       -20.1223094678         1.3993761929
        1.6904381000       491.2300671840         3.2893103916         1.6721941467         2.4037203728       497.2656510520       504.8885575355         2.7343489480         1.4019273900
        1.6954473000       526.0885849194         3.3343325708         1.6619848393         2.4445504121       482.0278787748       497.6012362813        17.9721212252         1.3968249959
        1.7004331000       498.1067546954         3.2980778575         1.6721941467         2.4777248191       497.2656510520       493.7980886003         2.7343489480         1.3993761929
        1.7054986000       473.5520175351         3.2670164848         1.6798511273         2.5160029810       508.6939802599       498.1880049561        -8.6939802599         1.3917226017
        1.7104442000       530.0779727135         3.3395799077         1.6619848393         2.5389698781       482.0278787748       496.8363393454        17.9721212252         1.3942737988
        1.7154518000       519.0713581739         3.3251510571         1.6670894930         2.5746961625       489.6467649134       491.5775501728        10.3532350866         1.3942737988
        1.7204214000       480.0716627184         3.2751981813         1.6798511273         2.6078705695       508.6939802599       495.2077882640        -8.6939802599         1.4044785871
        1.7254747000       511.1347943701         3.3148398228         1.6696418199         2.6435968539       493.4562079827       498.0130319607         6.5437920173         1.4044785871
        1.7304329000       530.2832251156         3.3398504259         1.6645371662         2.6716675060       485.8373218441       494.0129988161        14.1626781559         1.4044785871
        1.7355890000       518.0114818815         3.3237695984         1.6696418199         2.7048419129       493.4562079827       491.9254393072         6.5437920173         1.4044785871
        1.7404508000       537.1599126270         3.3489448645         1.6645371662         2.7456719523       485.8373218441       490.8359721590        14.1626781559         1.4044785871
        1.7454357000       524.8881693929         3.3327575603         1.6696418199         2.7788463592       493.4562079827       490.2673949942         6.5437920173         1.4044785871
        1.7504504000       518.5737766117         3.3245023294         1.6721941467         2.8069170113       497.2656510520       492.7026874371         2.7343489480         1.4044785871
        1.7554305000       494.0190394515         3.2928596418         1.6798511273         2.8477470506       508.6939802599       497.6163309145        -8.6939802599         1.3917226017
        1.7604398000       525.0821711031         3.3330119786         1.6696418199         2.8758177027       493.4562079827       499.2700155732         6.5437920173         1.3917226017
        1.7654324000       535.7429940065         3.3470660200         1.6670894930         2.9140958646       489.6467649134       495.5796752872        10.3532350866         1.3968249959
        1.7704411000       522.2061220777         3.3292450835         1.6721941467         2.9472702715       497.2656510520       494.5644148907         2.7343489480         1.4044785871
        1.7754194000       463.7009535485         3.2547407735         1.6900604347         2.9829965560       523.9317525372       502.2306391103       -23.9317525372         1.4070297842
        1.7804364000       455.7531390528         3.2449107605         1.6900604347         3.0263784728       523.9317525372       512.6062549605       -23.9317525372         1.3993761929
        1.7854382000       439.3177167148         3.2247845132         1.6926127616         3.0595528797       527.7411956065       518.9318138575       -27.7411956065         1.3993761929
        1.7904295000       464.0552048934         3.2551804404         1.6824034542         3.0876235318       512.5034233292       519.5010070082       -12.5034233292         1.4070297842
        1.7954300000       468.3903843237         3.2605715725         1.6798511273         3.1207979388       508.6939802599       515.2446862720        -8.6939802599         1.4095809812
        1.8004606000       482.4783002909         3.2782301253         1.6747464736         3.1514204683       501.0750941213       510.2913493208        -1.0750941213         1.4070297842
        1.8054528000       490.6088658050         3.2885210603         1.6721941467         3.1845948752       497.2656510520       504.9742496770         2.7343489480         1.4070297842
        1.8104674000       508.4921678560         3.3114234689         1.6670894930         3.2152174047       489.6467649134       499.4673075393        10.3532350866         1.4019273900
        1.8154381000       461.0048645583         3.2513988966         1.6824034542         3.2534955666       512.5034233292       500.2360135322       -12.5034233292         1.4019273900
        1.8204630000       465.3400439886         3.2567761761         1.6798511273         3.2866699736       508.6939802599       505.1905645025        -8.6939802599         1.3942737988
        1.8254405000       513.3783913247         3.3177469336         1.6645371662         3.3147406256       485.8373218441       501.4015488888        14.1626781559         1.3993761929
        1.8304755000       484.1314324061         3.2803165062         1.6747464736         3.3530187875       501.0750941213       497.6027666135        -1.0750941213         1.3917226017
        1.8354472000       381.9230959710         3.1564160036         1.7053743959         3.3887450720       546.7884109530       510.1910351643       -46.7884109530         1.4019273900
        1.8404463000       417.3101563611         3.1982359947         1.6900604347         3.4244713564       523.9317525372       522.2247199574       -23.9317525372         1.4044785871
        1.8454298000       485.7508124456         3.2823632460         1.6670894930         3.4525420084       489.6467649134       514.8448029428        10.3532350866         1.3866202076
        1.8504499000       455.2387248323         3.2442767525         1.6772988005         3.4984758027       504.8845371906       506.4399564539        -4.8845371906         1.3942737988
        1.8554305000       504.5422008630         3.3063325926         1.6619848393         3.5163389449       482.0278787748       500.2322387307        17.9721212252         1.3917226017
        1.8604384000       468.0727627967         3.2601759122         1.6747464736         3.5571689842       501.0750941213       496.0818456516        -1.0750941213         1.3840690105
        1.8654466000       476.2033283109         3.2703381056         1.6721941467         3.5877915138       497.2656510520       497.5585149999         2.7343489480         1.3840690105
        1.8704328000       468.6238068351         3.2608624145         1.6747464736         3.6286215531       501.0750941213       498.3291673990        -1.0750941213         1.3942737988
        1.8754207000       493.7295880337         3.2924908708         1.6670894930         3.6592440826       489.6467649134       496.9100099850        10.3532350866         1.4095809812
        1.8804574000       454.7298925782         3.2436498881         1.6798511273         3.6949703670       508.6939802599       497.9907220008        -8.6939802599         1.3917226017
        1.8854424000       451.8425928609         3.2400977771         1.6798511273         3.7306966515       508.6939802599       503.1081044068        -8.6939802599         1.4019273900
        1.8904560000       448.9552931436         3.2365540133         1.6798511273         3.7664229359       508.6939802599       505.7787923526        -8.6939802599         1.3993761929
        1.8954524000       403.6299542151         3.1819486755         1.6926127616         3.7970454654       527.7411956065       511.7259602257       -27.7411956065         1.4019273900
        1.9004370000       487.7806972894         3.2849329799         1.6645371662         3.8225642400       485.8373218441       509.3656519167        14.1626781559         1.4070297842
        1.9054260000       492.4841697397         3.2909052624         1.6645371662         3.8506348920       485.8373218441       498.1164173900        14.1626781559         1.3891714046
        1.9104877000       471.7248186633         3.2647317482         1.6721941467         3.8940168088       497.2656510520       494.9776290616         2.7343489480         1.4019273900
        1.9154562000       515.0709442410         3.3199440822         1.6594325125         3.9220874609       478.2184357055       491.5181910125        21.7815642945         1.3968249959
        1.9204783000       496.8418505538         3.2964610639         1.6670894930         3.9603656228       489.6467649134       487.8914105067        10.3532350866         1.3993761929
        1.9254634000       500.2801943095         3.3008602889         1.6670894930         3.9858843974       489.6467649134       488.7306708085        10.3532350866         1.3968249959
        1.9304406000       478.2557145384         3.2729146299         1.6747464736         4.0267144367       501.0750941213       491.9006932860        -1.0750941213         1.4019273900
        1.9354599000       486.3862800526         3.2831672183         1.6721941467         4.0598888437       497.2656510520       495.3764319863         2.7343489480         1.3993761929
        1.9404916000       487.2943664191         3.2843168865         1.6721941467         4.0854076183       497.2656510520       496.2796949156         2.7343489480         1.4019273900
        1.9454308000       505.1776684701         3.3071503548         1.6670894930         4.1211339027       489.6467649134       494.9297450214        10.3532350866         1.3917226017
        1.9504379000       474.6655808568         3.2684106540         1.6772988005         4.1543083097       504.8845371906       496.0465754420        -4.8845371906         1.3968249959
        1.9556423000       498.5062333608         3.2985888556         1.6696418199         4.1900345941       493.4562079827       497.5401079871         6.5437920173         1.3968249959
        1.9604321000       466.7290170529         3.2585031932         1.6798511273         4.2308646334       508.6939802599       499.2302359286        -8.6939802599         1.3866202076
        1.9654433000       472.3293251778         3.2654872281         1.6772988005         4.2665909178       504.8845371906       502.8443139345        -4.8845371906         1.3917226017
        1.9704210000       496.1699776818         3.2956030345         1.6696418199         4.2844540601       493.4562079827       501.0877494979         6.5437920173         1.3968249959
        1.9754409000       472.8803692162         3.2661762356         1.6772988005         4.3227322219       504.8845371906       500.1710238959        -4.8845371906         1.3891714046
        1.9804205000       488.2334138780         3.2855067299         1.6721941467         4.3584585064       497.2656510520       500.6032729320         2.7343489480         1.4044785871
        1.9854297000       523.0919316135         3.3304041691         1.6619848393         4.3890810359       482.0278787748       495.3648081572        17.9721212252         1.4019273900
        1.9904208000       469.6472778627         3.2621383319         1.6798511273         4.4324629527       508.6939802599       495.3629537234        -8.6939802599         1.3942737988
        1.9954537000       415.8343310919         3.1964712263         1.6951650884         4.4681892371       531.5506386758       507.2007594087       -31.5506386758         1.3993761929
        2.0004372000       524.1827689984         3.3318328792         1.6594325125         4.4937080117       478.2184357055       506.0933401033        21.7815642945         1.4019273900
        2.0054481000       497.4660674689         3.2972587022         1.6696418199         4.5345380510       493.4562079827       496.4086451304         6.5437920173         1.3942737988
        2.0104263000       508.1268903722         3.3109519029         1.6670894930         4.5626087031       489.6467649134       494.0863673919        10.3532350866         1.3840690105
        2.0154412000       477.6148027590         3.2721095481         1.6772988005         4.6008868650       504.8845371906       495.6064288416        -4.8845371906         1.3866202076
        2.0204252000       518.4306709474         3.3243158103         1.6645371662         4.6391650269       485.8373218441       495.4890520679        14.1626781559         1.3917226017
        2.0254549000       506.1589277133         3.3084140472         1.6696418199         4.6646838015       493.4562079827       492.6957701745         6.5437920173         1.3917226017
        2.0304415000       508.3321427744         3.3112168600         1.6696418199         4.6978582084       493.4562079827       493.0593464768         6.5437920173         1.3993761929
        2.0354560000       510.5053578355         3.3140253324         1.6696418199         4.7386882478       493.4562079827       493.2490916963         6.5437920173         1.4044785871
        2.0404316000       546.6290042655         3.3615680122         1.6594325125         4.7693107773       478.2184357055       489.7054174505        21.7815642945         1.4019273900
        2.0454699000       502.9370870516         3.3042691548         1.6747464736         4.8075889392       501.0750941213       489.6773748251        -1.0750941213         1.3993761929
        2.0504540000       528.0428682502         3.3369005740         1.6670894930         4.8382114687       489.6467649134       492.3947644351        10.3532350866         1.3942737988
        2.0554484000       565.4316433749         3.3869877443         1.6568801856         4.8713858756       474.4089926362       487.4382066282        25.5910073638         1.3942737988
        2.0604321000       531.4924626978         3.3414452627         1.6696418199         4.9147677924       493.4562079827       485.7621256009         6.5437920173         1.3866202076
        2.0654402000       508.2028542321         3.3110499576         1.6772988005         4.9504940769       504.8845371906       492.1728021967        -4.8845371906         1.3917226017
        2.0704492000       506.5806832094         3.3089575477         1.6772988005         4.9836684838       504.8845371906       498.2504663466        -4.8845371906         1.3968249959
        2.0754501000       521.9337278712         3.3288888509         1.6721941467         5.0117391359       497.2656510520       499.6009616937         2.7343489480         1.3891714046
        2.0804420000       480.4037750265         3.2756162043         1.6849557810         5.0142910133       516.3128663985       503.0377903554       -16.3128663985         1.3968249959
        2.0854487000       466.4986100777         3.2582165700         1.6875081079         5.0117391359       520.1223094678       510.2954708832       -20.1223094678         1.3942737988
        2.0904309000       476.7911399611         3.2710755627         1.6824034542         5.0117391359       512.5034233292       513.1724746138       -12.5034233292         1.4019273900
        2.0954464000       472.6387115491         3.2658740345         1.6824034542         1.1073666236       512.5034233292       512.8525915287       -12.5034233292         1.4019273900
        2.1004531000       451.5110674527         3.2396904527         1.6875081079         1.1073666236       520.1223094678       514.5069989353       -20.1223094678         1.4019273900
        2.1054624000       453.3159894938         3.2419093802         1.6849557810         0.0024036839       516.3128663985       516.2810851429       -16.3128663985         1.3942737988
        2.1104474000       490.3364715985         3.2881750804         1.6721941467         0.0024036839       497.2656510520       511.7429058021         2.7343489480         1.3866202076
        2.1154587000       457.2941265961         3.2468116152         1.6824034542        -0.0001481936       512.5034233292       508.4638206846       -12.5034233292         1.3866202076
        2.1204365000       453.1416981841         3.2416949680         1.6824034542         0.0279224584       512.5034233292       510.3952130700       -12.5034233292         1.3968249959
        2.1254543000       474.4520932989         3.2681432660         1.6747464736         0.0534412330       501.0750941213       508.6711542018        -1.0750941213         1.3917226017
        2.1304311000       465.6074431286         3.2571084963         1.6772988005         0.0891675175       504.8845371906       505.9500430190        -4.8845371906         1.3942737988
        2.1354580000       438.5224485791         3.2238173327         1.6849557810         0.1248938019       516.3128663985       508.1726339398       -16.3128663985         1.3917226017
        2.1404496000       475.5429306838         3.2695100320         1.6721941467         0.1555163314       497.2656510520       507.5112222638         2.7343489480         1.3968249959
        2.1454757000       442.5005856813         3.2286614874         1.6824034542         0.1963463707       512.5034233292       506.2553661820       -12.5034233292         1.3942737988
        2.1504477000       455.3233729539         3.2443810616         1.6772988005         0.2295207777       504.8845371906       507.4213028039        -4.8845371906         1.3942737988
        2.1554341000       462.1888097734         3.2528654994         1.6747464736         0.2729026945       501.0750941213       505.2977636313        -1.0750941213         1.3917226017
        2.1604492000       478.8069831298         3.2736074663         1.6696418199         0.2933177142       493.4562079827       501.4574945654         6.5437920173         1.3942737988
        2.1654340000       480.9801981909         3.2763420253         1.6696418199         0.3366996310       493.4562079827       497.6319638539         6.5437920173         1.3917226017
        2.1704428000       457.6905897253         3.2473010561         1.6772988005         0.3698740379       504.8845371906       498.3674992947        -4.8845371906         1.3917226017
        2.1754250000       464.5560265448         3.2558022418         1.6747464736         0.4081521998       501.0750941213       500.5727143822        -1.0750941213         1.3942737988
        2.1804606000       481.1741999012         3.2765863911         1.6696418199         0.4387747293       493.4562079827       498.9915596262         6.5437920173         1.4044785871
        2.1854454000       508.8102384890         3.3118342222         1.6619848393         0.4642935039       482.0278787748       493.6130033840        17.9721212252         1.3968249959
        2.1904309000       429.9027612115         3.2133725900         1.6875081079         0.5153310531       520.1223094678       497.1807367720       -20.1223094678         1.4044785871
        2.1954685000       482.6333303060         3.2784256561         1.6696418199         0.5459535826       493.4562079827       501.7747099343         6.5437920173         1.3917226017
        2.2004502000       450.8561139982         3.2388860754         1.6798511273         0.5816798670       508.6939802599       501.4402135066        -8.6939802599         1.4044785871
        2.2054309000       507.3820691766         3.3099908483         1.6619848393         0.6071986416       482.0278787748       498.5336200026        17.9721212252         1.3917226017
        2.2104448000       479.4002389525         3.2743534450         1.6721941467         0.6505805584       497.2656510520       494.2846861941         2.7343489480         1.3942737988
        2.2154251000       471.8207174767         3.2648515712         1.6747464736         0.6786512105       501.0750941213       496.6206034430        -1.0750941213         1.4019273900
        2.2204623000       496.9264986754         3.2965692026         1.6670894930         0.7092737400       489.6467649134       496.0183351403        10.3532350866         1.3866202076
        2.2257224000       500.3648424311         3.3009687669         1.6670894930         0.7450000244       489.6467649134       492.9719953633        10.3532350866         1.3942737988
        2.2304569000       520.7784018712         3.3273789595         1.6619848393         0.7756225539       482.0278787748       489.5608048776        17.9721212252         1.3917226017
        2.2354343000       492.7965716472         3.2913028308         1.6721941467         0.8164525933       497.2656510520       489.6019036126         2.7343489480         1.4019273900
        2.2404328000       527.6550893826         3.3363906348         1.6619848393         0.8343157355       482.0278787748       489.6233524486        17.9721212252         1.3993761929
        2.2454338000       491.1856513163         3.2892539398         1.6747464736         0.8751457748       501.0750941213       490.5452211699        -1.0750941213         1.3968249959
        2.2504481000       524.7790403572         3.3326144667         1.6645371662         0.9083201818       485.8373218441       491.9370060208        14.1626781559         1.4019273900
        2.2554508000       487.0444735963         3.2840004212         1.6772988005         0.9440464662       504.8845371906       493.5740333107        -4.8845371906         1.3993761929
        2.2604418000       510.8851261003         3.3145166950         1.6696418199         0.9695652408       493.4562079827       496.2497239701         6.5437920173         1.3917226017
        2.2654533000       521.5459490037         3.3283818793         1.6670894930         1.0027396478       489.6467649134       494.0034287343        10.3532350866         1.3917226017
        2.2704581000       550.4471162861         3.3666912974         1.6594325125         1.0359140547       478.2184357055       489.1884201689        21.7815642945         1.3917226017
        2.2754448000       523.7304147566         3.3312402337         1.6696418199         1.0741922166       493.4562079827       487.5862116457         6.5437920173         1.3942737988
        2.2809504000       483.4655906065         3.2794757963         1.6824034542         1.1073666236       512.5034233292       494.9461161178       -12.5034233292         1.3917226017
        2.2854311000       530.2388092480         3.3397918822         1.6670894930         1.1456447855       489.6467649134       497.8764690480        10.3532350866         1.3968249959
        2.2904432000       516.7019373193         3.3220646267         1.6721941467         1.1711635601       497.2656510520       495.7630783722         2.7343489480         1.3942737988
        2.2954347000       517.6100236858         3.3232466928         1.6721941467         1.2068898445       497.2656510520       496.4814800784         2.7343489480         1.3917226017
        2.3004705000       450.6172473143         3.2385928193         1.6926127616         1.2349604965       527.7411956065       504.1418026192       -27.7411956065         1.4019273900
        2.3054503000       517.7927747041         3.3234847043         1.6696418199         1.2630311486       493.4562079827       507.2289393992         6.5437920173         1.3866202076
        2.3104316000       494.5031662385         3.2934766513         1.6772988005         1.2987574330       504.8845371906       503.3760221822        -4.8845371906         1.3968249959
        2.3154403000       492.8809952158         3.2914102890         1.6772988005         1.3293799625       504.8845371906       504.0972650016        -4.8845371906         1.4019273900
        2.3204544000       508.2340398776         3.3110902142         1.6721941467         1.3574506146       497.2656510520       502.6523214418         2.7343489480         1.3993761929
        2.3254391000       526.1173419285         3.3343703238         1.6670894930         1.3982806539       489.6467649134       498.2555267387        10.3532350866         1.3993761929
        2.3304678000       478.6300386308         3.2733850455         1.6824034542         1.4314550609       512.5034233292       499.6036026392       -12.5034233292         1.3993761929
        2.3354305000       474.4776102189         3.2681752227         1.6824034542         1.4722851002       512.5034233292       505.7711932777       -12.5034233292         1.4044785871
        2.3404372000       504.2756131759         3.3059896723         1.6721941467         1.4978038748       497.2656510520       505.3472701927         2.7343489480         1.4070297842
        2.3454563000       513.6713073846         3.3181269263         1.6696418199         1.5233226494       493.4562079827       500.5726564410         6.5437920173         1.4019273900
        2.3504324000       490.3816989190         3.2882325198         1.6772988005         1.5692564437       504.8845371906       499.9022042711        -4.8845371906         1.3942737988
        2.3555767000       514.2223514230         3.3188420648         1.6696418199         1.5947752183       493.4562079827       499.5523049698         6.5437920173         1.3968249959
        2.3604509000       524.8831743264         3.3327510103         1.6670894930         1.6279496252       489.6467649134       495.7269980450        10.3532350866         1.3993761929
        2.3654635000       485.8834788709         3.2825310537         1.6798511273         1.6560202773       508.6939802599       497.3733251605        -8.6939802599         1.3917226017
        2.3704476000       499.9713948380         3.3004646283         1.6747464736         1.7019540715       501.0750941213       500.9645441483        -1.0750941213         1.3968249959
        2.3754567000       533.5647838789         3.3441827377         1.6645371662         1.7249209687       485.8373218441       497.3747001529        14.1626781559         1.4044785871
        2.3804148000       478.8550014335         3.2736678317         1.6824034542         1.7657510080       512.5034233292       498.2332370860       -12.5034233292         1.4044785871
        2.3854676000       491.6777887060         3.2898795630         1.6772988005         1.7912697826       504.8845371906       503.2346695261        -4.8845371906         1.3917226017
        2.3904418000       524.0060490523         3.3316013216         1.6670894930         1.8269960670       489.6467649134       500.3807955579        10.3532350866         1.4044785871
        2.3954525000       544.4196084925         3.3586121808         1.6619848393         1.8576185965       482.0278787748       493.4273506625        17.9721212252         1.4019273900
        2.4004519000       457.0245233727         3.2464788769         1.6900604347         1.8984486359       523.9317525372       497.9945221825       -23.9317525372         1.4044785871
        2.4054448000       525.4651794572         3.3335144032         1.6670894930         1.9214155330       489.6467649134       502.1994127831        10.3532350866         1.3993761929
        2.4104296000       486.4654840017         3.2832674563         1.6798511273         1.9596936949       508.6939802599       500.7511849040        -8.6939802599         1.3993761929
        2.4154587000       517.5286156533         3.3231406818         1.6696418199         1.9852124695       493.4562079827       500.9060505804         6.5437920173         1.3866202076
        2.4204406000       460.2885758187         3.2505123039         1.6875081079         2.0260425088       520.1223094678       503.7188973905       -20.1223094678         1.3968249959
        2.4254320000       504.5315370711         3.3063188738         1.6721941467         2.0541131609       497.2656510520       506.0975563865         2.7343489480         1.4044785871
        2.4304366000       488.4644077530         3.2857995690         1.6772988005         2.0821838129       504.8845371906       503.6962446169        -4.8845371906         1.4044785871
        2.4354498000       512.3050602571         3.3163554183         1.6696418199         2.1153582199       493.4562079827       501.5323598130         6.5437920173         1.4070297842
        2.4404372000       522.9658831604         3.3302391745         1.6670894930         2.1485326269       489.6467649134       496.7603600613        10.3532350866         1.4019273900
        2.4454559000       517.9166190739         3.3236460202         1.6696418199         2.1893626662       493.4562079827       494.2699223331         6.5437920173         1.3968249959
        2.4504595000       486.1394027660         3.2828548236         1.6798511273         2.2276408281       508.6939802599       497.5235732808        -8.6939802599         1.3968249959
        2.4554546000       491.7397108909         3.2899583004         1.6772988005         2.2582633576       504.8845371906       501.9536313552        -4.8845371906         1.3968249959
        2.4604448000       541.0431869216         3.3541074441         1.6619848393         2.2863340097       482.0278787748       497.8908904767        17.9721212252         1.3917226017
        2.4657044000       504.5737488553         3.3063731793         1.6747464736         2.3271640490       501.0750941213       494.8599298238        -1.0750941213         1.3993761929
        2.4704375000       512.7043143695         3.3168728663         1.6721941467         2.3603384560       497.2656510520       496.9208147826         2.7343489480         1.3993761929
        2.4755024000       462.6867536825         3.2534827581         1.6875081079         2.3909609855       520.1223094678       502.5497352869       -20.1223094678         1.4044785871
        2.4804375000       489.9544992504         3.2876900627         1.6772988005         2.4266872699       504.8845371906       507.3087373431        -4.8845371906         1.3942737988
        2.4854597000       462.8695047009         3.2537093636         1.6849557810         2.4675173092       516.3128663985       508.8817168782       -16.3128663985         1.3993761929
        2.4904333000       499.8899868056         3.3003603398         1.6721941467         2.4879323289       497.2656510520       507.8812824051         2.7343489480         1.4019273900
        2.4954353000       500.7980731721         3.3015240909         1.6721941467         2.5287623683       497.2656510520       502.8057956888         2.7343489480         1.3993761929
        2.5004608000       484.7309438541         3.2810738888         1.6772988005         2.5619367752       504.8845371906       501.9783222655        -4.8845371906         1.3942737988
        2.5054366000       474.6211649892         3.2683550201         1.6798511273         2.5976630597       508.6939802599       504.2785004916        -8.6939802599         1.3993761929
        2.5104589000       488.7090809563         3.2861098157         1.6747464736         2.6282855892       501.0750941213       504.5682553930        -1.0750941213         1.3917226017
        2.5154358000       496.8396464705         3.2964582482         1.6721941467         2.6640118736       497.2656510520       501.9874496389         2.7343489480         1.3968249959
        2.5204435000       480.7725171524         3.2760804751         1.6772988005         2.6971862806       504.8845371906       501.5512392849        -4.8845371906         1.3891714046
        2.5254222000       487.6379539720         3.2847521222         1.6747464736         2.7303606875       501.0750941213       502.2342622869        -1.0750941213         1.3942737988
        2.5304359000       495.7685194861         3.2950905933         1.6721941467         2.7635350945       497.2656510520       500.7693723565         2.7343489480         1.3942737988
        2.5354464000       471.2137823259         3.2640933880         1.6798511273         2.8043651338       508.6939802599       501.8262172327        -8.6939802599         1.4019273900
        2.5404486000       485.3016982930         3.2817953150         1.6747464736         2.8324357859       501.0750941213       503.2884441888        -1.0750941213         1.4070297842
        2.5454326000       518.8950873339         3.3249212071         1.6645371662         2.8579545605       485.8373218441       498.5875100102        14.1626781559         1.3942737988
        2.5504499000       540.5737754687         3.3534823479         1.6594325125         2.8911289674       478.2184357055       490.6701110759        21.7815642945         1.3942737988
        2.5554323000       505.3694660970         3.3073972670         1.6721941467         2.9319590068       497.2656510520       489.2701596074         2.7343489480         1.3866202076
        2.5604435000       506.2775524635         3.3085668930         1.6721941467         2.9651334138       497.2656510520       493.0929195797         2.7343489480         1.3840690105
        2.5654244000       473.2352074610         3.2666200867         1.6824034542         3.0059634531       512.5034233292       498.7306623156       -12.5034233292         1.3968249959
        2.5704430000       503.0332104181         3.3043926395         1.6721941467         3.0391378601       497.2656510520       501.6729187997         2.7343489480         1.3968249959
        2.5754446000       529.4041203113         3.3386921606         1.6645371662         3.0723122670       485.8373218441       496.8337157658        14.1626781559         1.3968249959
        2.5804297000       525.6199849193         3.3337175269         1.6670894930         3.0952791642       489.6467649134       492.4868558482        10.3532350866         1.4095809812
        2.5854404000       512.0831129906         3.3160678501         1.6721941467         3.1259016937       497.2656510520       492.9503171081         2.7343489480         1.4095809812
        2.5904304000       521.4788071993         3.3282941189         1.6696418199         3.1641798556       493.4562079827       494.1028657276         6.5437920173         1.3917226017
        2.5954357000       523.6520222604         3.3311375549         1.6696418199         3.1999061400       493.4562079827       493.7936893174         6.5437920173         1.3840690105
        2.6004702000       466.4119824258         3.2581088208         1.6875081079         3.2356324244       520.1223094678       500.0070588012       -20.1223094678         1.3942737988
        2.6054553000       468.2169044669         3.2603554558         1.6849557810         3.2662549539       516.3128663985       508.7137758707       -16.3128663985         1.3993761929
        2.6104414000       488.2621708871         3.2855431828         1.6772988005         3.2994293609       504.8845371906       509.6149861869        -4.8845371906         1.3891714046
        2.6154444000       503.6152155489         3.3051405443         1.6721941467         3.3326037679       497.2656510520       505.5319404126         2.7343489480         1.3993761929
        2.6204658000       504.5233019154         3.3063082795         1.6721941467         3.3632262974       497.2656510520       501.5797080444         2.7343489480         1.3993761929
        2.6254640000       488.4561725974         3.2857891279         1.6772988005         3.3989525818       504.8845371906       501.3384448375        -4.8845371906         1.3993761929
        2.6305239000       427.4207466790         3.2103778414         1.6951650884         3.4448863760       531.5506386758       509.4086070083       -31.5506386758         1.4019273900
        2.6354397000       476.3559296897         3.2705295201         1.6772988005         3.4755089056       504.8845371906       513.6203080538        -4.8845371906         1.4019273900
        2.6404284000       500.1965821937         3.3007531468         1.6696418199         3.5035795576       493.4562079827       506.7115851455         6.5437920173         1.3993761929
        2.6454712000       493.8821894126         3.2926852782         1.6721941467         3.5367539646       497.2656510520       501.2846727043         2.7343489480         1.3917226017
        2.6504415000       469.3274522524         3.2617394994         1.6798511273         3.5699283715       508.6939802599       502.0951450396        -8.6939802599         1.3993761929
        2.6554555000       508.8781917462         3.3119219921         1.6670894930         3.6056546560       489.6467649134       500.6967690750        10.3532350866         1.3993761929
        2.6604330000       537.7793590287         3.3497670697         1.6594325125         3.6388290629       478.2184357055       492.6815777925        21.7815642945         1.4044785871
        2.6654523000       545.0130888682         3.3594055339         1.6594325125         3.6643478375       478.2184357055       485.7665406085        21.7815642945         1.4044785871
        2.6704272000       475.8583481275         3.2699054752         1.6824034542         3.7000741219       512.5034233292       490.3537565581       -12.5034233292         1.3942737988
        2.6754396000       454.7307040311         3.2436508876         1.6875081079         3.7485597937       520.1223094678       502.7651820098       -20.1223094678         1.3968249959
        2.6804196000       498.9736652834         3.2991870130         1.6721941467         3.7689748133       497.2656510520       505.5998261078         2.7343489480         1.4019273900
        2.6854428000       491.3941438077         3.2895189494         1.6747464736         3.8072529752       501.0750941213       502.5258114916        -1.0750941213         1.3968249959
        2.6904416000       448.5990622684         3.2361173630         1.6875081079         3.8480830146       520.1223094678       506.3855769763       -20.1223094678         1.4019273900
        2.6954277000       484.3544156784         3.2805981614         1.6747464736         3.8684980342       501.0750941213       508.3999328199        -1.0750941213         1.3917226017
        2.7004410000       483.9973733503         3.2801471998         1.6747464736         3.9067761961       501.0750941213       504.8978216145        -1.0750941213         1.3866202076
        2.7054579000       424.2270761265         3.2065326720         1.6926127616         3.9501581129       527.7411956065       509.4448445578       -27.7411956065         1.3917226017
        2.7104352000       482.9149956741         3.2787809732         1.6721941467         3.9705731326       497.2656510520       510.9071952564         2.7343489480         1.3993761929
        2.7154450000       475.3354741984         3.2692499997         1.6747464736         4.0190588043       501.0750941213       505.2956507735        -1.0750941213         1.3942737988
        2.7204297000       458.0032161858         3.2476871124         1.6798511273         4.0522332113       508.6939802599       505.0990914301        -8.6939802599         1.3942737988
        2.7257532000       446.6283086262         3.2337039744         1.6824034542         4.0828557408       512.5034233292       507.7285345994       -12.5034233292         1.3917226017
        2.7304480000       510.3767429522         3.3138589636         1.6619848393         4.1109263928       482.0278787748       502.7260788158        17.9721212252         1.3993761929
        2.7354297000       465.4196970437         3.2568751601         1.6772988005         4.1492045547       504.8845371906       498.2940196466        -4.8845371906         1.4095809812
        2.7404379000       497.7479573899         3.2976190558         1.6670894930         4.1823789617       489.6467649134       497.8023417645        10.3532350866         1.3942737988
        2.7454463000       475.7234776189         3.2697363730         1.6747464736         4.2181052461       501.0750941213       496.6350672975        -1.0750941213         1.4070297842
        2.7504368000       466.8788274486         3.2586895854         1.6772988005         4.2563834080       504.8845371906       499.6685831517        -4.8845371906         1.3917226017
        2.7554394000       516.1823034793         3.3213886686         1.6619848393         4.2793503051       482.0278787748       496.6983568318        17.9721212252         1.3917226017
        2.7604267000       479.7128654130         3.2747467070         1.6747464736         4.3201803445       501.0750941213       494.2375637434        -1.0750941213         1.3968249959
        2.7654463000       487.8434309271         3.2850124715         1.6721941467         4.3456991191       497.2656510520       496.5960109167         2.7343489480         1.3968249959
        2.7704409000       480.2639094514         3.2754401436         1.6747464736         4.3941847908       501.0750941213       497.8268504235        -1.0750941213         1.3917226017
        2.7754321000       471.4192592810         3.2643500256         1.6772988005         4.4145998105       504.8845371906       500.2905575472        -4.8845371906         1.4095809812
        2.7804381000       393.4086176781         3.1698801326         1.7002697422         4.4554298498       539.1695248144       510.6830795378       -39.1695248144         1.4019273900
        2.7854568000       397.3755040885         3.1745540070         1.6951650884         4.4988117666       531.5506386758       522.4815108072       -31.5506386758         1.3993761929
        2.7904367000       497.2363341527         3.2969650913         1.6619848393         4.5268824187       482.0278787748       514.9788183774        17.9721212252         1.3942737988
        2.7954501000       460.7668960864         3.2511042903         1.6747464736         4.5651605806       501.0750941213       503.7778725221        -1.0750941213         1.3942737988
        2.8004287000       468.8974616005         3.2612034591         1.6721941467         4.5906793551       497.2656510520       501.5749602374         2.7343489480         1.3840690105
        2.8054461000       512.2435871782         3.3162757641         1.6594325125         4.6264056396       478.2184357055       494.9612428401        21.7815642945         1.3917226017
        2.8104464000       510.9897091755         3.3146520402         1.6619848393         4.6595800465       482.0278787748       487.8669397456        17.9721212252         1.3917226017
        2.8154370000       499.9830946359         3.3004796170         1.6670894930         4.6978582084       489.6467649134       486.8965501046        10.3532350866         1.4044785871
        2.8204465000       503.4214383916         3.3048914868         1.6670894930         4.7259288605       489.6467649134       488.2114675376        10.3532350866         1.3993761929
        2.8254853000       472.9093507783         3.2662124822         1.6772988005         4.7693107773       504.8845371906       492.5404034836        -4.8845371906         1.3917226017
        2.8304363000       530.7004346513         3.3404004642         1.6594325125         4.7999333068       478.2184357055       492.0675879618        21.7815642945         1.4070297842
        2.8354673000       487.0085174374         3.2839548919         1.6747464736         4.8356595912       501.0750941213       490.9101574882        -1.0750941213         1.4019273900
        2.8404317000       512.1142986360         3.3161082525         1.6670894930         4.8713858756       489.6467649134       493.0381358966        10.3532350866         1.3942737988
        2.8454330000       515.5526423917         3.3205700261         1.6670894930         4.9020084051       489.6467649134       491.4166724337        10.3532350866         1.3942737988
        2.8504474000       468.0653390939         3.2601666658         1.6824034542         4.9479421994       512.5034233292       496.0345033799       -12.5034233292         1.3866202076
        2.8554324000       531.8137734200         3.3418693454         1.6619848393         4.9709090965       482.0278787748       496.6231328686        17.9721212252         1.3968249959
        2.8604406000       495.3443353537         3.2945493459         1.6747464736         5.0117391359       501.0750941213       494.1983054437        -1.0750941213         1.3993761929
        2.8654352000       469.5244694988         3.2619851732         1.6824034542         5.0066353810       512.5034233292       500.2182221119       -12.5034233292         1.3968249959
        2.8704425000       456.8844332446         3.2463060100         1.6849557810         5.0117391359       516.3128663985       507.0026291846       -16.3128663985         1.3993761929
        2.8754214000       493.9049153493         3.2927142323         1.6721941467         4.9989797486       497.2656510520       506.9006136854         2.7343489480         1.4019273900
        2.8804586000       486.3253938736         3.2830901675         1.6747464736         1.1124703785       501.0750941213       503.2046737356        -1.0750941213         1.3993761929
        2.8854440000       468.9931358610         3.2613227127         1.6798511273         1.1022628687       508.6939802599       504.0078407228        -8.6939802599         1.3968249959
        2.8905293000       432.1554047747         3.2160954908         1.6900604347         0.0075074388       523.9317525372       509.8910512718       -23.9317525372         1.4044785871
        2.8954950000       483.6208451747         3.2796717808         1.6721941467         0.0024036839       497.2656510520       510.2293892103         2.7343489480         1.3942737988
        2.9004766000       450.5785001722         3.2385452549         1.6824034542         0.0024036839       512.5034233292       507.6739382414       -12.5034233292         1.3942737988
        2.9054329000       497.3517188137         3.2971125511         1.6670894930         0.0151630711       489.6467649134       504.5189355326        10.3532350866         1.4044785871
        2.9104460000       449.8644155160         3.2376689411         1.6824034542         0.0483374781       512.5034233292       502.8723851999       -12.5034233292         1.3840690105
        2.9154527000       445.7119871040         3.2325831464         1.6824034542         0.0891675175       512.5034233292       507.4771236713       -12.5034233292         1.3917226017
        2.9204383000       467.0223822188         3.2588682167         1.6747464736         0.1121344146       501.0750941213       507.1482455029        -1.0750941213         1.4044785871
        2.9254415000       492.1281634175         3.2904523383         1.6670894930         0.1529644539       489.6467649134       501.5125594362        10.3532350866         1.4044785871
        2.9304788000       487.0788993309         3.2840440139         1.6696418199         0.1861388609       493.4562079827       496.7500265308         6.5437920173         1.3968249959
        2.9354731000       438.3264673386         3.2235790789         1.6849557810         0.2295207777       516.3128663985       500.6392535983       -16.3128663985         1.3993761929
        2.9404480000       475.3469494433         3.2692643819         1.6721941467         0.2524876748       497.2656510520       503.5796599000         2.7343489480         1.4019273900
        2.9454385000       450.7922122830         3.2388076179         1.6798511273         0.3009733466       508.6939802599       503.2928657008        -8.6939802599         1.3917226017
        2.9504464000       481.8553439347         3.2774446940         1.6696418199         0.3290439986       493.4562079827       502.2325170680         6.5437920173         1.3942737988
        2.9554297000       450.0781276268         3.2379311521         1.6798511273         0.3571146507       508.6939802599       501.6791364357        -8.6939802599         1.3968249959
        2.9604655000       506.6040828052         3.3089877080         1.6619848393         0.3902890576       482.0278787748       498.6583104275        17.9721212252         1.3968249959
        2.9654232000       487.1098604233         3.2840832205         1.6696418199         0.4260153420       493.4562079827       493.4390854418         6.5437920173         1.4044785871
        2.9704624000       446.8450362732         3.2339691923         1.6824034542         0.4719491363       512.5034233292       498.0006463942       -12.5034233292         1.3917226017
        2.9754414000       451.1802157036         3.2392840655         1.6798511273         0.5000197884       508.6939802599       504.0239586880        -8.6939802599         1.4044785871
        2.9804583000       490.7309551975         3.2886761588         1.6670894930         0.5331941953       489.6467649134       501.7033890521        10.3532350866         1.4044785871
        2.9854451000       519.6321224799         3.3258825263         1.6594325125         0.5612648474       478.2184357055       493.2069182157        21.7815642945         1.4019273900
        2.9904636000       501.4030287927         3.3022999038         1.6670894930         0.5944392543       489.6467649134       488.7727328366        10.3532350866         1.4019273900
        2.9954419000       496.3537647061         3.2958376916         1.6696418199         0.6352692937       493.4562079827       490.1012950835         6.5437920173         1.3840690105
        3.0004408000       447.6013327138         3.2348950630         1.6849557810         0.6684437007       516.3128663985       497.1693767117       -16.3128663985         1.3866202076
