% Stabilization Loop  omega_c=0 rad/s
% Kp_stab=1.0288  Ki_stab=29.5203  (Tustin integrator)
% Vg_offset=1.338120V  K_gimbal=26.049690  samples=2001

Time[s]               OmegaU[deg/s]           Vc[V]                  Vg[V]                  Pot[V]                 Omega_h[deg/s]         Error[deg/s]           disturbance[V]      
        0.0004636000       116.7274090215         2.8590707819         1.3378393285         0.4642935039        -0.4190387376       100.4190387376         1.3942737988
        0.0054614000       131.5494097677         2.8757550406         1.3378393285         0.4668453814        -0.4190387376       100.4190387376         1.4044785871
        0.0104575000       154.7720000846         2.9017147304         1.3327346748         0.4642935039        -8.0379248762       108.0379248762         1.3993761929
        0.0154443000       149.7170859267         2.8960801594         1.3454963091         0.4719491363        11.0092904703        88.9907095297         1.4019273900
        0.0204391000       179.6534272805         2.9293492585         1.3352870017         0.4617416265        -4.2284818069       104.2284818069         1.3891714046
        0.0254877000        85.8300431202         2.8239164151         1.4016475000         0.4719491363        94.8170379951         5.1829620049         1.3968249959
        0.0304800000       141.1988882954         2.8865658183         1.3684672508         0.4745010138        45.2942780941        54.7057219059         1.4019273900
        0.0354828000       132.4723557661         2.8767906923         1.3786765582         0.4796047687        60.5320503713        39.4679496287         1.3942737988
        0.0404836000       134.0975895480         2.8786135277         1.3812288851         0.4847085236        64.3414934406        35.6585065594         1.3891714046
        0.0454410000       130.9602490333         2.8750937460         1.3863335388         0.4847085236        71.9603795792        28.0396204208         1.3993761929
        0.0504397000       118.2977599256         2.8608433551         1.3965428462         0.5000197884        87.1981518564        12.8018481436         1.3993761929
        0.0554290000       136.9885110556         2.8818532752         1.3863335388         0.4923641560        71.9603795792        28.0396204208         1.4019273900
        0.0605685000       157.9283802303         2.9052290956         1.3761242314         0.5000197884        56.7226073020        43.2773926980         1.3942737988
        0.0654417000       139.1144195968         2.8842335883         1.3914381925         0.5127791757        79.5792657178        20.4207342822         1.4070297842
        0.0704512000       146.3288453933         2.8922987229         1.3888858657         0.5076754207        75.7698226485        24.2301773515         1.3993761929
        0.0754399000       145.7049611303         2.8916020112         1.3914381925         0.5255385629        79.5792657178        20.4207342822         1.3968249959
        0.0804417000       140.3185025709         2.8855809897         1.3965428462         0.5280904404        87.1981518564        12.8018481436         1.3968249959
        0.0854340000       142.2080745596         2.8876943720         1.3965428462         0.5331941953        87.1981518564        12.8018481436         1.3942737988
        0.0904363000       118.8958778366         2.8615181745         1.4118568074         0.5459535826       110.0548102723       -10.0548102723         1.3942737988
        0.0954702000       109.0111831876         2.8503425178         1.4169614611         0.5536092150       117.6736964109       -17.6736964109         1.3993761929
        0.1004568000       140.0048773692         2.8852300877         1.3965428462         0.5485054601        87.1981518564        12.8018481436         1.3993761929
        0.1054452000       133.4938597874         2.8779365220         1.4016475000         0.5612648474        94.8170379951         5.1829620049         1.4019273900
        0.1104319000       121.6579883978         2.8646322346         1.4093044805         0.5740242347       106.2453672030        -6.2453672030         1.3993761929
        0.1154479000       124.9364576159         2.8683237460         1.4067521537         0.5740242347       102.4359241337        -2.4359241337         1.4070297842
        0.1204417000       145.5783854864         2.8914606436         1.3939905194         0.5765761121        83.3887087871        16.6112912129         1.3993761929
        0.1254280000       118.6281734893         2.8612161620         1.4118568074         0.5867836220       110.0548102723       -10.0548102723         1.3942737988
        0.1304429000       129.7449527668         2.8737291861         1.4041998268         0.5944392543        98.6264810644         1.3735189356         1.3968249959
        0.1354483000       138.3482757925         2.8833759637         1.3990951731         0.5969911318        91.0075949257         8.9924050743         1.3968249959
        0.1404306000       127.0746839142         2.8707286935         1.4067521537         0.6071986416       102.4359241337        -2.4359241337         1.3993761929
        0.1456443000       143.5163169994         2.8891567981         1.3965428462         0.6097505191        87.1981518564        12.8018481436         1.3968249959
        0.1504820000       124.4044150617         2.8677250132         1.4093044805         0.6199580289       106.2453672030        -6.2453672030         1.3942737988
        0.1554521000       123.4825894944         2.8666873295         1.4093044805         0.6327174162       106.2453672030        -6.2453672030         1.3942737988
        0.1604509000       122.5607639272         2.8656492497         1.4093044805         0.6378211711       106.2453672030        -6.2453672030         1.3917226017
        0.1654581000       125.8392331453         2.8693393859         1.4067521537         0.6454768035       102.4359241337        -2.4359241337         1.3942737988
        0.1704433000       121.2793923040         2.8642056147         1.4093044805         0.6505805584       106.2453672030        -6.2453672030         1.4044785871
        0.1754323000       120.3575667368         2.8631665715         1.4093044805         0.6607880683       106.2453672030        -6.2453672030         1.3917226017
        0.1804500000        98.4342672431         2.8383252952         1.4220661148         0.6709955781       125.2925825495       -25.2925825495         1.3968249959
        0.1854216000       115.7025180464         2.8579132440         1.4093044805         0.6684437007       106.2453672030        -6.2453672030         1.3968249959
        0.1904401000       110.5803976939         2.8521200866         1.4118568074         0.6837549654       110.0548102723       -10.0548102723         1.3942737988
        0.1954420000       104.8959978302         2.8456745248         1.4144091342         0.6965143527       113.8642533416       -13.8642533416         1.3968249959
        0.2004516000       111.2502028112         2.8528784236         1.4093044805         0.6939624752       106.2453672030        -6.2453672030         1.3968249959
        0.2055090000       101.9277876734         2.8423016605         1.4144091342         0.7118256175       113.8642533416       -13.8642533416         1.3917226017
        0.2104793000       125.0831717956         2.8684888276         1.3990951731         0.7067218625        91.0075949257         8.9924050743         1.3993761929
        0.2154376000       122.2101694878         2.8652543359         1.4016475000         0.7169293724        94.8170379951         5.1829620049         1.3968249959
        0.2204494000       114.5745928836         2.8566387203         1.4067521537         0.7245850047       102.4359241337        -2.4359241337         1.3840690105
        0.2254544000       101.6141624717         2.8419449821         1.4144091342         0.7373443920       113.8642533416       -13.8642533416         1.3891714046
        0.2304645000        99.5677778821         2.8396162622         1.4144091342         0.7450000244       113.8642533416       -13.8642533416         1.3968249959
        0.2355631000       110.1222776484         2.8516012762         1.4067521537         0.7450000244       102.4359241337        -2.4359241337         1.3942737988
        0.2404670000       122.3636159483         2.8654271870         1.3990951731         0.7501037793        91.0075949257         8.9924050743         1.4019273900
        0.2454679000       111.0900240700         2.8526970949         1.4067521537         0.7577594117       102.4359241337        -2.4359241337         1.4044785871
        0.2504520000       110.7304780139         2.8522900247         1.4067521537         0.7603112892       102.4359241337        -2.4359241337         1.3968249959
        0.2554629000       118.7715215285         2.8613778854         1.4016475000         0.7679669216        94.8170379951         5.1829620049         1.3993761929
        0.2604502000       111.1359449243         2.8527490805         1.4067521537         0.7807263088       102.4359241337        -2.4359241337         1.3942737988
        0.2654299000        93.9752197271         2.8332392763         1.4169614611         0.7909338187       117.6736964109       -17.6736964109         1.3891714046
        0.2704639000       103.9674399822         2.8446199195         1.4093044805         0.7960375736       106.2453672030        -6.2453672030         1.3942737988
        0.2754429000        98.8453196297         2.8387935357         1.4118568074         0.8087969609       110.0548102723       -10.0548102723         1.3891714046
        0.2804568000        97.3612145513         2.8371024735         1.4118568074         0.8087969609       110.0548102723       -10.0548102723         1.3891714046
        0.2854451000       108.4779938288         2.8497382301         1.4041998268         0.8113488384        98.6264810644         1.3735189356         1.3993761929
        0.2904859000        91.8795481428         2.8308446775         1.4144091342         0.8215563482       113.8642533416       -13.8642533416         1.4044785871
        0.2954835000       106.6343426944         2.8476475344         1.4041998268         0.8317638580        98.6264810644         1.3735189356         1.4044785871
        0.3004513000        73.2347178671         2.8094114594         1.4246184417         0.8394194904       129.1020256188       -29.1020256188         1.3942737988
        0.3054292000        89.9406891593         2.8286267715         1.4118568074         0.8445232453       110.0548102723       -10.0548102723         1.3993761929
        0.3104443000        84.2562892956         2.8221100895         1.4144091342         0.8521788777       113.8642533416       -13.8642533416         1.3942737988
        0.3154238000        90.6104942766         2.8293932501         1.4093044805         0.8598345101       106.2453672030        -6.2453672030         1.3968249959
        0.3204377000        93.8889634946         2.8331407710         1.4067521537         0.8623863875       102.4359241337        -2.4359241337         1.3942737988
        0.3254174000        85.1288278680         2.8231117792         1.4118568074         0.8725938974       110.0548102723       -10.0548102723         1.3917226017
        0.3304484000        87.8450175749         2.8262267480         1.4093044805         0.8879051621       106.2453672030        -6.2453672030         1.3993761929
        0.3354365000        99.5240763636         2.8395665043         1.4016475000         0.8879051621        94.8170379951         5.1829620049         1.4044785871
        0.3404454000        79.2876154035         2.8163960143         1.4144091342         0.9006645494       113.8642533416       -13.8642533416         1.3917226017
        0.3454747000        81.4415255992         2.8188751534         1.4118568074         0.8955607945       110.0548102723       -10.0548102723         1.3968249959
        0.3504655000        79.9574205208         2.8171673045         1.4118568074         0.9134239367       110.0548102723       -10.0548102723         1.3942737988
        0.3554731000        74.2730206571         2.8106114669         1.4144091342         0.9210795691       113.8642533416       -13.8642533416         1.3917226017
        0.3604377000        89.0278152087         2.8275816741         1.4041998268         0.9236314466        98.6264810644         1.3735189356         1.4044785871
        0.3654434000        97.6311382345         2.8374101366         1.3990951731         0.9185276916        91.0075949257         8.9924050743         1.4044785871
        0.3704262000        86.3575463561         2.8245215014         1.4067521537         0.9338389564       102.4359241337        -2.4359241337         1.3993761929
        0.3754642000        98.5988846560         2.8385128273         1.3990951731         0.9440464662        91.0075949257         8.9924050743         1.4044785871
        0.3804514000        91.5255875630         2.8304399534         1.4041998268         0.9440464662        98.6264810644         1.3735189356         1.3968249959
        0.3854306000        95.9286158035         2.8354688334         1.4016475000         0.9568058535        94.8170379951         5.1829620049         1.3942737988
        0.3904617000        75.6921548433         2.8122503388         1.4144091342         0.9670133634       113.8642533416       -13.8642533416         1.3942737988
        0.3954348000        90.4469493949         2.8292061274         1.4041998268         0.9695652408        98.6264810644         1.3735189356         1.3993761929
        0.4004416000        90.6496828501         2.8294380859         1.4041998268         0.9772208732        98.6264810644         1.3735189356         1.3993761929
        0.4054460000        82.4518267347         2.8200368926         1.4093044805         0.9899802605       106.2453672030        -6.2453672030         1.3993761929
        0.4104618000        89.9305907381         2.8286152134         1.4041998268         0.9976358929        98.6264810644         1.3735189356         1.3993761929
        0.4154422000        94.3336189786         2.8336485216         1.4016475000         0.9950840154        94.8170379951         5.1829620049         1.4044785871
        0.4204541000        99.2989267302         2.8393101342         1.3990951731         1.0001877703        91.0075949257         8.9924050743         1.3993761929
        0.4254328000       100.6262192078         2.8408210422         1.3990951731         1.0078434027        91.0075949257         8.9924050743         1.4044785871
        0.4304724000        89.3526273295         2.8279535951         1.4067521537         1.0180509125       102.4359241337        -2.4359241337         1.3993761929
        0.4354501000        97.3936708441         2.8371394700         1.4016475000         1.0180509125        94.8170379951         5.1829620049         1.4019273900
        0.4404682000        93.9583890251         2.8332200559         1.4041998268         1.0257065449        98.6264810644         1.3735189356         1.4019273900
        0.4454849000        94.1611224803         2.8334515631         1.4041998268         1.0384659322        98.6264810644         1.3735189356         1.3968249959
        0.4505682000       106.9647402914         2.8480223425         1.3965428462         1.0359140547        87.1981518564        12.8018481436         1.3993761929
        0.4554413000       108.8543122801         2.8501647449         1.3965428462         1.0461215646        87.1981518564        12.8018481436         1.4044785871
        0.4604524000       106.5435894836         2.8475445720         1.3990951731         1.0512253195        91.0075949257         8.9924050743         1.4044785871
        0.4654370000       112.0711767465         2.8538075851         1.3965428462         1.0512253195        87.1981518564        12.8018481436         1.3968249959
        0.4704434000       105.5601591646         2.8464285436         1.4016475000         1.0639847068        94.8170379951         5.1829620049         1.3942737988
        0.4754300000       110.5254669163         2.8520578847         1.3990951731         1.0665365843        91.0075949257         8.9924050743         1.3993761929
        0.4805874000       107.6524646086         2.8488023136         1.4016475000         1.0767440941        94.8170379951         5.1829620049         1.3993761929
        0.4854422000       104.2171827897         2.8449036119         1.4041998268         1.0818478490        98.6264810644         1.3735189356         1.3968249959
        0.4904398000        66.6172631771         2.8017444217         1.4271707685         1.0971591138       132.9114686881       -32.9114686881         1.3968249959
        0.4954467000        82.7609549581         2.8203922167         1.4144091342         1.0920553588       113.8642533416       -13.8642533416         1.4044785871
        0.5004610000        93.3154547244         2.8324857006         1.4067521537         1.0946072363       102.4359241337        -2.4359241337         1.3968249959
        0.5054420000        88.7556138830         2.8272699414         1.4093044805         1.1175741334       106.2453672030        -6.2453672030         1.3942737988
        0.5104500000        87.8337883158         2.8262138802         1.4093044805         1.1124703785       106.2453672030        -6.2453672030         1.3942737988
        0.5154305000        82.7116679633         2.8203355687         1.4118568074         1.1252297658       110.0548102723       -10.0548102723         1.3891714046
        0.5204463000        93.8284472408         2.8330716581         1.4041998268         1.1277816433        98.6264810644         1.3735189356         1.3891714046
        0.5254312000        98.2314754813         2.8380942524         1.4016475000         1.1354372756        94.8170379951         5.1829620049         1.4044785871
        0.5304650000        73.7947197359         2.8100587742         1.4169614611         1.1481966629       117.6736964109       -17.6736964109         1.3891714046
        0.5354407000       100.5881191322         2.8407776860         1.3990951731         1.1456447855        91.0075949257         8.9924050743         1.4044785871
        0.5404390000        89.3145272538         2.8279099727         1.4067521537         1.1533004179       102.4359241337        -2.4359241337         1.3942737988
        0.5454415000        84.7546864125         2.8226823212         1.4093044805         1.1635079277       106.2453672030        -6.2453672030         1.3917226017
        0.5504249000        88.0331556306         2.8264423265         1.4067521537         1.1686116826       102.4359241337        -2.4359241337         1.3968249959
        0.5554322000        87.6736095746         2.8260303193         1.4067521537         1.1737154375       102.4359241337        -2.4359241337         1.4070297842
        0.5604820000        83.1137687333         2.8207976745         1.4093044805         1.1788191925       106.2453672030        -6.2453672030         1.3942737988
        0.5654355000       103.1934170926         2.8437404508         1.3965428462         1.1813710699        87.1981518564        12.8018481436         1.3891714046
        0.5704634000       100.8826942960         2.8411128777         1.3990951731         1.1915785797        91.0075949257         8.9924050743         1.3815178134
        0.5754326000       110.6105763442         2.8521542593         1.3939905194         1.1992342121        83.3887087871        16.6112912129         1.4044785871
        0.5805645000        92.0609539177         2.8310520688         1.4067521537         1.2145454769       102.4359241337        -2.4359241337         1.3942737988
        0.5854751000       100.1019974322         2.8402244251         1.4016475000         1.2068898445        94.8170379951         5.1829620049         1.4044785871
        0.5904619000       105.0673051839         2.8458690330         1.3990951731         1.2094417220        91.0075949257         8.9924050743         1.3968249959
        0.5954875000        93.7937133056         2.8330319891         1.4067521537         1.2196492318       102.4359241337        -2.4359241337         1.3993761929
        0.6004513000        93.4341672496         2.8326213128         1.4067521537         1.2349604965       102.4359241337        -2.4359241337         1.3993761929
        0.6054306000       109.8758003347         2.8513220997         1.3965428462         1.2375123740        87.1981518564        12.8018481436         1.4070297842
        0.6104466000       115.9656671088         2.8582105019         1.3939905194         1.2400642515        83.3887087871        16.6112912129         1.4044785871
        0.6154236000       114.2172238235         2.8562347674         1.3965428462         1.2400642515        87.1981518564        12.8018481436         1.3968249959
        0.6204695000       107.7062062416         2.8488632528         1.4016475000         1.2528236388        94.8170379951         5.1829620049         1.4044785871
        0.6254466000       108.4712192080         2.8497305511         1.4016475000         1.2553755162        94.8170379951         5.1829620049         1.3917226017
        0.6304612000       109.2362321744         2.8505975296         1.4016475000         1.2630311486        94.8170379951         5.1829620049         1.3891714046
        0.6354411000        88.9997712142         2.8275495596         1.4144091342         1.2783424134       113.8642533416       -13.8642533416         1.3993761929
        0.6404905000        91.1536814099         2.8300146239         1.4118568074         1.2859980457       110.0548102723       -10.0548102723         1.3993761929
        0.6454357000       106.4707554727         2.8474619361         1.4016475000         1.2859980457        94.8170379951         5.1829620049         1.4070297842
        0.6504802000        82.0339997273         2.8195565213         1.4169614611         1.2987574330       117.6736964109       -17.6736964109         1.3917226017
        0.6555574000       104.6271043383         2.8453691806         1.4016475000         1.2987574330        94.8170379951         5.1829620049         1.3942737988
        0.6604732000       109.5924120900         2.8510010750         1.3990951731         1.3064130654        91.0075949257         8.9924050743         1.3917226017
        0.6654510000        98.3188202117         2.8381937682         1.4067521537         1.3166205752       102.4359241337        -2.4359241337         1.3993761929
        0.6704320000       106.3598637262         2.8473361151         1.4016475000         1.3191724527        94.8170379951         5.1829620049         1.3968249959
        0.6754483000        98.7242871220         2.8386556749         1.4067521537         1.3242762076       102.4359241337        -2.4359241337         1.3917226017
        0.6804505000       106.7653306366         2.8477961364         1.4016475000         1.3319318400        94.8170379951         5.1829620049         1.3968249959
        0.6854398000        99.1297540324         2.8391174832         1.4067521537         1.3370355949       102.4359241337        -2.4359241337         1.3942737988
        0.6904563000       107.1707975470         2.8482560664         1.4016475000         1.3395874724        94.8170379951         5.1829620049         1.3968249959
        0.6954345000        99.5352209427         2.8395791934         1.4067521537         1.3446912273       102.4359241337        -2.4359241337         1.3993761929
        0.7004680000        94.9753801014         2.8343811295         1.4093044805         1.3625543695       106.2453672030        -6.2453672030         1.3993761929
        0.7054317000       110.8547336754         2.8524307120         1.3990951731         1.3651062470        91.0075949257         8.9924050743         1.3942737988
        0.7104383000        91.1805522265         2.8300453576         1.4118568074         1.3727618793       110.0548102723       -10.0548102723         1.4019273900
        0.7154246000       114.8982158599         2.8570044717         1.3965428462         1.3727618793        87.1981518564        12.8018481436         1.4044785871
        0.7204361000        99.9866087074         2.8400930793         1.4067521537         1.3880731441       102.4359241337        -2.4359241337         1.4044785871
        0.7254390000        99.6270626514         2.8396837611         1.4067521537         1.3906250215       102.4359241337        -2.4359241337         1.4019273900
        0.7304510000        99.2675165954         2.8392743662         1.4067521537         1.4008325314       102.4359241337        -2.4359241337         1.4019273900
        0.7354333000       107.3085601100         2.8484123127         1.4016475000         1.4033844088        94.8170379951         5.1829620049         1.3993761929
        0.7408529000       103.8732782911         2.8445129484         1.4041998268         1.4135919187        98.6264810644         1.3735189356         1.4070297842
        0.7454461000       104.0760117462         2.8447432547         1.4041998268         1.4161437961        98.6264810644         1.3735189356         1.3968249959
        0.7504671000       104.2787452014         2.8449735376         1.4041998268         1.4212475511        98.6264810644         1.3735189356         1.3993761929
        0.7554445000        96.0808890860         2.8356425353         1.4093044805         1.4340069384       106.2453672030        -6.2453672030         1.3917226017
        0.7604808000        86.7584739482         2.8249812718         1.4144091342         1.4467663256       113.8642533416       -13.8642533416         1.3891714046
        0.7654664000        97.3129737145         2.8370474832         1.4067521537         1.4518700806       102.4359241337        -2.4359241337         1.3942737988
        0.7704884000        88.5528380879         2.8270376853         1.4118568074         1.4569738355       110.0548102723       -10.0548102723         1.3942737988
        0.7754418000        95.4693225801         2.8349448199         1.4067521537         1.4646294679       102.4359241337        -2.4359241337         1.4044785871
        0.7804397000        95.1097765241         2.8345345185         1.4067521537         1.4697332228       102.4359241337        -2.4359241337         1.3968249959
        0.7854591000        82.1493461121         2.8196891459         1.4144091342         1.4824926101       113.8642533416       -13.8642533416         1.3968249959
        0.7904423000        96.9041406637         2.8365813928         1.4041998268         1.4824926101        98.6264810644         1.3735189356         1.4044785871
        0.7954313000       105.5074636895         2.8463687278         1.3990951731         1.4850444875        91.0075949257         8.9924050743         1.3968249959
        0.8004625000        94.2338718112         2.8335346314         1.4067521537         1.4952519974       102.4359241337        -2.4359241337         1.4044785871
        0.8054422000       110.6755048964         2.8522277792         1.3965428462         1.5003557523        87.1981518564        12.8018481436         1.4044785871
        0.8104617000        95.7638977439         2.8352809194         1.4067521537         1.5105632621       102.4359241337        -2.4359241337         1.3917226017
        0.8154415000        82.8034673320         2.8204410769         1.4144091342         1.5233226494       113.8642533416       -13.8642533416         1.3993761929
        0.8204525000        84.9573775277         2.8229149918         1.4118568074         1.5284264043       110.0548102723       -10.0548102723         1.3993761929
        0.8254299000        91.8738620199         2.8308381765         1.4067521537         1.5284264043       102.4359241337        -2.4359241337         1.4044785871
        0.8304425000        95.7146107492         2.8352246884         1.4041998268         1.5360820367        98.6264810644         1.3735189356         1.4044785871
        0.8354317000       104.3179337750         2.8450180488         1.3990951731         1.5360820367        91.0075949257         8.9924050743         1.4044785871
        0.8404700000        80.4434575407         2.8177267859         1.4144091342         1.5564970564       113.8642533416       -13.8642533416         1.3993761929
        0.8454305000       107.7991364482         2.8489686253         1.3965428462         1.5513933015        87.1981518564        12.8018481436         1.4019273900
        0.8504741000        92.8875292958         2.8319967831         1.4067521537         1.5692564437       102.4359241337        -2.4359241337         1.3968249959
        0.8554711000        75.7268040986         2.8122903348         1.4169614611         1.5743601986       117.6736964109       -17.6736964109         1.3993761929
        0.8605675000        85.7190243537         2.8237890444         1.4093044805         1.5743601986       106.2453672030        -6.2453672030         1.3815178134
        0.8654806000       105.7986727130         2.8466992662         1.3965428462         1.5794639535        87.1981518564        12.8018481436         1.3993761929
        0.8704795000        86.6867707752         2.8248990529         1.4093044805         1.5947752183       106.2453672030        -6.2453672030         1.3993761929
        0.8754553000       102.5661243492         2.8430274489         1.3990951731         1.5973270957        91.0075949257         8.9924050743         1.4044785871
        0.8804360000       103.8934168268         2.8445358269         1.3990951731         1.6024308506        91.0075949257         8.9924050743         1.3917226017
        0.8854547000        84.2192353779         2.8220675395         1.4118568074         1.6151902379       110.0548102723       -10.0548102723         1.3968249959
        0.8904719000        95.3360146554         2.8347927029         1.4041998268         1.6151902379        98.6264810644         1.3735189356         1.4044785871
        0.8954425000        99.7390428958         2.8398112510         1.4016475000         1.6228458703        94.8170379951         5.1829620049         1.3968249959
        0.9004552000        96.3037610769         2.8358967452         1.4041998268         1.6279496252        98.6264810644         1.3735189356         1.3968249959
        0.9054412000        79.7053153909         2.8168770389         1.4144091342         1.6407090125       113.8642533416       -13.8642533416         1.3993761929
        0.9104615000        90.2598151572         2.8289919933         1.4067521537         1.6432608900       102.4359241337        -2.4359241337         1.3993761929
        0.9154316000        98.3008586718         2.8381733042         1.4016475000         1.6432608900        94.8170379951         5.1829620049         1.3968249959
        0.9210251000        86.4649872822         2.8246447216         1.4093044805         1.6534683998       106.2453672030        -6.2453672030         1.4044785871
        0.9254295000        98.1440460709         2.8379946355         1.4016475000         1.6560202773        94.8170379951         5.1829620049         1.3968249959
        0.9304475000        94.7087642520         2.8340768029         1.4041998268         1.6636759097        98.6264810644         1.3735189356         1.4044785871
        0.9354292000        94.9114977072         2.8343082154         1.4041998268         1.6687796646        98.6264810644         1.3735189356         1.4044785871
        0.9404546000        78.3130520212         2.8152732249         1.4144091342         1.6866428068       113.8642533416       -13.8642533416         1.3942737988
        0.9454421000        67.8660778610         2.8031938609         1.4195137880         1.6968503166       121.4831394802       -21.4831394802         1.3968249959
        0.9505612000        85.6966081755         2.8237633255         1.4067521537         1.6917465617       102.4359241337        -2.4359241337         1.3968249959
        0.9554367000        72.7361777636         2.8088349942         1.4144091342         1.7096097039       113.8642533416       -13.8642533416         1.3968249959
        0.9604190000        79.0903827446         2.8161688379         1.4093044805         1.7096097039       106.2453672030        -6.2453672030         1.3891714046
        0.9654728000        82.3688519627         2.8199415070         1.4067521537         1.7121615814       102.4359241337        -2.4359241337         1.3993761929
        0.9704841000        90.4098954772         2.8291637291         1.4016475000         1.7198172138        94.8170379951         5.1829620049         1.4070297842
        0.9754543000        82.7743188730         2.8204075762         1.4067521537         1.7249209687       102.4359241337        -2.4359241337         1.3917226017
        0.9804668000        86.6150676023         2.8248168305         1.4041998268         1.7325766011        98.6264810644         1.3735189356         1.3968249959
        0.9854563000        99.4186854134         2.8394465030         1.3965428462         1.7453359884        87.1981518564        12.8018481436         1.4044785871
        0.9907318000        84.5070782609         2.8223980524         1.4067521537         1.7453359884       102.4359241337        -2.4359241337         1.3968249959
        0.9954311000        79.9472374196         2.8171555809         1.4093044805         1.7504397433       106.2453672030        -6.2453672030         1.3993761929
        1.0005719000        66.4245274965         2.8015206151         1.4169614611         1.7683028855       117.6736964109       -17.6736964109         1.3993761929
        1.0054343000        89.0176321075         2.8275700130         1.4016475000         1.7657510080        94.8170379951         5.1829620049         1.3993761929
        1.0104518000        89.7826450739         2.8284458746         1.4016475000         1.7785103953        94.8170379951         5.1829620049         1.4044785871
        1.0154628000        73.7464788991         2.8100030210         1.4118568074         1.7912697826       110.0548102723       -10.0548102723         1.3993761929
        1.0204350000        80.6629633913         2.8179794068         1.4067521537         1.7912697826       102.4359241337        -2.4359241337         1.3891714046
        1.0254449000        84.5037121206         2.8223941876         1.4041998268         1.8014772924        98.6264810644         1.3735189356         1.3840690105
        1.0304532000        84.7064455757         2.8226269411         1.4041998268         1.7989254150        98.6264810644         1.3735189356         1.3891714046
        1.0354341000        76.5085894603         2.8131925265         1.4093044805         1.8065810474       106.2453672030        -6.2453672030         1.3968249959
        1.0404540000        83.9873534637         2.8218012425         1.4041998268         1.8193404347        98.6264810644         1.3735189356         1.4044785871
        1.0454370000        96.7909712748         2.8364523561         1.3965428462         1.8218923121        87.1981518564        12.8018481436         1.4044785871
        1.0504426000        81.8793641223         2.8193787079         1.4067521537         1.8346516994       102.4359241337        -2.4359241337         1.3993761929
        1.0554273000        81.5198180663         2.8189652067         1.4067521537         1.8372035769       102.4359241337        -2.4359241337         1.4070297842
        1.0604713000        39.1573241573         2.7695477195         1.4322754222         1.8397554543       140.5303548267       -40.5303548267         1.3993761929
        1.0655650000        66.7773412718         2.8019302840         1.4118568074         1.8601704740       110.0548102723       -10.0548102723         1.3968249959
        1.0705728000        73.6938257639         2.8099421664         1.4067521537         1.8576185965       102.4359241337        -2.4359241337         1.3968249959
        1.0754453000        81.7348692785         2.8192125403         1.4016475000         1.8601704740        94.8170379951         5.1829620049         1.3891714046
        1.0804331000        74.0992926743         2.8104107379         1.4067521537         1.8703779838       102.4359241337        -2.4359241337         1.3968249959
        1.0854320000        90.5409257595         2.8293136542         1.3965428462         1.8729298613        87.1981518564        12.8018481436         1.4044785871
        1.0904466000        63.0284342511         2.7975722660         1.4144091342         1.8907930035       113.8642533416       -13.8642533416         1.3968249959
        1.0954321000        73.5829340174         2.8098139950         1.4067521537         1.8907930035       102.4359241337        -2.4359241337         1.4019273900
        1.1004448000        73.2233879614         2.8093983606         1.4067521537         1.9010005134       102.4359241337        -2.4359241337         1.3942737988
        1.1054257000        64.4632523348         2.7992415145         1.4118568074         1.9112080232       110.0548102723       -10.0548102723         1.3917226017
        1.1104348000        75.5800316123         2.8121209079         1.4041998268         1.9112080232        98.6264810644         1.3735189356         1.3993761929
        1.1154421000        88.3836494234         2.8268438788         1.3965428462         1.9112080232        87.1981518564        12.8018481436         1.4070297842
        1.1204641000        69.2717474856         2.8048239200         1.4093044805         1.9239674105       106.2453672030        -6.2453672030         1.3993761929
        1.1259525000        76.7505114890         2.8134716187         1.4041998268         1.9316230429        98.6264810644         1.3735189356         1.3993761929
        1.1304524000        64.3523605883         2.7991125626         1.4118568074         1.9443824302       110.0548102723       -10.0548102723         1.3993761929
        1.1354354000        75.4691398658         2.8119928895         1.4041998268         1.9418305527        98.6264810644         1.3735189356         1.4019273900
        1.1404403000        84.0724628916         2.8218989878         1.3990951731         1.9494861851        91.0075949257         8.9924050743         1.4044785871
        1.1454322000        81.1994605839         2.8185966994         1.4016475000         1.9520380625        94.8170379951         5.1829620049         1.3993761929
        1.1504647000        69.3635891943         2.8049303701         1.4093044805         1.9622455724       106.2453672030        -6.2453672030         1.4044785871
        1.1554309000        81.0426479830         2.8184162919         1.4016475000         1.9647974498        94.8170379951         5.1829620049         1.3993761929
        1.1604567000        77.6073661641         2.8144597867         1.4041998268         1.9775568371        98.6264810644         1.3735189356         1.3815178134
        1.1654735000        73.6098048340         2.8098450538         1.4067521537         1.9826605920       102.4359241337        -2.4359241337         1.3840690105
        1.1704778000        64.8496692074         2.7996907889         1.4118568074         1.9903162244       110.0548102723       -10.0548102723         1.3840690105
        1.1754564000        59.1652693437         2.7930697169         1.4144091342         2.0030756117       113.8642533416       -13.8642533416         1.3968249959
        1.1804587000        69.7197691100         2.8053431433         1.4067521537         2.0030756117       102.4359241337        -2.4359241337         1.4044785871
        1.1854637000        81.9611074098         2.8194727055         1.3990951731         2.0056274892        91.0075949257         8.9924050743         1.3968249959
        1.1904464000         7.6830937520         2.6005349715         1.4450370565         2.0234906314       159.5775701733       -59.5775701733         1.3968249959
        1.1954483000        49.2928924517         2.7815071659         1.4144091342         2.0260425088       113.8642533416       -13.8642533416         1.4044785871
        1.2004396000        76.6485713592         2.8133540211         1.3965428462         2.0311462638        87.1981518564        12.8018481436         1.3917226017
        1.2054489000        70.1375537773         2.8058271870         1.4016475000         2.0464575285        94.8170379951         5.1829620049         1.3993761929
        1.2104595000        70.9025667437         2.8067131861         1.4016475000         2.0439056511        94.8170379951         5.1829620049         1.4044785871
        1.2154481000        80.0681692807         2.8172948029         1.3965428462         2.0490094060        87.1981518564        12.8018481436         1.3840690105
        1.2204487000        65.1565621282         2.8000475197         1.4067521537         2.0566650383       102.4359241337        -2.4359241337         1.3840690105
        1.2254313000        68.9973108575         2.8045057932         1.4041998268         2.0668725482        98.6264810644         1.3735189356         1.3891714046
        1.2305512000        90.2015182392         2.8289252807         1.3914381925         2.0617687933        79.5792657178        20.4207342822         1.3917226017
        1.2354529000        84.8150596798         2.8227516270         1.3965428462         2.0694244256        87.1981518564        12.8018481436         1.3968249959
        1.2404330000        40.5013890302         2.7711390210         1.4246184417         2.0770800580       129.1020256188       -29.1020256188         1.3917226017
        1.2454467000        53.0070655370         2.7858669125         1.4144091342         2.0847356904       113.8642533416       -13.8642533416         1.3917226017
        1.2504571000        67.7618600887         2.8030729464         1.4041998268         2.0923913228        98.6264810644         1.3735189356         1.3942737988
        1.2554364000        67.9645935438         2.8033081522         1.4041998268         2.1051507101        98.6264810644         1.3735189356         1.3993761929
        1.2604514000        80.7682113549         2.8181005207         1.3965428462         2.1051507101        87.1981518564        12.8018481436         1.3993761929
        1.2654310000        99.4589624849         2.8394923644         1.3863335388         2.1025988326        71.9603795792        28.0396204208         1.3891714046
        1.2704475000        95.1970629478         2.8346341341         1.3914381925         2.1153582199        79.5792657178        20.4207342822         1.3840690105
        1.2755685000        89.8106043884         2.8284778779         1.3965428462         2.1230138523        87.1981518564        12.8018481436         1.3942737988
        1.2806809000        79.0992920212         2.8161791003         1.4041998268         2.1332213621        98.6264810644         1.3735189356         1.3993761929
        1.2855593000       104.5037941882         2.8452291411         1.3888858657         2.1255657297        75.7698226485        24.2301773515         1.3917226017
        1.2904601000        87.0787307840         2.8253484550         1.4016475000         2.1434288720        94.8170379951         5.1829620049         1.3993761929
        1.2954428000        66.8422698239         2.8020056652         1.4144091342         2.1383251170       113.8642533416       -13.8642533416         1.3993761929
        1.3004299000        85.7973591608         2.8238789179         1.4016475000         2.1561882593        94.8170379951         5.1829620049         1.3993761929
        1.3054656000        99.1632564831         2.8391556366         1.3939905194         2.1561882593        83.3887087871        16.6112912129         1.4044785871
        1.3104472000        80.6136340565         2.8179226385         1.4067521537         2.1689476465       102.4359241337        -2.4359241337         1.3993761929
        1.3154835000       105.4558567123         2.8463101461         1.3914381925         2.1587401367        79.5792657178        20.4207342822         1.3891714046
        1.3205391000       108.4699877235         2.8497291552         1.3914381925         2.1663957691        79.5792657178        20.4207342822         1.3968249959
        1.3254913000        86.2823500228         2.8244352569         1.4067521537         2.1868107888       102.4359241337        -2.4359241337         1.3942737988
        1.3308759000       106.9242778933         2.8479764446         1.3939905194         2.1817070338        83.3887087871        16.6112912129         1.3968249959
        1.3354436000       100.9755398227         2.8412185144         1.3990951731         2.1944664211        91.0075949257         8.9924050743         1.3917226017
        1.3404622000        89.7019479443         2.8283535025         1.4067521537         2.2021220535       102.4359241337        -2.4359241337         1.3891714046
        1.3454390000        93.5426966736         2.8327452845         1.4041998268         2.2046739310        98.6264810644         1.3735189356         1.4044785871
        1.3504610000       106.3463144847         2.8473207413         1.3965428462         2.2097776859        87.1981518564        12.8018481436         1.4044785871
        1.3554329000        91.4347073323         2.8303360266         1.4067521537         2.2174333183       102.4359241337        -2.4359241337         1.3942737988
        1.3605506000        99.4757508468         2.8395114802         1.4016475000         2.2174333183        94.8170379951         5.1829620049         1.3993761929
        1.3654281000        87.6398794573         2.8259916633         1.4093044805         2.2404002154       106.2453672030        -6.2453672030         1.3891714046
        1.3704491000        95.1186434607         2.8345446381         1.4041998268         2.2404002154        98.6264810644         1.3735189356         1.3840690105
        1.3754211000        91.1210821306         2.8299773376         1.4067521537         2.2455039703       102.4359241337        -2.4359241337         1.3917226017
        1.3804379000        99.1621256452         2.8391543488         1.4016475000         2.2506077252        94.8170379951         5.1829620049         1.3917226017
        1.3854365000        91.5265490409         2.8304410529         1.4067521537         2.2582633576       102.4359241337        -2.4359241337         1.3917226017
        1.3906974000       103.7678873408         2.8443932144         1.3990951731         2.2582633576        91.0075949257         8.9924050743         1.4019273900
        1.3954582000       100.8948850331         2.8411267483         1.4016475000         2.2684708674        94.8170379951         5.1829620049         1.3968249959
        1.4004273000        80.6584240730         2.8179741830         1.4144091342         2.2863340097       113.8642533416       -13.8642533416         1.3993761929
        1.4054559000        91.2129238393         2.8300823823         1.4067521537         2.2812302547       102.4359241337        -2.4359241337         1.3993761929
        1.4104523000        90.8533777833         2.8296711178         1.4067521537         2.2939896420       102.4359241337        -2.4359241337         1.3968249959
        1.4154322000        90.4938317272         2.8292597704         1.4067521537         2.2990933970       102.4359241337        -2.4359241337         1.3840690105
        1.4204395000        90.1342856712         2.8288483397         1.4067521537         2.3067490293       102.4359241337        -2.4359241337         1.3840690105
        1.4254553000        89.7747396152         2.8284368256         1.4067521537         2.3144046617       102.4359241337        -2.4359241337         1.3840690105
        1.4304349000        89.4151935592         2.8280252277         1.4067521537         2.3271640490       102.4359241337        -2.4359241337         1.3968249959
        1.4354472000        72.2544683620         2.8082778153         1.4169614611         2.3348196814       117.6736964109       -17.6736964109         1.3917226017
        1.4404234000        86.4469834024         2.8246240741         1.4067521537         2.3399234363       102.4359241337        -2.4359241337         1.3942737988
        1.4454408000        94.4880269170         2.8338248107         1.4016475000         2.3373715588        94.8170379951         5.1829620049         1.3968249959
        1.4504390000        86.8524503127         2.8250890253         1.4067521537         2.3501309461       102.4359241337        -2.4359241337         1.4044785871
        1.4554342000       103.2940833979         2.8438548504         1.3965428462         2.3501309461        87.1981518564        12.8018481436         1.4019273900
        1.4604388000       105.1836553867         2.8460011314         1.3965428462         2.3577865785        87.1981518564        12.8018481436         1.3993761929
        1.4654508000        94.4723430195         2.8338069049         1.4041998268         2.3603384560        98.6264810644         1.3735189356         1.3993761929
        1.4704322000        94.6750764747         2.8340383472         1.4041998268         2.3782015982        98.6264810644         1.3735189356         1.3840690105
        1.4754558000        90.6775151446         2.8294699282         1.4067521537         2.3858572306       102.4359241337        -2.4359241337         1.3840690105
        1.4805468000        98.7185586592         2.8386491498         1.4016475000         2.3833053531        94.8170379951         5.1829620049         1.4019273900
        1.4855478000       112.0844559815         2.8538226114         1.3939905194         2.3986166179        83.3887087871        16.6112912129         1.4044785871
        1.4905492000        93.5348335549         2.8327363028         1.4067521537         2.4037203728       102.4359241337        -2.4359241337         1.4044785871
        1.4954340000        80.5744031430         2.8178774902         1.4144091342         2.4164797601       113.8642533416       -13.8642533416         1.3993761929
        1.5004516000        82.7283133387         2.8203547002         1.4118568074         2.4241353924       110.0548102723       -10.0548102723         1.3993761929
        1.5056323000        89.6447978309         2.8282880816         1.4067521537         2.4241353924       102.4359241337        -2.4359241337         1.3993761929
        1.5104643000        89.2852517749         2.8278764534         1.4067521537         2.4292391474       102.4359241337        -2.4359241337         1.3917226017
        1.5154468000        76.3248213630         2.8129804952         1.4144091342         2.4445504121       113.8642533416       -13.8642533416         1.3993761929
        1.5204589000        70.0781419881         2.8057583608         1.4169614611         2.4522060445       117.6736964109       -17.6736964109         1.3993761929
        1.5255406000        80.0703622432         2.8172973275         1.4093044805         2.4573097994       106.2453672030        -6.2453672030         1.3993761929
        1.5304420000        83.3488314613         2.8210677641         1.4067521537         2.4598616769       102.4359241337        -2.4359241337         1.3993761929
        1.5355351000        78.7889906199         2.8158216353         1.4093044805         2.4675173092       106.2453672030        -6.2453672030         1.3968249959
        1.5404411000        90.4680494086         2.8292302703         1.4016475000         2.4649654318        94.8170379951         5.1829620049         1.3968249959
        1.5455397000        87.0327675897         2.8252957611         1.4041998268         2.4802766965        98.6264810644         1.3735189356         1.3891714046
        1.5504320000        78.8349114743         2.8158745401         1.4093044805         2.4828285740       106.2453672030        -6.2453672030         1.3993761929
        1.5554498000        77.9130859071         2.8148122309         1.4093044805         2.4981398388       106.2453672030        -6.2453672030         1.3917226017
        1.5604557000        85.3918499105         2.8234136325         1.4041998268         2.5032435937        98.6264810644         1.3735189356         1.3993761929
        1.5654264000        77.1939937950         2.8139831305         1.4093044805         2.5108992261       106.2453672030        -6.2453672030         1.3891714046
        1.5704535000        97.2736421543         2.8370026476         1.3965428462         2.5134511035        87.1981518564        12.8018481436         1.3993761929
        1.5754342000        78.1617402166         2.8150988389         1.4093044805         2.5236586133       106.2453672030        -6.2453672030         1.3866202076
        1.5804488000        64.6390302935         2.7994459004         1.4169614611         2.5313142457       117.6736964109       -17.6736964109         1.3840690105
        1.5854319000        62.0303661927         2.7964101611         1.4169614611         2.5440736330       117.6736964109       -17.6736964109         1.4019273900
        1.5904468000        72.0225864478         2.8080095428         1.4093044805         2.5517292654       106.2453672030        -6.2453672030         1.3993761929
        1.5954286000        71.1007608806         2.8069426526         1.4093044805         2.5568330203       106.2453672030        -6.2453672030         1.4070297842
        1.6004329000        82.7798196693         2.8204138984         1.4016475000         2.5593848978        94.8170379951         5.1829620049         1.3993761929
        1.6054388000        58.3430639239         2.7921098657         1.4169614611         2.5721442851       117.6736964109       -17.6736964109         1.3993761929
        1.6104557000        68.3352841790         2.8037381357         1.4093044805         2.5772480400       106.2453672030        -6.2453672030         1.3993761929
        1.6154114000        84.2146377530         2.8220622599         1.3990951731         2.5721442851        91.0075949257         8.9924050743         1.3993761929
        1.6204493000        77.1413406599         2.8139224079         1.4041998268         2.5849036724        98.6264810644         1.3735189356         1.4044785871
        1.6254371000        89.9449584710         2.8286316579         1.3965428462         2.5849036724        87.1981518564        12.8018481436         1.3968249959
        1.6305350000        79.2336461039         2.8163338542         1.4041998268         2.5976630597        98.6264810644         1.3735189356         1.4044785871
        1.6354404000        79.4363795590         2.8165673457         1.4041998268         2.6053186920        98.6264810644         1.3735189356         1.3942737988
        1.6404373000        79.6391130142         2.8168008082         1.4041998268         2.6053186920        98.6264810644         1.3735189356         1.3993761929
        1.6454490000        79.8418464694         2.8170342419         1.4041998268         2.6155262019        98.6264810644         1.3735189356         1.3968249959
        1.6505355000        80.0445799246         2.8172676466         1.4041998268         2.6257337117        98.6264810644         1.3735189356         1.3968249959
        1.6554386000        67.6464290239         2.8029390123         1.4118568074         2.6333893441       110.0548102723       -10.0548102723         1.3917226017
        1.6605440000       103.9649770131         2.8446171215         1.3888858657         2.6384930990        75.7698226485        24.2301773515         1.3968249959
        1.6654316000        82.3396188237         2.8199079002         1.4041998268         2.6461487314        98.6264810644         1.3735189356         1.3891714046
        1.6704193000        86.7426470642         2.8249631241         1.4016475000         2.6461487314        94.8170379951         5.1829620049         1.3993761929
        1.6754277000        79.1070704599         2.8161880602         1.4067521537         2.6589081187       102.4359241337        -2.4359241337         1.3917226017
        1.6804756000        70.3469348333         2.8060697254         1.4118568074         2.6716675060       110.0548102723       -10.0548102723         1.3968249959
        1.6855435000        94.0645984667         2.8333413427         1.3965428462         2.6665637511        87.1981518564        12.8018481436         1.3993761929
        1.6905457000        87.5535808849         2.8258927584         1.4016475000         2.6793231383        94.8170379951         5.1829620049         1.3942737988
        1.6955598000        71.5174147101         2.8074249526         1.4118568074         2.6844268933       110.0548102723       -10.0548102723         1.3942737988
        1.7004585000        86.8344887729         2.8250684310         1.4016475000         2.6844268933        94.8170379951         5.1829620049         1.3968249959
        1.7054477000        74.9986173833         2.8114495980         1.4093044805         2.7048419129       106.2453672030        -6.2453672030         1.3993761929
        1.7104521000        78.2770866014         2.8152317764         1.4067521537         2.7073937904       102.4359241337        -2.4359241337         1.4044785871
        1.7154347000        77.9175405454         2.8148173658         1.4067521537         2.7124975453       102.4359241337        -2.4359241337         1.3840690105
        1.7204452000        81.7582892747         2.8192394740         1.4041998268         2.7176013002        98.6264810644         1.3735189356         1.3840690105
        1.7254526000        73.5604331593         2.8097879869         1.4093044805         2.7329125650       106.2453672030        -6.2453672030         1.3840690105
        1.7304440000        68.4383128068         2.8038576252         1.4118568074         2.7405681974       110.0548102723       -10.0548102723         1.3968249959
        1.7354565000        79.5550920843         2.8167040554         1.4041998268         2.7456719523        98.6264810644         1.3735189356         1.3968249959
        1.7404323000        41.9551724717         2.7728583451         1.4271707685         2.7405681974       132.9114686881       -32.9114686881         1.3968249959
        1.7454367000        66.4994538233         2.8016076237         1.4093044805         2.7558794621       106.2453672030        -6.2453672030         1.3942737988
        1.7504444000        57.1770386854         2.7907476815         1.4144091342         2.7660869720       113.8642533416       -13.8642533416         1.3993761929
        1.7554522000        67.7315384517         2.8030377654         1.4067521537         2.7686388494       102.4359241337        -2.4359241337         1.4044785871
        1.7605331000        71.5722871810         2.8074884609         1.4041998268         2.7737426043        98.6264810644         1.3735189356         1.3968249959
        1.7654601000        75.9753154215         2.8125771684         1.4016475000         2.7813982367        94.8170379951         5.1829620049         1.3942737988
        1.7704337000        64.1394440320         2.7988649426         1.4093044805         2.7916057465       106.2453672030        -6.2453672030         1.3917226017
        1.7754291000        84.2190923913         2.8220673753         1.3965428462         2.7890538691        87.1981518564        12.8018481436         1.3993761929
        1.7804383000        73.5077800241         2.8097271251         1.4041998268         2.7992613789        98.6264810644         1.3735189356         1.3993761929
        1.7854454000        77.9108082646         2.8148096054         1.4016475000         2.8018132564        94.8170379951         5.1829620049         1.3968249959
        1.7904327000        70.2752316604         2.8059866711         1.4067521537         2.8120207662       102.4359241337        -2.4359241337         1.3917226017
        1.7954373000        69.9156856044         2.8055701478         1.4067521537         2.8171245211       102.4359241337        -2.4359241337         1.3942737988
        1.8004479000        77.9567291190         2.8148625388         1.4016475000         2.8222282761        94.8170379951         5.1829620049         1.3917226017
        1.8055303000        82.9220368706         2.8205773445         1.3990951731         2.8349876633        91.0075949257         8.9924050743         1.3968249959
        1.8105418000        92.6499189188         2.8317252564         1.3939905194         2.8324357859        83.3887087871        16.6112912129         1.3968249959
        1.8155420000        90.9014756334         2.8297261390         1.3965428462         2.8451951732        87.1981518564        12.8018481436         1.3968249959
        1.8205414000        75.9898684810         2.8125939643         1.4067521537         2.8579545605       102.4359241337        -2.4359241337         1.3968249959
        1.8255469000        79.8306172103         2.8170213129         1.4041998268         2.8630583154        98.6264810644         1.3735189356         1.3993761929
        1.8304618000        96.8345298067         2.8365020228         1.3939905194         2.8554026830        83.3887087871        16.6112912129         1.3942737988
        1.8354553000        86.6854969507         2.8248975922         1.4016475000         2.8681620703        94.8170379951         5.1829620049         1.3968249959
        1.8404418000        87.4505099171         2.8257746246         1.4016475000         2.8758177027        94.8170379951         5.1829620049         1.4044785871
        1.8455406000        88.2155228835         2.8266512703         1.4016475000         2.8809214576        94.8170379951         5.1829620049         1.4019273900
        1.8504390000        93.1808306352         2.8323319010         1.3990951731         2.8834733351        91.0075949257         8.9924050743         1.3993761929
        1.8555304000        48.3048804744         2.7803454065         1.4271707685         2.8885770900       132.9114686881       -32.9114686881         1.3993761929
        1.8604399000        93.8506357524         2.8330969989         1.3965428462         2.8911289674        87.1981518564        12.8018481436         1.4019273900
        1.8654215000        99.9405025265         2.8400405949         1.3939905194         2.9038883547        83.3887087871        16.6112912129         1.3891714046
        1.8704360000        89.7914696706         2.8284559756         1.4016475000         2.9140958646        94.8170379951         5.1829620049         1.3942737988
        1.8756266000        86.3561878516         2.8245199434         1.4041998268         2.9217514970        98.6264810644         1.3735189356         1.3942737988
        1.8804297000       111.7606900186         2.8534562245         1.3888858657         2.9268552519        75.7698226485        24.2301773515         1.4044785871
        1.8854377000        81.7347422586         2.8192123942         1.4093044805         2.9370627617       106.2453672030        -6.2453672030         1.3968249959
        1.8904401000        76.6126219061         2.8133125482         1.4118568074         2.9447183941       110.0548102723       -10.0548102723         1.3942737988
        1.8955449000       100.3302855394         2.8404842599         1.3965428462         2.9421665166        87.1981518564        12.8018481436         1.3891714046
        1.9005468000        93.8192679576         2.8330611747         1.4016475000         2.9523740265        94.8170379951         5.1829620049         1.3942737988
        1.9055470000       102.9848704946         2.8435034349         1.3965428462         2.9523740265        87.1981518564        12.8018481436         1.4044785871
        1.9105384000       100.6741476980         2.8408755816         1.3990951731         2.9625815363        91.0075949257         8.9924050743         1.3993761929
        1.9154507000        93.6008506050         2.8328117099         1.4041998268         2.9702371687        98.6264810644         1.3735189356         1.3993761929
        1.9204316000        93.8035840602         2.8330432624         1.4041998268         2.9829965560        98.6264810644         1.3735189356         1.3968249959
        1.9254476000       102.4069070860         2.8428464410         1.3990951731         2.9881003109        91.0075949257         8.9924050743         1.4019273900
        1.9304466000        91.1333152076         2.8299913296         1.4067521537         3.0008596982       102.4359241337        -2.4359241337         1.3942737988
        1.9355714000        65.5720004398         2.8005303055         1.4220661148         3.0008596982       125.2925825495       -25.2925825495         1.4044785871
        1.9404387000        78.6399564578         2.8156499248         1.4118568074         3.0085153306       110.0548102723       -10.0548102723         1.3968249959
        1.9455103000        93.9570305206         2.8332185045         1.4016475000         3.0136190855        94.8170379951         5.1829620049         1.4044785871
        1.9504368000        98.9223382723         2.8388812584         1.3990951731         3.0212747179        91.0075949257         8.9924050743         1.3993761929
        1.9554171000        79.2481568234         2.8163505674         1.4118568074         3.0365859826       110.0548102723       -10.0548102723         1.3993761929
        1.9604582000        77.7640517450         2.8146404275         1.4118568074         3.0416897375       110.0548102723       -10.0548102723         1.3993761929
        1.9654401000        93.0811258078         2.8322179871         1.4016475000         3.0442416150        94.8170379951         5.1829620049         1.4095809812
        1.9704508000       102.2467283447         2.8426643254         1.3965428462         3.0416897375        87.1981518564        12.8018481436         1.4044785871
        1.9754369000        87.3351211923         2.8256423645         1.4067521537         3.0570010023       102.4359241337        -2.4359241337         1.3993761929
        1.9804413000        86.9755751363         2.8252301916         1.4067521537         3.0646566347       102.4359241337        -2.4359241337         1.3917226017
        1.9854273000        86.6160290803         2.8248179331         1.4067521537         3.0748641445       102.4359241337        -2.4359241337         1.3993761929
        1.9905376000        94.6570725948         2.8340177948         1.4016475000         3.0748641445        94.8170379951         5.1829620049         1.3917226017
        1.9954283000        99.6223803465         2.8396784301         1.3990951731         3.0774160220        91.0075949257         8.9924050743         1.3993761929
        2.0004362000        84.1484936829         2.8219863025         1.4093044805         3.0825197769       106.2453672030        -6.2453672030         1.3993761929
        2.0054359000        95.8275524716         2.8353535401         1.4016475000         3.0952791642        94.8170379951         5.1829620049         1.3942737988
        2.0106529000        96.5925654379         2.8362261130         1.4016475000         3.0952791642        94.8170379951         5.1829620049         1.3891714046
        2.0155317000        84.7566940484         2.8226846259         1.4093044805         3.1182460613       106.2453672030        -6.2453672030         1.3993761929
        2.0204436000       100.6360476224         2.8408322264         1.3990951731         3.1080385515        91.0075949257         8.9924050743         1.4044785871
        2.0254357000        85.1621609588         2.8231500360         1.4093044805         3.1233498162       106.2453672030        -6.2453672030         1.3917226017
        2.0304413000        75.8397458210         2.8124206985         1.4144091342         3.1335573261       113.8642533416       -13.8642533416         1.3968249959
        2.0354307000        98.9951299432         2.8389641634         1.3990951731         3.1361092035        91.0075949257         8.9924050743         1.4044785871
        2.0404400000        91.9218328501         2.8308930212         1.4041998268         3.1412129584        98.6264810644         1.3735189356         1.4070297842
        2.0454440000        92.1245663053         2.8311247884         1.4041998268         3.1463167133        98.6264810644         1.3735189356         1.3968249959
        2.0504339000        92.3272997605         2.8313565296         1.4041998268         3.1565242232        98.6264810644         1.3735189356         1.4044785871
        2.0554440000        88.3297384304         2.8267821195         1.4067521537         3.1616279781       102.4359241337        -2.4359241337         1.3993761929
        2.0605283000        92.1704871597         2.8311772821         1.4041998268         3.1692836105        98.6264810644         1.3735189356         1.3917226017
        2.0654327000        88.1729258295         2.8266024675         1.4067521537         3.1743873654       102.4359241337        -2.4359241337         1.4044785871
        2.0704331000        87.8133797735         2.8261904934         1.4067521537         3.1794911203       102.4359241337        -2.4359241337         1.3917226017
        2.0754333000        79.0532441469         2.8161260578         1.4118568074         3.1948023851       110.0548102723       -10.0548102723         1.3968249959
        2.0804447000        90.1700234244         2.8288892384         1.4041998268         3.1948023851        98.6264810644         1.3735189356         1.4044785871
        2.0855278000       102.9736412355         2.8434906720         1.3965428462         3.1973542625        87.1981518564        12.8018481436         1.4044785871
        2.0904341000        83.8617392977         2.8216569698         1.4093044805         3.2101136498       106.2453672030        -6.2453672030         1.3942737988
        2.0954405000        70.3390293746         2.8060605686         1.4169614611         3.2254249146       117.6736964109       -17.6736964109         1.3993761929
        2.1004331000        97.1324287709         2.8368416654         1.3990951731         3.2177692822        91.0075949257         8.9924050743         1.3993761929
        2.1054518000        90.0591316779         2.8287623300         1.4041998268         3.2305286695        98.6264810644         1.3735189356         1.3917226017
        2.1105457000        90.2618651331         2.8289943392         1.4041998268         3.2356324244        98.6264810644         1.3735189356         1.3917226017
        2.1155497000        86.2643038030         2.8244145587         1.4067521537         3.2432880568       102.4359241337        -2.4359241337         1.4019273900
        2.1205285000        94.3053473175         2.8336162420         1.4016475000         3.2483918117        94.8170379951         5.1829620049         1.3993761929
        2.1255306000        95.0703602839         2.8344895332         1.4016475000         3.2509436892        94.8170379951         5.1829620049         1.3968249959
        2.1304191000        79.0341941091         2.8161041136         1.4118568074         3.2688068314       110.0548102723       -10.0548102723         1.3993761929
        2.1354409000        77.5500890307         2.8143937482         1.4118568074         3.2764624638       110.0548102723       -10.0548102723         1.3968249959
        2.1405356000        84.4665735229         2.8223515466         1.4067521537         3.2764624638       102.4359241337        -2.4359241337         1.3968249959
        2.1455347000        88.3073222522         2.8267564394         1.4041998268         3.2841180961        98.6264810644         1.3735189356         1.4019273900
        2.1504568000        75.9091713515         2.8125008288         1.4118568074         3.2892218510       110.0548102723       -10.0548102723         1.3942737988
        2.1554375000        99.6268349848         2.8396835019         1.3965428462         3.2943256060        87.1981518564        12.8018481436         1.4044785871
        2.1604422000       101.5164069736         2.8418337954         1.3965428462         3.2968774834        87.1981518564        12.8018481436         1.3993761929
        2.1654328000        74.0039154653         2.8103005276         1.4144091342         3.3147406256       113.8642533416       -13.8642533416         1.3840690105
        2.1705364000        88.7587100169         2.8272734875         1.4041998268         3.3172925031        98.6264810644         1.3735189356         1.3942737988
        2.1755249000        84.7611486868         2.8226897397         1.4067521537         3.3223962580       102.4359241337        -2.4359241337         1.3968249959
        2.1804403000        88.6018974160         2.8270938795         1.4041998268         3.3223962580        98.6264810644         1.3735189356         1.3968249959
        2.1854420000        72.0034517300         2.8079874034         1.4144091342         3.3351556453       113.8642533416       -13.8642533416         1.3942737988
        2.1905287000        86.7582462816         2.8249810108         1.4041998268         3.3453631551        98.6264810644         1.3735189356         1.3968249959
        2.1954322000        91.1612745221         2.8300233086         1.4016475000         3.3453631551        94.8170379951         5.1829620049         1.3968249959
        2.2004488000        87.7259927032         2.8260903510         1.4041998268         3.3581225424        98.6264810644         1.3735189356         1.3942737988
        2.2055245000        66.9272522319         2.8021043236         1.4169614611         3.3683300523       117.6736964109       -17.6736964109         1.3993761929
        2.2104532000        93.7206516282         2.8329485440         1.3990951731         3.3632262974        91.0075949257         8.9924050743         1.3993761929
        2.2154276000        86.6473545351         2.8248538545         1.4041998268         3.3836413170        98.6264810644         1.3735189356         1.3917226017
        2.2204396000        86.8500879903         2.8250863168         1.4041998268         3.3861931945        98.6264810644         1.3735189356         1.3968249959
        2.2254378000        87.0528214455         2.8253187517         1.4041998268         3.3938488269        98.6264810644         1.3735189356         1.3891714046
        2.2305405000        70.4543757595         2.8061941676         1.4144091342         3.4040563367       113.8642533416       -13.8642533416         1.3891714046
        2.2355305000        89.4094650964         2.8280186692         1.4016475000         3.3989525818        94.8170379951         5.1829620049         1.3891714046
        2.2404309000        90.1744780627         2.8288943362         1.4016475000         3.4168157240        94.8170379951         5.1829620049         1.4044785871
        2.2454332000        90.9394910291         2.8297696254         1.4016475000         3.4142638465        94.8170379951         5.1829620049         1.3993761929
        2.2504411000        87.5042092102         2.8258361724         1.4041998268         3.4270232338        98.6264810644         1.3735189356         1.3993761929
        2.2555606000        79.3063530948         2.8164175954         1.4093044805         3.4321269888       106.2453672030        -6.2453672030         1.3917226017
        2.2605327000        74.1842327422         2.8105088822         1.4118568074         3.4448863760       110.0548102723       -10.0548102723         1.3993761929
        2.2655258000        85.3010120197         2.8233093890         1.4041998268         3.4423344986        98.6264810644         1.3735189356         1.3993761929
        2.2704355000        68.7025663337         2.8041640616         1.4144091342         3.4550938859       113.8642533416       -13.8642533416         1.3917226017
        2.2755164000        79.2570661000         2.8163608288         1.4067521537         3.4627495183       102.4359241337        -2.4359241337         1.3917226017
        2.2805251000        87.2981096146         2.8255999395         1.4016475000         3.4678532732        94.8170379951         5.1829620049         1.3891714046
        2.2854281000        79.6625330104         2.8168277762         1.4067521537         3.4806126605       102.4359241337        -2.4359241337         1.3968249959
        2.2904428000        66.7021025985         2.8018429289         1.4144091342         3.4857164154       113.8642533416       -13.8642533416         1.3993761929
        2.2954276000        85.6571919354         2.8237181011         1.4016475000         3.4908201703        94.8170379951         5.1829620049         1.4044785871
        2.3006950000        86.4222049017         2.8245956569         1.4016475000         3.4959239252        94.8170379951         5.1829620049         1.3917226017
        2.3054414000        78.7866282975         2.8158189137         1.4067521537         3.5010276801       102.4359241337        -2.4359241337         1.3917226017
        2.3105259000        91.0279665974         2.8298708304         1.3990951731         3.5061314351        91.0075949257         8.9924050743         1.3993761929
        2.3154393000        96.5555538603         2.8361839059         1.3965428462         3.5061314351        87.1981518564        12.8018481436         1.3968249959
        2.3205395000       102.6454206343         2.8431175922         1.3939905194         3.5137870674        83.3887087871        16.6112912129         1.3993761929
        2.3255335000        46.2931451401         2.7779772373         1.4297230954         3.5239945773       136.7209117574       -36.7209117574         1.4044785871
        2.3305478000        32.4724939127         2.7616079608         1.4348277491         3.5342020871       144.3397978960       -44.3397978960         1.3942737988
        2.3355407000        88.9322950131         2.8274722872         1.3965428462         3.5316502097        87.1981518564        12.8018481436         1.4044785871
        2.3404685000       103.4227513577         2.8440010632         1.3888858657         3.5393058420        75.7698226485        24.2301773515         1.4044785871
        2.3454298000        94.3982775242         2.8337223447         1.3965428462         3.5444095970        87.1981518564        12.8018481436         1.4044785871
        2.3504297000        87.8872599423         2.8262751535         1.4016475000         3.5571689842        94.8170379951         5.1829620049         1.4044785871
        2.3555196000        80.2516833381         2.8175060527         1.4067521537         3.5648246166       102.4359241337        -2.4359241337         1.3993761929
        2.3605670000        79.8921372821         2.8170921438         1.4067521537         3.5775840039       102.4359241337        -2.4359241337         1.3942737988
        2.3654383000        71.1320016555         2.8069788201         1.4118568074         3.5826877588       110.0548102723       -10.0548102723         1.3891714046
        2.3704520000        86.4490757183         2.8246264737         1.4016475000         3.5826877588        94.8170379951         5.1829620049         1.4044785871
        2.3754338000        83.0137938993         2.8206827909         1.4041998268         3.5877915138        98.6264810644         1.3735189356         1.3917226017
        2.3805303000        62.2150534280         2.7966252625         1.4169614611         3.6005509010       117.6736964109       -17.6736964109         1.3993761929
        2.3855198000        80.6078632537         2.8179159973         1.4041998268         3.6107584109        98.6264810644         1.3735189356         1.3968249959
        2.3905353000        68.2097123530         2.8035924901         1.4118568074         3.6133102883       110.0548102723       -10.0548102723         1.3917226017
        2.3955244000        91.9273759864         2.8308993585         1.3965428462         3.6082065334        87.1981518564        12.8018481436         1.3993761929
        2.4005273000        98.0172427605         2.8378501479         1.3939905194         3.6158621658        83.3887087871        16.6112912129         1.4044785871
        2.4056639000        79.4676203339         2.8166033236         1.4067521537         3.6337253080       102.4359241337        -2.4359241337         1.3993761929
        2.4105704000        79.1080742779         2.8161892164         1.4067521537         3.6413809404       102.4359241337        -2.4359241337         1.3993761929
        2.4155299000       103.9502969337         2.8446004447         1.3914381925         3.6362771855        79.5792657178        20.4207342822         1.3993761929
        2.4205257000        94.3635435889         2.8336826880         1.3990951731         3.6464846953        91.0075949257         8.9924050743         1.3942737988
        2.4255244000        91.4905412812         2.8303998766         1.4016475000         3.6541403277        94.8170379951         5.1829620049         1.3968249959
        2.4305542000       100.6561438182         2.8408550946         1.3965428462         3.6541403277        87.1981518564        12.8018481436         1.3942737988
        2.4355713000        89.9448314510         2.8286315126         1.4041998268         3.6720034699        98.6264810644         1.3735189356         1.3942737988
        2.4405344000        90.1475649062         2.8288635367         1.4041998268         3.6796591023        98.6264810644         1.3735189356         1.3968249959
        2.4455267000        86.1500035761         2.8242834562         1.4067521537         3.6796591023       102.4359241337        -2.4359241337         1.3917226017
        2.4505245000        60.5886888083         2.7947301263         1.4220661148         3.6847628572       125.2925825495       -25.2925825495         1.3917226017
        2.4554387000        82.0572343969         2.8195832372         1.4067521537         3.7000741219       102.4359241337        -2.4359241337         1.3968249959
        2.4605291000        85.8979831262         2.8239943579         1.4041998268         3.7000741219        98.6264810644         1.3735189356         1.4044785871
        2.4654440000        77.7001270108         2.8145667316         1.4093044805         3.7102816318       106.2453672030        -6.2453672030         1.3891714046
        2.4704333000        93.5794805847         2.8327873005         1.3990951731         3.7102816318        91.0075949257         8.9924050743         1.3840690105
        2.4756884000        82.3058887064         2.8198691229         1.4067521537         3.7128335092       102.4359241337        -2.4359241337         1.3917226017
        2.4804776000        98.7475217916         2.8386821408         1.3965428462         3.7179372642        87.1981518564        12.8018481436         1.3968249959
        2.4855338000        88.0362094245         2.8264458255         1.4041998268         3.7306966515        98.6264810644         1.3735189356         1.4044785871
        2.4905330000        84.0386480943         2.8218601532         1.4067521537         3.7434560388       102.4359241337        -2.4359241337         1.3968249959
        2.4954505000        87.8793968236         2.8262661433         1.4041998268         3.7460079162        98.6264810644         1.3735189356         1.4044785871
        2.5005231000        92.2824250641         2.8313052363         1.4016475000         3.7511116711        94.8170379951         5.1829620049         1.4044785871
        2.5055394000        84.6468484599         2.8225585219         1.4067521537         3.7638710584       102.4359241337        -2.4359241337         1.3993761929
        2.5105254000        96.8881867598         2.8365632025         1.3990951731         3.7613191810        91.0075949257         8.9924050743         1.3942737988
        2.5155778000        89.8148896667         2.8284827830         1.4041998268         3.7740785683        98.6264810644         1.3735189356         1.3968249959
        2.5204403000       102.6185074778         2.8430869980         1.3965428462         3.7715266908        87.1981518564        12.8018481436         1.3866202076
        2.5255290000        96.1074898960         2.8356728780         1.4016475000         3.7842860781        94.8170379951         5.1829620049         1.3840690105
        2.5305229000        92.6722080770         2.8317507286         1.4041998268         3.7893898330        98.6264810644         1.3735189356         1.4044785871
        2.5357122000        88.6746467469         2.8271772062         1.4067521537         3.7995973429       102.4359241337        -2.4359241337         1.3891714046
        2.5405238000        84.1148059056         2.8219476155         1.4093044805         3.7995973429       106.2453672030        -6.2453672030         1.4019273900
        2.5455316000        87.3932751237         2.8257090224         1.4067521537         3.8098048527       102.4359241337        -2.4359241337         1.4019273900
        2.5504207000        82.8334342824         2.8204755178         1.4093044805         3.8200123625       106.2453672030        -6.2453672030         1.3942737988
        2.5555306000        90.3121982858         2.8290519366         1.4041998268         3.8123567301        98.6264810644         1.3735189356         1.3993761929
        2.5605222000        77.9140473850         2.8148133392         1.4118568074         3.8276679949       110.0548102723       -10.0548102723         1.3993761929
        2.5655290000       101.6317110184         2.8419649412         1.3965428462         3.8327717498        87.1981518564        12.8018481436         1.4044785871
        2.5704379000        99.3209882219         2.8393352562         1.3990951731         3.8327717498        91.0075949257         8.9924050743         1.3891714046
        2.5754257000        79.6468067730         2.8168096676         1.4118568074         3.8531867695       110.0548102723       -10.0548102723         1.3917226017
        2.5804300000        78.1627016946         2.8150999471         1.4118568074         3.8608424019       110.0548102723       -10.0548102723         1.3968249959
        2.5855505000       110.2809548986         2.8517809873         1.3914381925         3.8582905244        79.5792657178        20.4207342822         1.3968249959
        2.5905614000        92.2936119832         2.8313180235         1.4041998268         3.8684980342        98.6264810644         1.3735189356         1.3993761929
        2.5955296000        92.4963454384         2.8315497429         1.4041998268         3.8736017892        98.6264810644         1.3735189356         1.4044785871
        2.6005200000       101.0996684642         2.8413597361         1.3990951731         3.8787055441        91.0075949257         8.9924050743         1.3968249959
        2.6054270000        81.4254870152         2.8188567051         1.4118568074         3.8940168088       110.0548102723       -10.0548102723         1.3891714046
        2.6104393000        84.1416767221         2.8219784740         1.4093044805         3.8940168088       106.2453672030        -6.2453672030         1.3917226017
        2.6154173000       104.2213250814         2.8449083170         1.3965428462         3.8965686863        87.1981518564        12.8018481436         1.4019273900
        2.6205262000        89.3097179290         2.8279044663         1.4067521537         3.9067761961       102.4359241337        -2.4359241337         1.4044785871
        2.6255200000       114.1519405848         2.8561609673         1.3914381925         3.9067761961        79.5792657178        20.4207342822         1.4019273900
        2.6305278000        91.9643028841         2.8309415756         1.4067521537         3.9246393383       102.4359241337        -2.4359241337         1.3993761929
        2.6354344000       108.4059359693         2.8496565517         1.3965428462         3.9169837060        87.1981518564        12.8018481436         1.3993761929
        2.6408115000        85.0937392463         2.8230715068         1.4118568074         3.9348468482       110.0548102723       -10.0548102723         1.3993761929
        2.6454305000       108.8114028797         2.8501161158         1.3965428462         3.9399506031        87.1981518564        12.8018481436         1.4044785871
        2.6504386000       102.3003852978         2.8427253324         1.4016475000         3.9425024806        94.8170379951         5.1829620049         1.4044785871
        2.6555188000       115.6662826201         2.8578723091         1.3939905194         3.9501581129        83.3887087871        16.6112912129         1.4044785871
        2.6604354000       113.9178393347         2.8558963068         1.3965428462         3.9501581129        87.1981518564        12.8018481436         1.3968249959
        2.6655016000       128.4082956794         2.8722276210         1.3888858657         3.9552618679        75.7698226485        24.2301773515         1.3993761929
        2.6705297000       127.7844114165         2.8715264976         1.3914381925         3.9654693777        79.5792657178        20.4207342822         1.4044785871
        2.6755078000       101.3964789305         2.8416973821         1.4093044805         3.9807806424       106.2453672030        -6.2453672030         1.3993761929
        2.6805283000       108.8752429339         2.8501884652         1.4041998268         3.9782287650        98.6264810644         1.3735189356         1.3968249959
        2.6855163000       109.0779763891         2.8504182066         1.4041998268         3.9909881523        98.6264810644         1.3735189356         1.3993761929
        2.6904367000       117.6812994149         2.8601476560         1.3990951731         3.9858843974        91.0075949257         8.9924050743         1.3993761929
        2.6955166000       110.6080023218         2.8521513446         1.4041998268         3.9960919072        98.6264810644         1.3735189356         1.3942737988
        2.7005143000       115.0110305623         2.8571319597         1.4016475000         4.0062994170        94.8170379951         5.1829620049         1.4044785871
        2.7055154000       119.9763383140         2.8627367472         1.3990951731         4.0139550494        91.0075949257         8.9924050743         1.4044785871
        2.7105209000       129.7042203621         2.8736834399         1.3939905194         4.0139550494        83.3887087871        16.6112912129         1.3993761929
        2.7155167000       106.9543031503         2.8480105034         1.4093044805         4.0318181916       106.2453672030        -6.2453672030         1.3866202076
        2.7204231000       135.4345410802         2.8801122175         1.3914381925         4.0292663142        79.5792657178        20.4207342822         1.3968249959
        2.7254350000       104.8463138089         2.8456181088         1.4118568074         4.0394738240       110.0548102723       -10.0548102723         1.3917226017
        2.7305131000       107.5625035158         2.8487003006         1.4093044805         4.0547850888       106.2453672030        -6.2453672030         1.3968249959
        2.7355276000        98.2400883780         2.8381040657         1.4144091342         4.0624407211       113.8642533416       -13.8642533416         1.3993761929
        2.7405424000       117.1951777149         2.8595989161         1.4016475000         4.0624407211        94.8170379951         5.1829620049         1.3942737988
        2.7455237000        96.9587167548         2.8366436182         1.4144091342         4.0777519859       113.8642533416       -13.8642533416         1.4019273900
        2.7505274000       111.7135113064         2.8534028305         1.4041998268         4.0675444760        98.6264810644         1.3735189356         1.3993761929
        2.7555580000       116.1165395469         2.8583809143         1.4016475000         4.0828557408        94.8170379951         5.1829620049         1.4044785871
        2.7604352000       108.4809629426         2.8497415955         1.4067521537         4.0905113732       102.4359241337        -2.4359241337         1.3840690105
        2.7654320000        99.7208273160         2.8397905130         1.4118568074         4.1007188830       110.0548102723       -10.0548102723         1.3891714046
        2.7705255000        98.2367222376         2.8381002304         1.4118568074         4.1083745154       110.0548102723       -10.0548102723         1.3993761929
        2.7754271000       109.3535015151         2.8507304012         1.4041998268         4.1083745154        98.6264810644         1.3735189356         1.3891714046
        2.7805164000        96.9553506144         2.8366397803         1.4118568074         4.1160301478       110.0548102723       -10.0548102723         1.3917226017
        2.7854323000        78.6700663948         2.8156846174         1.4220661148         4.1236857801       125.2925825495       -25.2925825495         1.4044785871
        2.7905176000        95.9383171981         2.8354799004         1.4093044805         4.1236857801       106.2453672030        -6.2453672030         1.3993761929
        2.7954197000        99.2167864162         2.8392165963         1.4067521537         4.1441007998       102.4359241337        -2.4359241337         1.3993761929
        2.8005150000        86.2563560043         2.8244054428         1.4144091342         4.1492045547       113.8642533416       -13.8642533416         1.3917226017
        2.8055173000       101.0111505559         2.8412590298         1.4041998268         4.1492045547        98.6264810644         1.3735189356         1.4044785871
        2.8105241000       101.2138840111         2.8414896717         1.4041998268         4.1645158195        98.6264810644         1.3735189356         1.3917226017
        2.8155239000        88.8157331104         2.8273387958         1.4118568074         4.1619639420       110.0548102723       -10.0548102723         1.3917226017
        2.8205263000       104.1328071731         2.8448077704         1.4016475000         4.1696195744        94.8170379951         5.1829620049         1.3968249959
        2.8254319000       104.8978201395         2.8456765940         1.4016475000         4.1798270842        94.8170379951         5.1829620049         1.3917226017
        2.8305227000        97.2622435353         2.8369896537         1.4067521537         4.1900345941       102.4359241337        -2.4359241337         1.3968249959
        2.8355133000        96.9026974793         2.8365797474         1.4067521537         4.1900345941       102.4359241337        -2.4359241337         1.4044785871
        2.8405168000       104.9437409939         2.8457287357         1.4016475000         4.1900345941        94.8170379951         5.1829620049         1.3993761929
        2.8455169000        93.1078696043         2.8322485428         1.4093044805         4.2104496138       106.2453672030        -6.2453672030         1.3968249959
        2.8505196000       100.5866336077         2.8407759955         1.4041998268         4.2104496138        98.6264810644         1.3735189356         1.4044785871
        2.8555161000       109.1899566335         2.8505450952         1.3990951731         4.2104496138        91.0075949257         8.9924050743         1.3993761929
        2.8604288000       102.1166595405         2.8425164323         1.4041998268         4.2232090010        98.6264810644         1.3735189356         1.3840690105
        2.8655171000       119.1205721368         2.8617716377         1.3939905194         4.2257608785        83.3887087871        16.6112912129         1.3993761929
        2.8705156000       108.9715392809         2.8502975929         1.4016475000         4.2359683883        94.8170379951         5.1829620049         1.3891714046
        2.8754299000       105.5362574620         2.8464014125         1.4041998268         4.2512796531        98.6264810644         1.3735189356         1.3993761929
        2.8805207000       114.1395804878         2.8561469944         1.3990951731         4.2436240207        91.0075949257         8.9924050743         1.4019273900
        2.8854202000       102.8659886094         2.8433683129         1.4067521537         4.2614871629       102.4359241337        -2.4359241337         1.3993761929
        2.8905163000       123.5079164799         2.8667158449         1.3939905194         4.2563834080        83.3887087871        16.6112912129         1.3968249959
        2.8955128000       117.5591784093         2.8600098155         1.3990951731         4.2640390404        91.0075949257         8.9924050743         1.3993761929
        2.9005330000       114.6861761015         2.8567648352         1.4016475000         4.2742465502        94.8170379951         5.1829620049         1.3993761929
        2.9054343000        90.2494203561         2.8289800981         1.4169614611         4.2844540601       117.6736964109       -17.6736964109         1.3917226017
        2.9105262000       112.8425249671         2.8546802577         1.4016475000         4.2895578150        94.8170379951         5.1829620049         1.3942737988
        2.9154277000       105.2069483629         2.8460275763         1.4067521537         4.2997653248       102.4359241337        -2.4359241337         1.3891714046
        2.9205203000       109.0476970922         2.8503838950         1.4041998268         4.3099728347        98.6264810644         1.3735189356         1.3891714046
        2.9255119000       105.0501357620         2.8458495390         1.4067521537         4.3125247121       102.4359241337        -2.4359241337         1.3891714046
        2.9305242000       108.8908844913         2.8502061913         1.4041998268         4.3227322219        98.6264810644         1.3735189356         1.3891714046
        2.9355136000       121.6945023024         2.8646733765         1.3965428462         4.3176284670        87.1981518564        12.8018481436         1.3968249959
        2.9405359000       106.7828951500         2.8478160621         1.4067521537         4.3278359769       102.4359241337        -2.4359241337         1.3917226017
        2.9455196000       102.2230543087         2.8426374078         1.4093044805         4.3405953642       106.2453672030        -6.2453672030         1.3993761929
        2.9505234000       109.7018183120         2.8511250164         1.4041998268         4.3431472416        98.6264810644         1.3735189356         1.4044785871
        2.9555427000       101.5039621966         2.8418196404         1.4093044805         4.3482509965       106.2453672030        -6.2453672030         1.3942737988
        2.9605134000        96.3818418441         2.8359857977         1.4118568074         4.3635622613       110.0548102723       -10.0548102723         1.3993761929
        2.9655202000       103.2983263363         2.8438596720         1.4067521537         4.3635622613       102.4359241337        -2.4359241337         1.3815178134
        2.9705148000        86.1376011391         2.8242692301         1.4169614611         4.3737697711       117.6736964109       -17.6736964109         1.3891714046
        2.9755120000       104.5304109648         2.8452593697         1.4041998268         4.3763216486        98.6264810644         1.3735189356         1.3942737988
        2.9804288000       108.9334392053         2.8502544166         1.4016475000         4.3814254035        94.8170379951         5.1829620049         1.3917226017
        2.9855202000       105.4981573864         2.8463581639         1.4041998268         4.3890810359        98.6264810644         1.3735189356         1.3917226017
        2.9905080000       105.7008908415         2.8465882837         1.4041998268         4.3992885457        98.6264810644         1.3735189356         1.4044785871
        2.9955166000        84.9021503702         2.8228515989         1.4169614611         4.4018404232       117.6736964109       -17.6736964109         1.3942737988
        3.0005127000        99.0946654106         2.8390775228         1.4067521537         4.4094960556       102.4359241337        -2.4359241337         1.3993761929
        3.0055149000        90.3345297840         2.8290774905         1.4118568074         4.4171516879       110.0548102723       -10.0548102723         1.4044785871
        3.0105150000       109.8518986321         2.8512950253         1.3990951731         4.4171516879        91.0075949257         8.9924050743         1.3993761929
        3.0155121000        94.3780119685         2.8336992070         1.4093044805         4.4375667076       106.2453672030        -6.2453672030         1.3993761929
        3.0205081000        97.6564811866         2.8374390207         1.4067521537         4.4401185851       102.4359241337        -2.4359241337         1.3968249959
        3.0255139000       101.4972299158         2.8418119829         1.4041998268         4.4452223400        98.6264810644         1.3735189356         1.3942737988
        3.0305068000        97.4996685857         2.8372602910         1.4067521537         4.4528779724       102.4359241337        -2.4359241337         1.3917226017
        3.0355111000        80.3389433885         2.8176064927         1.4169614611         4.4656373597       117.6736964109       -17.6736964109         1.3968249959
        3.0405130000        94.5314584289         2.8338743942         1.4067521537         4.4656373597       102.4359241337        -2.4359241337         1.3993761929
        3.0455234000        98.3722071582         2.8382545921         1.4041998268         4.4732929920        98.6264810644         1.3735189356         1.4044785871
        3.0505153000        94.3746458281         2.8336953638         1.4067521537         4.4809486244       102.4359241337        -2.4359241337         1.3993761929
        3.0555143000        98.2153945574         2.8380759302         1.4041998268         4.4911561342        98.6264810644         1.3735189356         1.3993761929
        3.0605156000       102.6184227978         2.8430869017         1.4016475000         4.4886042568        94.8170379951         5.1829620049         1.4019273900
        3.0655139000        99.1831409789         2.8391782812         1.4041998268         4.4962598892        98.6264810644         1.3735189356         1.3993761929
        3.0705091000        90.9852848635         2.8298220085         1.4093044805         4.5141230314       106.2453672030        -6.2453672030         1.3891714046
        3.0755330000        94.2637540816         2.8335687513         1.4067521537         4.5141230314       102.4359241337        -2.4359241337         1.3968249959
        3.0805347000       102.3047975962         2.8427303491         1.4016475000         4.5166749088        94.8170379951         5.1829620049         1.3891714046
        3.0855320000        94.6692209919         2.8340316628         1.4067521537         4.5268824187       102.4359241337        -2.4359241337         1.3840690105
        3.0905021000        94.3096749359         2.8336211831         1.4067521537         4.5345380510       102.4359241337        -2.4359241337         1.4044785871
        3.0955214000       110.7513080211         2.8523136098         1.3965428462         4.5370899285        87.1981518564        12.8018481436         1.4044785871
        3.1005216000       104.2402904393         2.8449298590         1.4016475000         4.5447455609        94.8170379951         5.1829620049         1.3968249959
        3.1055081000        88.2041242644         2.8266382112         1.4118568074         4.5626087031       110.0548102723       -10.0548102723         1.3993761929
        3.1104238000       103.5211983272         2.8441129278         1.4016475000         4.5549530707        94.8170379951         5.1829620049         1.4070297842
        3.1155099000        95.8856217230         2.8354197864         1.4067521537         4.5677124580       102.4359241337        -2.4359241337         1.3993761929
        3.1205066000        87.1254860964         2.8254020555         1.4118568074         4.5830237228       110.0548102723       -10.0548102723         1.3993761929
        3.1255101000        85.6413810180         2.8236999601         1.4118568074         4.5779199678       110.0548102723       -10.0548102723         1.4019273900
        3.1305061000        92.5578655102         2.8316200537         1.4067521537         4.5881274777       102.4359241337        -2.4359241337         1.3840690105
        3.1355433000        96.3986142395         2.8360049264         1.4041998268         4.5983349875        98.6264810644         1.3735189356         1.3840690105
        3.1405239000        84.0004633387         2.8218162991         1.4118568074         4.6110943748       110.0548102723       -10.0548102723         1.3993761929
        3.1455411000        95.1172426162         2.8345430394         1.4041998268         4.6187500072        98.6264810644         1.3735189356         1.3917226017
        3.1505200000       128.9223343538         2.8728051708         1.3837812120         4.6187500072        68.1509365099        31.8490634901         1.3993761929
        3.1555136000       108.4215351868         2.8496742338         1.3990951731         4.6187500072        91.0075949257         8.9924050743         1.3968249959
        3.1608118000        97.1479433084         2.8368593524         1.4067521537         4.6315093945       102.4359241337        -2.4359241337         1.3917226017
        3.1655137000       100.9886920377         2.8412334782         1.4041998268         4.6340612719        98.6264810644         1.3735189356         1.4044785871
        3.1705198000        92.7908359223         2.8318862921         1.4093044805         4.6493725367       106.2453672030        -6.2453672030         1.3917226017
        3.1755162000       108.6701894963         2.8499560720         1.3990951731         4.6493725367        91.0075949257         8.9924050743         1.3993761929
        3.1805082000       101.5968924032         2.8419253396         1.4041998268         4.6595800465        98.6264810644         1.3735189356         1.3891714046
        3.1855138000        80.7981519319         2.8181349733         1.4169614611         4.6723394338       117.6736964109       -17.6736964109         1.3917226017
        3.1905075000       103.3912565429         2.8439652747         1.4016475000         4.6723394338        94.8170379951         5.1829620049         1.3968249959
        3.1955088000        95.7556799387         2.8352715439         1.4067521537         4.6825469437       102.4359241337        -2.4359241337         1.3917226017
        3.2005122000        95.3961338827         2.8348613060         1.4067521537         4.6902025760       102.4359241337        -2.4359241337         1.4044785871
        3.2055140000        99.2368826120         2.8392394814         1.4041998268         4.6927544535        98.6264810644         1.3735189356         1.4044785871
        3.2105082000       112.0405004230         2.8537728727         1.3965428462         4.6978582084        87.1981518564        12.8018481436         1.3993761929
        3.2155134000       101.3291880559         2.8416208378         1.4041998268         4.7055138408        98.6264810644         1.3735189356         1.3891714046
        3.2205116000        97.3316267258         2.8370687461         1.4067521537         4.7182732281       102.4359241337        -2.4359241337         1.4070297842
        3.2255288000       113.7732598110         2.8557328400         1.3965428462         4.7182732281        87.1981518564        12.8018481436         1.3968249959
        3.2305076000       111.4625370144         2.8531187733         1.3990951731         4.7310326154        91.0075949257         8.9924050743         1.4044785871
        3.2355029000       108.5895347067         2.8498646572         1.4016475000         4.7310326154        94.8170379951         5.1829620049         1.4044785871
        3.2405117000       100.9539581025         2.8411939599         1.4067521537         4.7437920027       102.4359241337        -2.4359241337         1.3917226017
        3.2455025000       100.5944120465         2.8407848471         1.4067521537         4.7591032674       102.4359241337        -2.4359241337         1.3993761929
        3.2504288000       117.0360451316         2.8594192598         1.3965428462         4.7539995125        87.1981518564        12.8018481436         1.3993761929
        3.2555090000       110.5250275498         2.8520573872         1.4016475000         4.7642070224        94.8170379951         5.1829620049         1.3942737988
        3.2605126000        86.0882718044         2.8242126463         1.4169614611         4.7820701646       117.6736964109       -17.6736964109         1.3993761929
        3.2655021000       112.8816712007         2.8547245378         1.3990951731         4.7820701646        91.0075949257         8.9924050743         1.4044785871
        3.2709000000       110.0086688930         2.8514725995         1.4016475000         4.7846220420        94.8170379951         5.1829620049         1.3993761929
        3.2755037000        89.7722079328         2.8284339277         1.4144091342         4.7922776744       113.8642533416       -13.8642533416         1.3917226017
        3.2805051000       100.3267076991         2.8404801878         1.4067521537         4.7999333068       102.4359241337        -2.4359241337         1.3993761929
        3.2855092000        99.9671616431         2.8400709421         1.4067521537         4.8126926941       102.4359241337        -2.4359241337         1.3917226017
        3.2905139000        82.8064364459         2.8204444893         1.4169614611         4.8254520814       117.6736964109       -17.6736964109         1.3993761929
        3.2955097000        92.7986567010         2.8318952291         1.4093044805         4.8331077137       106.2453672030        -6.2453672030         1.3993761929
        3.3005195000        91.8768311338         2.8308415711         1.4093044805         4.8407633461       106.2453672030        -6.2453672030         1.3968249959
        3.3055290000        99.3555951372         2.8393746634         1.4041998268         4.8407633461        98.6264810644         1.3735189356         1.3968249959
        3.3105119000        91.1577390218         2.8300192648         1.4093044805         4.8535227334       106.2453672030        -6.2453672030         1.3993761929
        3.3155097000       107.0370925958         2.8481044120         1.3990951731         4.8535227334        91.0075949257         8.9924050743         1.4044785871
        3.3205045000        95.7635007174         2.8352804664         1.4067521537         4.8611783658       102.4359241337        -2.4359241337         1.3942737988
        3.3255104000        82.8030703055         2.8204406206         1.4144091342         4.8739377531       113.8642533416       -13.8642533416         1.3993761929
        3.3305155000       110.1587492130         2.8516425835         1.3965428462         4.8713858756        87.1981518564        12.8018481436         1.3968249959
        3.3355060000        99.4474368459         2.8394792409         1.4041998268         4.8815933855        98.6264810644         1.3735189356         1.3917226017
        3.3405158000        95.4498755157         2.8349226296         1.4067521537         4.8866971404       102.4359241337        -2.4359241337         1.4044785871
        3.3455041000       107.6912138156         2.8488462526         1.3990951731         4.8918008953        91.0075949257         8.9924050743         1.3993761929
        3.3505207000        92.2173271520         2.8312308250         1.4093044805         4.8994565277       106.2453672030        -6.2453672030         1.4019273900
        3.3555041000        87.0952067995         2.8253673433         1.4118568074         4.9096640375       110.0548102723       -10.0548102723         1.3993761929
        3.3605021000        85.6111017211         2.8236652179         1.4118568074         4.9198715474       110.0548102723       -10.0548102723         1.3917226017
        3.3655105000        92.5275862133         2.8315854480         1.4067521537         4.9224234248       102.4359241337        -2.4359241337         1.3942737988
        3.3705146000       104.7689245132         2.8455302308         1.3990951731         4.9326309346        91.0075949257         8.9924050743         1.3968249959
        3.3755120000        89.2950378495         2.8278876582         1.4093044805         4.9428384445       106.2453672030        -6.2453672030         1.3993761929
        3.3805134000        96.7738018529         2.8364327786         1.4041998268         4.9428384445        98.6264810644         1.3735189356         1.4044785871
        3.3855111000        92.7762405228         2.8318696135         1.4067521537         4.9555978318       102.4359241337        -2.4359241337         1.3891714046
        3.3905018000        79.8158101109         2.8170042644         1.4144091342         4.9734609740       113.8642533416       -13.8642533416         1.3993761929
        3.3955107000        90.3703098772         2.8291184330         1.4067521537         4.9632534642       102.4359241337        -2.4359241337         1.3993761929
        3.4005066000        90.0107638212         2.8287069737         1.4067521537         4.9760128515       102.4359241337        -2.4359241337         1.3917226017
        3.4055275000        81.2506281946         2.8186555623         1.4118568074         4.9836684838       110.0548102723       -10.0548102723         1.3917226017
        3.4105356000        79.7665231161         2.8169475156         1.4118568074         4.9964278711       110.0548102723       -10.0548102723         1.3968249959
        3.4155086000        86.6830076083         2.8248947377         1.4067521537         4.9938759937       102.4359241337        -2.4359241337         1.3917226017
        3.4205081000        98.9243459082         2.8388835451         1.3990951731         5.0066353810        91.0075949257         8.9924050743         1.3968249959
        3.4255080000        91.8510488152         2.8308120939         1.4041998268         5.0015316260        98.6264810644         1.3735189356         1.3942737988
        3.4304994000        96.2540770557         2.8358400778         1.4016475000         5.0015316260        94.8170379951         5.1829620049         1.3917226017
        3.4355012000        97.0190900220         2.8367124512         1.4016475000         5.0040835035        94.8170379951         5.1829620049         1.4044785871
        3.4405044000        80.9829238472         2.8183475768         1.4118568074         5.0117391359       110.0548102723       -10.0548102723         1.3917226017
        3.4455162000        79.4988187688         2.8166392521         1.4118568074         5.0091872584       110.0548102723       -10.0548102723         1.3942737988
        3.4505080000        61.2135345492         2.7954584856         1.4220661148         5.0040835035       125.2925825495       -25.2925825495         1.4044785871
        3.4555072000        61.6806062113         2.7960027279         1.4195137880         5.0066353810       121.4831394802       -21.4831394802         1.4019273900
        3.4605087000        83.7114313111         2.8214843213         1.4041998268         5.0091872584        98.6264810644         1.3735189356         1.3993761929
        3.4655075000        88.1144595516         2.8265354816         1.4016475000         5.0066353810        94.8170379951         5.1829620049         1.3917226017
        3.4705076000        80.4788829474         2.8177675579         1.4067521537         5.0066353810       102.4359241337        -2.4359241337         1.3917226017
        3.4755363000        88.5199264620         2.8269999863         1.4016475000         5.0040835035        94.8170379951         5.1829620049         1.3942737988
        3.4804978000        97.6855289989         2.8374721267         1.3965428462         5.0015316260        87.1981518564        12.8018481436         1.3891714046
        3.4855028000       107.9756905583         2.8491688049         1.3914381925         5.0117391359        79.5792657178        20.4207342822         1.3968249959
        3.4905747000       110.9898215695         2.8525836547         1.3914381925         4.9989797486        79.5792657178        20.4207342822         1.3993761929
        3.4955061000        84.6018890835         2.8225069057         1.4093044805         5.0066353810       106.2453672030        -6.2453672030         1.4019273900
        3.5005077000        92.0806530869         2.8310745885         1.4041998268         5.0015316260        98.6264810644         1.3735189356         1.4044785871
        3.5055001000        92.2833865421         2.8313063353         1.4041998268         4.9964278711        98.6264810644         1.3735189356         1.3993761929
        3.5105102000       105.0870043532         2.8458913990         1.3965428462         4.9964278711        87.1981518564        12.8018481436         1.3993761929
        3.5155072000        85.9751024154         2.8240828277         1.4093044805         4.9938759937       106.2453672030        -6.2453672030         1.4019273900
        3.5204998000       101.8544559894         2.8422182673         1.3990951731         1.1124703785        91.0075949257         8.9924050743         1.4070297842
        3.5255026000       103.1817484670         2.8437271899         1.3990951731         1.1073666236        91.0075949257         8.9924050743         1.3968249959
        3.5304987000       104.5090409445         2.8452350998         1.3990951731         1.1073666236        91.0075949257         8.9924050743         1.3942737988
        3.5355027000       110.0366282074         2.8515042677         1.3965428462         1.1073666236        87.1981518564        12.8018481436         1.3993761929
        3.5405041000       116.1264949815         2.8583921587         1.3939905194         1.1048147461        83.3887087871        16.6112912129         1.3993761929
        3.5455070000       105.9774621255         2.8469021785         1.4016475000         1.1048147461        94.8170379951         5.1829620049         1.3968249959
        3.5504992000        94.1415907360         2.8334292603         1.4093044805         1.0946072363       106.2453672030        -6.2453672030         1.3917226017
        3.5555005000        84.8191755982         2.8227563518         1.4144091342         1.1201260109       113.8642533416       -13.8642533416         1.3917226017
        3.5605048000        99.5739701498         2.8396233125         1.4041998268         0.0024036839        98.6264810644         1.3735189356         1.4044785871
        3.5655180000        95.5764088197         2.8350670076         1.4067521537        -0.0052519485       102.4359241337        -2.4359241337         1.3993761929
        3.5705095000        91.0165679784         2.8298577921         1.4093044805        -0.0001481936       106.2453672030        -6.2453672030         1.4044785871
        3.5755082000        52.2920893434         2.7850285869         1.4322754222        -0.0001481936       140.5303548267       -40.5303548267         1.4044785871
        3.5805013000        88.3126960285         2.8267625957         1.4067521537         0.0024036839       102.4359241337        -2.4359241337         1.3993761929
        3.5855078000        58.5510864754         2.7923527658         1.4246184417        -0.0052519485       129.1020256188       -29.1020256188         1.4044785871
        3.5905056000        71.0567629822         2.8068917150         1.4144091342        -0.0001481936       113.8642533416       -13.8642533416         1.3968249959
        3.5954999000        73.2106731779         2.8093836606         1.4118568074         0.0100593162       110.0548102723       -10.0548102723         1.3968249959
        3.6005439000        80.1271576701         2.8173627092         1.4067521537         0.0024036839       102.4359241337        -2.4359241337         1.4044785871
        3.6055120000        58.7661376876         2.7926038357         1.4195137880         0.0075074388       121.4831394802       -21.4831394802         1.3968249959
        3.6105312000        84.9972575727         2.8229607671         1.4016475000        -0.0052519485        94.8170379951         5.1829620049         1.3993761929
        3.6155058000        73.1613861832         2.8093266770         1.4093044805        -0.0001481936       106.2453672030        -6.2453672030         1.3917226017
        3.6205199000        63.8389710453         2.7985154342         1.4144091342         0.0100593162       113.8642533416       -13.8642533416         1.3993761929
        3.6254978000        70.1931760263         2.8058916207         1.4093044805         0.0024036839       106.2453672030        -6.2453672030         1.4044785871
        3.6305049000        81.8722348150         2.8193705096         1.4016475000         0.0049555613        94.8170379951         5.1829620049         1.4044785871
        3.6354167000        82.6372477814         2.8202500307         1.4016475000        -0.0027000711        94.8170379951         5.1829620049         1.3968249959
        3.6405141000        62.4007868213         2.7968415549         1.4144091342         0.0151630711       113.8642533416       -13.8642533416         1.3993761929
        3.6454974000        72.9552865876         2.8090883738         1.4067521537         0.0100593162       102.4359241337        -2.4359241337         1.3993761929
        3.6505065000        85.1966248875         2.8231895899         1.3990951731         0.0151630711        91.0075949257         8.9924050743         1.3968249959
        3.6555009000        73.9230330091         2.8102070610         1.4067521537         0.0253705810       102.4359241337        -2.4359241337         1.3942737988
        3.6604991000        73.5634869531         2.8097915167         1.4067521537         0.0330262134       102.4359241337        -2.4359241337         1.3942737988
        3.6655019000        69.0036461118         2.8045131377         1.4093044805         0.0432337232       106.2453672030        -6.2453672030         1.3968249959
        3.6705025000        63.8815257593         2.7985649379         1.4118568074         0.0432337232       110.0548102723       -10.0548102723         1.3993761929
        3.6754967000        58.1971258956         2.7919394381         1.4144091342         0.0585449879       113.8642533416       -13.8642533416         1.3942737988
        3.6805067000        68.7516256619         2.8042209464         1.4067521537         0.0585449879       102.4359241337        -2.4359241337         1.4044785871
        3.6854969000        76.7926691765         2.8135202494         1.4016475000         0.0636487429        94.8170379951         5.1829620049         1.3942737988
        3.6906001000        56.5562082163         2.7900219502         1.4144091342         0.0764081302       113.8642533416       -13.8642533416         1.3993761929
        3.6954985000        58.7101184121         2.7925384374         1.4118568074         0.0866156400       110.0548102723       -10.0548102723         1.3993761929
        3.7005203000        61.4263081189         2.7957064359         1.4093044805         0.0942712724       106.2453672030        -6.2453672030         1.3891714046
        3.7055257000        77.3056616929         2.8141119059         1.3990951731         0.0866156400        91.0075949257         8.9924050743         1.4070297842
        3.7105028000        78.6329541705         2.8156418567         1.3990951731         0.0942712724        91.0075949257         8.9924050743         1.3993761929
        3.7154989000        58.9587727216         2.7928287027         1.4118568074         0.1121344146       110.0548102723       -10.0548102723         1.3840690105
        3.7205059000        57.4746676432         2.7910954870         1.4118568074         0.1197900470       110.0548102723       -10.0548102723         1.3840690105
        3.7254957000        60.1908573501         2.7942662245         1.4093044805         0.1274456793       106.2453672030        -6.2453672030         1.3840690105
        3.7305052000        63.4693265682         2.7980853680         1.4067521537         0.1351013117       102.4359241337        -2.4359241337         1.3840690105
        3.7355025000        71.5103700827         2.8074167992         1.4016475000         0.1376531892        94.8170379951         5.1829620049         1.3840690105
        3.7404967000        63.8747934785         2.7985571064         1.4067521537         0.1478606990       102.4359241337        -2.4359241337         1.3942737988
        3.7454979000        42.5137734960         2.7735184618         1.4195137880         0.1478606990       121.4831394802       -21.4831394802         1.4044785871
        3.7505339000        47.7434194546         2.7796848273         1.4144091342         0.1504125765       113.8642533416       -13.8642533416         1.4044785871
        3.7554986000        58.2979192209         2.7920571472         1.4067521537         0.1529644539       102.4359241337        -2.4359241337         1.4044785871
        3.7604984000        66.3389627355         2.8014212472         1.4016475000         0.1606200863        94.8170379951         5.1829620049         1.3993761929
        3.7654989000        83.9051548431         2.8217068355         1.3914381925         0.1708275961        79.5792657178        20.4207342822         1.3993761929
        3.7704968000        74.3184014983         2.8106638973         1.3990951731         0.1759313511        91.0075949257         8.9924050743         1.3840690105
        3.7755184000        75.6456939759         2.8121967072         1.3990951731         0.1861388609        91.0075949257         8.9924050743         1.3815178134
        3.7804996000        81.1732812387         2.8185665822         1.3965428462         0.1886907384        87.1981518564        12.8018481436         1.3993761929
        3.7855259000        70.4619688716         2.8062029620         1.4041998268         0.2014501257        98.6264810644         1.3735189356         1.3993761929
        3.7905177000        66.4644075415         2.8015669266         1.4067521537         0.2091057580       102.4359241337        -2.4359241337         1.3891714046
        3.7955159000        74.5054510561         2.8108799874         1.4016475000         0.2065538806        94.8170379951         5.1829620049         1.3993761929
        3.8005024000        71.0701692372         2.8069072359         1.4041998268         0.2244170228        98.6264810644         1.3735189356         1.3968249959
        3.8054962000        71.2729026923         2.8071419321         1.4041998268         0.2218651453        98.6264810644         1.3735189356         1.3993761929
        3.8105100000        37.8732778651         2.7680259051         1.4246184417         0.2371764101       129.1020256188       -29.1020256188         1.3993761929
        3.8155132000        79.7810178690         2.8169642050         1.3965428462         0.2346245326        87.1981518564        12.8018481436         1.3993761929
        3.8204979000        77.4702950725         2.8143017447         1.3990951731         0.2473839199        91.0075949257         8.9924050743         1.3993761929
        3.8255062000        74.5972927648         2.8109860787         1.4016475000         0.2524876748        94.8170379951         5.1829620049         1.3942737988
        3.8305065000        75.3623057311         2.8118695470         1.4016475000         0.2601433072        94.8170379951         5.1829620049         1.3891714046
        3.8355104000        80.3276134828         2.8175934518         1.3990951731         0.2729026945        91.0075949257         8.9924050743         1.3891714046
        3.8405077000        85.8552007457         2.8239452770         1.3965428462         0.2652470621        87.1981518564        12.8018481436         1.3993761929
        3.8455046000        79.3441831638         2.8164611651         1.4016475000         0.2754545720        94.8170379951         5.1829620049         1.3993761929
        3.8504979000        67.5083117743         2.8027787421         1.4093044805         0.2907658367       106.2453672030        -6.2453672030         1.3917226017
        3.8554938000        62.3861914218         2.7968245591         1.4118568074         0.3009733466       110.0548102723       -10.0548102723         1.3993761929
        3.8604941000        86.1038550552         2.8242305214         1.3965428462         0.2907658367        87.1981518564        12.8018481436         1.3993761929
        3.8654996000        87.9934270439         2.8263968053         1.3965428462         0.3009733466        87.1981518564        12.8018481436         1.4044785871
        3.8704914000        73.0818198915         2.8092346820         1.4067521537         0.3111808564       102.4359241337        -2.4359241337         1.4019273900
        3.8754933000        68.5219790502         2.8039546529         1.4093044805         0.3239402437       106.2453672030        -6.2453672030         1.3968249959
        3.8804976000        59.1995639124         2.7931097407         1.4144091342         0.3264921211       113.8642533416       -13.8642533416         1.3891714046
        3.8858984000        69.7540636787         2.8053828818         1.4067521537         0.3341477535       102.4359241337        -2.4359241337         1.3993761929
        3.8904859000        77.7951071933         2.8146762289         1.4016475000         0.3366996310        94.8170379951         5.1829620049         1.3993761929
        3.8955032000        86.9607097302         2.8252131485         1.3965428462         0.3469071408        87.1981518564        12.8018481436         1.4044785871
        3.9004941000        72.0491025778         2.8080402223         1.4067521537         0.3545627732       102.4359241337        -2.4359241337         1.4044785871
        3.9055083000        59.0886721659         2.7929803199         1.4144091342         0.3596665281       113.8642533416       -13.8642533416         1.3942737988
        3.9105013000        61.2425823616         2.7954923379         1.4118568074         0.3698740379       110.0548102723       -10.0548102723         1.3942737988
        3.9155026000        59.7584772832         2.7937618905         1.4118568074         0.3826334252       110.0548102723       -10.0548102723         1.3815178134
        3.9204970000        75.0755513460         2.8115384413         1.4016475000         0.3826334252        94.8170379951         5.1829620049         1.3891714046
        3.9255049000        67.4399747418         2.8026994389         1.4067521537         0.3826334252       102.4359241337        -2.4359241337         1.3891714046
        3.9305113000        71.2807234710         2.8071509853         1.4041998268         0.3928409351        98.6264810644         1.3735189356         1.3917226017
        3.9355029000        75.6837517115         2.8122406388         1.4016475000         0.4030484449        94.8170379951         5.1829620049         1.3993761929
        3.9404951000        59.6475855367         2.7936325204         1.4118568074         0.4081521998       110.0548102723       -10.0548102723         1.3917226017
        3.9454980000        58.1634804583         2.7919001442         1.4118568074         0.4132559548       110.0548102723       -10.0548102723         1.3993761929
        3.9504939000        69.2802597358         2.8048337865         1.4041998268         0.4209115871        98.6264810644         1.3735189356         1.3917226017
        3.9554914000        73.6832879763         2.8099299870         1.4016475000         0.4285672195        94.8170379951         5.1829620049         1.4019273900
        3.9604999000        82.8488905132         2.8204932813         1.3965428462         0.4311190970        87.1981518564        12.8018481436         1.3993761929
        3.9654916000        76.3378729314         2.8129955548         1.4016475000         0.4387747293        94.8170379951         5.1829620049         1.3917226017
        3.9704954000        77.1028858978         2.8138780583         1.4016475000         0.4438784843        94.8170379951         5.1829620049         1.3917226017
        3.9754964000        82.0681936494         2.8195958383         1.3990951731         0.4540859941        91.0075949257         8.9924050743         1.3917226017
        3.9804974000        79.1951913417         2.8162895619         1.4016475000         0.4540859941        94.8170379951         5.1829620049         1.3968249959
        3.9854898000        88.3607938787         2.8268176962         1.3965428462         0.4617416265        87.1981518564        12.8018481436         1.3942737988
        3.9905002000        77.6494815115         2.8145083426         1.4041998268         0.4745010138        98.6264810644         1.3735189356         1.4019273900
        3.9957604000        73.6519201814         2.8098937320         1.4067521537         0.4821566461       102.4359241337        -2.4359241337         1.3968249959
        4.0005109000        69.0920793401         2.8046156553         1.4093044805         0.4949160334       106.2453672030        -6.2453672030         1.3993761929
        4.0055042000        76.5708433435         2.8132643494         1.4041998268         0.4949160334        98.6264810644         1.3735189356         1.3942737988
        4.0105389000        72.5732820134         2.8086465968         1.4067521537         0.5025716658       102.4359241337        -2.4359241337         1.3917226017
        4.0154949000        68.0134411721         2.8033648191         1.4093044805         0.5153310531       106.2453672030        -6.2453672030         1.3993761929
        4.0204989000        83.8927947461         2.8216926392         1.3990951731         0.5153310531        91.0075949257         8.9924050743         1.3942737988
        4.0254945000        76.8194976530         2.8135511965         1.4041998268         0.5255385629        98.6264810644         1.3735189356         1.3917226017
        4.0304991000        89.6231154641         2.8282632608         1.3965428462         0.5229866855        87.1981518564        12.8018481436         1.3917226017
        4.0355001000        83.1120978823         2.8207957546         1.4016475000         0.5306423179        94.8170379951         5.1829620049         1.3968249959
        4.0404966000        83.8771108486         2.8216746252         1.4016475000         0.5382979502        94.8170379951         5.1829620049         1.3993761929
        4.0455011000        84.6421238150         2.8225530978         1.4016475000         0.5485054601        94.8170379951         5.1829620049         1.4044785871
        4.0504941000        35.0035993578         2.7646192312         1.4322754222         0.5510573375       140.5303548267       -40.5303548267         1.4044785871
        4.0555038000        83.6250903987         2.8213851404         1.3990951731         0.5587129699        91.0075949257         8.9924050743         1.3993761929
        4.0604987000        63.9509089498         2.7986456480         1.4118568074         0.5791279896       110.0548102723       -10.0548102723         1.3993761929
        4.0655318000        75.0676882273         2.8115293612         1.4041998268         0.5816798670        98.6264810644         1.3735189356         1.3942737988
        4.0705030000        66.8698321119         2.8020376636         1.4093044805         0.5918873769       106.2453672030        -6.2453672030         1.3993761929
        4.0754876000        70.1483013299         2.8058396373         1.4067521537         0.5918873769       102.4359241337        -2.4359241337         1.3968249959
        4.0804911000        86.5899344151         2.8247880094         1.3965428462         0.5944392543        87.1981518564        12.8018481436         1.3993761929
        4.0854924000        84.2792116186         2.8221364113         1.3990951731         0.6020948867        91.0075949257         8.9924050743         1.3968249959
        4.0904978000        81.4062093109         2.8188345307         1.4016475000         0.6123023966        94.8170379951         5.1829620049         1.4044785871
        4.0954887000        56.9694535654         2.7905050566         1.4169614611         0.6199580289       117.6736964109       -17.6736964109         1.3917226017
        4.1006358000        83.7628529617         2.8215433876         1.3990951731         0.6276136613        91.0075949257         8.9924050743         1.4070297842
        4.1054939000        64.0886715128         2.7988058893         1.4118568074         0.6378211711       110.0548102723       -10.0548102723         1.3993761929
        4.1105001000        66.8048612197         2.8019622347         1.4093044805         0.6480286810       106.2453672030        -6.2453672030         1.3993761929
        4.1154800000        70.0833304378         2.8057643715         1.4067521537         0.6454768035       102.4359241337        -2.4359241337         1.3942737988
        4.1204961000        65.5234895965         2.8004739374         1.4093044805         0.6607880683       106.2453672030        -6.2453672030         1.3993761929
        4.1254848000        64.6016640293         2.7994024548         1.4093044805         0.6633399457       106.2453672030        -6.2453672030         1.3891714046
        4.1305096000        63.6798384621         2.7983303032         1.4093044805         0.6735474556       106.2453672030        -6.2453672030         1.3891714046
        4.1354859000        71.1586024655         2.8070096152         1.4041998268         0.6735474556        98.6264810644         1.3735189356         1.4044785871
        4.1405134000        67.1610411353         2.8023757068         1.4067521537         0.6760993330       102.4359241337        -2.4359241337         1.3968249959
        4.1455012000        79.4023794352         2.8165281892         1.3990951731         0.6863068429        91.0075949257         8.9924050743         1.3993761929
        4.1505004000        72.3290823422         2.8083641303         1.4041998268         0.6965143527        98.6264810644         1.3735189356         1.4044785871
        4.1554910000        30.5288679443         2.7592914046         1.4297230954         0.7016181076       136.7209117574       -36.7209117574         1.4044785871
        4.1604964000        41.9099854288         2.7728049337         1.4195137880         0.7092737400       121.4831394802       -21.4831394802         1.4044785871
        4.1654988000        68.1411053139         2.8035129106         1.4016475000         0.7118256175        94.8170379951         5.1829620049         1.3917226017
        4.1704905000        77.3067078509         2.8141131123         1.3965428462         0.7194812498        87.1981518564        12.8018481436         1.3968249959
        4.1754876000        87.5968694102         2.8259423711         1.3914381925         0.7194812498        79.5792657178        20.4207342822         1.3866202076
        4.1804961000        73.8098212802         2.8100762272         1.4016475000         0.7322406371        94.8170379951         5.1829620049         1.3840690105
        4.1854926000        70.3745394613         2.8061016990         1.4041998268         0.7450000244        98.6264810644         1.3735189356         1.3968249959
        4.1904958000        74.7775677017         2.8111943060         1.4016475000         0.7450000244        94.8170379951         5.1829620049         1.4019273900
        4.1954868000        88.1434650240         2.8265687140         1.3939905194         0.7450000244        83.3887087871        16.6112912129         1.3968249959
        4.2005014000        94.7956113093         2.8341759387         1.3914381925         0.7501037793        79.5792657178        20.4207342822         1.3942737988
        4.2057883000        93.6094475351         2.8328215294         1.3939905194         0.7552075343        83.3887087871        16.6112912129         1.3993761929
        4.2105076000        75.0598251086         2.8115202810         1.4067521537         0.7756225539       102.4359241337        -2.4359241337         1.3968249959
        4.2154977000        91.5014581938         2.8304123606         1.3965428462         0.7679669216        87.1981518564        12.8018481436         1.3968249959
        4.2205006000        93.3910301825         2.8325720358         1.3965428462         0.7756225539        87.1981518564        12.8018481436         1.3993761929
        4.2254875000        78.4794230301         2.8154649477         1.4067521537         0.7858300638       102.4359241337        -2.4359241337         1.3815178134
        4.2306766000        69.7192874035         2.8053425851         1.4118568074         0.8011413285       110.0548102723       -10.0548102723         1.3968249959
        4.2355230000        76.6357718957         2.8133392552         1.4067521537         0.8087969609       102.4359241337        -2.4359241337         1.3815178134
        4.2405096000       105.6782893367         2.8465626302         1.3888858657         0.8087969609        75.7698226485        24.2301773515         1.4044785871
        4.2455051000        88.2532259326         2.8266944651         1.4016475000         0.8139007158        94.8170379951         5.1829620049         1.3942737988
        4.2504898000        72.2170597578         2.8082345386         1.4118568074         0.8266601031       110.0548102723       -10.0548102723         1.3993761929
        4.2554996000        95.9347233912         2.8354758007         1.3965428462         0.8215563482        87.1981518564        12.8018481436         1.3993761929
        4.2604929000        89.4237058093         2.8280349732         1.4016475000         0.8292119806        94.8170379951         5.1829620049         1.4019273900
        4.2654977000        77.5878344198         2.8144372675         1.4093044805         0.8419713679       106.2453672030        -6.2453672030         1.3917226017
        4.2704923000        85.0665984232         2.8230403557         1.4041998268         0.8394194904        98.6264810644         1.3735189356         1.3993761929
        4.2754852000        76.8687423078         2.8136079997         1.4093044805         0.8521788777       106.2453672030        -6.2453672030         1.3917226017
        4.2804888000        92.7480958818         2.8318374514         1.3990951731         0.8598345101        91.0075949257         8.9924050743         1.3942737988
        4.2854837000        85.6747987887         2.8237383025         1.4041998268         0.8725938974        98.6264810644         1.3735189356         1.3942737988
        4.2904944000        90.0778270292         2.8287837262         1.4016475000         0.8725938974        94.8170379951         5.1829620049         1.3968249959
        4.2954849000        95.0431347809         2.8344584605         1.3990951731         0.8802495297        91.0075949257         8.9924050743         1.3942737988
        4.3004906000        92.1701324731         2.8311768766         1.4016475000         0.8776976523        94.8170379951         5.1829620049         1.3993761929
        4.3054901000       101.3357350101         2.8416282852         1.3965428462         0.8930089170        87.1981518564        12.8018481436         1.3891714046
        4.3109763000        86.4241278577         2.8245978623         1.4067521537         0.8955607945       102.4359241337        -2.4359241337         1.3840690105
        4.3154927000        94.4651713723         2.8337987172         1.4016475000         0.9032164269        94.8170379951         5.1829620049         1.3993761929
        4.3205236000        99.4304791239         2.8394599320         1.3990951731         0.9185276916        91.0075949257         8.9924050743         1.3993761929
        4.3255441000        83.9565924603         2.8217659133         1.4093044805         0.9210795691       106.2453672030        -6.2453672030         1.3840690105
        4.3305434000        83.0347668931         2.8207068921         1.4093044805         0.9287352015       106.2453672030        -6.2453672030         1.3891714046
        4.3355040000        90.5135308965         2.8292823098         1.4041998268         0.9338389564        98.6264810644         1.3735189356         1.4019273900
        4.3404962000        90.7162643517         2.8295142596         1.4041998268         0.9338389564        98.6264810644         1.3735189356         1.3993761929
        4.3454944000       103.5198821627         2.8441114323         1.3965428462         0.9440464662        87.1981518564        12.8018481436         1.4044785871
        4.3504936000        84.4079802250         2.8222842703         1.4093044805         0.9542539761       106.2453672030        -6.2453672030         1.3993761929
        4.3554979000        87.6864494431         2.8260450341         1.4067521537         0.9542539761       102.4359241337        -2.4359241337         1.3917226017
        4.3605072000       104.1280825283         2.8448024036         1.3965428462         0.9670133634        87.1981518564        12.8018481436         1.3993761929
        4.3654984000       101.8173597317         2.8421760800         1.3990951731         0.9644614859        91.0075949257         8.9924050743         1.3891714046
        4.3704993000        94.7440626387         2.8341170965         1.4041998268         0.9721171183        98.6264810644         1.3735189356         1.3815178134
        4.3754996000        99.1470908792         2.8391372269         1.4016475000         0.9848765056        94.8170379951         5.1829620049         1.3891714046
        4.3804953000       108.3126934161         2.8495508561         1.3965428462         0.9797727506        87.1981518564        12.8018481436         1.3968249959
        4.3854994000       101.8016758343         2.8421582434         1.4016475000         0.9976358929        94.8170379951         5.1829620049         1.3917226017
        4.3904944000       115.1675731566         2.8573088523         1.3939905194         0.9925321379        83.3887087871        16.6112912129         1.4044785871
        4.3955077000       121.8197194418         2.8648144599         1.3914381925         0.9976358929        79.5792657178        20.4207342822         1.4044785871
        4.4004887000        74.4303130294         2.8107931868         1.4220661148         1.0103952802       125.2925825495       -25.2925825495         1.3917226017
        4.4054976000        95.8988586180         2.8354348869         1.4067521537         1.0206027900       102.4359241337        -2.4359241337         1.3968249959
        4.4105209000       103.9399021326         2.8445886360         1.4016475000         1.0231546675        94.8170379951         5.1829620049         1.3917226017
        4.4156327000       108.9052098843         2.8502224258         1.3990951731         1.0206027900        91.0075949257         8.9924050743         1.4044785871
        4.4205075000        85.0307336500         2.8229991910         1.4144091342         1.0359140547       113.8642533416       -13.8642533416         1.4044785871
        4.4254915000        91.3849386310         2.8302791110         1.4093044805         1.0461215646       106.2453672030        -6.2453672030         1.3917226017
        4.4304957000       107.2642922050         2.8483621065         1.3990951731         1.0461215646        91.0075949257         8.9924050743         1.4019273900
        4.4354966000       104.3912898973         2.8451013659         1.4016475000         1.0537771970        94.8170379951         5.1829620049         1.4044785871
        4.4404960000       100.9560080784         2.8411962923         1.4041998268         1.0614328293        98.6264810644         1.3735189356         1.3942737988
        4.4454931000       101.1587415335         2.8414269407         1.4041998268         1.0665365843        98.6264810644         1.3735189356         1.3917226017
        4.4505039000        97.1611802034         2.8368744428         1.4067521537         1.0767440941       102.4359241337        -2.4359241337         1.4044785871
        4.4554926000       109.4025185033         2.8507859375         1.3990951731         1.0767440941        91.0075949257         8.9924050743         1.3968249959
        4.4604973000       102.3292214103         2.8427581179         1.4041998268         1.0920553588        98.6264810644         1.3735189356         1.3993761929
        4.4655000000        98.3316600801         2.8382083968         1.4067521537         1.0920553588       102.4359241337        -2.4359241337         1.3993761929
        4.4704924000        97.9721140241         2.8377987231         1.4067521537         1.0971591138       102.4359241337        -2.4359241337         1.3993761929
        4.4754933000        93.4122731828         2.8325963026         1.4093044805         1.0971591138       106.2453672030        -6.2453672030         1.3993761929
        4.4804943000        96.6907424009         2.8363380676         1.4067521537         1.1150222560       102.4359241337        -2.4359241337         1.3993761929
        4.4854919000        92.1309015596         2.8311320305         1.4093044805         1.1175741334       106.2453672030        -6.2453672030         1.4044785871
        4.4904922000       103.8099603483         2.8444410140         1.4016475000         1.1175741334        94.8170379951         5.1829620049         1.3993761929
        4.4954914000       100.3746785294         2.8405347839         1.4041998268         1.1328853982        98.6264810644         1.3735189356         1.4044785871
        4.5004894000        96.3771171992         2.8359804092         1.4067521537         1.1379891531       102.4359241337        -2.4359241337         1.3942737988
        4.5055050000       104.4181607138         2.8451318847         1.4016475000         1.1379891531        94.8170379951         5.1829620049         1.3917226017
        4.5104978000       105.1831736802         2.8460005845         1.4016475000         1.1456447855        94.8170379951         5.1829620049         1.4019273900
        4.5155052000        84.9467127201         2.8229027503         1.4144091342         1.1635079277       113.8642533416       -13.8642533416         1.3917226017
        4.5204985000        82.9003281305         2.8205523962         1.4144091342         1.1711635601       113.8642533416       -13.8642533416         1.3917226017
        4.5255849000        93.4548278968         2.8326449137         1.4067521537         1.1737154375       102.4359241337        -2.4359241337         1.4019273900
        4.5305336000        97.2955766261         2.8370276517         1.4041998268         1.1839229474        98.6264810644         1.3735189356         1.3993761929
        4.5354974000        89.0977205106         2.8276617239         1.4093044805         1.1864748248       106.2453672030        -6.2453672030         1.3942737988
        4.5405013000        79.7753053728         2.8169576276         1.4144091342         1.1966823347       113.8642533416       -13.8642533416         1.3993761929
        4.5454959000        90.3298051391         2.8290720841         1.4067521537         1.1966823347       102.4359241337        -2.4359241337         1.3968249959
        4.5504919000        85.7699642978         2.8238474883         1.4093044805         1.2119935994       106.2453672030        -6.2453672030         1.3942737988
        4.5554920000        84.8481387306         2.8227895992         1.4093044805         1.2068898445       106.2453672030        -6.2453672030         1.3993761929
        4.5605058000        92.3269027340         2.8313560758         1.4041998268         1.2196492318        98.6264810644         1.3735189356         1.3968249959
        4.5655106000        84.1290466186         2.8219639696         1.4093044805         1.2247529867       106.2453672030        -6.2453672030         1.3942737988
        4.5704895000        87.4075158366         2.8257253452         1.4067521537         1.2349604965       102.4359241337        -2.4359241337         1.3917226017
        4.5754947000        74.4470854247         2.8108125629         1.4144091342         1.2375123740       113.8642533416       -13.8642533416         1.3840690105
        4.5804877000        51.3992269086         2.7839810706         1.4271707685         1.2451680064       132.9114686881       -32.9114686881         1.3968249959
        4.5854871000        42.3411499778         2.7733144975         1.4297230954         1.2502717613       136.7209117574       -36.7209117574         1.3917226017
        4.5904878000        62.1228570328         2.7965178867         1.4144091342         1.2655830261       113.8642533416       -13.8642533416         1.3917226017
        4.5954856000        85.2782411550         2.8232832568         1.3990951731         1.2655830261        91.0075949257         8.9924050743         1.3993761929
        4.6004889000        65.6040597061         2.8005675563         1.4118568074         1.2706867810       110.0548102723       -10.0548102723         1.3942737988
        4.6054852000        93.5220181248         2.8327216642         1.3939905194         1.2783424134        83.3887087871        16.6112912129         1.3942737988
        4.6104792000        74.9723956982         2.8114193163         1.4067521537         1.2885499232       102.4359241337        -2.4359241337         1.3968249959
        4.6155703000        74.6128496422         2.8110040487         1.4067521537         1.2911018006       102.4359241337        -2.4359241337         1.3917226017
        4.6205030000        82.6538931568         2.8202691631         1.4016475000         1.2962055556        94.8170379951         5.1829620049         1.4044785871
        4.6254876000        70.8180217673         2.8066152921         1.4093044805         1.2987574330       106.2453672030        -6.2453672030         1.3840690105
        4.6304860000        78.2967857707         2.8152544789         1.4041998268         1.3089649429        98.6264810644         1.3735189356         1.4044785871
        4.6354816000        99.5009931523         2.8395402216         1.3914381925         1.3089649429        79.5792657178        20.4207342822         1.3968249959
        4.6404809000        77.3133554517         2.8141207780         1.4067521537         1.3268280851       102.4359241337        -2.4359241337         1.3993761929
        4.6455008000        85.3543989663         2.8233706553         1.4016475000         1.3217243302        94.8170379951         5.1829620049         1.4019273900
        4.6504955000        77.7188223620         2.8145882849         1.4067521537         1.3319318400       102.4359241337        -2.4359241337         1.3917226017
        4.6554983000        98.3607502325         2.8382415393         1.3939905194         1.3370355949        83.3887087871        16.6112912129         1.3993761929
        4.6604835000        75.6108330207         2.8121564648         1.4093044805         1.3523468597       106.2453672030        -6.2453672030         1.3917226017
        4.6654792000        95.6904813800         2.8351971590         1.3965428462         1.3446912273        87.1981518564        12.8018481436         1.3993761929
        4.6704819000        80.7788742275         2.8181127905         1.4067521537         1.3625543695       102.4359241337        -2.4359241337         1.3917226017
        4.6754836000        93.0202125274         2.8321483900         1.3990951731         1.3625543695        91.0075949257         8.9924050743         1.3968249959
        4.6804844000        77.5463258638         2.8143894093         1.4093044805         1.3702100019       106.2453672030        -6.2453672030         1.3942737988
        4.6854825000        85.0250898672         2.8229927131         1.4041998268         1.3778656343        98.6264810644         1.3735189356         1.3968249959
        4.6904833000        81.0275285370         2.8183988966         1.4067521537         1.3855212666       102.4359241337        -2.4359241337         1.4019273900
        4.6954837000        89.0685720516         2.8276283459         1.4016475000         1.3906250215        94.8170379951         5.1829620049         1.3917226017
        4.7004876000        73.0324058768         2.8091775469         1.4118568074         1.4033844088       110.0548102723       -10.0548102723         1.3942737988
        4.7054817000        84.1491851543         2.8219870965         1.4041998268         1.4033844088        98.6264810644         1.3735189356         1.4044785871
        4.7104820000        88.5522133948         2.8270369697         1.4016475000         1.4084881638        94.8170379951         5.1829620049         1.3993761929
        4.7154776000        68.3157524346         2.8037154824         1.4144091342         1.4237994285       113.8642533416       -13.8642533416         1.3942737988
        4.7207850000        95.6714313421         2.8351754243         1.3965428462         1.4186956736        87.1981518564        12.8018481436         1.4044785871
        4.7254857000       101.7612981162         2.8421123231         1.3939905194         1.4314550609        83.3887087871        16.6112912129         1.4019273900
        4.7304769000        95.8125600456         2.8353364361         1.3990951731         1.4340069384        91.0075949257         8.9924050743         1.3968249959
        4.7354799000        92.9395577378         2.8320562333         1.4016475000         1.4442144482        94.8170379951         5.1829620049         1.3917226017
        4.7404829000        85.3039811336         2.8233127964         1.4067521537         1.4518700806       102.4359241337        -2.4359241337         1.4044785871
        4.7454793000        93.3450246482         2.8325194809         1.4016475000         1.4518700806        94.8170379951         5.1829620049         1.3993761929
        4.7504961000        94.1100376146         2.8333932302         1.4016475000         1.4620775904        94.8170379951         5.1829620049         1.4019273900
        4.7554847000        82.2741662250         2.8198326529         1.4093044805         1.4773888552       106.2453672030        -6.2453672030         1.3891714046
        4.7604838000        89.7529302284         2.8284118612         1.4041998268         1.4799407326        98.6264810644         1.3735189356         1.3891714046
        4.7654904000        98.3562532542         2.8382364159         1.3990951731         1.4824926101        91.0075949257         8.9924050743         1.3968249959
        4.7704822000        87.0826613759         2.8253529611         1.4067521537         1.4875963650       102.4359241337        -2.4359241337         1.3917226017
        4.7754791000        82.5228205346         2.8201185015         1.4093044805         1.5029076297       106.2453672030        -6.2453672030         1.3993761929
        4.7804794000        73.2004053967         2.8093717896         1.4144091342         1.4978038748       113.8642533416       -13.8642533416         1.3993761929
        4.7854949000        83.7549051630         2.8215342583         1.4067521537         1.5080113847       102.4359241337        -2.4359241337         1.3917226017
        4.7904796000        87.5956538923         2.8259409780         1.4041998268         1.5156670170        98.6264810644         1.3735189356         1.4044785871
        4.7954916000        87.7983873475         2.8261733130         1.4041998268         1.5207707720        98.6264810644         1.3735189356         1.4044785871
        4.8004838000        83.8008260174         2.8215870047         1.4067521537         1.5258745269       102.4359241337        -2.4359241337         1.3942737988
        4.8054938000        83.4412799614         2.8211739781         1.4067521537         1.5386339142       102.4359241337        -2.4359241337         1.3993761929
        4.8104862000        87.2820286907         2.8255815062         1.4041998268         1.5462895465        98.6264810644         1.3735189356         1.3968249959
        4.8155036000        79.0841725752         2.8161616844         1.4093044805         1.5513933015       106.2453672030        -6.2453672030         1.3993761929
        4.8205110000        94.9635261492         2.8343675998         1.3990951731         1.5462895465        91.0075949257         8.9924050743         1.4019273900
        4.8254981000        92.0905238415         2.8310858725         1.4016475000         1.5616008113        94.8170379951         5.1829620049         1.4070297842
        4.8304881000        84.4549472373         2.8223381976         1.4067521537         1.5692564437       102.4359241337        -2.4359241337         1.3917226017
        4.8354866000        67.2942220401         2.8025302849         1.4169614611         1.5794639535       117.6736964109       -17.6736964109         1.3993761929
        4.8404850000        77.2864422952         2.8140897427         1.4093044805         1.5845677084       106.2453672030        -6.2453672030         1.3993761929
        4.8454808000        97.3660906544         2.8371080317         1.3965428462         1.5794639535        87.1981518564        12.8018481436         1.3993761929
        4.8504962000        95.0553678579         2.8344724223         1.3990951731         1.5871195859        91.0075949257         8.9924050743         1.3968249959
        4.8554761000        83.7817759796         2.8215651233         1.4067521537         1.6049827281       102.4359241337        -2.4359241337         1.3942737988
        4.8604867000        91.8228194942         2.8307798184         1.4016475000         1.6049827281        94.8170379951         5.1829620049         1.3968249959
        4.8654758000        84.1872428899         2.8220308010         1.4067521537         1.6100864830       102.4359241337        -2.4359241337         1.3917226017
        4.8704783000        96.4285811898         2.8360391029         1.3990951731         1.6177421154        91.0075949257         8.9924050743         1.3942737988
        4.8754802000        85.1549893115         2.8231418051         1.4067521537         1.6228458703       102.4359241337        -2.4359241337         1.4019273900
        4.8804864000        97.3963276114         2.8371424984         1.3990951731         1.6253977478        91.0075949257         8.9924050743         1.4044785871
        4.8854738000        94.5233253036         2.8338651091         1.4016475000         1.6279496252        94.8170379951         5.1829620049         1.4044785871
        4.8904840000        86.8877486994         2.8251294970         1.4067521537         1.6432608900       102.4359241337        -2.4359241337         1.3968249959
        4.8954764000        86.5282026434         2.8247172175         1.4067521537         1.6483646449       102.4359241337        -2.4359241337         1.4044785871
        4.9004927000        73.5677722315         2.8097964700         1.4144091342         1.6560202773       113.8642533416       -13.8642533416         1.3917226017
        4.9054816000        71.5213876419         2.8074295509         1.4144091342         1.6713315420       113.8642533416       -13.8642533416         1.3993761929
        4.9105085000        82.0758874082         2.8196046846         1.4067521537         1.6687796646       102.4359241337        -2.4359241337         1.3993761929
        4.9154948000        90.1169309228         2.8288284785         1.4016475000         1.6764352970        94.8170379951         5.1829620049         1.3968249959
        4.9204833000        90.8819438891         2.8297037960         1.4016475000         1.6815390519        94.8170379951         5.1829620049         1.3942737988
        4.9254756000        83.2463672849         2.8209500363         1.4067521537         1.6866428068       102.4359241337        -2.4359241337         1.3968249959
        4.9304743000        91.2874107995         2.8301675733         1.4016475000         1.6917465617        94.8170379951         5.1829620049         1.3968249959
        4.9354767000        83.6518341953         2.8214158619         1.4067521537         1.6968503166       102.4359241337        -2.4359241337         1.4019273900
        4.9404837000        83.2922881393         2.8210027987         1.4067521537         1.7070578265       102.4359241337        -2.4359241337         1.3993761929
        4.9454755000        74.5321525126         2.8109108323         1.4118568074         1.7198172138       110.0548102723       -10.0548102723         1.3942737988
        4.9504873000        39.4456891518         2.7698892697         1.4322754222         1.7198172138       140.5303548267       -40.5303548267         1.3968249959
        4.9554880000        67.0657062663         2.8022650468         1.4118568074         1.7351284785       110.0548102723       -10.0548102723         1.3968249959
        4.9605142000        65.5816011879         2.8005414610         1.4118568074         1.7478878658       110.0548102723       -10.0548102723         1.3993761929
        4.9654875000        85.0989700360         2.8230775104         1.3990951731         1.7453359884        91.0075949257         8.9924050743         1.4070297842
        4.9704805000        82.2259677282         2.8197772398         1.4016475000         1.7453359884        94.8170379951         5.1829620049         1.3891714046
        4.9755719000        78.7906859093         2.8158235885         1.4041998268         1.7580953756        98.6264810644         1.3735189356         1.3993761929
        4.9804834000        91.5943037204         2.8305185308         1.3965428462         1.7606472531        87.1981518564        12.8018481436         1.3891714046
        4.9854885000        68.2821069973         2.8036764591         1.4118568074         1.7785103953       110.0548102723       -10.0548102723         1.3917226017
        4.9904788000        75.1985914895         2.8116805190         1.4067521537         1.7759585179       102.4359241337        -2.4359241337         1.3968249959
        4.9954773000        66.4384558629         2.8015367898         1.4118568074         1.7836141502       110.0548102723       -10.0548102723         1.3917226017
        5.0004799000        64.9543507845         2.7998124785         1.4118568074         1.7963735375       110.0548102723       -10.0548102723         1.3993761929
        5.0054875000        59.2699509208         2.7931918835         1.4144091342         1.8014772924       113.8642533416       -13.8642533416         1.3968249959
        5.0104748000        86.6256298283         2.8248289425         1.3965428462         1.7989254150        87.1981518564        12.8018481436         1.3993761929
        5.0154928000        75.9143174612         2.8125067683         1.4041998268         1.8065810474        98.6264810644         1.3735189356         1.4019273900
        5.0204745000        76.1170509164         2.8127407406         1.4041998268         1.8193404347        98.6264810644         1.3735189356         1.3968249959
        5.0254858000        76.3197843715         2.8129746831         1.4041998268         1.8269960670        98.6264810644         1.3735189356         1.3968249959
        5.0304864000        68.1219282561         2.8034906658         1.4093044805         1.8346516994       106.2453672030        -6.2453672030         1.3968249959
        5.0354941000        79.8009870448         2.8169871974         1.4016475000         1.8372035769        94.8170379951         5.1829620049         1.3993761929
        5.0404816000        67.9651156553         2.8033087579         1.4093044805         1.8423073318       106.2453672030        -6.2453672030         1.3891714046
        5.0454771000        75.4438796587         2.8119637268         1.4041998268         1.8499629642        98.6264810644         1.3735189356         1.4044785871
        5.0504746000        88.2474974697         2.8266879023         1.3965428462         1.8499629642        87.1981518564        12.8018481436         1.3993761929
        5.0554885000        85.9367746732         2.8240388593         1.3990951731         1.8627223515        91.0075949257         8.9924050743         1.3993761929
        5.0604768000        66.2625932243         2.8013325531         1.4118568074         1.8729298613       110.0548102723       -10.0548102723         1.3993761929
        5.0655013000        77.3793725018         2.8141969043         1.4041998268         1.8754817388        98.6264810644         1.3735189356         1.3891714046
        5.0704769000        69.1815163863         2.8047193305         1.4093044805         1.8882411261       106.2453672030        -6.2453672030         1.3917226017
        5.0754999000        76.6602803897         2.8133675289         1.4041998268         1.8933448810        98.6264810644         1.3735189356         1.3968249959
        5.0804958000        72.6627190596         2.8087500378         1.4067521537         1.9010005134       102.4359241337        -2.4359241337         1.3993761929
        5.0854724000        68.1028782183         2.8034685682         1.4093044805         1.9061042683       106.2453672030        -6.2453672030         1.3942737988
        5.0904744000        67.1810526511         2.8023989343         1.4093044805         1.9137599006       106.2453672030        -6.2453672030         1.3968249959
        5.0954701000        70.4595218692         2.8062001279         1.4067521537         1.9239674105       102.4359241337        -2.4359241337         1.3993761929
        5.1004789000        70.0999758132         2.8057836547         1.4067521537         1.9265192879       102.4359241337        -2.4359241337         1.3993761929
        5.1054752000        73.9407245425         2.8102275055         1.4041998268         1.9239674105        98.6264810644         1.3735189356         1.4044785871
        5.1104749000        86.7443423535         2.8249650680         1.3965428462         1.9239674105        87.1981518564        12.8018481436         1.3993761929
        5.1154762000        71.8327352011         2.8077898673         1.4067521537         1.9418305527       102.4359241337        -2.4359241337         1.3968249959
        5.1204799000        84.0740735010         2.8219008375         1.3990951731         1.9418305527        91.0075949257         8.9924050743         1.3968249959
        5.1254757000        93.8019555491         2.8330414025         1.3939905194         1.9418305527        83.3887087871        16.6112912129         1.3993761929
        5.1304816000        83.6529226932         2.8214171122         1.4016475000         1.9520380625        94.8170379951         5.1829620049         1.3993761929
        5.1354692000        80.2176408743         2.8174668670         1.4041998268         1.9545899400        98.6264810644         1.3735189356         1.3942737988
        5.1408320000        84.6206691147         2.8225284665         1.4016475000         1.9699012047        94.8170379951         5.1829620049         1.3942737988
        5.1454826000        76.9850925105         2.8137422017         1.4067521537         1.9801087146       102.4359241337        -2.4359241337         1.3993761929
        5.1504835000        89.2264308104         2.8278091039         1.3990951731         1.9877643470        91.0075949257         8.9924050743         1.3993761929
        5.1554747000        90.5537232880         2.8293282965         1.3990951731         1.9852124695        91.0075949257         8.9924050743         1.3942737988
        5.1604826000       100.2816053361         2.8404288552         1.3939905194         1.9928681019        83.3887087871        16.6112912129         1.3942737988
        5.1654731000        98.5331620508         2.8384379581         1.3965428462         1.9928681019        87.1981518564        12.8018481436         1.3968249959
        5.1704774000        96.2224392543         2.8358039923         1.3990951731         1.9979718568        91.0075949257         8.9924050743         1.3993761929
        5.1754789000        97.5497317318         2.8373173529         1.3990951731         2.0081793666        91.0075949257         8.9924050743         1.3993761929
        5.1804704000        48.4734867858         2.7805437238         1.4297230954         2.0183868765       136.7209117574       -36.7209117574         1.3917226017
        5.1854771000        43.0534251290         2.7741559150         1.4297230954         2.0260425088       136.7209117574       -36.7209117574         1.3942737988
        5.1904754000        75.4360165400         2.8119546487         1.4067521537         2.0362500187       102.4359241337        -2.4359241337         1.3993761929
        5.1954752000        79.2767652693         2.8163835177         1.4041998268         2.0439056511        98.6264810644         1.3735189356         1.3993761929
        5.2004701000        75.2792039391         2.8117735983         1.4067521537         2.0515612834       102.4359241337        -2.4359241337         1.3993761929
        5.2054759000        91.7208370243         2.8306632146         1.3965428462         2.0515612834        87.1981518564        12.8018481436         1.3942737988
        5.2104723000        93.6104090131         2.8328226276         1.3965428462         2.0566650383        87.1981518564        12.8018481436         1.3942737988
        5.2154784000        91.2996862165         2.8301816124         1.3990951731         2.0643206707        91.0075949257         8.9924050743         1.3968249959
        5.2204761000        92.6269786941         2.8316990398         1.3990951731         2.0617687933        91.0075949257         8.9924050743         1.3993761929
        5.2254854000       102.3548607423         2.8427872684         1.3939905194         2.0694244256        83.3887087871        16.6112912129         1.3993761929
        5.2304706000        96.4061226716         2.8360134896         1.3990951731         2.0770800580        91.0075949257         8.9924050743         1.3993761929
        5.2354804000        93.5331203639         2.8327343459         1.4016475000         2.0872875679        94.8170379951         5.1829620049         1.3942737988
        5.2404672000        98.4984281156         2.8383983892         1.3990951731         2.0898394453        91.0075949257         8.9924050743         1.3968249959
        5.2454973000        91.4251310225         2.8303250752         1.4041998268         2.1000469552        98.6264810644         1.3735189356         1.3968249959
        5.2504716000        95.8281592630         2.8353542323         1.4016475000         2.1179100974        94.8170379951         5.1829620049         1.3993761929
        5.2554738000        92.3928774441         2.8314314847         1.4041998268         2.1128063424        98.6264810644         1.3735189356         1.4044785871
        5.2604688000        88.3953161140         2.8268572436         1.4067521537         2.1255657297       102.4359241337        -2.4359241337         1.3993761929
        5.2654590000        88.0357700579         2.8264453221         1.4067521537         2.1281176072       102.4359241337        -2.4359241337         1.3993761929
        5.2704802000        91.8765187872         2.8308412140         1.4041998268         2.1383251170        98.6264810644         1.3735189356         1.3993761929
        5.2754768000        96.2795470277         2.8358691279         1.4016475000         2.1357732396        94.8170379951         5.1829620049         1.3993761929
        5.2804761000        92.8442652088         2.8319473462         1.4041998268         2.1459807494        98.6264810644         1.3735189356         1.3942737988
        5.2854756000       122.4490621611         2.8655234338         1.3863335388         2.1510845043        71.9603795792        28.0396204208         1.4044785871
        5.2904746000       109.7865730534         2.8512210269         1.3965428462         2.1536363818        87.1981518564        12.8018481436         1.4044785871
        5.2954770000        90.6746711157         2.8294666745         1.4093044805         2.1766032789       106.2453672030        -6.2453672030         1.4019273900
        5.3004695000       106.5540246897         2.8475564113         1.3990951731         2.1714995240        91.0075949257         8.9924050743         1.4044785871
        5.3055715000       112.0816119525         2.8538193932         1.3965428462         2.1740514015        87.1981518564        12.8018481436         1.4070297842
        5.3104772000        88.7694152295         2.8272857483         1.4118568074         2.1842589113       110.0548102723       -10.0548102723         1.3968249959
        5.3154660000        91.4856049364         2.8303942316         1.4093044805         2.1970182986       106.2453672030        -6.2453672030         1.3968249959
        5.3204972000        82.1631897986         2.8197050626         1.4144091342         2.1970182986       113.8642533416       -13.8642533416         1.3942737988
        5.3254674000        84.3170999943         2.8221799180         1.4118568074         2.1995701761       110.0548102723       -10.0548102723         1.3968249959
        5.3304694000       108.0347636277         2.8492357790         1.3965428462         2.2072258084        87.1981518564        12.8018481436         1.3993761929
        5.3354711000        76.3219773340         2.8129772135         1.4169614611         2.2276408281       117.6736964109       -17.6736964109         1.3942737988
        5.3404700000        77.9136080185         2.8148128327         1.4144091342         2.2301927056       113.8642533416       -13.8642533416         1.3917226017
        5.3454717000        84.2678129995         2.8221233223         1.4093044805         2.2429520929       106.2453672030        -6.2453672030         1.3891714046
        5.3508050000        91.7465770029         2.8306926456         1.4041998268         2.2455039703        98.6264810644         1.3735189356         1.3968249959
        5.3554712000        91.9493104581         2.8309244354         1.4041998268         2.2480558478        98.6264810644         1.3735189356         1.3917226017
        5.3604788000       104.7529282692         2.8455120661         1.3965428462         2.2480558478        87.1981518564        12.8018481436         1.3993761929
        5.3654735000        98.2419106873         2.8381061419         1.4016475000         2.2608152351        94.8170379951         5.1829620049         1.3917226017
        5.3704705000        94.8066288684         2.8341885148         1.4041998268         2.2633671125        98.6264810644         1.3735189356         1.3968249959
        5.3754691000        99.2096571089         2.8392084776         1.4016475000         2.2761264998        94.8170379951         5.1829620049         1.3993761929
        5.3804739000       104.1749648606         2.8448556575         1.3990951731         2.2812302547        91.0075949257         8.9924050743         1.4044785871
        5.3854660000        80.3004886263         2.8175622303         1.4144091342         2.2965415195       113.8642533416       -13.8642533416         1.3993761929
        5.3904735000        99.2555779632         2.8392607710         1.4016475000         2.2965415195        94.8170379951         5.1829620049         1.3968249959
        5.3954698000        91.6200013590         2.8305479154         1.4067521537         2.3016452744       102.4359241337        -2.4359241337         1.3917226017
        5.4004719000        87.0601605177         2.8253271655         1.4093044805         2.3093009068       106.2453672030        -6.2453672030         1.3815178134
        5.4054756000       107.1398088770         2.8482209185         1.3965428462         2.3067490293        87.1981518564        12.8018481436         1.3891714046
        5.4105098000        92.2282017245         2.8312432556         1.4067521537         2.3195084166       102.4359241337        -2.4359241337         1.3942737988
        5.4155061000        91.8686556685         2.8308322241         1.4067521537         2.3348196814       102.4359241337        -2.4359241337         1.3866202076
        5.4204779000        83.1085200419         2.8207916433         1.4118568074         2.3399234363       110.0548102723       -10.0548102723         1.3840690105
        5.4254863000        98.4255941047         2.8383154143         1.4016475000         2.3424753138        94.8170379951         5.1829620049         1.3891714046
        5.4304716000        82.3894279299         2.8199651610         1.4118568074         2.3552347011       110.0548102723       -10.0548102723         1.3993761929
        5.4354748000       101.9067967780         2.8422777898         1.3990951731         2.3475790687        91.0075949257         8.9924050743         1.3993761929
        5.4404723000       103.2340892555         2.8437866723         1.3990951731         2.3552347011        91.0075949257         8.9924050743         1.3993761929
        5.4454983000        87.7602025919         2.8261295549         1.4093044805         2.3628903334       106.2453672030        -6.2453672030         1.4019273900
        5.4504669000        65.8369030982         2.8008380815         1.4220661148         2.3756497207       125.2925825495       -25.2925825495         1.3993761929
        5.4556486000        91.5057434721         2.8304172610         1.4041998268         2.3833053531        98.6264810644         1.3735189356         1.3917226017
        5.4605091000        87.5081821420         2.8258407259         1.4067521537         2.3884091080       102.4359241337        -2.4359241337         1.3917226017
        5.4654737000        82.9483413007         2.8206075739         1.4093044805         2.4011684953       106.2453672030        -6.2453672030         1.3968249959
        5.4704582000       119.8291688012         2.8625707988         1.3863335388         2.4037203728        71.9603795792        28.0396204208         1.3968249959
        5.4754700000        86.1652057670         2.8243008937         1.4093044805         2.4062722502       106.2453672030        -6.2453672030         1.3993761929
        5.4804685000        81.0430854145         2.8184167951         1.4118568074         2.4241353924       110.0548102723       -10.0548102723         1.3993761929
        5.4854663000       100.5604542626         2.8407462040         1.3990951731         2.4164797601        91.0075949257         8.9924050743         1.4044785871
        5.4904693000        93.4871571696         2.8326818434         1.4041998268         2.4292391474        98.6264810644         1.3735189356         1.3917226017
        5.4954641000        93.6898906247         2.8329134103         1.4041998268         2.4343429023        98.6264810644         1.3735189356         1.3942737988
        5.5004752000        89.6923292946         2.8283424920         1.4067521537         2.4419985347       102.4359241337        -2.4359241337         1.3942737988
        5.5054713000        80.9321936680         2.8182892077         1.4118568074         2.4471022896       110.0548102723       -10.0548102723         1.3968249959
        5.5104691000        75.2477938043         2.8117373311         1.4144091342         2.4598616769       113.8642533416       -13.8642533416         1.3968249959
        5.5154663000        85.8022935706         2.8238845791         1.4067521537         2.4700691867       102.4359241337        -2.4359241337         1.3968249959
        5.5204700000        81.2424527293         2.8186461574         1.4093044805         2.4649654318       106.2453672030        -6.2453672030         1.3968249959
        5.5254644000        80.3206271621         2.8175854104         1.4093044805         2.4802766965       106.2453672030        -6.2453672030         1.3942737988
        5.5304727000       100.4002755214         2.8405639155         1.3965428462         2.4853804515        87.1981518564        12.8018481436         1.3917226017
        5.5354711000        68.6874892277         2.8041465792         1.4169614611         2.4930360838       117.6736964109       -17.6736964109         1.3917226017
        5.5404773000        82.8800042681         2.8205290391         1.4067521537         2.5032435937       102.4359241337        -2.4359241337         1.3942737988
        5.5454527000        69.9195738562         2.8055746528         1.4144091342         2.5108992261       113.8642533416       -13.8642533416         1.3891714046
        5.5504670000        84.6743684078         2.8225901159         1.4041998268         2.5134511035        98.6264810644         1.3735189356         1.3917226017
        5.5554635000        93.2776914336         2.8324425596         1.3990951731         2.5160029810        91.0075949257         8.9924050743         1.3993761929
        5.5605018000        69.4032151994         2.8049762970         1.4144091342         2.5364180006       113.8642533416       -13.8642533416         1.3942737988
        5.5654695000        71.5571253951         2.8074709132         1.4118568074         2.5338661232       110.0548102723       -10.0548102723         1.3942737988
        5.5704680000        82.6739046726         2.8202921643         1.4041998268         2.5415217556        98.6264810644         1.3735189356         1.3993761929
        5.5754766000        91.2772276983         2.8301559271         1.3990951731         2.5440736330        91.0075949257         8.9924050743         1.4044785871
        5.5804637000        80.0036358200         2.8172205105         1.4067521537         2.5542811429       102.4359241337        -2.4359241337         1.4044785871
        5.5854628000        88.0446793346         2.8264555302         1.4016475000         2.5619367752        94.8170379951         5.1829620049         1.4044785871
        5.5904648000        63.6079235892         2.7982466326         1.4169614611         2.5772480400       117.6736964109       -17.6736964109         1.3993761929
        5.5954699000        65.1995542737         2.8000974876         1.4144091342         2.5823517949       113.8642533416       -13.8642533416         1.3891714046
        5.6004754000        75.7540540400         2.8123217891         1.4067521537         2.5746961625       102.4359241337        -2.4359241337         1.3968249959
        5.6054704000        83.7950975546         2.8215804249         1.4016475000         2.5849036724        94.8170379951         5.1829620049         1.3891714046
        5.6104847000        76.1595209503         2.8127897510         1.4067521537         2.5951111822       102.4359241337        -2.4359241337         1.3891714046
        5.6154920000        84.2005644649         2.8220460989         1.4016475000         2.6053186920        94.8170379951         5.1829620049         1.4044785871
        5.6204671000        76.5649878607         2.8132575940         1.4067521537         2.6129743244       102.4359241337        -2.4359241337         1.3917226017
        5.6254696000        46.8033783076         2.7785782116         1.4246184417         2.6257337117       129.1020256188       -29.1020256188         1.3993761929
        5.6304665000        67.7096443850         2.8030123621         1.4093044805         2.6231818342       106.2453672030        -6.2453672030         1.3968249959
        5.6354635000        87.7892927443         2.8261628910         1.3965428462         2.6308374666        87.1981518564        12.8018481436         1.4044785871
        5.6404703000        77.0779803772         2.8138493345         1.4041998268         2.6359412215        98.6264810644         1.3735189356         1.4044785871
        5.6454713000        89.8815981882         2.8285591380         1.3965428462         2.6384930990        87.1981518564        12.8018481436         1.4044785871
        5.6505085000        83.3705806064         2.8210927522         1.4016475000         2.6461487314        94.8170379951         5.1829620049         1.3891714046
        5.6554945000        67.3344144316         2.8025769320         1.4118568074         2.6640118736       110.0548102723       -10.0548102723         1.3993761929
        5.6606931000        78.4511937091         2.8154324182         1.4041998268         2.6538043638        98.6264810644         1.3735189356         1.3993761929
        5.6654941000        74.4536323789         2.8108201261         1.4067521537         2.6716675060       102.4359241337        -2.4359241337         1.4044785871
        5.6704678000        57.2929071817         2.7908830927         1.4169614611         2.6818750158       117.6736964109       -17.6736964109         1.3993761929
        5.6754660000        63.0848326515         2.7976379100         1.4118568074         2.6844268933       110.0548102723       -10.0548102723         1.3968249959
        5.6804671000        78.4019067143         2.8153756218         1.4016475000         2.6895306482        94.8170379951         5.1829620049         1.4044785871
        5.6854682000        66.5660353248         2.8016849382         1.4093044805         2.6971862806       106.2453672030        -6.2453672030         1.4044785871
        5.6904674000        69.8445045429         2.8054876751         1.4067521537         2.7048419129       102.4359241337        -2.4359241337         1.4044785871
        5.6954684000        69.4849584869         2.8050710345         1.4067521537         2.7099456679       102.4359241337        -2.4359241337         1.4019273900
        5.7004769000        60.7248228603         2.7948888396         1.4118568074         2.7252569326       110.0548102723       -10.0548102723         1.3968249959
        5.7054619000        59.2407177818         2.7931577684         1.4118568074         2.7278088101       110.0548102723       -10.0548102723         1.3968249959
        5.7104737000        70.3574970593         2.8060819593         1.4041998268         2.7405681974        98.6264810644         1.3735189356         1.3917226017
        5.7154633000        70.5602305145         2.8063167642         1.4041998268         2.7354644424        98.6264810644         1.3735189356         1.4044785871
        5.7204653000        70.7629639697         2.8065515382         1.4041998268         2.7405681974        98.6264810644         1.3735189356         1.3968249959
        5.7254606000        58.3648130690         2.7921352630         1.4118568074         2.7609832170       110.0548102723       -10.0548102723         1.3917226017
        5.7304687000        65.2812975612         2.8001924904         1.4067521537         2.7635350945       102.4359241337        -2.4359241337         1.3917226017
        5.7354600000        60.7214567199         2.7948849153         1.4093044805         2.7635350945       106.2453672030        -6.2453672030         1.3993761929
        5.7404688000        72.4005155085         2.8084467619         1.4016475000         2.7762944818        94.8170379951         5.1829620049         1.4070297842
        5.7454672000        60.5646441190         2.7947020920         1.4093044805         2.7813982367       106.2453672030        -6.2453672030         1.4044785871
        5.7504872000        63.8431133371         2.7985202530         1.4067521537         2.7890538691       102.4359241337        -2.4359241337         1.4044785871
        5.7554665000        80.2847464223         2.8175441104         1.3965428462         2.7890538691        87.1981518564        12.8018481436         1.3993761929
        5.7604663000        82.1743184111         2.8197178577         1.3965428462         2.7941576240        87.1981518564        12.8018481436         1.3993761929
        5.7654636000        75.6633008292         2.8122170317         1.4016475000         2.8043651338        94.8170379951         5.1829620049         1.4044785871
        5.7704553000        93.2294929368         2.8323874960         1.3914381925         2.8094688888        79.5792657178        20.4207342822         1.3993761929
        5.7754691000        87.8430343773         2.8262244754         1.3965428462         2.8145726437        87.1981518564        12.8018481436         1.3993761929
        5.7804544000        68.7311324396         2.8041971845         1.4093044805         2.8349876633       106.2453672030        -6.2453672030         1.3993761929
        5.7854632000        63.6090120871         2.7982478991         1.4118568074         2.8451951732       110.0548102723       -10.0548102723         1.3993761929
        5.7904656000        91.5269705058         2.8304415348         1.3939905194         2.8426432957        83.3887087871        16.6112912129         1.4044785871
        5.7954622000        81.3779376498         2.8188020104         1.4016475000         2.8477470506        94.8170379951         5.1829620049         1.4044785871
        5.8004739000        82.1429506162         2.8196817926         1.4016475000         2.8605064379        94.8170379951         5.1829620049         1.3993761929
        5.8054658000        74.5073740120         2.8108822087         1.4067521537         2.8579545605       102.4359241337        -2.4359241337         1.3968249959
        5.8104623000        82.5484175266         2.8201479249         1.4016475000         2.8732658252        94.8170379951         5.1829620049         1.3968249959
        5.8154648000        79.1131357077         2.8161950466         1.4041998268         2.8758177027        98.6264810644         1.3735189356         1.4044785871
        5.8204660000        91.9167535187         2.8308872141         1.3965428462         2.8809214576        87.1981518564        12.8018481436         1.4044785871
        5.8254641000        81.2054411516         2.8186035795         1.4041998268         2.8885770900        98.6264810644         1.3735189356         1.4044785871
        5.8304656000        94.0090589627         2.8332779198         1.3965428462         2.8936808449        87.1981518564        12.8018481436         1.4044785871
        5.8361846000        83.2977465955         2.8210090703         1.4041998268         2.9038883547        98.6264810644         1.3735189356         1.3993761929
        5.8405166000        83.5004800507         2.8212419900         1.4041998268         2.9089921097        98.6264810644         1.3735189356         1.3942737988
        5.8454652000        79.5029187206         2.8166439736         1.4067521537         2.9140958646       102.4359241337        -2.4359241337         1.3840690105
        5.8504615000        87.5439622352         2.8258817344         1.4016475000         2.9243033744        94.8170379951         5.1829620049         1.3917226017
        5.8554635000        79.9083856309         2.8171108508         1.4067521537         2.9294071293       102.4359241337        -2.4359241337         1.3968249959
        5.8604741000        83.7491343602         2.8215276296         1.4041998268         2.9370627617        98.6264810644         1.3735189356         1.4044785871
        5.8655699000        75.5512782448         2.8120877145         1.4093044805         2.9498221490       106.2453672030        -6.2453672030         1.3993761929
        5.8705100000        70.4291578923         2.8061649601         1.4118568074         2.9498221490       110.0548102723       -10.0548102723         1.3942737988
        5.8754688000        85.7462319551         2.8238202601         1.4016475000         2.9523740265        94.8170379951         5.1829620049         1.4044785871
        5.8804667000        78.1106553509         2.8150399602         1.4067521537         2.9625815363       102.4359241337        -2.4359241337         1.3993761929
        5.8854656000        69.3505197242         2.8049152222         1.4118568074         2.9676852912       110.0548102723       -10.0548102723         1.3917226017
        5.8904645000        80.4672990017         2.8177542257         1.4041998268         2.9753409236        98.6264810644         1.3735189356         1.3993761929
        5.8954569000        80.6700324569         2.8179875417         1.4041998268         2.9829965560        98.6264810644         1.3735189356         1.3917226017
        5.9004704000        80.8727659121         2.8182208290         1.4041998268         2.9957559433        98.6264810644         1.3735189356         1.3993761929
        5.9054623000        93.6763837232         2.8328979832         1.3965428462         2.9932040658        87.1981518564        12.8018481436         1.3968249959
        5.9104908000        70.3641870001         2.8060897081         1.4118568074         3.0034115756       110.0548102723       -10.0548102723         1.3993761929
        5.9154705000        73.0803767070         2.8092330134         1.4093044805         3.0110672080       106.2453672030        -6.2453672030         1.3968249959
        5.9204720000        76.3588459251         2.8130197545         1.4067521537         3.0161709629       102.4359241337        -2.4359241337         1.3917226017
        5.9254625000        84.3998894397         2.8222749804         1.4016475000         3.0238265953        94.8170379951         5.1829620049         1.4044785871
        5.9304709000        93.5654919767         2.8327713223         1.3965428462         3.0314822277        87.1981518564        12.8018481436         1.4019273900
        5.9354623000        82.8541796095         2.8204993599         1.4041998268         3.0340341051        98.6264810644         1.3735189356         1.3993761929
        5.9404663000        95.6577974206         2.8351598689         1.3965428462         3.0365859826        87.1981518564        12.8018481436         1.4044785871
        5.9454566000        76.5458954829         2.8132355672         1.4093044805         3.0570010023       106.2453672030        -6.2453672030         1.3917226017
        5.9504660000        71.4237751304         2.8073165709         1.4118568074         3.0544491248       110.0548102723       -10.0548102723         1.3917226017
        5.9554577000        95.1414387638         2.8345706535         1.3965428462         3.0621047572        87.1981518564        12.8018481436         1.3917226017
        5.9604501000        80.2298316113         2.8174808996         1.4067521537         3.0697603896       102.4359241337        -2.4359241337         1.3968249959
        5.9654627000        75.6699907700         2.8122247541         1.4093044805         3.0825197769       106.2453672030        -6.2453672030         1.3993761929
        5.9704673000        99.9499339146         2.8400513311         1.3939905194         3.0774160220        83.3887087871        16.6112912129         1.3993761929
        5.9754661000        85.6006062734         2.8236531754         1.4041998268         3.0825197769        98.6264810644         1.3735189356         1.4044785871
        5.9804675000        94.2039292991         2.8335004421         1.3990951731         3.0927272867        91.0075949257         8.9924050743         1.3942737988
        5.9854483000        87.1306322061         2.8254079549         1.4041998268         3.1080385515        98.6264810644         1.3735189356         1.3891714046
        5.9904735000        91.5336604466         2.8304491849         1.4016475000         3.1054866740        94.8170379951         5.1829620049         1.3866202076
        5.9954715000        79.6977890571         2.8168683726         1.4093044805         3.1182460613       106.2453672030        -6.2453672030         1.3993761929
        6.0004574000        87.1765530605         2.8254605973         1.4041998268         3.1182460613        98.6264810644         1.3735189356         1.3917226017
        6.0054654000        70.5781073744         2.8063374677         1.4144091342         3.1310054486       113.8642533416       -13.8642533416         1.3942737988
        6.0104610000        89.5331967113         2.8281603235         1.4016475000         3.1386610810        94.8170379951         5.1829620049         1.3993761929
        6.0154637000        77.6973253218         2.8145635016         1.4093044805         3.1361092035       106.2453672030        -6.2453672030         1.3917226017
        6.0204535000        89.3763841105         2.8279807947         1.4016475000         3.1361092035        94.8170379951         5.1829620049         1.3993761929
        6.0254925000        98.5419866475         2.8384480110         1.3965428462         3.1437648359        87.1981518564        12.8018481436         1.3993761929
        6.0304595000        92.0309690656         2.8310177902         1.4016475000         3.1565242232        94.8170379951         5.1829620049         1.3942737988
        6.0354632000        88.5956872467         2.8270867663         1.4041998268         3.1692836105        98.6264810644         1.3735189356         1.3942737988
        6.0408197000        92.9987154872         2.8321238277         1.4016475000         3.1743873654        94.8170379951         5.1829620049         1.3891714046
        6.0454642000        97.9640232389         2.8377895034         1.3990951731         3.1794911203        91.0075949257         8.9924050743         1.3866202076
        6.0504614000        95.0910209311         2.8345131131         1.4016475000         3.1820429978        94.8170379951         5.1829620049         1.3891714046
        6.0554597000        95.8560338975         2.8353860324         1.4016475000         3.1820429978        94.8170379951         5.1829620049         1.3993761929
        6.0604643000        96.6210468639         2.8362585920         1.4016475000         3.1948023851        94.8170379951         5.1829620049         1.4019273900
        6.0654541000        80.5848806890         2.8178895482         1.4118568074         3.1973542625       110.0548102723       -10.0548102723         1.3993761929
        6.0704608000        70.7001860400         2.8064788420         1.4169614611         3.2024580174       117.6736964109       -17.6736964109         1.3968249959
        6.0754622000        84.8927010804         2.8228407522         1.4067521537         3.2152174047       102.4359241337        -2.4359241337         1.3942737988
        6.0804545000        97.1340393803         2.8368435015         1.3990951731         3.2177692822        91.0075949257         8.9924050743         1.3968249959
        6.0854680000        90.0607422873         2.8287641733         1.4041998268         3.2228730371        98.6264810644         1.3735189356         1.3993761929
        6.0904861000        86.0631809572         2.8241838648         1.4067521537         3.2305286695       102.4359241337        -2.4359241337         1.3993761929
        6.0954534000        73.1027505453         2.8092588826         1.4144091342         3.2509436892       113.8642533416       -13.8642533416         1.3891714046
        6.1005052000        71.0563659557         2.8068912553         1.4144091342         3.2560474441       113.8642533416       -13.8642533416         1.3840690105
        6.1054869000        94.2117500779         2.8335093722         1.3990951731         3.2509436892        91.0075949257         8.9924050743         1.4044785871
        6.1104609000        78.7378634142         2.8157627306         1.4093044805         3.2662549539       106.2453672030        -6.2453672030         1.3917226017
        6.1154532000        69.4154482764         2.8049904750         1.4144091342         3.2790143412       113.8642533416       -13.8642533416         1.3917226017
        6.1204688000        79.9699480427         2.8171817271         1.4067521537         3.2790143412       102.4359241337        -2.4359241337         1.3917226017
        6.1254532000        29.2068645631         2.7577136284         1.4373800759         3.2841180961       148.1492409653       -48.1492409653         1.3993761929
        6.1304548000        72.5035017963         2.8085658864         1.4067521537         3.2892218510       102.4359241337        -2.4359241337         1.3917226017
        6.1354892000        63.7433661697         2.7984042122         1.4118568074         3.2917737285       110.0548102723       -10.0548102723         1.3968249959
        6.1404550000        70.6598506619         2.8064321325         1.4067521537         3.3070849933       102.4359241337        -2.4359241337         1.3942737988
        6.1454656000        74.5005993912         2.8108743828         1.4041998268         3.3121887482        98.6264810644         1.3735189356         1.3942737988
        6.1504600000        70.5030380611         2.8062505274         1.4067521537         3.3249481355       102.4359241337        -2.4359241337         1.3891714046
        6.1554702000        57.5426076492         2.7911748705         1.4144091342         3.3300518904       113.8642533416       -13.8642533416         1.3866202076
        6.1604626000        76.4976969861         2.8131799595         1.4016475000         3.3326037679        94.8170379951         5.1829620049         1.4044785871
        6.1654879000        81.4630047378         2.8188998595         1.3990951731         3.3428112777        91.0075949257         8.9924050743         1.3993761929
        6.1704796000        70.1894128594         2.8058872615         1.4067521537         3.3504669101       102.4359241337        -2.4359241337         1.3917226017
        6.1754676000        82.4307511593         2.8200126651         1.3990951731         3.3504669101        91.0075949257         8.9924050743         1.3993761929
        6.1804546000        87.9583384222         2.8263565998         1.3965428462         3.3581225424        87.1981518564        12.8018481436         1.4044785871
        6.1855388000        68.8464364844         2.8043308753         1.4093044805         3.3683300523       106.2453672030        -6.2453672030         1.3993761929
        6.1904552000        88.9260848437         2.8274651753         1.3965428462         3.3606744199        87.1981518564        12.8018481436         1.4044785871
        6.1954560000        82.4150672619         2.8199946354         1.4016475000         3.3734338072        94.8170379951         5.1829620049         1.3993761929
        6.2004694000        78.9797854430         2.8160414377         1.4041998268         3.3785375621        98.6264810644         1.3735189356         1.4044785871
        6.2054539000        74.9822241128         2.8114306665         1.4067521537         3.3810894396       102.4359241337        -2.4359241337         1.3942737988
        6.2104553000        70.4223832715         2.8061571136         1.4093044805         3.3989525818       106.2453672030        -6.2453672030         1.3917226017
        6.2154525000        82.1014420602         2.8196340672         1.4016475000         3.4091600916        94.8170379951         5.1829620049         1.4019273900
        6.2204557000        74.4658654560         2.8108342580         1.4067521537         3.4091600916       102.4359241337        -2.4359241337         1.4044785871
        6.2254603000        78.3066141853         2.8152658056         1.4041998268         3.4193676015        98.6264810644         1.3735189356         1.4044785871
        6.2304571000        86.9099372110         2.8251549370         1.3990951731         3.4168157240        91.0075949257         8.9924050743         1.3993761929
        6.2354541000        96.6378192592         2.8362777183         1.3939905194         3.4219194789        83.3887087871        16.6112912129         1.3993761929
        6.2404511000        90.6890811886         2.8294831606         1.3990951731         3.4346788662        91.0075949257         8.9924050743         1.3891714046
        6.2457486000        87.8160788808         2.8261935864         1.4016475000         3.4423344986        94.8170379951         5.1829620049         1.3917226017
        6.2504548000        75.9802074913         2.8125828144         1.4093044805         3.4474382535       106.2453672030        -6.2453672030         1.3917226017
        6.2554505000        70.8580871388         2.8066616842         1.4118568074         3.4627495183       110.0548102723       -10.0548102723         1.3968249959
        6.2604530000        73.5742768457         2.8098039885         1.4093044805         3.4601976408       106.2453672030        -6.2453672030         1.3942737988
        6.2654492000        85.2533356344         2.8232546745         1.4016475000         3.4678532732        94.8170379951         5.1829620049         1.4044785871
        6.2704592000        81.8180538155         2.8193082034         1.4041998268         3.4729570281        98.6264810644         1.3735189356         1.3942737988
        6.2754488000        69.4199029147         2.8049956379         1.4118568074         3.4908201703       110.0548102723       -10.0548102723         1.3993761929
        6.2804682000        76.3363874069         2.8129938408         1.4067521537         3.4882682929       102.4359241337        -2.4359241337         1.3942737988
        6.2855235000        80.1771361362         2.8174202415         1.4041998268         3.4882682929        98.6264810644         1.3735189356         1.3891714046
        6.2904993000        80.3798695914         2.8176535987         1.4041998268         3.5086833125        98.6264810644         1.3735189356         1.3968249959
        6.2954589000        72.1820134760         2.8081939939         1.4093044805         3.5112351900       106.2453672030        -6.2453672030         1.3840690105
        6.3004572000        83.8610722647         2.8216562037         1.4016475000         3.5163389449        94.8170379951         5.1829620049         1.4019273900
        6.3054536000        97.2269695869         2.8369494426         1.3939905194         3.5163389449        83.3887087871        16.6112912129         1.3993761929
        6.3104525000        95.4785263016         2.8349553218         1.3965428462         3.5188908224        87.1981518564        12.8018481436         1.3993761929
        6.3154785000        88.9675087197         2.8275126136         1.4016475000         3.5265464547        94.8170379951         5.1829620049         1.3993761929
        6.3204533000        72.9313425449         2.8090606864         1.4118568074         3.5469614744       110.0548102723       -10.0548102723         1.3993761929
        6.3254717000        96.6490061783         2.8362904751         1.3965428462         3.5469614744        87.1981518564        12.8018481436         1.4044785871
        6.3304546000        85.9376938112         2.8240399137         1.4041998268         3.5546171068        98.6264810644         1.3735189356         1.3942737988
        6.3354520000        81.9401324811         2.8194485866         1.4067521537         3.5597208617       102.4359241337        -2.4359241337         1.3993761929
        6.3404494000        85.7808812103         2.8238600131         1.4041998268         3.5622727392        98.6264810644         1.3735189356         1.3891714046
        6.3455272000        90.1839094508         2.8289051295         1.4016475000         3.5750321265        94.8170379951         5.1829620049         1.3993761929
        6.3504481000        86.7486276319         2.8249699817         1.4041998268         3.5801358814        98.6264810644         1.3735189356         1.3968249959
        6.3554555000        91.1516558724         2.8300123071         1.4016475000         3.5826877588        94.8170379951         5.1829620049         1.3993761929
        6.3604516000        58.3143105563         2.7920762886         1.4220661148         3.5954471461       125.2925825495       -25.2925825495         1.3942737988
        6.3654523000        46.1804978626         2.7778445253         1.4271707685         3.6056546560       132.9114686881       -32.9114686881         1.3968249959
        6.3704483000        79.1253687847         2.8162091375         1.4041998268         3.6107584109        98.6264810644         1.3735189356         1.3993761929
        6.3754569000        87.7286918105         2.8260934441         1.3990951731         3.6082065334        91.0075949257         8.9924050743         1.3993761929
        6.3804502000        76.4550999321         2.8131308129         1.4067521537         3.6260696756       102.4359241337        -2.4359241337         1.3993761929
        6.3855063000        84.4961434467         2.8223854976         1.4016475000         3.6235177982        94.8170379951         5.1829620049         1.3917226017
        6.3905619000        81.0608616278         2.8184372469         1.4041998268         3.6388290629        98.6264810644         1.3735189356         1.3993761929
        6.3954558000        98.0647742242         2.8379043094         1.3939905194         3.6388290629        83.3887087871        16.6112912129         1.3993761929
        6.4004579000       100.5166257241         2.8406963272         1.3939905194         3.6388290629        83.3887087871        16.6112912129         1.3891714046
        6.4054550000        77.7667085123         2.8146434903         1.4093044805         3.6566922051       106.2453672030        -6.2453672030         1.3993761929
        6.4104486000        93.6460620863         2.8328633505         1.3990951731         3.6566922051        91.0075949257         8.9924050743         1.3968249959
        6.4154574000       103.3739441344         2.8439456019         1.3939905194         3.6566922051        83.3887087871        16.6112912129         1.4044785871
        6.4204524000       101.6255008491         2.8419578780         1.3965428462         3.6643478375        87.1981518564        12.8018481436         1.3993761929
        6.4254541000        86.7138936967         2.8249301540         1.4067521537         3.6847628572       102.4359241337        -2.4359241337         1.4019273900
        6.4304546000        82.1540528553         2.8196945575         1.4093044805         3.6822109797       106.2453672030        -6.2453672030         1.4019273900
        6.4354564000       102.2337012146         2.8426495135         1.3965428462         3.6796591023        87.1981518564        12.8018481436         1.4044785871
        6.4404587000        87.3220940622         2.8256274321         1.4067521537         3.6975222445       102.4359241337        -2.4359241337         1.3917226017
        6.4454533000        82.7622532209         2.8203937088         1.4093044805         3.7077297543       106.2453672030        -6.2453672030         1.3917226017
        6.4504611000        94.4413120096         2.8337714774         1.4016475000         3.7102816318        94.8170379951         5.1829620049         1.3840690105
        6.4554534000        78.4051458347         2.8153793545         1.4118568074         3.7230410191       110.0548102723       -10.0548102723         1.3968249959
        6.4604578000        76.9210407563         2.8136683236         1.4118568074         3.7306966515       110.0548102723       -10.0548102723         1.3993761929
        6.4654543000        96.4384096044         2.8360503119         1.3990951731         3.7306966515        91.0075949257         8.9924050743         1.4044785871
        6.4704515000       101.9659968673         2.8423451110         1.3965428462         3.7358004064        87.1981518564        12.8018481436         1.4044785871
        6.4754487000        87.0543897149         2.8253205496         1.4067521537         3.7434560388       102.4359241337        -2.4359241337         1.4044785871
        6.4804506000        95.0954332294         2.8345181488         1.4016475000         3.7434560388        94.8170379951         5.1829620049         1.3993761929
        6.4854658000        91.6601514105         2.8305938252         1.4041998268         3.7562154260        98.6264810644         1.3735189356         1.3968249959
        6.4906014000        83.4622952951         2.8211981218         1.4093044805         3.7689748133       106.2453672030        -6.2453672030         1.3993761929
        6.4954862000        74.1398801573         2.8104576355         1.4144091342         3.7766304457       113.8642533416       -13.8642533416         1.3968249959
        6.5004724000        84.6943799236         2.8226130896         1.4067521537         3.7715266908       102.4359241337        -2.4359241337         1.4044785871
        6.5054490000        75.9342442970         2.8125297669         1.4118568074         3.7817342006       110.0548102723       -10.0548102723         1.3993761929
        6.5104554000        91.2513183598         2.8301262947         1.4016475000         3.7817342006        94.8170379951         5.1829620049         1.4044785871
        6.5154645000       104.6172156820         2.8453579507         1.3939905194         3.7919417105        83.3887087871        16.6112912129         1.4044785871
        6.5204584000        65.0661193290         2.7999423971         1.4195137880         3.8072529752       121.4831394802       -21.4831394802         1.3942737988
        6.5254461000        78.6963548582         2.8157149064         1.4093044805         3.8174604851       106.2453672030        -6.2453672030         1.3993761929
        6.5304576000        81.9748240763         2.8194884780         1.4067521537         3.8149086076       102.4359241337        -2.4359241337         1.4044785871
        6.5354541000        77.4149832350         2.8142379668         1.4093044805         3.8276679949       106.2453672030        -6.2453672030         1.3993761929
        6.5404421000        80.6934524531         2.8180144928         1.4067521537         3.8353236273       102.4359241337        -2.4359241337         1.3993761929
        6.5454718000        92.9347907530         2.8320507864         1.3990951731         3.8276679949        91.0075949257         8.9924050743         1.3993761929
        6.5504545000        77.4609040893         2.8142909165         1.4093044805         3.8404273822       106.2453672030        -6.2453672030         1.3917226017
        6.5554851000        72.3387837368         2.8083753528         1.4118568074         3.8531867695       110.0548102723       -10.0548102723         1.3942737988
        6.5604680000        75.0549734437         2.8115146784         1.4093044805         3.8608424019       106.2453672030        -6.2453672030         1.3942737988
        6.5654703000        86.7340322324         2.8249532460         1.4016475000         3.8684980342        94.8170379951         5.1829620049         1.3891714046
        6.5704474000        83.2987504135         2.8210102236         1.4041998268         3.8684980342        98.6264810644         1.3735189356         1.3917226017
        6.5755208000        83.5014838687         2.8212431432         1.4041998268         3.8838092990        98.6264810644         1.3735189356         1.3968249959
        6.5804538000        87.9045121091         2.8262949225         1.4016475000         3.8812574215        94.8170379951         5.1829620049         1.4044785871
        6.5854448000        84.4692302902         2.8223545970         1.4041998268         3.8863611765        98.6264810644         1.3735189356         1.3993761929
        6.5904540000        88.8722585307         2.8274035321         1.4016475000         3.8889130539        94.8170379951         5.1829620049         1.3993761929
        6.5954485000        77.0363871412         2.8138013634         1.4093044805         3.8991205638       106.2453672030        -6.2453672030         1.3917226017
        6.6004784000       101.3163302857         2.8416062116         1.3939905194         3.9016724412        83.3887087871        16.6112912129         1.3993761929
        6.6055440000        91.1672974298         2.8300301974         1.4016475000         3.9093280736        94.8170379951         5.1829620049         1.4044785871
        6.6104735000        96.1326051815         2.8357015258         1.3990951731         3.9144318285        91.0075949257         8.9924050743         1.4044785871
        6.6154644000       101.6601924443         2.8419973345         1.3965428462         3.9195355834        87.1981518564        12.8018481436         1.3968249959
        6.6204662000        90.9488800772         2.8297803656         1.4041998268         3.9373987256        98.6264810644         1.3735189356         1.4019273900
        6.6254510000        86.9513187471         2.8252023818         1.4067521537         3.9399506031       102.4359241337        -2.4359241337         1.3917226017
        6.6304593000        94.9923622617         2.8344005121         1.4016475000         3.9450543580        94.8170379951         5.1829620049         1.4044785871
        6.6354677000       112.5585543692         2.8543590210         1.3914381925         3.9476062355        79.5792657178        20.4207342822         1.4044785871
        6.6404527000       102.9718010245         2.8434885804         1.3990951731         3.9552618679        91.0075949257         8.9924050743         1.3840690105
        6.6454505000       100.0987987168         2.8402207841         1.4016475000         3.9680212551        94.8170379951         5.1829620049         1.3891714046
        6.6504457000       113.4646960390         2.8553839304         1.3939905194         3.9629175002        83.3887087871        16.6112912129         1.3993761929
        6.6554435000        82.3141892566         2.8198786655         1.4144091342         3.9731250101       113.8642533416       -13.8642533416         1.3917226017
        6.6604634000       109.6698681641         2.8510888222         1.3965428462         3.9807806424        87.1981518564        12.8018481436         1.4044785871
        6.6654478000        98.9585557970         2.8389225083         1.4041998268         3.9858843974        98.6264810644         1.3735189356         1.3993761929
        6.6704444000       103.3615840374         2.8439315564         1.4016475000         3.9909881523        94.8170379951         5.1829620049         1.3942737988
        6.6754544000       104.1265970038         2.8448007162         1.4016475000         4.0062994170        94.8170379951         5.1829620049         1.3942737988
        6.6804488000        88.0904308290         2.8265079508         1.4118568074         4.0139550494       110.0548102723       -10.0548102723         1.3993761929
        6.6854502000       111.8080944624         2.8535098728         1.3965428462         4.0062994170        87.1981518564        12.8018481436         1.3917226017
        6.6904491000       117.8979612364         2.8603921885         1.3939905194         4.0139550494        83.3887087871        16.6112912129         1.3942737988
        6.6954750000        90.9477492393         2.8297790720         1.4118568074         4.0318181916       110.0548102723       -10.0548102723         1.3993761929
        6.7004848000       102.0645285168         2.8424571546         1.4041998268         4.0394738240        98.6264810644         1.3735189356         1.3993761929
        6.7054959000        89.6663776161         2.8283127847         1.4118568074         4.0394738240       110.0548102723       -10.0548102723         1.3942737988
        6.7104826000        96.5828621083         2.8362150477         1.4067521537         4.0522332113       102.4359241337        -2.4359241337         1.3891714046
        6.7154471000       117.2247899787         2.8596323462         1.3939905194         4.0471294564        83.3887087871        16.6112912129         1.3968249959
        6.7204443000        86.0742831963         2.8241966001         1.4144091342         4.0547850888       113.8642533416       -13.8642533416         1.3993761929
        6.7254440000       100.8290777479         2.8410518722         1.4041998268         4.0675444760        98.6264810644         1.3735189356         1.3942737988
        6.7304511000       109.4324007737         2.8508197936         1.3990951731         4.0726482310        91.0075949257         8.9924050743         1.3917226017
        6.7354509000       102.3591036806         2.8427920924         1.4041998268         4.0803038633        98.6264810644         1.3735189356         1.3942737988
        6.7404499000       106.7621319211         2.8477925077         1.4016475000         4.0930632506        94.8170379951         5.1829620049         1.3917226017
        6.7454465000        99.1265553169         2.8391138404         1.4067521537         4.0930632506       102.4359241337        -2.4359241337         1.3840690105
        6.7504425000        94.5667144756         2.8339146433         1.4093044805         4.1032707605       106.2453672030        -6.2453672030         1.3942737988
        6.7554528000        97.8451836937         2.8376540776         1.4067521537         4.1083745154       102.4359241337        -2.4359241337         1.3917226017
        6.7604486000        97.4856376377         2.8372442983         1.4067521537         4.1160301478       102.4359241337        -2.4359241337         1.3942737988
        6.7654594000       113.9272707228         2.8559069699         1.3965428462         4.1211339027        87.1981518564        12.8018481436         1.3993761929
        6.7704503000       115.8168427116         2.8580423915         1.3965428462         4.1160301478        87.1981518564        12.8018481436         1.3993761929
        6.7754582000       109.3058251298         2.8506763826         1.4016475000         4.1287895351        94.8170379951         5.1829620049         1.3942737988
        6.7804436000       101.6702485255         2.8420087716         1.4067521537         4.1338932900       102.4359241337        -2.4359241337         1.3942737988
        6.7854461000        97.1104076842         2.8368165604         1.4093044805         4.1466526773       106.2453672030        -6.2453672030         1.3942737988
        6.7904684000        96.1885821170         2.8357653748         1.4093044805         4.1568601871       106.2453672030        -6.2453672030         1.3917226017
        6.7954462000       112.0679356910         2.8538039177         1.3990951731         4.1568601871        91.0075949257         8.9924050743         1.3942737988
        6.8004535000       104.9946385980         2.8457865269         1.4041998268         4.1568601871        98.6264810644         1.3735189356         1.3942737988
        6.8054445000       100.9970772678         2.8412430183         1.4067521537         4.1670676969       102.4359241337        -2.4359241337         1.3917226017
        6.8106449000       109.0381207824         2.8503730433         1.4016475000         4.1798270842        94.8170379951         5.1829620049         1.3993761929
        6.8154651000        97.2022493929         2.8369212619         1.4093044805         4.1874827166       106.2453672030        -6.2453672030         1.3993761929
        6.8204758000       100.4807186110         2.8406554642         1.4067521537         4.1900345941       102.4359241337        -2.4359241337         1.4044785871
        6.8254712000       121.1226464815         2.8640289662         1.3939905194         4.1874827166        83.3887087871        16.6112912129         1.3993761929
        6.8304557000        56.3697814166         2.7898039606         1.4348277491         4.2002421039       144.3397978960       -44.3397978960         1.3917226017
        6.8354588000       104.4289929464         2.8451441874         1.4016475000         4.2104496138        94.8170379951         5.1829620049         1.4044785871
        6.8404451000       105.1940059127         2.8460128826         1.4016475000         4.2181052461        94.8170379951         5.1829620049         1.3840690105
        6.8454544000        93.3581345232         2.8325344572         1.4093044805         4.2206571236       106.2453672030        -6.2453672030         1.3840690105
        6.8504453000       100.8368985266         2.8410607709         1.4041998268         4.2283127560        98.6264810644         1.3735189356         1.4044785871
        6.8554657000        96.8393371965         2.8365075043         1.4067521537         4.2410721433       102.4359241337        -2.4359241337         1.3866202076
        6.8604325000       113.2809702817         2.8551761584         1.3965428462         4.2410721433        87.1981518564        12.8018481436         1.4044785871
        6.8654478000       115.1705422704         2.8573122073         1.3965428462         4.2410721433        87.1981518564        12.8018481436         1.3993761929
        6.8704396000       112.8598194739         2.8546998204         1.3990951731         4.2512796531        91.0075949257         8.9924050743         1.3993761929
        6.8754443000       105.7865223809         2.8466854758         1.4041998268         4.2614871629        98.6264810644         1.3735189356         1.3993761929
        6.8804395000        93.3883714801         2.8325689987         1.4118568074         4.2716946728       110.0548102723       -10.0548102723         1.4019273900
        6.8854478000        96.1045611870         2.8356695373         1.4093044805         4.2819021826       106.2453672030        -6.2453672030         1.4019273900
        6.8904500000        78.3815564786         2.8153521705         1.4195137880         4.2921096924       121.4831394802       -21.4831394802         1.3993761929
        6.8954477000       104.6126763637         2.8453527957         1.4016475000         4.2819021826        94.8170379951         5.1829620049         1.4019273900
        6.9004376000       101.1773945448         2.8414481609         1.4041998268         4.2921096924        98.6264810644         1.3735189356         1.3993761929
        6.9054988000        84.5789488588         2.8224805683         1.4144091342         4.3074209572       113.8642533416       -13.8642533416         1.3993761929
        6.9105984000        86.7328590545         2.8249519007         1.4118568074         4.3125247121       110.0548102723       -10.0548102723         1.3993761929
        6.9154791000       110.4505226879         2.8519730176         1.3965428462         4.3099728347        87.1981518564        12.8018481436         1.3942737988
        6.9204614000        91.3386207501         2.8302261403         1.4093044805         4.3227322219       106.2453672030        -6.2453672030         1.3917226017
        6.9254491000        90.4167951829         2.8291716240         1.4093044805         4.3380434867       106.2453672030        -6.2453672030         1.3993761929
        6.9304501000        97.8955591863         2.8377114850         1.4041998268         4.3354916092        98.6264810644         1.3735189356         1.4019273900
        6.9354466000        98.0982926415         2.8379425023         1.4041998268         4.3431472416        98.6264810644         1.3735189356         1.4044785871
        6.9404382000        98.3010260967         2.8381734949         1.4041998268         4.3456991191        98.6264810644         1.3735189356         1.3968249959
        6.9454528000       111.1046439078         2.8527136457         1.3965428462         4.3584585064        87.1981518564        12.8018481436         1.4044785871
        6.9504382000        96.1930367553         2.8357704558         1.4067521537         4.3584585064       102.4359241337        -2.4359241337         1.3968249959
        6.9554548000       100.0337854846         2.8401467811         1.4041998268         4.3635622613        98.6264810644         1.3735189356         1.3993761929
        6.9604607000       108.6371085104         2.8499185782         1.3990951731         4.3712178937        91.0075949257         8.9924050743         1.3968249959
        6.9654453000        97.3635166321         2.8371050976         1.4067521537         4.3890810359       102.4359241337        -2.4359241337         1.3993761929
        6.9704376000       113.8051497172         2.8557688968         1.3965428462         4.3839772810        87.1981518564        12.8018481436         1.3968249959
        6.9754405000       115.6947217060         2.8579044366         1.3965428462         4.3916329133        87.1981518564        12.8018481436         1.3993761929
        6.9804429000       104.9834093389         2.8457737769         1.4041998268         4.4043923006        98.6264810644         1.3735189356         1.3917226017
        6.9854600000       109.3864375793         2.8507677180         1.4016475000         4.4120479330        94.8170379951         5.1829620049         1.4019273900
        6.9904419000       114.3517453310         2.8563868318         1.3990951731         4.4145998105        91.0075949257         8.9924050743         1.3891714046
        6.9954528000       115.6790378086         2.8578867186         1.3990951731         4.4222554428        91.0075949257         8.9924050743         1.3942737988
        7.0004588000       125.4069198567         2.8688530715         1.3939905194         4.4248073203        83.3887087871        16.6112912129         1.3891714046
        7.0054444000        98.4567078596         2.8383508605         1.4118568074         4.4426704625       110.0548102723       -10.0548102723         1.3993761929
        7.0104508000       113.7737819224         2.8557334303         1.4016475000         4.4375667076        94.8170379951         5.1829620049         1.3993761929
        7.0154428000        97.7376157476         2.8375314892         1.4118568074         4.4426704625       110.0548102723       -10.0548102723         1.4019273900
        7.0204455000       113.0546898104         2.8549202379         1.4016475000         4.4477742174        94.8170379951         5.1829620049         1.4044785871
        7.0254406000       122.2202923473         2.8652657392         1.3965428462         4.4554298498        87.1981518564        12.8018481436         1.3993761929
        7.0304570000       128.3101591214         2.8721173462         1.3939905194         4.4681892371        83.3887087871        16.6112912129         1.4044785871
        7.0354379000       126.5617158361         2.8701519264         1.3965428462         4.4681892371        87.1981518564        12.8018481436         1.3891714046
        7.0404775000       120.0506982542         2.8628205914         1.4016475000         4.4835005019        94.8170379951         5.1829620049         1.4044785871
        7.0454521000       116.6154164353         2.8589443204         1.4041998268         4.4835005019        98.6264810644         1.3735189356         1.3891714046
        7.0504432000        95.8166759640         2.8353411317         1.4169614611         4.5013636441       117.6736964109       -17.6736964109         1.3968249959
        7.0554438000       114.2094857897         2.8562260200         1.4041998268         4.5039155215        98.6264810644         1.3735189356         1.3993761929
        7.0604394000       110.2119244596         2.8517028080         1.4067521537         4.5166749088       102.4359241337        -2.4359241337         1.3993761929
        7.0654371000        72.0497253358         2.8080409428         1.4297230954         4.5243305412       136.7209117574       -36.7209117574         1.3917226017
        7.0704572000       108.6326115321         2.8499134813         1.4041998268         4.5217786637        98.6264810644         1.3735189356         1.3993761929
        7.0754419000       117.2359345579         2.8596449275         1.3990951731         4.5268824187        91.0075949257         8.9924050743         1.3942737988
        7.0804478000       114.3629322501         2.8563994772         1.4016475000         4.5294342961        94.8170379951         5.1829620049         1.3993761929
        7.0854415000       115.1279452165         2.8572640741         1.4016475000         4.5447455609        94.8170379951         5.1829620049         1.3840690105
        7.0904433000       107.4923686123         2.8486207667         1.4067521537         4.5498493158       102.4359241337        -2.4359241337         1.3840690105
        7.0954490000       107.1328225563         2.8482129944         1.4067521537         4.5575049482       102.4359241337        -2.4359241337         1.3891714046
        7.1004559000       110.9735712855         2.8525652571         1.4041998268         4.5575049482        98.6264810644         1.3735189356         1.3917226017
        7.1054413000        98.5754203848         2.8384860978         1.4118568074         4.5702643355       110.0548102723       -10.0548102723         1.3993761929
        7.1104870000       101.2916100917         2.8415780912         1.4093044805         4.5779199678       106.2453672030        -6.2453672030         1.3942737988
        7.1154940000        96.1694897392         2.8357435977         1.4118568074         4.5830237228       110.0548102723       -10.0548102723         1.3917226017
        7.1207521000        90.4850898755         2.8292497680         1.4144091342         4.5983349875       113.8642533416       -13.8642533416         1.3993761929
        7.1254844000        88.4387052859         2.8269069476         1.4144091342         4.6085424974       113.8642533416       -13.8642533416         1.3968249959
        7.1304453000       103.1934998375         2.8437405448         1.4041998268         4.6034387424        98.6264810644         1.3735189356         1.3993761929
        7.1354601000        90.7953489368         2.8296047341         1.4118568074         4.6136462523       110.0548102723       -10.0548102723         1.3942737988
        7.1404489000        97.7118334290         2.8375021057         1.4067521537         4.6187500072       102.4359241337        -2.4359241337         1.3942737988
        7.1454390000        97.3522873730         2.8370922974         1.4067521537         4.6366131494       102.4359241337        -2.4359241337         1.3891714046
        7.1504393000       105.3933308875         2.8462391678         1.4016475000         4.6289575170        94.8170379951         5.1829620049         1.4070297842
        7.1554379000       101.9580490686         2.8423360730         1.4041998268         4.6366131494        98.6264810644         1.3735189356         1.4044785871
        7.1604434000        93.7601929532         2.8329937053         1.4093044805         4.6493725367       106.2453672030        -6.2453672030         1.4044785871
        7.1654408000        88.6380726007         2.8271353148         1.4118568074         4.6621319240       110.0548102723       -10.0548102723         1.3917226017
        7.1704544000        95.5545570929         2.8350420749         1.4067521537         4.6723394338       102.4359241337        -2.4359241337         1.3993761929
        7.1754484000        99.3953058222         2.8394198814         1.4041998268         4.6697875564        98.6264810644         1.3735189356         1.4044785871
        7.1804675000        91.1974497067         2.8300646840         1.4093044805         4.6850988211       106.2453672030        -6.2453672030         1.3993761929
        7.1854613000       111.2770980660         2.8529088687         1.3965428462         4.6825469437        87.1981518564        12.8018481436         1.3993761929
        7.1904742000       100.5657856989         2.8407522711         1.4041998268         4.6927544535        98.6264810644         1.3735189356         1.3942737988
        7.1954356000       109.1691087247         2.8505214723         1.3990951731         4.6978582084        91.0075949257         8.9924050743         1.4044785871
        7.2004379000       118.8969907728         2.8615194300         1.3939905194         4.6978582084        83.3887087871        16.6112912129         1.3968249959
        7.2054604000       104.5476631316         2.8452789627         1.4041998268         4.7106175957        98.6264810644         1.3735189356         1.4019273900
        7.2104403000       117.3512809427         2.8597751401         1.3965428462         4.7131694732        87.1981518564        12.8018481436         1.3968249959
        7.2154662000       115.0405581461         2.8571653267         1.3990951731         4.7182732281        91.0075949257         8.9924050743         1.3968249959
        7.2204323000        99.5666714825         2.8396150024         1.4093044805         4.7386882478       106.2453672030        -6.2453672030         1.3993761929
        7.2254996000        94.4445511300         2.8337751754         1.4118568074         4.7386882478       110.0548102723       -10.0548102723         1.3815178134
        7.2304374000        97.1607408369         2.8368739419         1.4093044805         4.7514476351       106.2453672030        -6.2453672030         1.3917226017
        7.2354718000       100.4392100550         2.8406082256         1.4067521537         4.7488957576       102.4359241337        -2.4359241337         1.3968249959
        7.2404519000       108.4802535696         2.8497407914         1.4016475000         4.7591032674        94.8170379951         5.1829620049         1.3942737988
        7.2454592000       113.4455613212         2.8553622921         1.3990951731         4.7667588998        91.0075949257         8.9924050743         1.3942737988
        7.2504424000       102.1719694429         2.8425793229         1.4067521537         4.7846220420       102.4359241337        -2.4359241337         1.3993761929
        7.2554401000        93.4118338163         2.8325958007         1.4118568074         4.7897257969       110.0548102723       -10.0548102723         1.3917226017
        7.2604481000       108.7289078791         2.8500226216         1.4016475000         4.7871739195        94.8170379951         5.1829620049         1.3917226017
        7.2654402000        92.6927417043         2.8317741943         1.4118568074         4.7999333068       110.0548102723       -10.0548102723         1.3993761929
        7.2704377000        99.6092261965         2.8396634536         1.4067521537         4.8101408166       102.4359241337        -2.4359241337         1.3917226017
        7.2754453000       103.4499749257         2.8440319977         1.4041998268         4.8024851842        98.6264810644         1.3735189356         1.3993761929
        7.2804323000        99.4524135956         2.8394849076         1.4067521537         4.8152445715       102.4359241337        -2.4359241337         1.3840690105
        7.2854378000        94.8925727543         2.8342866144         1.4093044805         4.8305558363       106.2453672030        -6.2453672030         1.3866202076
        7.2904307000       106.5716315430         2.8475763871         1.4016475000         4.8407633461        94.8170379951         5.1829620049         1.3993761929
        7.2954384000        94.7357601535         2.8341076192         1.4093044805         4.8433152236       106.2453672030        -6.2453672030         1.3968249959
        7.3004421000       106.4148189421         2.8473984698         1.4016475000         4.8458671010        94.8170379951         5.1829620049         1.3968249959
        7.3054564000       111.3801266938         2.8530254925         1.3990951731         4.8535227334        91.0075949257         8.9924050743         1.4019273900
        7.3104389000       104.3068296008         2.8450054365         1.4041998268         4.8560746109        98.6264810644         1.3735189356         1.3993761929
        7.3154898000       104.5095630560         2.8452356928         1.4041998268         4.8637302433        98.6264810644         1.3735189356         1.3917226017
        7.3205216000        71.1099382288         2.8069532773         1.4246184417         4.8790415080       129.1020256188       -29.1020256188         1.3968249959
        7.3254488000        92.0162043062         2.8310009110         1.4093044805         4.8841452629       106.2453672030        -6.2453672030         1.3968249959
        7.3304794000        91.0943787390         2.8299467944         1.4093044805         4.8943527728       106.2453672030        -6.2453672030         1.3993761929
        7.3354734000        85.9722583865         2.8240795651         1.4118568074         4.8994565277       110.0548102723       -10.0548102723         1.3942737988
        7.3404464000        76.0875637375         2.8127067116         1.4169614611         4.9071121601       117.6736964109       -17.6736964109         1.3968249959
        7.3454333000        94.4803735632         2.8338160731         1.4041998268         4.9071121601        98.6264810644         1.3735189356         1.4019273900
        7.3504496000        98.8834018036         2.8388369110         1.4016475000         4.9147677924        94.8170379951         5.1829620049         1.3968249959
        7.3554530000        82.8472356288         2.8204913793         1.4118568074         4.9300790572       110.0548102723       -10.0548102723         1.3942737988
        7.3604371000        98.1643096916         2.8380177242         1.4016475000         4.9275271797        94.8170379951         5.1829620049         1.4019273900
        7.3654485000        94.7290278727         2.8340999342         1.4041998268         4.9351828121        98.6264810644         1.3735189356         1.4044785871
        7.3704546000        78.1305821867         2.8150629274         1.4144091342         4.9453903219       113.8642533416       -13.8642533416         1.3993761929
        7.3754442000        84.4847871677         2.8223724588         1.4093044805         4.9581497092       106.2453672030        -6.2453672030         1.3993761929
        7.3804530000        83.5629616004         2.8213137691         1.4093044805         4.9632534642       106.2453672030        -6.2453672030         1.3968249959
        7.3854371000       103.6426099597         2.8442508794         1.3965428462         4.9632534642        87.1981518564        12.8018481436         1.3968249959
        7.3904462000        92.9312975926         2.8320467950         1.4041998268         4.9683572191        98.6264810644         1.3735189356         1.3942737988
        7.3954538000        93.1340310478         2.8322784327         1.4041998268         4.9785647289        98.6264810644         1.3735189356         1.4044785871
        7.4004646000        97.5370592883         2.8373029090         1.4016475000         4.9760128515        94.8170379951         5.1829620049         1.3993761929
        7.4054484000        85.7011878987         2.8237685800         1.4093044805         4.9964278711       106.2453672030        -6.2453672030         1.3968249959
        7.4104405000        97.3802466874         2.8371241681         1.4016475000         4.9964278711        94.8170379951         5.1829620049         1.4044785871
        7.4154375000        93.9449648685         2.8332047256         1.4041998268         5.0040835035        98.6264810644         1.3735189356         1.4019273900
        7.4204325000        94.1476983237         2.8334362344         1.4041998268         5.0066353810        98.6264810644         1.3735189356         1.3993761929
        7.4254318000        94.3504317789         2.8336677177         1.4041998268         5.0066353810        98.6264810644         1.3735189356         1.3917226017
        7.4307061000        86.1525756634         2.8242864065         1.4093044805         5.0117391359       106.2453672030        -6.2453672030         1.3917226017
        7.4354329000        89.4310448815         2.8280433756         1.4067521537         5.0091872584       102.4359241337        -2.4359241337         1.3891714046
        7.4404649000       101.6723831814         2.8420111995         1.3990951731         5.0015316260        91.0075949257         8.9924050743         1.4044785871
        7.4454508000        98.7993808737         2.8387412107         1.4016475000         5.0066353810        94.8170379951         5.1829620049         1.3891714046
        7.4504354000       107.9649834106         2.8491566655         1.3965428462         5.0015316260        87.1981518564        12.8018481436         1.3968249959
        7.4554771000        93.0533762582         2.8321862819         1.4067521537         5.0066353810       102.4359241337        -2.4359241337         1.3866202076
        7.4604532000        96.8941249875         2.8365699732         1.4041998268         5.0040835035        98.6264810644         1.3735189356         1.4044785871
        7.4654401000       105.4974480133         2.8463573586         1.3990951731         5.0015316260        91.0075949257         8.9924050743         1.4044785871
        7.4704322000       106.8247404908         2.8478635320         1.3990951731         4.9989797486        91.0075949257         8.9924050743         1.3993761929
        7.4754291000       108.1520329684         2.8493687274         1.3990951731         5.0015316260        91.0075949257         8.9924050743         1.4044785871
        7.4804689000        50.6751984518         2.7831311279         1.4348277491         5.0117391359       144.3397978960       -44.3397978960         1.3917226017
        7.4854507000        73.5326412697         2.8097558625         1.4169614611         5.0117391359       117.6736964109       -17.6736964109         1.3993761929
        7.4904400000       104.5263354513         2.8452547411         1.3965428462         5.0066353810        87.1981518564        12.8018481436         1.3968249959
        7.4954434000        89.6147282989         2.8282536596         1.4067521537         4.9989797486       102.4359241337        -2.4359241337         1.3942737988
        7.5004334000        85.0548874576         2.8230269143         1.4093044805         5.0015316260       106.2453672030        -6.2453672030         1.3968249959
        7.5054594000        92.5336514610         2.8315923799         1.4041998268         4.9964278711        98.6264810644         1.3735189356         1.3891714046
        7.5104357000        92.7363849161         2.8318240686         1.4041998268         4.9938759937        98.6264810644         1.3735189356         1.4044785871
        7.5154303000        84.5385288007         2.8224341618         1.4093044805         1.1150222560       106.2453672030        -6.2453672030         1.4044785871
        7.5204774000        71.0158188776         2.8068443115         1.4169614611         1.1175741334       117.6736964109       -17.6736964109         1.3917226017
        7.5254754000        97.8092182739         2.8376130909         1.3990951731         1.1099185011        91.0075949257         8.9924050743         1.3917226017
        7.5307542000        86.5356263956         2.8247257309         1.4067521537         1.1022628687       102.4359241337        -2.4359241337         1.3917226017
        7.5354526000        86.1760803396         2.8243133671         1.4067521537         1.1073666236       102.4359241337        -2.4359241337         1.4070297842
        7.5404338000        90.0168290689         2.8287139153         1.4041998268         1.1048147461        98.6264810644         1.3735189356         1.3993761929
        7.5454389000        77.6186781681         2.8144728287         1.4118568074         1.1048147461       110.0548102723       -10.0548102723         1.3968249959
        7.5504512000        88.7354574456         2.8272468557         1.4041998268         1.1048147461        98.6264810644         1.3735189356         1.3968249959
        7.5554344000        76.3373065449         2.8129949013         1.4118568074         0.0024036839       110.0548102723       -10.0548102723         1.3942737988
        7.5604902000        74.8532014665         2.8112816601         1.4118568074         0.0024036839       110.0548102723       -10.0548102723         1.3942737988
        7.5654297000        81.7696859587         2.8192525804         1.4067521537        -0.0052519485       102.4359241337        -2.4359241337         1.3993761929
        7.5704491000        98.2113190439         2.8380712866         1.3965428462        -0.0052519485        87.1981518564        12.8018481436         1.3993761929
        7.5754342000        83.2997118914         2.8210113283         1.4067521537        -0.0001481936       102.4359241337        -2.4359241337         1.3993761929
        7.5804396000        87.1404606207         2.8254192221         1.4041998268         0.0024036839        98.6264810644         1.3735189356         1.4044785871
        7.5854439000        78.9426045053         2.8159986059         1.4093044805         0.0024036839       106.2453672030        -6.2453672030         1.4044785871
        7.5904369000        90.6216632940         2.8294060287         1.4016475000        -0.0078038260        94.8170379951         5.1829620049         1.3993761929
        7.5954391000        87.1863814751         2.8254718641         1.4041998268        -0.0052519485        98.6264810644         1.3735189356         1.4044785871
        7.6004494000        83.1888201449         2.8208839135         1.4067521537        -0.0001481936       102.4359241337        -2.4359241337         1.4044785871
        7.6054402000        82.8292740889         2.8204707365         1.4067521537        -0.0027000711       102.4359241337        -2.4359241337         1.3993761929
        7.6104378000        95.0706123888         2.8344898209         1.3990951731        -0.0052519485        91.0075949257         8.9924050743         1.3968249959
        7.6154418000        66.9958413693         2.8021839466         1.4169614611         0.0100593162       117.6736964109       -17.6736964109         1.3917226017
        7.6204368000        68.5874720538         2.8040306014         1.4144091342         0.0075074388       113.8642533416       -13.8642533416         1.3942737988
        7.6254529000        62.3407926789         2.7967716928         1.4169614611         0.0049555613       117.6736964109       -17.6736964109         1.3942737988
        7.6304312000        80.7336025046         2.8180606955         1.4041998268         0.0024036839        98.6264810644         1.3735189356         1.4019273900
        7.6356069000        80.9363359598         2.8182939738         1.4041998268         0.0024036839        98.6264810644         1.3735189356         1.3993761929
        7.6404482000        76.9387746297         2.8136887784         1.4067521537         0.0151630711       102.4359241337        -2.4359241337         1.3993761929
        7.6454339000        63.9783442177         2.7986775611         1.4144091342         0.0253705810       113.8642533416       -13.8642533416         1.3993761929
        7.6504418000        74.5328439840         2.8109116311         1.4067521537         0.0279224584       102.4359241337        -2.4359241337         1.4044785871
        7.6554519000        82.5738874986         2.8201772019         1.4016475000         0.0253705810        94.8170379951         5.1829620049         1.3968249959
        7.6604422000        58.1371317532         2.7918693714         1.4169614611         0.0457856007       117.6736964109       -17.6736964109         1.3993761929
        7.6654537000        59.7287624377         2.7937272251         1.4144091342         0.0432337232       113.8642533416       -13.8642533416         1.4044785871
        7.6706534000        53.4820830628         2.7864236400         1.4169614611         0.0585449879       117.6736964109       -17.6736964109         1.3942737988
        7.6754391000        67.6745981032         2.8029716977         1.4067521537         0.0662006203       102.4359241337        -2.4359241337         1.3968249959
        7.6804520000        67.3150520472         2.8025544602         1.4067521537         0.0662006203       102.4359241337        -2.4359241337         1.4044785871
        7.6854369000        75.3560955618         2.8118623770         1.4016475000         0.0738562527        94.8170379951         5.1829620049         1.3840690105
        7.6904434000        50.9193398164         2.7834177780         1.4169614611         0.0866156400       117.6736964109       -17.6736964109         1.3891714046
        7.6954304000        73.5124444274         2.8097325168         1.4016475000         0.0891675175        94.8170379951         5.1829620049         1.4044785871
        7.7004846000        70.0771626084         2.8057572262         1.4041998268         0.0942712724        98.6264810644         1.3735189356         1.3942737988
        7.7054261000        28.2769482106         2.7566027631         1.4297230954         0.0968231498       136.7209117574       -36.7209117574         1.3993761929
        7.7104797000        60.6595396215         2.7948127303         1.4067521537         0.1095825371       102.4359241337        -2.4359241337         1.4044785871
        7.7154269000        68.7005831361         2.8041617620         1.4016475000         0.1146862920        94.8170379951         5.1829620049         1.3942737988
        7.7204651000        73.6658908878         2.8099098795         1.3990951731         0.1172381695        91.0075949257         8.9924050743         1.4044785871
        7.7254427000        79.1934781507         2.8162875886         1.3965428462         0.1274456793        87.1981518564        12.8018481436         1.3993761929
        7.7305046000        55.8812814276         2.7892326179         1.4118568074         0.1427569441       110.0548102723       -10.0548102723         1.3993761929
        7.7354854000        71.1983554904         2.8070556355         1.4016475000         0.1453088216        94.8170379951         5.1829620049         1.4019273900
        7.7405153000        71.9633684568         2.8079410250         1.4016475000         0.1580682088        94.8170379951         5.1829620049         1.3968249959
        7.7454710000        60.1274970673         2.7941923297         1.4093044805         0.1631719638       106.2453672030        -6.2453672030         1.3866202076
        7.7504628000        67.6062610707         2.8028924032         1.4041998268         0.1631719638        98.6264810644         1.3735189356         1.3866202076
        7.7554536000        67.8089945258         2.8031276333         1.4041998268         0.1657238412        98.6264810644         1.3735189356         1.4044785871
        7.7604383000        68.0117279810         2.8033628317         1.4041998268         0.1784832285        98.6264810644         1.3735189356         1.3917226017
        7.7654246000        72.4147562215         2.8084632346         1.4016475000         0.1861388609        94.8170379951         5.1829620049         1.4044785871
        7.7704946000        60.5788848320         2.7947186957         1.4093044805         0.1988982482       106.2453672030        -6.2453672030         1.3968249959
        7.7754466000        72.2579436207         2.8082818356         1.4016475000         0.1988982482        94.8170379951         5.1829620049         1.4019273900
        7.7804408000        81.4235461576         2.8188544726         1.3965428462         0.1988982482        87.1981518564        12.8018481436         1.4019273900
        7.7854593000        83.3131181464         2.8210267316         1.3965428462         0.2065538806        87.1981518564        12.8018481436         1.4019273900
        7.7904688000        89.4029849205         2.8280112501         1.3939905194         0.2116576355        83.3887087871        16.6112912129         1.4019273900
        7.7954478000        70.8533624939         2.8066562135         1.4067521537         0.2269689002       102.4359241337        -2.4359241337         1.3840690105
        7.8004679000        62.0932268673         2.7964833767         1.4118568074         0.2371764101       110.0548102723       -10.0548102723         1.3993761929
        7.8054419000        77.4103009301         2.8142325677         1.4016475000         0.2448320425        94.8170379951         5.1829620049         1.3993761929
        7.8104332000        78.1753138965         2.8151144832         1.4016475000         0.2499357974        94.8170379951         5.1829620049         1.3917226017
        7.8154417000        70.5397372922         2.8062930305         1.4067521537         0.2575914298       102.4359241337        -2.4359241337         1.3942737988
        7.8204659000        74.3804860215         2.8107356236         1.4041998268         0.2575914298        98.6264810644         1.3735189356         1.3942737988
        7.8254850000        91.3843986179         2.8302784934         1.3939905194         0.2550395523        83.3887087871        16.6112912129         1.3993761929
        7.8304443000        89.6359553326         2.8282779593         1.3965428462         0.2677989396        87.1981518564        12.8018481436         1.4044785871
        7.8354236000        91.5255273213         2.8304398845         1.3965428462         0.2754545720        87.1981518564        12.8018481436         1.3917226017
        7.8404751000        72.4136253836         2.8084619265         1.4093044805         0.2805583269       106.2453672030        -6.2453672030         1.3942737988
        7.8455085000        29.4888519634         2.7580503175         1.4348277491         0.2907658367       144.3397978960       -44.3397978960         1.4044785871
        7.8504489000        64.9471791372         2.7998041419         1.4093044805         0.2984214691       106.2453672030        -6.2453672030         1.3866202076
        7.8554750000        80.8265327112         2.8181676306         1.3990951731         0.3009733466        91.0075949257         8.9924050743         1.3815178134
        7.8604942000        82.1538251888         2.8196942957         1.3990951731         0.3086289789        91.0075949257         8.9924050743         1.3840690105
        7.8654372000        87.6814124516         2.8260392616         1.3965428462         0.3188364888        87.1981518564        12.8018481436         1.4044785871
        7.8704503000        85.3706896551         2.8233893499         1.3990951731         0.3239402437        91.0075949257         8.9924050743         1.4044785871
        7.8754566000        78.2973925621         2.8152551782         1.4041998268         0.3290439986        98.6264810644         1.3735189356         1.4044785871
        7.8804355000        95.3013051584         2.8347530942         1.3939905194         0.3315958761        83.3887087871        16.6112912129         1.3993761929
        7.8854220000        72.5513879466         2.8086212737         1.4093044805         0.3494590183       106.2453672030        -6.2453672030         1.3917226017
        7.8904377000        71.6295623794         2.8075547476         1.4093044805         0.3520108957       106.2453672030        -6.2453672030         1.3917226017
        7.8954224000        74.9080315975         2.8113449841         1.4067521537         0.3545627732       102.4359241337        -2.4359241337         1.3993761929
        7.9004485000        78.7487803268         2.8157753084         1.4041998268         0.3596665281        98.6264810644         1.3735189356         1.3917226017
        7.9054396000        78.9515137820         2.8160088693         1.4041998268         0.3673221605        98.6264810644         1.3735189356         1.3993761929
        7.9104480000        79.1542472371         2.8162424013         1.4041998268         0.3749777929        98.6264810644         1.3735189356         1.4044785871
        7.9154578000        83.5572754776         2.8213072370         1.4016475000         0.3775296703        94.8170379951         5.1829620049         1.4019273900
        7.9204715000        84.3222884440         2.8221858757         1.4016475000         0.3826334252        94.8170379951         5.1829620049         1.3968249959
        7.9254273000        72.4864170544         2.8085461249         1.4093044805         0.4030484449       106.2453672030        -6.2453672030         1.3891714046
        7.9305505000        50.5631175607         2.7829995148         1.4220661148         0.4030484449       125.2925825495       -25.2925825495         1.3993761929
        7.9354448000        55.2304840082         2.7884711444         1.4169614611         0.4132559548       117.6736964109       -17.6736964109         1.3840690105
        7.9404499000        65.2227042633         2.8001243933         1.4093044805         0.4158078322       106.2453672030        -6.2453672030         1.3840690105
        7.9456342000        64.3008786960         2.7990526929         1.4093044805         0.4183597097       106.2453672030        -6.2453672030         1.4044785871
        7.9505044000        80.1802322700         2.8174238056         1.3990951731         0.4260153420        91.0075949257         8.9924050743         1.3968249959
        7.9554619000        56.3057560358         2.7897290887         1.4144091342         0.4438784843       113.8642533416       -13.8642533416         1.3993761929
        7.9604577000        54.2593714462         2.7873342201         1.4144091342         0.4438784843       113.8642533416       -13.8642533416         1.4044785871
        7.9654340000        73.2144607831         2.8093880396         1.4016475000         0.4438784843        94.8170379951         5.1829620049         1.3993761929
        7.9704375000        82.3800633201         2.8199543955         1.3965428462         0.4515341166        87.1981518564        12.8018481436         1.4044785871
        7.9754503000        80.0693405235         2.8172961513         1.3990951731         0.4642935039        91.0075949257         8.9924050743         1.4044785871
        7.9804246000        85.5969277864         2.8236489547         1.3965428462         0.4642935039        87.1981518564        12.8018481436         1.3917226017
        7.9854368000        79.0859102046         2.8161636860         1.4016475000         0.4719491363        94.8170379951         5.1829620049         1.3891714046
        7.9904297000        88.2515127415         2.8266925024         1.3965428462         0.4847085236        87.1981518564        12.8018481436         1.3917226017
        7.9954544000        81.7404951597         2.8192190102         1.4016475000         0.4872604011        94.8170379951         5.1829620049         1.3891714046
        8.0004462000        61.5040341996         2.7957970029         1.4144091342         0.5000197884       113.8642533416       -13.8642533416         1.3942737988
        8.0054261000        55.2573548247         2.7885025919         1.4169614611         0.5153310531       117.6736964109       -17.6736964109         1.3993761929
        8.0104408000        61.0492802945         2.7952670511         1.4118568074         0.5229866855       110.0548102723       -10.0548102723         1.3993761929
        8.0154278000        76.3663543573         2.8130284180         1.4016475000         0.5255385629        94.8170379951         5.1829620049         1.4044785871
        8.0204507000        56.1298933972         2.7895234159         1.4144091342         0.5357460728       113.8642533416       -13.8642533416         1.3993761929
        8.0254419000        83.4855723047         2.8212248635         1.3965428462         0.5306423179        87.1981518564        12.8018481436         1.4044785871
        8.0304242000        68.5739651522         2.8040149385         1.4067521537         0.5357460728       102.4359241337        -2.4359241337         1.3968249959
        8.0354452000        85.0155982374         2.8229818186         1.3965428462         0.5408498277        87.1981518564        12.8018481436         1.3917226017
        8.0404175000        70.1039910850         2.8057883062         1.4067521537         0.5561610925       102.4359241337        -2.4359241337         1.3917226017
        8.0454613000        86.5456241701         2.8247371961         1.3965428462         0.5561610925        87.1981518564        12.8018481436         1.3891714046
        8.0504347000        88.4351961589         2.8269029278         1.3965428462         0.5638167248        87.1981518564        12.8018481436         1.3993761929
        8.0556391000        86.1244733624         2.8242541719         1.3990951731         0.5714723572        91.0075949257         8.9924050743         1.3993761929
        8.0604415000        24.4473440604         2.7520188581         1.4373800759         0.5893354994       148.1492409653       -48.1492409653         1.3917226017
        8.0654236000        71.9442760790         2.8079189337         1.4041998268         0.5893354994        98.6264810644         1.3735189356         1.3942737988
        8.0704287000        93.1484834607         2.8322949447         1.3914381925         0.5867836220        79.5792657178        20.4207342822         1.4019273900
        8.0754364000        79.3614353306         2.8164810345         1.4016475000         0.6020948867        94.8170379951         5.1829620049         1.4044785871
        8.0804316000       101.1279222235         2.8413918793         1.3888858657         0.6046467642        75.7698226485        24.2301773515         1.3968249959
        8.0854328000        96.3037431752         2.8358967248         1.3939905194         0.6148542740        83.3887087871        16.6112912129         1.3942737988
        8.0904805000        77.7541207487         2.8146289787         1.4067521537         0.6276136613       102.4359241337        -2.4359241337         1.3993761929
        8.0954314000        85.7951642633         2.8238763998         1.4016475000         0.6276136613        94.8170379951         5.1829620049         1.3917226017
        8.1004406000       120.1625355121         2.8629466881         1.3812288851         0.6327174162        64.3414934406        35.6585065594         1.3917226017
        8.1054238000        87.6231315003         2.8259724692         1.4041998268         0.6480286810        98.6264810644         1.3735189356         1.3993761929
        8.1104368000        79.4252753849         2.8165545576         1.4093044805         0.6505805584       106.2453672030        -6.2453672030         1.3993761929
        8.1154397000        74.3031550323         2.8106462826         1.4118568074         0.6607880683       110.0548102723       -10.0548102723         1.3993761929
        8.1204498000        72.8190499539         2.8089308326         1.4118568074         0.6684437007       110.0548102723       -10.0548102723         1.3993761929
        8.1254332000        92.3364188020         2.8313669528         1.3990951731         0.6684437007        91.0075949257         8.9924050743         1.4044785871
        8.1304474000        81.0628269237         2.8184395080         1.4067521537         0.6735474556       102.4359241337        -2.4359241337         1.4070297842
        8.1354332000        76.5029860824         2.8131860617         1.4093044805         0.6837549654       106.2453672030        -6.2453672030         1.3993761929
        8.1404423000        92.3823396564         2.8314194403         1.3990951731         0.6863068429        91.0075949257         8.9924050743         1.3968249959
        8.1454226000        64.3075686369         2.7990604729         1.4169614611         0.7016181076       117.6736964109       -17.6736964109         1.3917226017
        8.1505264000        78.5000836773         2.8154887553         1.4067521537         0.7016181076       102.4359241337        -2.4359241337         1.3917226017
        8.1555236000        69.7399480506         2.8053665256         1.4118568074         0.7143774949       110.0548102723       -10.0548102723         1.3993761929
        8.1605049000        76.6564325428         2.8133630900         1.4067521537         0.7118256175       102.4359241337        -2.4359241337         1.3942737988
        8.1654385000        80.4971812721         2.8177886176         1.4041998268         0.7245850047        98.6264810644         1.3735189356         1.4044785871
        8.1704231000        84.9002095126         2.8228493710         1.4016475000         0.7322406371        94.8170379951         5.1829620049         1.3891714046
        8.1754583000        85.6652224790         2.8237273151         1.4016475000         0.7373443920        94.8170379951         5.1829620049         1.4044785871
        8.1804596000        78.0296458747         2.8149465876         1.4067521537         0.7450000244       102.4359241337        -2.4359241337         1.4044785871
        8.1854349000        77.6700998187         2.8145321136         1.4067521537         0.7501037793       102.4359241337        -2.4359241337         1.3917226017
        8.1904640000        94.1117329039         2.8333951661         1.3965428462         0.7501037793        87.1981518564        12.8018481436         1.3968249959
        8.1954214000        45.5977674691         2.7771578184         1.4271707685         0.7705187990       132.9114686881       -32.9114686881         1.3993761929
        8.2004580000        86.9432279618         2.8251931056         1.3990951731         0.7679669216        91.0075949257         8.9924050743         1.3891714046
        8.2054372000        79.8699308688         2.8170665769         1.4041998268         0.7781744314        98.6264810644         1.3735189356         1.3968249959
        8.2104517000        75.8723695387         2.8124583529         1.4067521537         0.7909338187       102.4359241337        -2.4359241337         1.3968249959
        8.2154327000        92.3140026238         2.8313413307         1.3965428462         0.7883819412        87.1981518564        12.8018481436         1.4044785871
        8.2204452000        85.8029850420         2.8238853724         1.4016475000         0.7960375736        94.8170379951         5.1829620049         1.4044785871
        8.2254317000        94.9685875790         2.8343733767         1.3965428462         0.7934856961        87.1981518564        12.8018481436         1.3891714046
        8.2304406000        96.8581595677         2.8365289657         1.3965428462         0.8011413285        87.1981518564        12.8018481436         1.3891714046
        8.2354207000        81.9465524153         2.8194559689         1.4067521537         0.8139007158       102.4359241337        -2.4359241337         1.3917226017
        8.2404577000       102.5884802858         2.8430528633         1.3939905194         0.8215563482        83.3887087871        16.6112912129         1.3942737988
        8.2454425000       105.0403317857         2.8458384075         1.3939905194         0.8215563482        83.3887087871        16.6112912129         1.3993761929
        8.2504571000        94.8912989298         2.8342851604         1.4016475000         0.8292119806        94.8170379951         5.1829620049         1.3968249959
        8.2554306000        87.2557223256         2.8255513514         1.4067521537         0.8394194904       102.4359241337        -2.4359241337         1.3917226017
        8.2610377000        99.4970606254         2.8395357440         1.3990951731         0.8496270002        91.0075949257         8.9924050743         1.4044785871
        8.2654316000        84.0231739618         2.8218423817         1.4093044805         0.8572826326       106.2453672030        -6.2453672030         1.3993761929
        8.2704646000        53.6992848975         2.7866781398         1.4271707685         0.8598345101       132.9114686881       -32.9114686881         1.3942737988
        8.2754275000        86.6441558196         2.8248501865         1.4041998268         0.8674901425        98.6264810644         1.3735189356         1.3942737988
        8.2804362000        78.4462997042         2.8154267786         1.4093044805         0.8776976523       106.2453672030        -6.2453672030         1.3891714046
        8.2854389000        90.1253584929         2.8288381232         1.4016475000         0.8802495297        94.8170379951         5.1829620049         1.3789666163
        8.2904553000        99.2909610299         2.8393010634         1.3965428462         0.8802495297        87.1981518564        12.8018481436         1.3891714046
        8.2954078000        88.5796486627         2.8270683952         1.4041998268         0.8930089170        98.6264810644         1.3735189356         1.3917226017
        8.3004510000        88.7823821179         2.8273005993         1.4041998268         0.8981126720        98.6264810644         1.3735189356         1.4019273900
        8.3054664000        80.5845260025         2.8178891400         1.4093044805         0.9134239367       106.2453672030        -6.2453672030         1.3993761929
        8.3104475000        83.8629952206         2.8216584124         1.4067521537         0.9108720593       102.4359241337        -2.4359241337         1.3917226017
        8.3154547000        83.5034491646         2.8212454010         1.4067521537         0.9108720593       102.4359241337        -2.4359241337         1.3968249959
        8.3204214000        83.1439031085         2.8208323013         1.4067521537         0.9236314466       102.4359241337        -2.4359241337         1.3840690105
        8.3254477000        91.1849466231         2.8300503837         1.4016475000         0.9312870789        94.8170379951         5.1829620049         1.4044785871
        8.3304587000        87.7496648042         2.8261174788         1.4041998268         0.9363908338        98.6264810644         1.3735189356         1.3993761929
        8.3354379000        87.9523982594         2.8263497933         1.4041998268         0.9465983437        98.6264810644         1.3735189356         1.3891714046
        8.3404987000        88.1551317146         2.8265820807         1.4041998268         0.9517020986        98.6264810644         1.3735189356         1.4044785871
        8.3454355000        79.9572755991         2.8171671377         1.4093044805         0.9542539761       106.2453672030        -6.2453672030         1.3917226017
        8.3504449000        95.8366291731         2.8353638950         1.3990951731         0.9568058535        91.0075949257         8.9924050743         1.3968249959
        8.3554297000       109.7648060066         2.8511963695         1.3914381925         0.9619096084        79.5792657178        20.4207342822         1.3968249959
        8.3604641000        83.3768735206         2.8210999822         1.4093044805         0.9797727506       106.2453672030        -6.2453672030         1.3993761929
        8.3655394000        74.0544583828         2.8103589318         1.4144091342         0.9797727506       113.8642533416       -13.8642533416         1.3942737988
        8.3704368000        93.0095477197         2.8321362045         1.4016475000         0.9848765056        94.8170379951         5.1829620049         1.3942737988
        8.3754658000        93.7745606861         2.8330101148         1.4016475000         0.9899802605        94.8170379951         5.1829620049         1.4044785871
        8.3804252000        86.1389840819         2.8242708164         1.4067521537         1.0001877703       102.4359241337        -2.4359241337         1.3968249959
        8.3854422000       102.5806171671         2.8430439244         1.3965428462         0.9976358929        87.1981518564        12.8018481436         1.4044785871
        8.3904509000        83.4687152293         2.8212054973         1.4093044805         1.0180509125       106.2453672030        -6.2453672030         1.3993761929
        8.3954296000        78.3465948768         2.8153118806         1.4118568074         1.0257065449       110.0548102723       -10.0548102723         1.3993761929
        8.4004504000        76.8624897984         2.8136007876         1.4118568074         1.0257065449       110.0548102723       -10.0548102723         1.3942737988
        8.4054258000        83.7789742906         2.8215619052         1.4067521537         1.0308102998       102.4359241337        -2.4359241337         1.3942737988
        8.4105455000        87.6197230199         2.8259685629         1.4041998268         1.0384659322        98.6264810644         1.3735189356         1.4070297842
        8.4154620000       100.4233408310         2.8405901654         1.3965428462         1.0410178097        87.1981518564        12.8018481436         1.3968249959
        8.4204766000        89.7120284638         2.8283650417         1.4041998268         1.0512253195        98.6264810644         1.3735189356         1.4019273900
        8.4254598000        94.1150567043         2.8333989615         1.4016475000         1.0588809519        94.8170379951         5.1829620049         1.4044785871
        8.4304550000        86.4794801001         2.8246613423         1.4067521537         1.0639847068       102.4359241337        -2.4359241337         1.3993761929
        8.4354347000        90.3202288294         2.8290611260         1.4041998268         1.0716403392        98.6264810644         1.3735189356         1.4019273900
        8.4404700000        82.1223727139         2.8196581329         1.4093044805         1.0869516039       106.2453672030        -6.2453672030         1.3993761929
        8.4454513000        85.4008419320         2.8234239512         1.4067521537         1.0843997265       102.4359241337        -2.4359241337         1.4044785871
        8.4504674000        93.4418854466         2.8326301294         1.4016475000         1.0843997265        94.8170379951         5.1829620049         1.3968249959
        8.4554504000       102.6074879836         2.8430744711         1.3965428462         1.0920553588        87.1981518564        12.8018481436         1.3993761929
        8.4604534000        87.6958808312         2.8260558427         1.4067521537         1.1022628687       102.4359241337        -2.4359241337         1.3942737988
        8.4654408000        87.3363347751         2.8256437556         1.4067521537         1.1124703785       102.4359241337        -2.4359241337         1.3942737988
        8.4704480000        95.3773782897         2.8348399039         1.4016475000         1.1150222560        94.8170379951         5.1829620049         1.3942737988
        8.4754745000        91.9420964708         2.8309161879         1.4041998268         1.1226778884        98.6264810644         1.3735189356         1.3942737988
        8.4804546000        83.7442403554         2.8215220081         1.4093044805         1.1354372756       106.2453672030        -6.2453672030         1.3993761929
        8.4854345000        95.4232991441         2.8348923040         1.4016475000         1.1354372756        94.8170379951         5.1829620049         1.4044785871
        8.4904463000        79.3871329692         2.8165106302         1.4118568074         1.1430929080       110.0548102723       -10.0548102723         1.4044785871
        8.4954479000        98.9045018173         2.8388609434         1.3990951731         1.1430929080        91.0075949257         8.9924050743         1.3993761929
        8.5004417000        83.4306151537         2.8211617256         1.4093044805         1.1558522953       106.2453672030        -6.2453672030         1.3942737988
        8.5054374000        69.9079052306         2.8055611334         1.4169614611         1.1686116826       117.6736964109       -17.6736964109         1.3917226017
        8.5104537000        75.6998307004         2.8122591992         1.4118568074         1.1762673150       110.0548102723       -10.0548102723         1.3993761929
        8.5154201000        78.4160204073         2.8153918860         1.4093044805         1.1762673150       106.2453672030        -6.2453672030         1.3840690105
        8.5204244000        77.4941948401         2.8143293019         1.4093044805         1.1813710699       106.2453672030        -6.2453672030         1.3866202076
        8.5254305000        84.9729588435         2.8229328765         1.4041998268         1.1890267023        98.6264810644         1.3735189356         1.3917226017
        8.5304439000        80.9753975134         2.8183389173         1.4067521537         1.1941304572       102.4359241337        -2.4359241337         1.3942737988
        8.5354311000        72.2152618867         2.8082324587         1.4118568074         1.2068898445       110.0548102723       -10.0548102723         1.3942737988
        8.5404348000        74.9314515936         2.8113720315         1.4093044805         1.2145454769       106.2453672030        -6.2453672030         1.3942737988
        8.5454197000        82.4102155970         2.8199890581         1.4041998268         1.2170973543        98.6264810644         1.3735189356         1.4044785871
        8.5504400000        74.2123594816         2.8105413802         1.4093044805         1.2247529867       106.2453672030        -6.2453672030         1.4044785871
        8.5554427000        85.8914182703         2.8239868266         1.4016475000         1.2222011093        94.8170379951         5.1829620049         1.4070297842
        8.5604575000        78.2558416661         2.8152072922         1.4067521537         1.2400642515       102.4359241337        -2.4359241337         1.3917226017
        8.5654331000        73.6960008247         2.8099446803         1.4093044805         1.2477198838       106.2453672030        -6.2453672030         1.3993761929
        8.5704553000        72.7741752575         2.8088789374         1.4093044805         1.2553755162       106.2453672030        -6.2453672030         1.3993761929
        8.5754680000        67.6520549050         2.8029455402         1.4118568074         1.2604792711       110.0548102723       -10.0548102723         1.3968249959
        8.5804893000        78.7688341825         2.8157984129         1.4041998268         1.2604792711        98.6264810644         1.3735189356         1.3917226017
        8.5854662000        78.9715676377         2.8160319710         1.4041998268         1.2655830261        98.6264810644         1.3735189356         1.4044785871
        8.5904416000        91.7751854488         2.8307253558         1.3965428462         1.2655830261        87.1981518564        12.8018481436         1.3993761929
        8.5954366000        81.0638730816         2.8184407116         1.4041998268         1.2732386584        98.6264810644         1.3735189356         1.3968249959
        8.6009665000        77.0663117515         2.8138358767         1.4067521537         1.2859980457       102.4359241337        -2.4359241337         1.3993761929
        8.6054436000        80.9070604808         2.8182602893         1.4041998268         1.2859980457        98.6264810644         1.3735189356         1.3993761929
        8.6104558000        93.7106782919         2.8329371530         1.3965428462         1.2936536781        87.1981518564        12.8018481436         1.3993761929
        8.6154608000        91.3999554954         2.8302962845         1.3990951731         1.2987574330        91.0075949257         8.9924050743         1.3993761929
        8.6204193000        71.7257740464         2.8076660914         1.4118568074         1.3166205752       110.0548102723       -10.0548102723         1.3917226017
        8.6254560000        87.0428481092         2.8253073179         1.4016475000         1.3191724527        94.8170379951         5.1829620049         1.3993761929
        8.6304407000        83.6075662903         2.8213650096         1.4041998268         1.3242762076        98.6264810644         1.3735189356         1.3840690105
        8.6354436000        79.6100049602         2.8167672899         1.4067521537         1.3293799625       102.4359241337        -2.4359241337         1.3840690105
        8.6404297000        70.8498693335         2.8066521688         1.4118568074         1.3446912273       110.0548102723       -10.0548102723         1.3993761929
        8.6454470000        86.1669433963         2.8243028868         1.4016475000         1.3446912273        94.8170379951         5.1829620049         1.3968249959
        8.6504534000        74.3310720068         2.8106785357         1.4093044805         1.3574506146       106.2453672030        -6.2453672030         1.3968249959
        8.6554598000        69.2089516543         2.8047511322         1.4118568074         1.3625543695       110.0548102723       -10.0548102723         1.3942737988
        8.6604402000        76.1254361465         2.8127504172         1.4067521537         1.3651062470       102.4359241337        -2.4359241337         1.4019273900
        8.6654673000        75.7658900905         2.8123354511         1.4067521537         1.3702100019       102.4359241337        -2.4359241337         1.3968249959
        8.6704382000        75.4063440345         2.8119203913         1.4067521537         1.3829693892       102.4359241337        -2.4359241337         1.3993761929
        8.6754533000        87.6476823344         2.8260006058         1.3990951731         1.3829693892        91.0075949257         8.9924050743         1.3917226017
        8.6804289000        76.3740904560         2.8130373441         1.4067521537         1.3880731441       102.4359241337        -2.4359241337         1.3815178134
        8.6854257000        84.4151339706         2.8222924843         1.4016475000         1.3931768990        94.8170379951         5.1829620049         1.3942737988
        8.6904419000        89.3804417223         2.8279854403         1.3990951731         1.4008325314        91.0075949257         8.9924050743         1.3942737988
        8.6954600000        82.3071446293         2.8198705667         1.4041998268         1.4135919187        98.6264810644         1.3735189356         1.3891714046
        8.7004470000        78.3095832991         2.8152692274         1.4067521537         1.4212475511       102.4359241337        -2.4359241337         1.3968249959
        8.7054541000        94.7512163843         2.8341252625         1.3965428462         1.4212475511        87.1981518564        12.8018481436         1.3942737988
        8.7104854000        92.4404935878         2.8314859082         1.3990951731         1.4237994285        91.0075949257         8.9924050743         1.3891714046
        8.7154478000        68.5660173535         2.8040057219         1.4144091342         1.4314550609       113.8642533416       -13.8642533416         1.4044785871
        8.7205581000        95.9216962610         2.8354609397         1.3965428462         1.4314550609        87.1981518564        12.8018481436         1.3993761929
        8.7254888000        89.4106786792         2.8280200586         1.4016475000         1.4467663256        94.8170379951         5.1829620049         1.3993761929
        8.7304696000        98.5762812162         2.8384870785         1.3965428462         1.4493182031        87.1981518564        12.8018481436         1.3942737988
        8.7354473000        83.6646740637         2.8214306113         1.4067521537         1.4544219580       102.4359241337        -2.4359241337         1.3840690105
        8.7404321000       104.3066019342         2.8450051779         1.3939905194         1.4620775904        83.3887087871        16.6112912129         1.3917226017
        8.7454575000        98.3578638636         2.8382382509         1.3990951731         1.4671813453        91.0075949257         8.9924050743         1.3942737988
        8.7504413000        95.4848615558         2.8349625506         1.4016475000         1.4748369777        94.8170379951         5.1829620049         1.4044785871
        8.7554266000       117.2513484487         2.8596623283         1.3888858657         1.4722851002        75.7698226485        24.2301773515         1.4044785871
        8.7604420000        99.8262850446         2.8399105714         1.4016475000         1.4850444875        94.8170379951         5.1829620049         1.3993761929
        8.7654212000        92.1907084403         2.8312003972         1.4067521537         1.4927001199       102.4359241337        -2.4359241337         1.4044785871
        8.7704360000       112.8326363108         2.8546690720         1.3939905194         1.4901482425        83.3887087871        16.6112912129         1.4044785871
        8.7754219000        98.4833086696         2.8383811649         1.4041998268         1.5054595072        98.6264810644         1.3735189356         1.3917226017
        8.7804590000       102.8863369100         2.8433914415         1.4016475000         1.5054595072        94.8170379951         5.1829620049         1.3993761929
        8.7858482000        95.2507603058         2.8346954138         1.4067521537         1.5233226494       102.4359241337        -2.4359241337         1.3942737988
        8.7904945000        99.0915090351         2.8390739281         1.4041998268         1.5258745269        98.6264810644         1.3735189356         1.4070297842
        8.7954560000        90.8936529197         2.8297171904         1.4093044805         1.5360820367       106.2453672030        -6.2453672030         1.3917226017
        8.8004431000        85.7715325672         2.8238492875         1.4118568074         1.5437376691       110.0548102723       -10.0548102723         1.3968249959
        8.8054428000       105.2889014153         2.8461206162         1.3990951731         1.5386339142        91.0075949257         8.9924050743         1.4044785871
        8.8104626000       119.2170782487         2.8618804925         1.3914381925         1.5513933015        79.5792657178        20.4207342822         1.3993761929
        8.8154688000        92.8291457628         2.8319300692         1.4093044805         1.5590489338       106.2453672030        -6.2453672030         1.3993761929
        8.8204324000        87.7070254103         2.8260686144         1.4118568074         1.5718083211       110.0548102723       -10.0548102723         1.3968249959
        8.8254599000        90.4232151172         2.8291789699         1.4093044805         1.5743601986       106.2453672030        -6.2453672030         1.3993761929
        8.8304582000        93.7016843353         2.8329268806         1.4067521537         1.5794639535       102.4359241337        -2.4359241337         1.3993761929
        8.8354554000        93.3421382792         2.8325161835         1.4067521537         1.5845677084       102.4359241337        -2.4359241337         1.4044785871
        8.8404411000       101.3831817938         2.8416822567         1.4016475000         1.5871195859        94.8170379951         5.1829620049         1.3968249959
        8.8454595000       106.3484895455         2.8473232093         1.3990951731         1.5947752183        91.0075949257         8.9924050743         1.3968249959
        8.8504300000        86.6743080966         2.8248847621         1.4118568074         1.6075346056       110.0548102723       -10.0548102723         1.3942737988
        8.8554592000        93.5907925888         2.8328002214         1.4067521537         1.6100864830       102.4359241337        -2.4359241337         1.3917226017
        8.8604739000        97.4315413181         2.8371826373         1.4041998268         1.6177421154        98.6264810644         1.3735189356         1.3942737988
        8.8656305000        85.0333904173         2.8230022404         1.4118568074         1.6253977478       110.0548102723       -10.0548102723         1.3917226017
        8.8704574000        87.7495801242         2.8261173818         1.4093044805         1.6381571351       106.2453672030        -6.2453672030         1.3968249959
        8.8754685000        82.6274597717         2.8202387801         1.4118568074         1.6432608900       110.0548102723       -10.0548102723         1.3993761929
        8.8804516000        93.7442390492         2.8329754840         1.4041998268         1.6458127674        98.6264810644         1.3735189356         1.3993761929
        8.8854293000        93.9469725044         2.8332070183         1.4041998268         1.6509165224        98.6264810644         1.3735189356         1.3968249959
        8.8904431000        89.9494111743         2.8286367543         1.4067521537         1.6560202773       102.4359241337        -2.4359241337         1.3968249959
        8.8954850000        89.5898651183         2.8282251971         1.4067521537         1.6636759097       102.4359241337        -2.4359241337         1.4044785871
        8.9004626000       101.8312034181         2.8421918236         1.3990951731         1.6636759097        91.0075949257         8.9924050743         1.3993761929
        8.9054466000        82.1570219692         2.8196979712         1.4118568074         1.6764352970       110.0548102723       -10.0548102723         1.3993761929
        8.9105244000        93.2738012467         2.8324381153         1.4041998268         1.6840909293        98.6264810644         1.3735189356         1.3917226017
        8.9154506000        72.4750607754         2.8085329893         1.4169614611         1.6891946843       117.6736964109       -17.6736964109         1.3917226017
        8.9204345000        78.2669862452         2.8152201361         1.4118568074         1.7045059490       110.0548102723       -10.0548102723         1.3891714046
        8.9254539000        80.9831759521         2.8183478669         1.4093044805         1.7096097039       106.2453672030        -6.2453672030         1.3917226017
        8.9304745000        88.4619399555         2.8269335633         1.4041998268         1.7096097039        98.6264810644         1.3735189356         1.3917226017
        8.9354543000        80.2640838400         2.8175203266         1.4093044805         1.7249209687       106.2453672030        -6.2453672030         1.3891714046
        8.9404403000        91.9431426287         2.8309173840         1.4016475000         1.7172653363        94.8170379951         5.1829620049         1.4044785871
        8.9454468000        80.1072712392         2.8173398166         1.4093044805         1.7300247236       106.2453672030        -6.2453672030         1.4044785871
        8.9504227000        95.9866248132         2.8355350074         1.3990951731         1.7300247236        91.0075949257         8.9924050743         1.3968249959
        8.9554438000        88.9133277202         2.8274505657         1.4041998268         1.7376803560        98.6264810644         1.3735189356         1.3968249959
        8.9604458000       101.7169455312         2.8420618811         1.3965428462         1.7427841109        87.1981518564        12.8018481436         1.3993761929
        8.9654310000        78.4047488082         2.8153788970         1.4118568074         1.7580953756       110.0548102723       -10.0548102723         1.3942737988
        8.9704526000        76.9206437298         2.8136678657         1.4118568074         1.7683028855       110.0548102723       -10.0548102723         1.3942737988
        8.9754978000        71.2362438661         2.8070994960         1.4144091342         1.7683028855       113.8642533416       -13.8642533416         1.3942737988
        8.9804394000        85.9910384177         2.8241011086         1.4041998268         1.7836141502        98.6264810644         1.3735189356         1.3993761929
        8.9854444000        73.5928875170         2.8098254999         1.4118568074         1.7912697826       110.0548102723       -10.0548102723         1.3993761929
        8.9904896000        67.9084876533         2.8032430628         1.4144091342         1.7989254150       113.8642533416       -13.8642533416         1.3917226017
        8.9954430000        82.6632822049         2.8202799549         1.4041998268         1.7938216601        98.6264810644         1.3735189356         1.4044785871
        9.0004539000        87.0663104454         2.8253342160         1.4016475000         1.7989254150        94.8170379951         5.1829620049         1.3993761929
        9.0054598000        83.6310286264         2.8213919619         1.4041998268         1.8065810474        98.6264810644         1.3735189356         1.4044785871
        9.0104503000        79.6334672963         2.8167943072         1.4067521537         1.8218923121       102.4359241337        -2.4359241337         1.4044785871
        9.0154608000        70.8733316697         2.8066793356         1.4118568074         1.8295479445       110.0548102723       -10.0548102723         1.3993761929
        9.0204407000        65.1889318060         2.8000851417         1.4144091342         1.8372035769       113.8642533416       -13.8642533416         1.3993761929
        9.0254543000        71.5431367870         2.8074547231         1.4093044805         1.8423073318       106.2453672030        -6.2453672030         1.3993761929
        9.0304356000        83.2221955757         2.8209222628         1.4016475000         1.8397554543        94.8170379951         5.1829620049         1.3968249959
        9.0354764000        88.1875033274         2.8266191689         1.3990951731         1.8448592093        91.0075949257         8.9924050743         1.3993761929
        9.0404464000        64.3130270931         2.7990668208         1.4144091342         1.8627223515       113.8642533416       -13.8642533416         1.3993761929
        9.0454494000        74.8675268594         2.8112982049         1.4067521537         1.8627223515       102.4359241337        -2.4359241337         1.4044785871
        9.0504509000        78.7082755887         2.8157286410         1.4041998268         1.8703779838        98.6264810644         1.3735189356         1.4044785871
        9.0554334000        87.3115986145         2.8256154015         1.3990951731         1.8729298613        91.0075949257         8.9924050743         1.3993761929
        9.0604456000        88.6388910921         2.8271362523         1.3990951731         1.8831373711        91.0075949257         8.9924050743         1.4044785871
        9.0654315000        89.9661835696         2.8286559509         1.3990951731         1.8805854937        91.0075949257         8.9924050743         1.3993761929
        9.0704490000        99.6940656178         2.8397600451         1.3939905194         1.8882411261        83.3887087871        16.6112912129         1.4044785871
        9.0754216000        97.9456223324         2.8377685349         1.3965428462         1.8933448810        87.1981518564        12.8018481436         1.4044785871
        9.0804287000        95.6348995359         2.8351337437         1.3990951731         1.9061042683        91.0075949257         8.9924050743         1.4044785871
        9.0854363000        84.3613076576         2.8222306797         1.4067521537         1.9137599006       102.4359241337        -2.4359241337         1.3968249959
        9.0906546000        88.2020563869         2.8266358421         1.4041998268         1.9214155330        98.6264810644         1.3735189356         1.4070297842
        9.0954343000        80.0042002714         2.8172211603         1.4093044805         1.9341749203       106.2453672030        -6.2453672030         1.3993761929
        9.1004473000        79.0823747042         2.8161596135         1.4093044805         1.9367267978       106.2453672030        -6.2453672030         1.3993761929
        9.1054297000        82.3608439223         2.8199323009         1.4067521537         1.9392786752       102.4359241337        -2.4359241337         1.4044785871
        9.1104717000        77.8010030810         2.8146830257         1.4093044805         1.9520380625       106.2453672030        -6.2453672030         1.3968249959
        9.1154490000        97.8806514403         2.8376944964         1.3965428462         1.9469343076        87.1981518564        12.8018481436         1.3917226017
        9.1204571000        87.1693390732         2.8254523275         1.4041998268         1.9622455724        98.6264810644         1.3735189356         1.4044785871
        9.1254397000        91.5723673136         2.8304934467         1.4016475000         1.9596936949        94.8170379951         5.1829620049         1.3993761929
        9.1304327000        88.1370854947         2.8265614048         1.4041998268         1.9724530822        98.6264810644         1.3735189356         1.3917226017
        9.1354446000        92.5401137352         2.8315997656         1.4016475000         1.9750049597        94.8170379951         5.1829620049         1.3993761929
        9.1404446000        80.7042423457         2.8180269094         1.4093044805         1.9852124695       106.2453672030        -6.2453672030         1.3917226017
        9.1454633000        88.1830063491         2.8266140167         1.4041998268         1.9852124695        98.6264810644         1.3735189356         1.3968249959
        9.1504451000        84.1854450189         2.8220287364         1.4067521537         1.9979718568       102.4359241337        -2.4359241337         1.3993761929
        9.1554511000        96.4267833188         2.8360370525         1.3990951731         2.0005237343        91.0075949257         8.9924050743         1.3993761929
        9.1604341000        76.7526018699         2.8134740300         1.4118568074         2.0132831215       110.0548102723       -10.0548102723         1.3942737988
        9.1654503000        92.0696759327         2.8310620397         1.4016475000         2.0183868765        94.8170379951         5.1829620049         1.3917226017
        9.1704486000        88.6343941137         2.8271311015         1.4041998268         2.0285943863        98.6264810644         1.3735189356         1.3993761929
        9.1754617000        97.2377171395         2.8369616945         1.3990951731         2.0234906314        91.0075949257         8.9924050743         1.3968249959
        9.1804210000        90.1644200465         2.8288828259         1.4041998268         2.0388018961        98.6264810644         1.3735189356         1.3968249959
        9.1854743000        69.3656795752         2.8049327929         1.4169614611         2.0464575285       117.6736964109       -17.6736964109         1.3840690105
        9.1904722000        87.7584894009         2.8261275916         1.4041998268         2.0541131609        98.6264810644         1.3735189356         1.3917226017
        9.1955066000        79.5606332855         2.8167104365         1.4093044805         2.0643206707       106.2453672030        -6.2453672030         1.3942737988
        9.2004521000        74.4385129329         2.8108026597         1.4118568074         2.0668725482       110.0548102723       -10.0548102723         1.3917226017
        9.2054259000        81.3549974251         2.8187756224         1.4067521537         2.0770800580       102.4359241337        -2.4359241337         1.4044785871
        9.2104308000        93.5963357250         2.8328065529         1.3990951731         2.0745281806        91.0075949257         8.9924050743         1.3968249959
        9.2154301000        69.7218594908         2.8053455655         1.4144091342         2.0949432002       113.8642533416       -13.8642533416         1.3891714046
        9.2204316000        80.2763592571         2.8175344563         1.4067521537         2.0949432002       102.4359241337        -2.4359241337         1.3968249959
        9.2254676000        79.9168132011         2.8171205536         1.4067521537         2.1025988326       102.4359241337        -2.4359241337         1.3993761929
        9.2304414000        83.7575619304         2.8215373100         1.4041998268         2.1025988326        98.6264810644         1.3735189356         1.3891714046
        9.2354375000        75.5597058149         2.8120974435         1.4093044805         2.1204619748       106.2453672030        -6.2453672030         1.3993761929
        9.2404210000        20.0340480388         2.7467177842         1.4424847297         2.1153582199       155.7681271040       -55.7681271040         1.3968249959
        9.2454506000        58.0058314644         2.7917160164         1.4144091342         2.1281176072       113.8642533416       -13.8642533416         1.3917226017
        9.2504381000        60.1597416601         2.7942299358         1.4118568074         2.1434288720       110.0548102723       -10.0548102723         1.3993761929
        9.2554189000        79.6771105082         2.8168445619         1.3990951731         2.1434288720        91.0075949257         8.9924050743         1.3993761929
        9.2604533000        72.6038134152         2.8086819095         1.4041998268         2.1434288720        98.6264810644         1.3735189356         1.3968249959
        9.2654387000        81.2071364409         2.8186055298         1.3990951731         2.1612920142        91.0075949257         8.9924050743         1.3993761929
        9.2704565000        65.7332497773         2.8007176588         1.4093044805         2.1612920142       106.2453672030        -6.2453672030         1.4070297842
        9.2754276000        77.4123085660         2.8142348827         1.4016475000         2.1689476465        94.8170379951         5.1829620049         1.3840690105
        9.2804486000        65.5764371765         2.8005354607         1.4093044805         2.1791551564       106.2453672030        -6.2453672030         1.3866202076
        9.2854444000        85.6560855358         2.8237168317         1.3965428462         2.1766032789        87.1981518564        12.8018481436         1.3891714046
        9.2904586000        70.7444783833         2.8065301324         1.4067521537         2.1944664211       102.4359241337        -2.4359241337         1.3917226017
        9.2954272000        91.3864062538         2.8302807894         1.3939905194         2.1842589113        83.3887087871        16.6112912129         1.3993761929
        9.3005803000        93.8382577538         2.8330828624         1.3939905194         2.1944664211        83.3887087871        16.6112912129         1.3968249959
        9.3054222000        79.4889301125         2.8166278643         1.4041998268         2.1995701761        98.6264810644         1.3735189356         1.3993761929
        9.3104536000        83.8919583530         2.8216916785         1.4016475000         2.2097776859        94.8170379951         5.1829620049         1.3993761929
        9.3154328000        84.6569713194         2.8225701434         1.4016475000         2.2199851957        94.8170379951         5.1829620049         1.4019273900
        9.3204496000        93.8225738563         2.8330649503         1.3965428462         2.2199851957        87.1981518564        12.8018481436         1.3993761929
        9.3256626000        83.1112614892         2.8207947935         1.4041998268         2.2327445830        98.6264810644         1.3735189356         1.3891714046
        9.3304721000        87.5142897297         2.8258477260         1.4016475000         2.2404002154        94.8170379951         5.1829620049         1.4070297842
        9.3354489000        92.4795974814         2.8315306014         1.3990951731         2.2378483379        91.0075949257         8.9924050743         1.3891714046
        9.3404464000        89.6065951736         2.8282443491         1.4016475000         2.2506077252        94.8170379951         5.1829620049         1.3917226017
        9.3454493000        81.9710185694         2.8194841021         1.4067521537         2.2659189900       102.4359241337        -2.4359241337         1.3968249959
        9.3504645000        94.2123568693         2.8335100650         1.3990951731         2.2659189900        91.0075949257         8.9924050743         1.4044785871
        9.3554379000        49.3364067085         2.7815583127         1.4271707685         2.2710227449       132.9114686881       -32.9114686881         1.3917226017
        9.3604504000        57.0795089189         2.7906336934         1.4195137880         2.2812302547       121.4831394802       -21.4831394802         1.3993761929
        9.3654139000        79.1103340187         2.8161918194         1.4041998268         2.2812302547        98.6264810644         1.3735189356         1.3815178134
        9.3704382000        87.7136570445         2.8260762143         1.3990951731         2.2863340097        91.0075949257         8.9924050743         1.3993761929
        9.3754594000        84.8406547367         2.8227810082         1.4016475000         2.2990933970        94.8170379951         5.1829620049         1.3917226017
        9.3804387000        89.8059624884         2.8284725646         1.3990951731         2.3041971519        91.0075949257         8.9924050743         1.3942737988
        9.3854536000        95.3335497513         2.8347898901         1.3965428462         2.3041971519        87.1981518564        12.8018481436         1.3993761929
        9.3904313000        88.8225321694         2.8273465826         1.4016475000         2.3169565392        94.8170379951         5.1829620049         1.3968249959
        9.3954835000        72.7863659946         2.8088930355         1.4118568074         2.3297159265       110.0548102723       -10.0548102723         1.4019273900
        9.4004911000        79.7028504868         2.8168742007         1.4067521537         2.3297159265       102.4359241337        -2.4359241337         1.3942737988
        9.4054867000        75.1430096455         2.8116163385         1.4093044805         2.3399234363       106.2453672030        -6.2453672030         1.3891714046
        9.4104449000        99.4229527901         2.8394513621         1.3939905194         2.3348196814        83.3887087871        16.6112912129         1.3993761929
        9.4154865000        97.6745095047         2.8374595678         1.3965428462         2.3475790687        87.1981518564        12.8018481436         1.4044785871
        9.4204430000        82.7629023523         2.8203944549         1.4067521537         2.3552347011       102.4359241337        -2.4359241337         1.3942737988
        9.4254688000        86.6036510816         2.8248037388         1.4041998268         2.3603384560        98.6264810644         1.3735189356         1.4044785871
        9.4304345000        95.2069741074         2.8346454449         1.3990951731         2.3628903334        91.0075949257         8.9924050743         1.3840690105
        9.4354692000        96.5342665849         2.8361596300         1.3990951731         2.3679940883        91.0075949257         8.9924050743         1.4044785871
        9.4404493000       106.2621486331         2.8472252391         1.3939905194         2.3730978433        83.3887087871        16.6112912129         1.3891714046
        9.4454408000        79.3119366359         2.8164240261         1.4118568074         2.3909609855       110.0548102723       -10.0548102723         1.3993761929
        9.4504472000        86.2284211281         2.8243734022         1.4067521537         2.3960647404       102.4359241337        -2.4359241337         1.3968249959
        9.4554540000       111.0706437839         2.8526751547         1.3914381925         2.3909609855        79.5792657178        20.4207342822         1.4044785871
        9.4604404000       101.4838904392         2.8417968100         1.3990951731         2.4037203728        91.0075949257         8.9924050743         1.4044785871
        9.4654264000        98.6108881314         2.8385265011         1.4016475000         2.4113760052        94.8170379951         5.1829620049         1.3917226017
        9.4704545000        90.9753115272         2.8298106002         1.4067521537         2.4190316375       102.4359241337        -2.4359241337         1.3993761929
        9.4754403000        73.8145863300         2.8100817341         1.4169614611         2.4317910248       117.6736964109       -17.6736964109         1.3993761929
        9.4804557000        92.2073961557         2.8312194730         1.4041998268         2.4317910248        98.6264810644         1.3735189356         1.4044785871
        9.4854417000        88.2098348256         2.8266447537         1.4067521537         2.4368947797       102.4359241337        -2.4359241337         1.3917226017
        9.4904497000        71.0491096284         2.8068828543         1.4169614611         2.4496541670       117.6736964109       -17.6736964109         1.3942737988
        9.4954355000        85.2416246688         2.8232412345         1.4067521537         2.4471022896       102.4359241337        -2.4359241337         1.4019273900
        9.5004536000        76.4814890422         2.8131612596         1.4118568074         2.4598616769       110.0548102723       -10.0548102723         1.3968249959
        9.5054292000        83.3979735344         2.8211242241         1.4067521537         2.4700691867       102.4359241337        -2.4359241337         1.3993761929
        9.5106692000        99.8396066195         2.8399257369         1.3965428462         2.4675173092        87.1981518564        12.8018481436         1.4019273900
        9.5154203000        84.9279994671         2.8228812702         1.4067521537         2.4802766965       102.4359241337        -2.4359241337         1.3840690105
        9.5204412000        76.1678638405         2.8127993785         1.4118568074         2.4955879613       110.0548102723       -10.0548102723         1.3917226017
        9.5254318000        87.2846431180         2.8255845031         1.4041998268         2.4955879613        98.6264810644         1.3735189356         1.4044785871
        9.5304553000        91.6876713585         2.8306252925         1.4016475000         2.4981398388        94.8170379951         5.1829620049         1.4019273900
        9.5354325000        71.4512103983         2.8073483262         1.4144091342         2.5185548584       113.8642533416       -13.8642533416         1.3993761929
        9.5404413000        86.2060049499         2.8243476909         1.4041998268         2.5160029810        98.6264810644         1.3735189356         1.4044785871
        9.5454593000        94.8093279757         2.8341915958         1.3990951731         2.5185548584        91.0075949257         8.9924050743         1.4044785871
        9.5504477000        79.3354413121         2.8164510970         1.4093044805         2.5287623683       106.2453672030        -6.2453672030         1.3917226017
        9.5554555000        70.0130261743         2.8056829236         1.4144091342         2.5440736330       113.8642533416       -13.8642533416         1.3993761929
        9.5604716000        80.5675259406         2.8178695756         1.4067521537         2.5415217556       102.4359241337        -2.4359241337         1.3917226017
        9.5654478000        84.4082746699         2.8222846084         1.4041998268         2.5517292654        98.6264810644         1.3735189356         1.4044785871
        9.5704316000        80.4107133397         2.8176890990         1.4067521537         2.5568330203       102.4359241337        -2.4359241337         1.3840690105
        9.5754451000        84.2514620690         2.8221045463         1.4041998268         2.5670405302        98.6264810644         1.3735189356         1.3917226017
        9.5804456000        80.2539007389         2.8175086051         1.4067521537         2.5721442851       102.4359241337        -2.4359241337         1.4044785871
        9.5854378000        84.0946494682         2.8219244675         1.4041998268         2.5746961625        98.6264810644         1.3735189356         1.3917226017
        9.5904393000        67.4962037822         2.8027646914         1.4144091342         2.5900074273       113.8642533416       -13.8642533416         1.3993761929
        9.5954607000        78.0507035485         2.8149708594         1.4067521537         2.5900074273       102.4359241337        -2.4359241337         1.4019273900
        9.6004383000        77.6911574925         2.8145563908         1.4067521537         2.5951111822       102.4359241337        -2.4359241337         1.3917226017
        9.6054680000        85.7322010070         2.8238041622         1.4016475000         2.6027668146        94.8170379951         5.1829620049         1.3917226017
        9.6108164000        78.0966244028         2.8150237883         1.4067521537         2.6129743244       102.4359241337        -2.4359241337         1.3968249959
        9.6155662000        77.7370783468         2.8146093315         1.4067521537         2.6231818342       102.4359241337        -2.4359241337         1.3891714046
        9.6204516000        77.3775322908         2.8141947823         1.4067521537         2.6282855892       102.4359241337        -2.4359241337         1.3993761929
        9.6254375000        72.8176914495         2.8089292616         1.4093044805         2.6359412215       106.2453672030        -6.2453672030         1.3866202076
        9.6304537000        67.6955710970         2.8029960329         1.4118568074         2.6384930990       110.0548102723       -10.0548102723         1.3891714046
        9.6354355000        66.2114660186         2.8012731724         1.4118568074         2.6435968539       110.0548102723       -10.0548102723         1.3993761929
        9.6405536000        64.7273609401         2.7995485977         1.4118568074         2.6538043638       110.0548102723       -10.0548102723         1.3993761929
        9.6454465000        75.8441402176         2.8124257706         1.4041998268         2.6640118736        98.6264810644         1.3735189356         1.3993761929
        9.6504277000        42.4445153904         2.7734366327         1.4246184417         2.6640118736       129.1020256188       -29.1020256188         1.4044785871
        9.6554480000        54.9501918972         2.7881430756         1.4144091342         2.6691156285       113.8642533416       -13.8642533416         1.4044785871
        9.6604350000        73.9052812341         2.8101865467         1.4016475000         2.6691156285        94.8170379951         5.1829620049         1.3993761929
        9.6654353000        74.6702942005         2.8110704022         1.4016475000         2.6844268933        94.8170379951         5.1829620049         1.3993761929
        9.6704275000        62.8344228110         2.7973464302         1.4093044805         2.6946344031       106.2453672030        -6.2453672030         1.3840690105
        9.6754290000        70.3131868144         2.8060306353         1.4041998268         2.7022900355        98.6264810644         1.3735189356         1.3840690105
        9.6804378000        78.9165098402         2.8159685448         1.3990951731         2.7048419129        91.0075949257         8.9924050743         1.3840690105
        9.6854471000        76.0435075324         2.8126558684         1.4016475000         2.7099456679        94.8170379951         5.1829620049         1.3866202076
        9.6904383000        76.8085204988         2.8135385342         1.4016475000         2.7124975453        94.8170379951         5.1829620049         1.3993761929
        9.6954458000        73.3732386799         2.8095715993         1.4041998268         2.7201531777        98.6264810644         1.3735189356         1.3968249959
        9.7004264000        94.5774460616         2.8339268946         1.3914381925         2.7201531777        79.5792657178        20.4207342822         1.4044785871
        9.7054408000        93.3912822874         2.8325723238         1.3939905194         2.7278088101        83.3887087871        16.6112912129         1.3993761929
        9.7104430000        87.4425442168         2.8257654944         1.3990951731         2.7405681974        91.0075949257         8.9924050743         1.3993761929
        9.7154382000        88.7698366943         2.8272862310         1.3990951731         2.7456719523        91.0075949257         8.9924050743         1.3942737988
        9.7204367000        81.6965396013         2.8191684591         1.4041998268         2.7584313396        98.6264810644         1.3735189356         1.3917226017
        9.7254529000        90.2998626271         2.8290378207         1.3990951731         2.7609832170        91.0075949257         8.9924050743         1.3942737988
        9.7304301000        66.4253863928         2.8015216125         1.4144091342         2.7711907269       113.8642533416       -13.8642533416         1.3993761929
        9.7354464000        76.9798861591         2.8137361967         1.4067521537         2.7788463592       102.4359241337        -2.4359241337         1.3993761929
        9.7404922000        80.8206348884         2.8181608441         1.4041998268         2.7788463592        98.6264810644         1.3735189356         1.4044785871
        9.7454698000        89.4239579142         2.8280352618         1.3990951731         2.7788463592        91.0075949257         8.9924050743         1.3968249959
        9.7505774000        61.3491868947         2.7956165688         1.4169614611         2.7967095015       117.6736964109       -17.6736964109         1.3917226017
        9.7554297000        75.5417019351         2.8120766594         1.4067521537         2.8043651338       102.4359241337        -2.4359241337         1.3993761929
        9.7604429000        91.9833350203         2.8309633339         1.3965428462         2.8094688888        87.1981518564        12.8018481436         1.3993761929
        9.7654266000        89.6726122237         2.8283199216         1.3990951731         2.8094688888        91.0075949257         8.9924050743         1.3968249959
        9.7704367000        99.4004942719         2.8394257894         1.3939905194         2.8120207662        83.3887087871        16.6112912129         1.3993761929
        9.7754316000        93.4517562012         2.8326414049         1.3990951731         2.8196763986        91.0075949257         8.9924050743         1.3993761929
        9.7804398000        90.5787538935         2.8293569351         1.4016475000         2.8273320310        94.8170379951         5.1829620049         1.3968249959
        9.7854416000        95.5440616452         2.8350300995         1.3990951731         2.8324357859        91.0075949257         8.9924050743         1.3968249959
        9.7904504000        92.6710593375         2.8317494158         1.4016475000         2.8400914183        94.8170379951         5.1829620049         1.3968249959
        9.7954308000        76.6348931626         2.8133382414         1.4118568074         2.8528508056       110.0548102723       -10.0548102723         1.3968249959
        9.8004571000        87.7516724401         2.8261197795         1.4041998268         2.8579545605        98.6264810644         1.3735189356         1.3968249959
        9.8054296000       104.7555850365         2.8455150830         1.3939905194         2.8528508056        83.3887087871        16.6112912129         1.4044785871
        9.8104465000        77.8053730394         2.8146880634         1.4118568074         2.8732658252       110.0548102723       -10.0548102723         1.3993761929
        9.8154303000       101.5230366727         2.8418413362         1.3965428462         2.8681620703        87.1981518564        12.8018481436         1.3891714046
        9.8204345000        99.2123138762         2.8392115031         1.3990951731         2.8707139478        91.0075949257         8.9924050743         1.3866202076
        9.8261822000        83.7384272126         2.8215153308         1.4093044805         2.8911289674       106.2453672030        -6.2453672030         1.3968249959
        9.8304618000        87.0168964307         2.8252775655         1.4067521537         2.8911289674       102.4359241337        -2.4359241337         1.4044785871
        9.8354650000        78.2567608041         2.8152083515         1.4118568074         2.9038883547       110.0548102723       -10.0548102723         1.3993761929
        9.8404386000        93.5738348669         2.8327808518         1.4016475000         2.9064402322        94.8170379951         5.1829620049         1.4019273900
        9.8454372000        73.3373739067         2.8095301384         1.4144091342         2.9191996195       113.8642533416       -13.8642533416         1.3993761929
        9.8504523000        75.4912841024         2.8120184545         1.4118568074         2.9268552519       110.0548102723       -10.0548102723         1.3917226017
        9.8554265000        82.4077685946         2.8199862451         1.4067521537         2.9268552519       102.4359241337        -2.4359241337         1.3942737988
        9.8604453000        73.6476329680         2.8098887768         1.4118568074         2.9319590068       110.0548102723       -10.0548102723         1.3917226017
        9.8654207000        88.9647070308         2.8275094052         1.4016475000         2.9396146392        94.8170379951         5.1829620049         1.3942737988
        9.8704601000        77.1288356413         2.8139079861         1.4093044805         2.9523740265       106.2453672030        -6.2453672030         1.3917226017
        9.8754360000        76.2070100741         2.8128445518         1.4093044805         2.9600296588       106.2453672030        -6.2453672030         1.3891714046
        9.8804566000        79.4854792922         2.8166238903         1.4067521537         2.9651334138       102.4359241337        -2.4359241337         1.3891714046
        9.8854411000        87.5265228067         2.8258617467         1.4016475000         2.9727890461        94.8170379951         5.1829620049         1.3968249959
        9.8904703000        79.8909462025         2.8170907725         1.4067521537         2.9727890461       102.4359241337        -2.4359241337         1.3917226017
        9.8954290000        87.9319897171         2.8263264081         1.4016475000         2.9804446785        94.8170379951         5.1829620049         1.4019273900
        9.9004462000        59.2949391864         2.7932210443         1.4195137880         2.9881003109       121.4831394802       -21.4831394802         1.4044785871
        9.9054457000        89.7263538568         2.8283814398         1.3990951731         2.9932040658        91.0075949257         8.9924050743         1.4044785871
        9.9104325000        95.2539411196         2.8346990437         1.3965428462         2.9983078207        87.1981518564        12.8018481436         1.3942737988
        9.9154505000        67.7414496113         2.8030492650         1.4144091342         3.0110672080       113.8642533416       -13.8642533416         1.3942737988
        9.9204491000        78.2959493776         2.8152535150         1.4067521537         3.0161709629       102.4359241337        -2.4359241337         1.3942737988
        9.9254400000        90.5372876775         2.8293094916         1.3990951731         3.0187228404        91.0075949257         8.9924050743         1.3891714046
        9.9304778000        87.6642853698         2.8260196335         1.4016475000         3.0238265953        94.8170379951         5.1829620049         1.3917226017
        9.9354614000        88.4292983361         2.8268961717         1.4016475000         3.0263784728        94.8170379951         5.1829620049         1.3815178134
        9.9404510000        89.1943113025         2.8277723264         1.4016475000         3.0416897375        94.8170379951         5.1829620049         1.3942737988
        9.9454805000        94.1596190542         2.8334498464         1.3990951731         3.0442416150        91.0075949257         8.9924050743         1.3942737988
        9.9504432000        91.2866167464         2.8301666652         1.4016475000         3.0493453699        94.8170379951         5.1829620049         1.3993761929
        9.9554407000       108.8528088540         2.8501630411         1.3914381925         3.0570010023        79.5792657178        20.4207342822         1.4044785871
        9.9604321000       103.4663502946         2.8440506051         1.3965428462         3.0570010023        87.1981518564        12.8018481436         1.3993761929
        9.9654231000        92.7550379274         2.8318453844         1.4041998268         3.0697603896        98.6264810644         1.3735189356         1.3968249959
        9.9704564000       101.3583609532         2.8416540227         1.3990951731         3.0799678994        91.0075949257         8.9924050743         1.3993761929
        9.9754492000       102.6856534308         2.8431633271         1.3990951731         3.0774160220        91.0075949257         8.9924050743         1.3942737988
        9.9804405000        87.2117667671         2.8255009643         1.4093044805         3.0876235318       106.2453672030        -6.2453672030         1.3942737988
        9.9854289000        90.4902359852         2.8292556562         1.4067521537         3.0978310416       102.4359241337        -2.4359241337         1.3942737988
        9.9904521000        94.3309847145         2.8336455139         1.4041998268         3.0978310416        98.6264810644         1.3735189356         1.3968249959
        9.9954505000       102.9343077403         2.8434459659         1.3990951731         3.1029347965        91.0075949257         8.9924050743         1.4044785871
       10.0004370000       104.2616002179         2.8449540637         1.3990951731         3.1054866740        91.0075949257         8.9924050743         1.4044785871
