% Stabilization Loop  omega_c=0 rad/s
% Kp_stab=1.0288  Ki_stab=29.5203  (Tustin integrator)
% Vg_offset=1.339141V  K_gimbal=26.049690  samples=2001

Time[s]               OmegaU[deg/s]           Vc[V]                  Vg[V]                  Pot[V]                 Omega_h[deg/s]         omega_LPF[deg/s]       Error[deg/s]           disturbance[V]      
        0.0004680000       125.6470190215         2.8691231724         1.3378393285         4.4962598892        -1.9428159653        -6.6218059755       106.6218059755         1.3917226017
        0.0054423000       134.5315366792         2.8791000515         1.3454963091         4.4937080117         9.4855132426        -0.4064820361       100.4064820361         1.3942737988
        0.0104283000       146.7638010713         2.8927843721         1.3429439823         4.4962598892         5.6760701733         1.9405896179        98.0594103821         1.3917226017
        0.0154324000       166.1312827419         2.9143494012         1.3327346748         4.4886042568        -9.5617021040        -2.4977944564       102.4977944564         1.4019273900
        0.0204509000       179.4032239359         2.9290720435         1.3403916554         4.4988117666         1.8666271040        -0.8136970943       100.8136970943         1.4044785871
        0.0254289000       193.1431059806         2.9442809933         1.3403916554         4.4937080117         1.8666271040         0.2205583848        99.7794416152         1.3891714046
        0.0304545000       199.0665355626         2.9508306613         1.3531532897         4.4886042568        20.9138424505         8.2054664938        91.7945335062         1.3993761929
        0.0354438000       165.0687283424         2.9131689990         1.4195137880         4.5090192765       119.9593622525        51.3278914128        48.6721085872         1.3891714046
        0.0404577000       167.3643431461         2.9157188747         1.3812288851         4.5064673990        62.8177162129        55.7614648816        44.2385351184         1.3840690105
        0.0454390000       162.7880350540         2.9106343937         1.3939905194         4.5141230314        81.8649315594        65.8339976940        34.1660023060         1.3917226017
        0.0504222000       139.9405104274         2.8851580657         1.4271707685         4.5192267863       131.3876914604        91.1291716869         8.8708283131         1.3942737988
        0.0554569000       141.9498903828         2.8874056854         1.3990951731         4.5294342961        89.4838176980        90.4942796917         9.5057203083         1.3993761929
        0.0604422000       138.9205626548         2.8840166054         1.4067521537         4.5370899285       100.9121469059        94.5142173745         5.4857826255         1.3942737988
        0.0654448000       141.8705064960         2.8873169180         1.3990951731         4.5345380510        89.4838176980        92.5731393397         7.4268606603         1.4070297842
        0.0704584000       142.6603393713         2.8882000093         1.4016475000         4.5498493158        93.2932607673        92.8510122674         7.1489877326         1.4019273900
        0.0754524000       153.2519766437         2.9000212461         1.3863335388         4.5447455609        70.4366023515        84.2019741096        15.7980258904         1.4019273900
        0.0804322000       153.3365755259         2.9001155179         1.3990951731         4.5498493158        89.4838176980        86.2400766923        13.7599233077         1.3968249959
        0.0854390000       149.1251811218         2.8954198433         1.4067521537         4.5677124580       100.9121469059        91.9015817512         8.0984182488         1.3891714046
        0.0904449000       151.3491818175         2.8979002967         1.3990951731         4.5728162129        89.4838176980        90.9686402359         9.0313597641         1.3968249959
        0.0954422000       159.7970200890         2.9073083149         1.3888858657         4.5753680904        74.2460454208        84.5159001818        15.4840998182         1.3891714046
        0.1004486000       163.2103776904         2.9111038570         1.3939905194         4.5779199678        81.8649315594        83.4929721254        16.5070278746         1.3993761929
        0.1054257000       156.6149109572         2.9037670133         1.4093044805         4.5906793551       104.7215899753        91.6844492381         8.3155507619         1.3993761929
        0.1104737000       147.4332186612         2.8935316824         1.4169614611         4.6034387424       116.1499191832       101.1249289964        -1.1249289964         1.3968249959
        0.1154585000       145.7369418946         2.8916377285         1.4093044805         4.6059906199       104.7215899753       102.5127709321        -2.5127709321         1.3993761929
        0.1204300000       144.4262888758         2.8901736504         1.4093044805         4.6161981297       104.7215899753       103.3650869315        -3.3650869315         1.3993761929
        0.1254758000       148.2147566587         2.8944039665         1.4016475000         4.6187500072        93.2932607673        99.4786759513         0.5213240487         1.3942737988
        0.1304537000       144.4402885703         2.8901892921         1.4118568074         4.6289575170       108.5310330446       102.9717048649        -2.9717048649         1.3942737988
        0.1354420000       141.6363884304         2.8870551126         1.4118568074         4.6391650269       108.5310330446       105.1168803006        -5.1168803006         1.3917226017
        0.1404921000       145.9116069784         2.8918327943         1.4016475000         4.6340612719        93.2932607673       100.5545056099        -0.5545056099         1.4019273900
        0.1455361000       139.1945356827         2.8843232576         1.4169614611         4.6519244142       116.1499191832       106.5723007510        -6.5723007510         1.3993761929
        0.1505379000       134.1495602181         2.8786717991         1.4169614611         4.6544762916       116.1499191832       110.2680120185       -10.2680120185         1.3917226017
        0.1554440000       136.6145330791         2.8814343606         1.4067521537         4.6570281691       100.9121469059       106.6578686036        -6.6578686036         1.3993761929
        0.1604382000       138.0763967261         2.8830715665         1.4067521537         4.6621319240       100.9121469059       104.4407695859        -4.4407695859         1.4019273900
        0.1654546000       135.6806887792         2.8803880641         1.4118568074         4.6774431887       108.5310330446       106.0190776860        -6.0190776860         1.4044785871
        0.1704734000       128.8612297179         2.8727365225         1.4195137880         4.6927544535       119.9593622525       111.3982089502       -11.3982089502         1.3993761929
        0.1754465000       126.7779399451         2.8703950572         1.4144091342         4.6978582084       112.3404761139       111.7618011520       -11.7618011520         1.3993761929
        0.1804553000       128.0372090504         2.8718106132         1.4093044805         4.7004100859       104.7215899753       109.0451980678        -9.0451980678         1.3942737988
        0.1854546000       130.1624126004         2.8741979903         1.4067521537         4.7055138408       100.9121469059       105.9069013158        -5.9069013158         1.4019273900
        0.1904440000       126.5533160516         2.8701424809         1.4144091342         4.7106175957       112.3404761139       108.3894218964        -8.3894218964         1.3968249959
        0.1954267000       122.0132432333         2.8650324904         1.4169614611         4.7259288605       116.1499191832       111.3839614542       -11.3839614542         1.3942737988
        0.2004605000       119.9259946720         2.8626799808         1.4144091342         4.7335844928       112.3404761139       111.7530513308       -11.7530513308         1.4070297842
        0.2055607000       122.8035984027         2.8659227474         1.4067521537         4.7335844928       100.9121469059       107.5698764720        -7.5698764720         1.3993761929
        0.2104292000       126.1396370716         2.8696772639         1.4041998268         4.7412401252        97.1027038366       103.5309133287        -3.5309133287         1.4044785871
        0.2154517000       125.1118836225         2.8685211328         1.4093044805         4.7591032674       104.7215899753       103.9903591847        -3.9903591847         1.3993761929
        0.2204653000       119.3494936185         2.8620298440         1.4169614611         4.7642070224       116.1499191832       108.6823630699        -8.6823630699         1.3942737988
        0.2254321000       116.5115828479         2.8588270664         1.4144091342         4.7718626547       112.3404761139       110.0939174861       -10.0939174861         1.3840690105
        0.2304454000       120.5489478927         2.8633823220         1.4041998268         4.7744145322        97.1027038366       105.0810037849        -5.0810037849         1.3942737988
        0.2354365000       115.0896028157         2.8572207476         1.4169614611         4.7897257969       116.1499191832       109.3521611343        -9.3521611343         1.4044785871
        0.2404393000       110.8170353258         2.8523880293         1.4169614611         4.7999333068       116.1499191832       111.9752089403       -11.9752089403         1.3968249959
        0.2454583000        97.5487090671         2.8373161873         1.4322754222         4.8075889392       139.0065775990       122.4057908679       -22.4057908679         1.3993761929
        0.2504522000       103.3862675573         2.8439596055         1.4067521537         4.8024851842       100.9121469059       114.1120482499       -14.1120482499         1.3968249959
        0.2554464000       103.6778070748         2.8442908698         1.4118568074         4.8126926941       108.5310330446       111.9585044514       -11.9585044514         1.3993761929
        0.2604285000       108.2332635498         2.8494608142         1.4041998268         4.8203483265        97.1027038366       106.2261034262        -6.2261034262         1.3993761929
        0.2654517000       106.3336258747         2.8473063439         1.4118568074         4.8331077137       108.5310330446       107.1155055695        -7.1155055695         1.4044785871
        0.2704459000       103.0603503512         2.8435892216         1.4144091342         4.8484189785       112.3404761139       109.1316625766        -9.1316625766         1.3942737988
        0.2754367000       108.4511104803         2.8497077578         1.4016475000         4.8407633461        93.2932607673       103.0201056754        -3.0201056754         1.3891714046
        0.2804438000       108.9021905956         2.8502190041         1.4067521537         4.8586264883       100.9121469059       102.2067085840        -2.2067085840         1.3891714046
        0.2854503000       102.6441980223         2.8431162024         1.4169614611         4.8713858756       116.1499191832       107.5869689150        -7.5869689150         1.3993761929
        0.2904386000       102.7434542964         2.8432290310         1.4093044805         4.8739377531       104.7215899753       106.4813064470        -6.4813064470         1.3968249959
        0.2954514000       110.6393219910         2.8521868089         1.3965428462         4.8688339982        85.6743746287        98.4525451315         1.5474548685         1.3993761929
        0.3004358000       109.8212663572         2.8512603265         1.4067521537         4.8841452629       100.9121469059        99.4016305493         0.5983694507         1.4044785871
        0.3054379000       110.8876880594         2.8524680229         1.4041998268         4.8918008953        97.1027038366        98.5145447445         1.4854552555         1.3942737988
        0.3104482000       111.7076253863         2.8533961691         1.4041998268         4.8918008953        97.1027038366        97.9697583356         2.0302416644         1.4044785871
        0.3154359000       110.7554233136         2.8523182694         1.4067521537         4.9045602826       100.9121469059        99.1051364747         0.8948635253         1.4044785871
        0.3204534000       105.2563982500         2.8460837163         1.4144091342         4.9173196699       112.3404761139       104.2122509605        -4.2122509605         1.3993761929
        0.3254555000       106.0387261253         2.8469717044         1.4067521537         4.9224234248       100.9121469059       102.9388413102        -2.9388413102         1.3917226017
        0.3304389000       106.4672262418         2.8474579319         1.4067521537         4.9249753023       100.9121469059       102.1568016624        -2.1568016624         1.3891714046
        0.3354463000       109.9199616321         2.8513721221         1.4016475000         4.9300790572        93.2932607673        98.7366311693         1.2633688307         1.3968249959
        0.3404333000       114.0431392470         2.8560379667         1.3990951731         4.9351828121        89.4838176980        95.1662522443         4.8337477557         1.3968249959
        0.3454412000       110.6911931993         2.8522455431         1.4093044805         4.9504940769       104.7215899753        98.8533660678         1.1466339322         1.4044785871
        0.3504213000       108.3637432516         2.8496087245         1.4093044805         4.9555978318       104.7215899753       101.1177349575        -1.1177349575         1.4044785871
        0.3554639000       106.6654675598         2.8476828455         1.4093044805         4.9658053416       104.7215899753       102.5083528538        -2.5083528538         1.3917226017
        0.3604262000       106.9743527782         2.8480332462         1.4067521537         4.9760128515       100.9121469059       101.8924255908        -1.8924255908         1.3968249959
        0.3654267000       102.2497998262         2.8426678176         1.4144091342         4.9862203613       112.3404761139       105.9240100933        -5.9240100933         1.3942737988
        0.3704573000       100.2662229357         2.8404113477         1.4118568074         4.9862203613       108.5310330446       106.9299808535        -6.9299808535         1.3993761929
        0.3754510000       103.4244611360         2.8440030061         1.4041998268         4.9887722387        97.1027038366       103.1379339415        -3.1379339415         1.4044785871
        0.3804355000       102.2875150043         2.8427106993         1.4093044805         4.9989797486       104.7215899753       103.7490185748        -3.7490185748         1.3942737988
        0.3854440000       101.3203639626         2.8416108001         1.4093044805         5.0066353810       104.7215899753       104.1243042587        -4.1243042587         1.3840690105
        0.3904553000       100.4574892569         2.8406290283         1.4093044805         5.0040835035       104.7215899753       104.3547786264        -4.3547786264         1.3968249959
        0.3954427000        93.1755904724         2.8323259142         1.4195137880         5.0091872584       119.9593622525       110.3761122116       -10.3761122116         1.3993761929
        0.4004212000        90.8083023821         2.8296195527         1.4144091342         5.0117391359       112.3404761139       111.1341004170       -11.1341004170         1.3968249959
        0.4054643000        95.1346911476         2.8345629528         1.4041998268         4.9989797486        97.1027038366       105.7198118015        -5.7198118015         1.3993761929
        0.4104427000        86.6113126635         2.8248125246         1.4220661148         4.9989797486       123.7688053218       112.6843687206       -12.6843687206         1.3993761929
        0.4154314000        86.5061592175         2.8246919382         1.4118568074         5.0015316260       108.5310330446       111.0817229726       -11.0817229726         1.3968249959
        0.4204690000        82.7141652719         2.8203384390         1.4169614611         5.0091872584       116.1499191832       113.0373855389       -13.0373855389         1.3968249959
        0.4254487000        79.4655688909         2.8166009611         1.4169614611         5.0117391359       116.1499191832       114.2384174803       -14.2384174803         1.3993761929
        0.4304363000        79.7922211796         2.8169771044         1.4118568074         5.0117391359       108.5310330446       112.0361116444       -12.0361116444         1.3917226017
        0.4354468000        82.7484756385         2.8203778737         1.4067521537         5.0040835035       100.9121469059       107.7437124311        -7.7437124311         1.3840690105
        0.4404308000        79.6497527626         2.8168130599         1.4144091342         5.0091872584       112.3404761139       109.5174635423        -9.5174635423         1.3993761929
        0.4454273000        80.2854134744         2.8175448782         1.4093044805         5.0015316260       104.7215899753       107.6668819906        -7.6668819906         1.3917226017
        0.4504579000        90.1314693083         2.8288451166         1.3939905194         4.9964278711        81.8649315594        97.7106951152         2.2893048848         1.3993761929
        0.4554383000        92.3488159809         2.8313811229         1.4016475000         4.9964278711        93.2932607673        96.0061417329         3.9938582671         1.3968249959
        0.4604500000        73.0225820278         2.8091661878         1.4348277491         5.0015316260       142.8160206683       114.0686484237       -14.0686484237         1.4044785871
        0.4654501000        65.1982333423         2.8000959524         1.4246184417         5.0066353810       127.5782483911       119.2815916175       -19.2815916175         1.3968249959
        0.4704492000        71.7884721974         2.8077386470         1.4041998268         5.0066353810        97.1027038366       110.7234342788       -10.7234342788         1.3993761929
        0.4754480000        76.0007538653         2.8126065271         1.4041998268         4.9887722387        97.1027038366       105.4676092192        -5.4676092192         1.3942737988
        0.4805255000        75.5111279278         2.8120413634         1.4093044805         1.1150222560       104.7215899753       105.1797431129        -5.1797431129         1.3917226017
        0.4854376000        79.8038134457         2.8169904517         1.4016475000         1.1099185011        93.2932607673       100.5931115774        -0.5931115774         1.3942737988
        0.4904355000        79.5805325005         2.8167333514         1.4067521537         1.1175741334       100.9121469059       100.7162175945        -0.7162175945         1.3968249959
        0.4954620000        87.4952868049         2.8258259460         1.3939905194         1.1048147461        81.8649315594        93.4420804277         6.5579195723         1.4044785871
        0.5004406000        88.5265623908         2.8270075876         1.4016475000         1.1124703785        93.2932607673        93.3846554531         6.6153445469         1.3968249959
        0.5054549000        96.0249453088         2.8355787205         1.3914381925         1.1099185011        78.0554884901        87.4695967704        12.5304032296         1.3917226017
        0.5104358000        97.0174810848         2.8367106168         1.3990951731         1.1073666236        89.4838176980        88.2468232834        11.7531767166         1.3993761929
        0.5154467000        94.9844442166         2.8343914749         1.4041998268         1.1201260109        97.1027038366        91.6640378839         8.3359621161         1.3968249959
        0.5204475000        97.1424413178         2.8368530800         1.3990951731         1.1124703785        89.4838176980        90.8227573126         9.1772426874         1.3917226017
        0.5254313000        94.2043839052         2.8335009612         1.4067521537         0.0049555613       100.9121469059        94.7159454853         5.2840545147         1.3993761929
        0.5304483000        98.8311454648         2.8387773913         1.3965428462        -0.0027000711        85.6743746287        91.2270786519         8.7729213481         1.4044785871
        0.5354400000        99.2469638694         2.8392509616         1.4016475000        -0.0027000711        93.2932607673        92.0243554049         7.9756445951         1.3917226017
        0.5404182000        98.2635465983         2.8381307930         1.4041998268        -0.0052519485        97.1027038366        93.9839354041         6.0160645959         1.4044785871
        0.5454532000       104.3076787363         2.8450064010         1.3939905194        -0.0052519485        81.8649315594        89.3075809035        10.6924190965         1.3891714046
        0.5504299000       104.1901482801         2.8448729041         1.4016475000        -0.0052519485        93.2932607673        90.8455333795         9.1544666205         1.3993761929
        0.5554401000       101.2584193925         2.8415403346         1.4067521537         0.0024036839       100.9121469059        94.7299329616         5.2700670384         1.4044785871
        0.5604287000        99.4060041396         2.8394320633         1.4067521537        -0.0001481936       100.9121469059        97.1154610440         2.8845389560         1.4044785871
        0.5654414000        93.3541307462         2.8325298834         1.4144091342         0.0049555613       112.3404761139       102.9903306831        -2.9903306831         1.3993761929
        0.5704393000        90.5554059491         2.8293302218         1.4118568074         0.0049555613       108.5310330446       105.1283189828        -5.1283189828         1.3942737988
        0.5754612000        89.9715053185         2.8286620418         1.4093044805        -0.0001481936       104.7215899753       104.9713746457        -4.9713746457         1.4044785871
        0.5804523000        87.7232305240         2.8260871855         1.4118568074         0.0024036839       108.5310330446       106.3449384127        -6.3449384127         1.4070297842
        0.5854360000        87.4773780040         2.8258054198         1.4093044805         0.0024036839       104.7215899753       105.7185376896        -5.7185376896         1.4044785871
        0.5905104000        87.0574746874         2.8253240864         1.4093044805         0.0024036839       104.7215899753       105.3338459286        -5.3338459286         1.3968249959
        0.5954234000        89.7722131522         2.8284339336         1.4041998268         0.0024036839        97.1027038366       102.1576988740        -2.1576988740         1.3917226017
        0.6004376000        89.9836661642         2.8286759601         1.4067521537         0.0024036839       100.9121469059       101.6770783027        -1.6770783027         1.4070297842
        0.6055218000        91.6823404793         2.8306191970         1.4041998268        -0.0027000711        97.1027038366        99.9119665084         0.0880334916         1.4070297842
        0.6104505000        89.6490317149         2.8282929283         1.4093044805         0.0049555613       104.7215899753       101.7678537276        -1.7678537276         1.3993761929
        0.6154433000        89.7521629199         2.8284109829         1.4067521537         0.0100593162       100.9121469059       101.4376625256        -1.4376625256         1.4044785871
        0.6205078000        86.5220160002         2.8247101227         1.4118568074         0.0253705810       108.5310330446       104.1747781809        -4.1747781809         1.4044785871
        0.6254450000        82.4316342291         2.8200136803         1.4144091342         0.0330262134       112.3404761139       107.3256723277        -7.3256723277         1.3993761929
        0.6304382000        84.0790528505         2.8219065560         1.4067521537         0.0304743359       100.9121469059       104.8508881908        -4.8508881908         1.3993761929
        0.6354567000        78.5557681883         2.8155529199         1.4169614611         0.0432337232       116.1499191832       109.2108401398        -9.2108401398         1.4044785871
        0.6404890000        74.2439334519         2.8105778605         1.4169614611         0.0559931105       116.1499191832       111.8884194137       -11.8884194137         1.3942737988
        0.6454643000        73.9176186856         2.8102008041         1.4118568074         0.0585449879       108.5310330446       110.5929062627       -10.5929062627         1.3942737988
        0.6504547000        71.6105686760         2.8075327658         1.4144091342         0.0738562527       112.3404761139       111.2672402462       -11.2672402462         1.3942737988
        0.6555417000        75.9739514813         2.8125755943         1.4041998268         0.0636487429        97.1027038366       105.8015770254        -5.8015770254         1.3968249959
        0.6605409000        77.1978871922         2.8139876206         1.4067521537         0.0789600076       100.9121469059       103.9148948494        -3.9148948494         1.4044785871
        0.6654502000        77.8975921297         2.8147943707         1.4067521537         0.0866156400       100.9121469059       102.7562258664        -2.7562258664         1.3993761929
        0.6704545000        84.7584143362         2.8226866008         1.3965428462         0.0917193949        85.6743746287        96.1648597000         3.8351403000         1.4044785871
        0.6754762000        84.9254715841         2.8228783686         1.4041998268         0.0993750273        97.1027038366        96.5267451903         3.4732548097         1.3917226017
        0.6804643000        86.8138476476         2.8250447641         1.4016475000         0.1019269048        93.2932607673        95.2790420270         4.7209579730         1.3891714046
        0.6854750000        80.2517095291         2.8175060829         1.4144091342         0.1172381695       112.3404761139       101.8625298367        -1.8625298367         1.3840690105
        0.6905545000        86.8642106528         2.8251025094         1.3965428462         0.1146862920        85.6743746287        95.6160137507         4.3839862493         1.3993761929
        0.6954420000        80.3957030089         2.8176718226         1.4144091342         0.1325494343       112.3404761139       102.0694744347        -2.0694744347         1.3968249959
        0.7004627000        85.4449396204         2.8234745544         1.3990951731         0.1274456793        89.4838176980        97.2130527950         2.7869472050         1.3968249959
        0.7054429000        82.6617146054         2.8202781531         1.4093044805         0.1376531892       104.7215899753       100.1103686211        -0.1103686211         1.4044785871
        0.7104262000        82.3042994024         2.8198672957         1.4067521537         0.1529644539       100.9121469059       100.4197504431        -0.4197504431         1.3968249959
        0.7154328000        85.2743802599         2.8232788260         1.4016475000         0.1529644539        93.2932607673        97.6698551138         2.3301448862         1.3993761929
        0.7204254000        92.3426767032         2.8313741056         1.3939905194         0.1555163314        81.8649315594        91.5712164516         8.4287835484         1.3866202076
        0.7254504000        84.7502875474         2.8226772714         1.4144091342         0.1733794736       112.3404761139        99.5854412294         0.4145587706         1.3993761929
        0.7304414000        82.6262509425         2.8202373907         1.4093044805         0.1810351060       104.7215899753       101.5673246095        -1.5673246095         1.3891714046
        0.7354477000        85.9151950937         2.8240141034         1.4016475000         0.1784832285        93.2932607673        98.3746153587         1.6253846413         1.3891714046
        0.7404383000        86.6962518444         2.8249099246         1.4041998268         0.1886907384        97.1027038366        97.8838234383         2.1161765617         1.4044785871
        0.7454572000        88.9617037018         2.8275059658         1.4016475000         0.1937944933        93.2932607673        96.1124651087         3.8875348913         1.3917226017
        0.7504495000        85.8726709884         2.8239653194         1.4093044805         0.2014501257       104.7215899753        99.4344642046         0.5655357954         1.4044785871
        0.7554325000        67.4990257456         2.8027679661         1.4348277491         0.2116576355       142.8160206683       116.1740856628       -16.1740856628         1.3968249959
        0.7604764000        71.6050516646         2.8075263807         1.4067521537         0.2091057580       100.9121469059       110.2849682974       -10.2849682974         1.4044785871
        0.7654600000        72.4539701346         2.8085085939         1.4093044805         0.2218651453       104.7215899753       108.1382300351        -8.1382300351         1.3942737988
        0.7704577000        77.5686965383         2.8144152022         1.4016475000         0.2244170228        93.2932607673       102.4100084968        -2.4100084968         1.4019273900
        0.7754819000        77.8502559362         2.8147398038         1.4067521537         0.2371764101       100.9121469059       101.8320293261        -1.8320293261         1.3942737988
        0.7804357000        77.9712188800         2.8148792410         1.4067521537         0.2448320425       100.9121469059       101.4770747151        -1.4770747151         1.3815178134
        0.7854478000        74.7520229741         2.8111648019         1.4118568074         0.2499357974       108.5310330446       104.1989824068        -4.1989824068         1.3815178134
        0.7904368000        78.7721957445         2.8158022858         1.4016475000         0.2499357974        93.2932607673        99.9907965588         0.0092034412         1.3993761929
        0.7954482000        76.7607905836         2.8134834762         1.4093044805         0.2703508170       104.7215899753       101.8162656624        -1.8162656624         1.3968249959
        0.8004325000        75.2566076205         2.8117475079         1.4093044805         0.2652470621       104.7215899753       102.9373418333        -2.9373418333         1.3968249959
        0.8054350000        70.8223935804         2.8066203543         1.4144091342         0.2831102043       112.3404761139       106.5657249806        -6.5657249806         1.3917226017
        0.8104447000        72.2586543340         2.8082826578         1.4067521537         0.2805583269       100.9121469059       104.3841813808        -4.3841813808         1.3993761929
        0.8154503000        71.4679887085         2.8073677461         1.4093044805         0.2831102043       104.7215899753       104.5143770817        -4.5143770817         1.3968249959
        0.8204530000        75.5757965858         2.8121160189         1.4016475000         0.2907658367        93.2932607673       100.1844900340        -0.1844900340         1.3993761929
        0.8254491000        75.2389766511         2.8117271504         1.4067521537         0.3111808564       100.9121469059       100.4652706602        -0.4652706602         1.3993761929
        0.8304250000        73.3594081759         2.8095556109         1.4093044805         0.3137327338       104.7215899753       102.1076546581        -2.1076546581         1.3840690105
        0.8354389000        71.9361901366         2.8079095776         1.4093044805         0.3188364888       104.7215899753       103.1162926898        -3.1162926898         1.3942737988
        0.8404575000        72.4139966361         2.8084623560         1.4067521537         0.3264921211       100.9121469059       102.2657799589        -2.2657799589         1.3840690105
        0.8454389000        75.8970125778         2.8124867955         1.4016475000         0.3290439986        93.2932607673        98.8035580601         1.1964419399         1.4044785871
        0.8504466000        75.1764888874         2.8116549973         1.4067521537         0.3418033859       100.9121469059        99.6171982788         0.3828017212         1.3917226017
        0.8554543000        74.6820420882         2.8110839717         1.4067521537         0.3469071408       100.9121469059       100.1168795165        -0.1168795165         1.4044785871
        0.8604351000        56.4980117744         2.7899539040         1.4348277491         0.3596665281       142.8160206683       116.5931776887       -16.5931776887         1.3993761929
        0.8654468000        62.3412518339         2.7967722275         1.4041998268         0.3545627732        97.1027038366       109.0723974097        -9.0723974097         1.4044785871
        0.8704628000        64.4740129536         2.7992540272         1.4067521537         0.3673221605       100.9121469059       105.9236052600        -5.9236052600         1.3968249959
        0.8754429000        68.9733869289         2.8044780579         1.4016475000         0.3698740379        93.2932607673       101.0499399762        -1.0499399762         1.3993761929
        0.8804282000        75.3601030124         2.8118670038         1.3965428462         0.3749777929        85.6743746287        95.1169775700         4.8830224300         1.3891714046
        0.8854439000        76.8567630893         2.8135941820         1.4016475000         0.3902890576        93.2932607673        94.4132607970         5.5867392030         1.3968249959
        0.8904400000        74.9163577680         2.8113545999         1.4067521537         0.4004965675       100.9121469059        96.9209830235         3.0790169765         1.3917226017
        0.8954355000        75.2935103461         2.8117901167         1.4041998268         0.4056003224        97.1027038366        96.9911035510         3.0088964490         1.3993761929
        0.9005207000        77.3109123503         2.8141179607         1.4016475000         0.4056003224        93.2932607673        95.5642186382         4.4357813618         1.4044785871
        0.9054252000        77.3110763438         2.8141181498         1.4041998268         0.4132559548        97.1027038366        96.1578732219         3.8421267781         1.3917226017
        0.9104330000        82.3384898532         2.8199066023         1.3965428462         0.4158078322        85.6743746287        92.1126103887         7.8873896113         1.3993761929
        0.9154397000        83.0003608220         2.8206673541         1.4016475000         0.4260153420        93.2932607673        92.5681874132         7.4318125868         1.4044785871
        0.9204481000        82.1680519241         2.8197106528         1.4041998268         0.4336709744        97.1027038366        94.3179192028         5.6820807972         1.4044785871
        0.9254461000        78.5803892876         2.8155812898         1.4093044805         0.4438784843       104.7215899753        98.3323789111         1.6676210889         1.4019273900
        0.9304269000        74.4874127660         2.8108591496         1.4118568074         0.4540859941       108.5310330446       102.2677289421        -2.2677289421         1.3917226017
        0.9354418000        82.8332677636         2.8204753264         1.3939905194         0.4464303617        81.8649315594        94.3949107974         5.6050892026         1.3891714046
        0.9404174000        85.7500612523         2.8238246535         1.3990951731         0.4591897490        89.4838176980        92.4998695372         7.5001304628         1.4019273900
        0.9454357000        81.6572379723         2.8191232590         1.4093044805         0.4719491363       104.7215899753        97.2158592429         2.7841407571         1.3993761929
        0.9504416000        83.7370902671         2.8215137951         1.4016475000         0.4719491363        93.2932607673        95.7022479536         4.2977520464         1.3917226017
        0.9554447000        99.9832652667         2.8400892733         1.3786765582         0.4719491363        59.0082731436        81.5431605859        18.4568394141         1.3993761929
        0.9604378000        99.3290900789         2.8393444819         1.3990951731         0.4770528912        89.4838176980        84.6072183335        15.3927816665         1.3993761929
        0.9654673000        89.8016945050         2.8284676794         1.4144091342         0.5000197884       112.3404761139        95.3086378972         4.6913621028         1.3917226017
        0.9704410000        88.1100773664         2.8265304608         1.4067521537         0.4974679109       100.9121469059        97.4708613694         2.5291386306         1.3942737988
        0.9754364000        87.0192525061         2.8252802666         1.4067521537         0.5051235433       100.9121469059        98.7987486539         1.2012513461         1.4044785871
        0.9804484000        86.2973924811         2.8244525098         1.4067521537         0.5102272982       100.9121469059        99.6142446760         0.3857553240         1.3942737988
        0.9854287000        84.1813591600         2.8220240444         1.4093044805         0.5204348080       104.7215899753       101.5850136833        -1.5850136833         1.3968249959
        0.9904374000        85.8544525336         2.8239444186         1.4041998268         0.5306423179        97.1027038366        99.8554268218         0.1445731782         1.3993761929
        0.9955080000        85.4261995719         2.8234530499         1.4067521537         0.5280904404       100.9121469059       100.2631829199        -0.2631829199         1.3968249959
        1.0004604000        83.4904792902         2.8212305008         1.4093044805         0.5459535826       104.7215899753       101.9835464222        -1.9835464222         1.3968249959
        1.0054460000        78.7912450403         2.8158242327         1.4144091342         0.5536092150       112.3404761139       105.9799701709        -5.9799701709         1.3968249959
        1.0104258000        80.0647488120         2.8172908653         1.4067521537         0.5561610925       100.9121469059       104.0244515130        -4.0244515130         1.3917226017
        1.0154479000        84.0364266813         2.8218576020         1.4016475000         0.5561610925        93.2932607673        99.8836118217         0.1163881783         1.4070297842
        1.0204551000        78.7537076486         2.8157809853         1.4144091342         0.5714723572       112.3404761139       104.6903363794        -4.6903363794         1.3942737988
        1.0254277000        76.4273439690         2.8130987886         1.4118568074         0.5689204797       108.5310330446       106.1723442544        -6.1723442544         1.3891714046
        1.0304386000        79.3750663626         2.8164967333         1.4041998268         0.5842317445        97.1027038366       102.6726462322        -2.6726462322         1.3942737988
        1.0354528000        81.3503677389         2.8187702968         1.4041998268         0.5842317445        97.1027038366       100.5233750938        -0.5233750938         1.3993761929
        1.0404385000        79.4869440773         2.8166255772         1.4093044805         0.5995430093       104.7215899753       102.1433383603        -2.1433383603         1.4019273900
        1.0454518000        81.3151727359         2.8187298114         1.4041998268         0.6020948867        97.1027038366       100.1983110097        -0.1983110097         1.3917226017
        1.0504374000        80.9821930775         2.8183467360         1.4067521537         0.6123023966       100.9121469059       100.4737585423        -0.4737585423         1.3993761929
        1.0554142000        83.9672805471         2.8217781887         1.4016475000         0.6123023966        93.2932607673        97.7030231323         2.2969768677         1.4019273900
        1.0604506000        78.0786663034         2.8150030898         1.4144091342         0.6301655388       112.3404761139       103.3511704556        -3.3511704556         1.3942737988
        1.0654337000        78.6217355983         2.8156289305         1.4067521537         0.6352692937       100.9121469059       102.4100255480        -2.4100255480         1.3942737988
        1.0704185000        82.1448314102         2.8196839551         1.4016475000         0.6352692937        93.2932607673        98.8921436694         1.1078563306         1.3891714046
        1.0754332000        81.4489219887         2.8188836611         1.4067521537         0.6480286810       100.9121469059        99.6716013994         0.3283986006         1.3891714046
        1.0804223000        77.7280598856         2.8145989345         1.4118568074         0.6607880683       108.5310330446       103.0901862581        -3.0901862581         1.3993761929
        1.0854276000        74.9570808138         2.8114016298         1.4118568074         0.6607880683       108.5310330446       105.1896433325        -5.1896433325         1.3891714046
        1.0904339000        82.4940488685         2.8200854282         1.3965428462         0.6658918232        85.6743746287        97.6592954754         2.3407045246         1.4044785871
        1.0954453000        81.4555820357         2.8188913217         1.4067521537         0.6735474556       100.9121469059        98.9144717772         1.0855282228         1.3917226017
        1.1004252000        72.6620474795         2.8087492611         1.4195137880         0.6786512105       119.9593622525       107.0350540914        -7.0350540914         1.3968249959
        1.1054416000        53.1587594443         2.7860447208         1.4399324028         0.6863068429       150.4349068069       123.7817355160       -23.7817355160         1.3917226017
        1.1104219000        62.6201675952         2.7970969951         1.4016475000         0.6914105978        93.2932607673       112.0171616341       -12.0171616341         1.3968249959
        1.1154368000        60.7088591175         2.7948702289         1.4144091342         0.7092737400       112.3404761139       112.1419188453       -12.1419188453         1.3993761929
        1.1204553000        70.1775763642         2.8058735500         1.3965428462         0.7041699851        85.6743746287       101.9288995987        -1.9288995987         1.3993761929
        1.1254274000        75.1877530556         2.8116680040         1.3990951731         0.7169293724        89.4838176980        97.1267215070         2.8732784930         1.3968249959
        1.1304355000        75.6220718303         2.8121694386         1.4041998268         0.7245850047        97.1027038366        97.1174538195         2.8825461805         1.3840690105
        1.1354903000        74.4330496607         2.8107963483         1.4067521537         0.7373443920       100.9121469059        98.5817103145         1.4182896855         1.3968249959
        1.1404592000        76.8924153536         2.8136353058         1.4016475000         0.7373443920        93.2932607673        96.5410586935         3.4589413065         1.3815178134
        1.1454472000        83.6470660605         2.8214103846         1.3939905194         0.7373443920        81.8649315594        90.8779881925         9.1220118075         1.3968249959
        1.1506105000        83.9658866963         2.8217765878         1.4016475000         0.7475519019        93.2932607673        91.8099683222         8.1900316778         1.3917226017
        1.1554371000        87.7851976555         2.8261581983         1.3965428462         0.7552075343        85.6743746287        89.4424295748        10.5575704252         1.3993761929
        1.1604199000        89.3259018937         2.8279229961         1.3990951731         0.7654150441        89.4838176980        89.4583999911        10.5416000089         1.3993761929
        1.1654948000        90.8710436486         2.8296913267         1.3990951731         0.7603112892        89.4838176980        89.4682079101        10.5317920899         1.3891714046
        1.1705304000        92.4189106176         2.8314612398         1.3990951731         0.7756225539        89.4838176980        89.4742312519        10.5257687481         1.3968249959
        1.1754465000        90.7269195474         2.8295264496         1.4041998268         0.7807263088        97.1027038366        92.4178264979         7.5821735021         1.3993761929
        1.1804358000        91.4735974217         2.8303805003         1.4016475000         0.7832781863        93.2932607673        92.7556299212         7.2443700788         1.3891714046
        1.1854447000        93.9349027034         2.8331932345         1.3990951731         0.7883819412        89.4838176980        91.4931372270         8.5068627730         1.4044785871
        1.1904302000        94.4246477578         2.8337524519         1.4016475000         0.7985894511        93.2932607673        92.1877500786         7.8122499214         1.4019273900
        1.1954370000        91.8658652558         2.8308290338         1.4067521537         0.8062450834       100.9121469059        95.5542291136         4.4457708864         1.3917226017
        1.2004506000        88.6217218983         2.8271165867         1.4093044805         0.8113488384       104.7215899753        99.0916344790         0.9083655210         1.4044785871
        1.2054311000        87.9812427039         2.8263828442         1.4067521537         0.8266601031       100.9121469059        99.7941147810         0.2058852190         1.3993761929
        1.2104395000        87.5359536675         2.8258725556         1.4067521537         0.8215563482       100.9121469059       100.2255293285        -0.2255293285         1.3993761929
        1.2154519000        87.2105368516         2.8254995544         1.4067521537         0.8419713679       100.9121469059       100.4904741407        -0.4904741407         1.3993761929
        1.2204427000        85.3379713789         2.8233518034         1.4093044805         0.8470751228       104.7215899753       102.1231328831        -2.1231328831         1.3968249959
        1.2254191000        82.2982882587         2.8198603850         1.4118568074         0.8521788777       108.5310330446       104.5957464034        -4.5957464034         1.3968249959
        1.2304300000        76.7041102694         2.8134180914         1.4169614611         0.8598345101       116.1499191832       109.0541497979        -9.0541497979         1.3917226017
        1.2354344000        78.8318011341         2.8158709568         1.4067521537         0.8547307552       100.9121469059       105.9123988458        -5.9123988458         1.4044785871
        1.2404459000        76.8449979592         2.8135806111         1.4118568074         0.8725938974       108.5310330446       106.9228500328        -6.9228500328         1.3993761929
        1.2454353000        73.5181914477         2.8097391598         1.4144091342         0.8828014072       112.3404761139       109.0133469442        -9.0133469442         1.3993761929
        1.2504405000        75.6345448906         2.8121838371         1.4067521537         0.8828014072       100.9121469059       105.8873405707        -5.8873405707         1.3942737988
        1.2554238000        80.1238424120         2.8173588928         1.4016475000         0.8879051621        93.2932607673       101.0276687261        -1.0276687261         1.3993761929
        1.2604663000        78.4005410478         2.8153740480         1.4093044805         0.8955607945       104.7215899753       102.4530404381        -2.4530404381         1.4044785871
        1.2654834000        75.4525255624         2.8119737084         1.4118568074         0.9083201818       108.5310330446       104.7983526803        -4.7983526803         1.3993761929
        1.2704620000        74.7769409736         2.8111935822         1.4093044805         0.9134239367       104.7215899753       104.7687322902        -4.7687322902         1.3917226017
        1.2754428000        72.4723602681         2.8085298657         1.4118568074         0.9210795691       108.5310330446       106.2204895708        -6.2204895708         1.3840690105
        1.2804237000        73.8126944113         2.8100795476         1.4067521537         0.9236314466       100.9121469059       104.1721618015        -4.1721618015         1.3917226017
        1.2854499000        71.3423514950         2.8072223231         1.4118568074         0.9338389564       108.5310330446       105.8541174652        -5.8541174652         1.3968249959
        1.2905268000        74.2016518543         2.8105290085         1.4041998268         0.9287352015        97.1027038366       102.4772134694        -2.4772134694         1.4070297842
        1.2954585000        82.6057139189         2.8202137848         1.3939905194         0.9440464662        81.8649315594        94.5235616254         5.4764383746         1.4019273900
        1.3004417000        80.6959566258         2.8180173745         1.4067521537         0.9491502211       100.9121469059        96.9887221214         3.0112778786         1.4044785871
        1.3054513000        77.8503994153         2.8147399692         1.4093044805         0.9644614859       104.7215899753        99.9726003225         0.0273996775         1.3917226017
        1.3104370000        80.6962357887         2.8180176958         1.4016475000         0.9644614859        93.2932607673        97.3952466068         2.6047533932         1.3917226017
        1.3154478000        87.6882299105         2.8260470746         1.3939905194         0.9644614859        81.8649315594        91.4025710043         8.5974289957         1.3993761929
        1.3204274000        93.0151078798         2.8321425575         1.3939905194         0.9721171183        81.8649315594        87.7222864104        12.2777135896         1.3891714046
        1.3254360000        97.3193873089         2.8370547942         1.3939905194         0.9746689957        81.8649315594        85.4621115586        14.5378884414         1.3968249959
        1.3304272000       100.9956578314         2.8412414034         1.3939905194         0.9848765056        81.8649315594        84.0740693487        15.9259306513         1.4019273900
        1.3354318000        96.1824197680         2.8357583459         1.4067521537         1.0001877703       100.9121469059        90.5713706760         9.4286293240         1.3993761929
        1.3404479000        99.6575757814         2.8397185012         1.3965428462         1.0001877703        85.6743746287        88.6817690389        11.3182309611         1.3917226017
        1.3454199000        92.8830947958         2.8319917160         1.4118568074         1.0052915252       108.5310330446        96.3409955112         3.6590044888         1.3917226017
        1.3504372000        97.9613903990         2.8377865032         1.3965428462         1.0052915252        85.6743746287        92.2250713636         7.7749286364         1.3993761929
        1.3554493000        95.4129779350         2.8348805266         1.4067521537         1.0180509125       100.9121469059        95.5771492513         4.4228507487         1.4044785871
        1.3604390000        97.0375006480         2.8367334411         1.4016475000         1.0257065449        93.2932607673        94.6958662410         5.3041337590         1.4044785871
        1.3654541000        93.5548538275         2.8327591710         1.4093044805         1.0359140547       104.7215899753        98.5644876976         1.4355123024         1.3942737988
        1.3704390000        96.0094340690         2.8355610265         1.4016475000         1.0359140547        93.2932607673        96.5304817599         3.4695182401         1.3840690105
        1.3754361000       104.3819117226         2.8450907144         1.3914381925         1.0359140547        78.0554884901        89.4015445112        10.5984554888         1.3891714046
        1.3804277000       104.2904898582         2.8449868775         1.4016475000         1.0435696871        93.2932607673        90.9032392926         9.0967607074         1.3993761929
        1.3854271000       102.9955608900         2.8435155853         1.4041998268         1.0537771970        97.1027038366        93.2954238561         6.7045761439         1.4044785871
        1.3904441000        97.5030233412         2.8372641148         1.4118568074         1.0665365843       108.5310330446        99.1743814429         0.8256185571         1.3993761929
        1.3954205000        74.1948143652         2.8105211084         1.4424847297         1.0767440941       154.2443498762       120.4242051107       -20.4242051107         1.3993761929
        1.4004363000        72.9987089583         2.8091385837         1.4169614611         1.0767440941       116.1499191832       118.7748883442       -18.7748883442         1.3942737988
        1.4054451000        77.8273901386         2.8147134446         1.4067521537         1.0818478490       100.9121469059       111.8822004313       -11.8822004313         1.4044785871
        1.4104325000        80.7408790511         2.8180690688         1.4067521537         1.0869516039       100.9121469059       107.6491908678        -7.6491908678         1.3993761929
        1.4154393000        85.7197217411         2.8237898445         1.4016475000         1.0895034814        93.2932607673       102.1096746505        -2.1096746505         1.3993761929
        1.4204508000        81.0555332978         2.8184311166         1.4144091342         1.1073666236       112.3404761139       106.0574293571        -6.0574293571         1.3993761929
        1.4254307000        85.5920914427         2.8236434054         1.4016475000         1.1048147461        93.2932607673       101.1321254299        -1.1321254299         1.3840690105
        1.4304361000        88.7601117810         2.8272750929         1.4016475000         1.1124703785        93.2932607673        98.1073462885         1.8926537115         1.3968249959
        1.4356255000        87.8461396973         2.8262280338         1.4067521537         1.1252297658       100.9121469059        99.1896334268         0.8103665732         1.3942737988
        1.4404566000        93.7159537007         2.8329431783         1.3965428462         1.1175741334        85.6743746287        93.9745066626         6.0254933374         1.3917226017
        1.4454442000        98.1367001442         2.8379862654         1.3965428462         1.1252297658        85.6743746287        90.7717384904         9.2282615096         1.3993761929
        1.4504619000        95.1844667157         2.8346197589         1.4067521537         1.1379891531       100.9121469059        94.6846132728         5.3153867272         1.4044785871
        1.4554392000        73.8702689431         2.8101460851         1.4373800759         1.1456447855       146.6254637376       114.7270056135       -14.7270056135         1.4044785871
        1.4604311000        77.5742112980         2.8144215606         1.4067521537         1.1481966629       100.9121469059       109.3962723685        -9.3962723685         1.4044785871
        1.4654427000        76.5554321679         2.8132465697         1.4118568074         1.1609560502       108.5310330446       109.0624028642        -9.0624028642         1.3993761929
        1.4704598000        81.9269478937         2.8194334256         1.4016475000         1.1635079277        93.2932607673       102.9775711767        -2.9775711767         1.3917226017
        1.4758472000        87.2285069491         2.8255201540         1.3990951731         1.1635079277        89.4838176980        97.7707426603         2.2292573397         1.3917226017
        1.4804663000        89.4625383455         2.8280794314         1.4016475000         1.1762673150        93.2932607673        96.0430187591         3.9569812409         1.3942737988
        1.4854484000        92.8372727224         2.8319393559         1.3990951731         1.1762673150        89.4838176980        93.5120228295         6.4879771705         1.3891714046
        1.4904321000        92.2672165645         2.8312878522         1.4041998268         1.1890267023        97.1027038366        94.8975572763         5.1024427237         1.4044785871
        1.4954564000        92.0821429988         2.8310762918         1.4041998268         1.1992342121        97.1027038366        95.7484561764         4.2515438236         1.3968249959
        1.5004552000        96.9957964817         2.8366858939         1.3965428462         1.1941304572        85.6743746287        91.8611749123         8.1388250877         1.3968249959
        1.5054417000        91.1047406013         2.8299586463         1.4118568074         1.1992342121       108.5310330446        98.2935654866         1.7064345134         1.3993761929
        1.5104176000        95.1048086282         2.8345288488         1.3990951731         1.2068898445        89.4838176980        94.8941521150         5.1058478850         1.3993761929
        1.5154576000        80.3318963667         2.8175983815         1.4271707685         1.2273048642       131.3876914604       108.9758975411        -8.9758975411         1.3968249959
        1.5204477000        84.0586100109         2.8218830786         1.4041998268         1.2324086191        97.1027038366       104.3943936876        -4.3943936876         1.3993761929
        1.5254246000        84.8915478002         2.8228394284         1.4067521537         1.2375123740       100.9121469059       103.0507007060        -3.0507007060         1.3891714046
        1.5304279000        86.9718948443         2.8252259722         1.4041998268         1.2375123740        97.1027038366       100.7555498598        -0.7555498598         1.3840690105
        1.5354407000        88.4145146027         2.8268792364         1.4041998268         1.2502717613        97.1027038366        99.3460278265         0.6539721735         1.3891714046
        1.5404352000        89.4654866130         2.8280828067         1.4041998268         1.2502717613        97.1027038366        98.4803974191         1.5196025809         1.3993761929
        1.5454487000        88.6551699755         2.8271548979         1.4067521537         1.2630311486       100.9121469059        99.4187354873         0.5812645127         1.3968249959
        1.5504302000        91.3471102690         2.8302358493         1.4016475000         1.2630311486        93.2932607673        97.0551013436         2.9448986564         1.4044785871
        1.5554405000        80.4161679025         2.8176953769         1.4220661148         1.2706867810       123.7688053218       107.3631061455        -7.3631061455         1.4044785871
        1.5604461000        80.4532219922         2.8177380241         1.4093044805         1.2757905359       104.7215899753       106.3438255025        -6.3438255025         1.4044785871
        1.5654302000        89.9316552690         2.8286164318         1.3939905194         1.2783424134        81.8649315594        96.8981658323         3.1018341677         1.3968249959
        1.5704385000        95.1647654096         2.8345972751         1.3965428462         1.2834461683        85.6743746287        92.5672466263         7.4327533737         1.3993761929
        1.5754531000        97.5737267821         2.8373447019         1.3990951731         1.2911018006        89.4838176980        91.3774453084         8.6225546916         1.4044785871
        1.5804298000        99.6520916859         2.8397122574         1.3990951731         1.2936536781        89.4838176980        90.6467520838         9.3532479162         1.3891714046
        1.5854392000        99.9066613918         2.8400020714         1.4016475000         1.3089649429        93.2932607673        91.6679591856         8.3320408144         1.3968249959
        1.5904255000        97.2034505460         2.8369226312         1.4067521537         1.3191724527       100.9121469059        95.2350096960         4.7649903040         1.4044785871
        1.5954615000        95.4913751822         2.8349699830         1.4067521537         1.3217243302       100.9121469059        97.4256440487         2.5743559513         1.3840690105
        1.6004447000        94.3879863028         2.8337105950         1.4067521537         1.3268280851       100.9121469059        98.7709793202         1.2290206798         1.3917226017
        1.6054551000        93.6584103309         2.8328774545         1.4067521537         1.3319318400       100.9121469059        99.5971906825         0.4028093175         1.3968249959
        1.6104381000        78.5715117074         2.8155710605         1.4297230954         1.3395874724       135.1971345297       113.3341248202       -13.3341248202         1.3993761929
        1.6154384000        83.5091960632         2.8212520031         1.4041998268         1.3421393498        97.1027038366       107.0709137890        -7.0709137890         1.3993761929
        1.6204844000        85.0858278465         2.8230624265         1.4067521537         1.3574506146       100.9121469059       104.6944332135        -4.6944332135         1.4044785871
        1.6254483000        79.5190708311         2.8166625743         1.4169614611         1.3702100019       116.1499191832       109.1147563735        -9.1147563735         1.3993761929
        1.6304276000        78.4220700748         2.8153988575         1.4118568074         1.3778656343       108.5310330446       108.8895153181        -8.8895153181         1.3866202076
        1.6354395000        78.8832500036         2.8159302287         1.4093044805         1.3804175117       104.7215899753       107.2812398621        -7.2812398621         1.3840690105
        1.6404957000        80.5183226846         2.8178129491         1.4067521537         1.3855212666       100.9121469059       104.8236008604        -4.8236008604         1.4044785871
        1.6455339000        81.4705193565         2.8189085030         1.4067521537         1.3829693892       100.9121469059       103.3142899023        -3.3142899023         1.3993761929
        1.6505358000        80.3825752364         2.8176567128         1.4093044805         1.4008325314       104.7215899753       103.8573241413        -3.8573241413         1.4044785871
        1.6554856000        81.0662836604         2.8184434850         1.4067521537         1.4059362863       100.9121469059       102.7208699413        -2.7208699413         1.3968249959
        1.6604598000        78.1926868924         2.8151345061         1.4118568074         1.4135919187       108.5310330446       104.9628349349        -4.9628349349         1.3993761929
        1.6654601000        74.3212734281         2.8106672153         1.4144091342         1.4237994285       112.3404761139       107.8096419805        -7.8096419805         1.3993761929
        1.6704401000        74.4824013173         2.8108533604         1.4093044805         1.4289031834       104.7215899753       106.6180567580        -6.6180567580         1.4044785871
        1.6754410000        75.9332029027         2.8125285650         1.4067521537         1.4340069384       100.9121469059       104.4163199190        -4.4163199190         1.3968249959
        1.6804269000        75.1514672449         2.8116261047         1.4093044805         1.4442144482       104.7215899753       104.5341143368        -4.5341143368         1.3968249959
        1.6854430000        72.7816959350         2.8088876348         1.4118568074         1.4569738355       108.5310330446       106.0764035403        -6.0764035403         1.3866202076
        1.6904224000        65.9781653525         2.8010021841         1.4195137880         1.4646294679       119.9593622525       111.4334145032       -11.4334145032         1.3993761929
        1.6954345000        73.6292527720         2.8098675325         1.3990951731         1.4697332228        89.4838176980       102.9637335689        -2.9637335689         1.3942737988
        1.7004463000        87.0307961200         2.8252935009         1.3863335388         1.4697332228        70.4366023515        90.4125042428         9.5874957572         1.3993761929
        1.7054277000        85.5995122225         2.8236519201         1.4041998268         1.4773888552        97.1027038366        92.9940485167         7.0059514833         1.3942737988
        1.7104400000        84.8855324733         2.8228325235         1.4041998268         1.4773888552        97.1027038366        94.5794534759         5.4205465241         1.3993761929
        1.7154793000        86.2328368849         2.8243784670         1.4016475000         1.4875963650        93.2932607673        94.0831508806         5.9168491194         1.3968249959
        1.7204605000        84.2007077010         2.8220462634         1.4067521537         1.4927001199       100.9121469059        96.7182524703         3.2817475297         1.4044785871
        1.7254428000        89.3838273758         2.8279893166         1.3965428462         1.4952519974        85.6743746287        92.4567563515         7.5432436485         1.3993761929
        1.7304564000        88.5205564046         2.8270007079         1.4041998268         1.5054595072        97.1027038366        94.2494859941         5.7505140059         1.4044785871
        1.7354336000        88.1554106922         2.8265824003         1.4041998268         1.5131151396        97.1027038366        95.3504558651         4.6495441349         1.4044785871
        1.7404386000        83.2338813574         2.8209356899         1.4118568074         1.5233226494       108.5310330446       100.4364391854        -0.4364391854         1.3993761929
        1.7454393000        84.5878334866         2.8224907687         1.4041998268         1.5258745269        97.1027038366        99.1500522429         0.8499477571         1.3942737988
        1.7504435000        83.9635861673         2.8217739457         1.4067521537         1.5309782818       100.9121469059        99.8299909090         0.1700090910         1.4044785871
        1.7554582000        85.1490314578         2.8231349672         1.4041998268         1.5437376691        97.1027038366        98.7776138870         1.2223861130         1.3968249959
        1.7604299000        87.6628306332         2.8260179663         1.4016475000         1.5462895465        93.2932607673        96.6613690436         3.3386309564         1.4044785871
        1.7654467000        89.5886130854         2.8282237638         1.4016475000         1.5564970564        93.2932607673        95.3617186352         4.6382813648         1.4019273900
        1.7704372000        96.0155740740         2.8355680306         1.3939905194         1.5513933015        81.8649315594        90.1537195460         9.8462804540         1.3993761929
        1.7754306000        99.3746821501         2.8393963976         1.3965428462         1.5590489338        85.6743746287        88.4252767605        11.5747232395         1.3968249959
        1.7804469000       102.2535276203         2.8426720561         1.3965428462         1.5667045662        85.6743746287        87.3637874063        12.6362125937         1.4070297842
        1.7854248000        99.9751316838         2.8400800147         1.4041998268         1.5769120761        97.1027038366        91.1217386590         8.8782613410         1.3917226017
        1.7904365000       100.3616804707         2.8405199908         1.4016475000         1.5769120761        93.2932607673        91.9596629071         8.0403370929         1.3968249959
        1.7954324000        99.3602878360         2.8393800069         1.4041998268         1.5845677084        97.1027038366        93.9442057710         6.0557942290         1.3968249959
        1.8004352000       103.7726149177         2.8443985855         1.3965428462         1.5896714634        85.6743746287        90.7531297901         9.2468702099         1.4044785871
        1.8054457000       104.0567425789         2.8447213658         1.4016475000         1.6024308506        93.2932607673        91.7332889748         8.2667110252         1.4044785871
        1.8104879000        98.1301524974         2.8379788048         1.4118568074         1.6075346056       108.5310330446        98.2150268376         1.7849731624         1.3993761929
        1.8154456000        95.6253345369         2.8351228305         1.4093044805         1.6228458703       104.7215899753       100.7257113957        -0.7257113957         1.3993761929
        1.8204280000        92.1973659087         2.8312080074         1.4118568074         1.6279496252       108.5310330446       103.7375473096        -3.7375473096         1.3891714046
        1.8254255000        92.8477933160         2.8319513777         1.4067521537         1.6279496252       100.9121469059       102.6473113412        -2.6473113412         1.3917226017
        1.8304316000        89.9537576620         2.8286417290         1.4118568074         1.6279496252       108.5310330446       104.9176603583        -4.9176603583         1.3993761929
        1.8354425000        92.5528554077         2.8316143278         1.4041998268         1.6381571351        97.1027038366       101.9021066404        -1.9021066404         1.3968249959
        1.8405501000        91.0725240943         2.8299217968         1.4093044805         1.6483646449       104.7215899753       102.9900593922        -2.9900593922         1.3942737988
        1.8454581000        91.5152555929         2.8304281385         1.4067521537         1.6509165224       100.9121469059       102.1882562464        -2.1882562464         1.3993761929
        1.8504594000        88.4936675559         2.8269699073         1.4118568074         1.6687796646       108.5310330446       104.6357406441        -4.6357406441         1.3968249959
        1.8554777000        91.0144314987         2.8298553483         1.4041998268         1.6662277871        97.1027038366       101.7289711580        -1.7289711580         1.3993761929
        1.8604303000        87.8652271732         2.8262499063         1.4118568074         1.6789871744       108.5310330446       104.3536796839        -4.3536796839         1.4019273900
        1.8654380000        88.6868522285         2.8271911859         1.4067521537         1.6840909293       100.9121469059       103.0256969964        -3.0256969964         1.3993761929
        1.8705147000        76.1733592355         2.8128057200         1.4271707685         1.6994021941       131.3876914604       113.9697268982       -13.9697268982         1.3993761929
        1.8754624000        78.0461193868         2.8149655756         1.4093044805         1.6994021941       104.7215899753       110.4011525108       -10.4011525108         1.3993761929
        1.8804386000        75.6857889577         2.8122429905         1.4144091342         1.7070578265       112.3404761139       111.1494784273       -11.1494784273         1.3840690105
        1.8854401000        81.6372164728         2.8191002323         1.4016475000         1.7096097039        93.2932607673       104.2593078417        -4.2593078417         1.3993761929
        1.8904352000        79.1910878288         2.8162848354         1.4118568074         1.7198172138       108.5310330446       105.9076365025        -5.9076365025         1.3993761929
        1.8954219000        75.5821955580         2.8121234059         1.4144091342         1.7351284785       112.3404761139       108.3898733970        -8.3898733970         1.3993761929
        1.9004239000        58.0761214885         2.7917981149         1.4373800759         1.7351284785       146.6254637376       123.1438232482       -23.1438232482         1.4019273900
        1.9054599000        64.1187485855         2.7988408720         1.4067521537         1.7402322334       100.9121469059       114.5652964113       -14.5652964113         1.3917226017
        1.9104181000        62.9154611419         2.7974407652         1.4144091342         1.7529916207       112.3404761139       113.7068060152       -13.7068060152         1.4019273900
        1.9154340000        66.3359323159         2.8014177278         1.4067521537         1.7555434982       100.9121469059       108.7697367251        -8.7697367251         1.3993761929
        1.9204361000        71.6261282528         2.8075507732         1.4016475000         1.7631991306        93.2932607673       102.7978359876        -2.7978359876         1.3993761929
        1.9254483000        65.5323854826         2.8004842743         1.4169614611         1.7759585179       116.1499191832       107.9499982563        -7.9499982563         1.3917226017
        1.9304393000        65.7325125631         2.8007168023         1.4093044805         1.7759585179       104.7215899753       106.7042538215        -6.7042538215         1.3840690105
        1.9354566000        70.4487964157         2.8061877056         1.4016475000         1.7759585179        93.2932607673       101.5293600324        -1.5293600324         1.3891714046
        1.9404331000        78.5894892988         2.8155917752         1.3939905194         1.7810622728        81.8649315594        93.9414559630         6.0585440370         1.3993761929
        1.9454211000        76.5179889706         2.8132033710         1.4067521537         1.7912697826       100.9121469059        96.6312333062         3.3687666938         1.3968249959
        1.9504467000        71.9523345981         2.8079282580         1.4118568074         1.8091329248       108.5310330446       101.2230036179        -1.2230036179         1.3968249959
        1.9554313000        71.9040745418         2.8078724167         1.4067521537         1.8065810474       100.9121469059       101.1030534799        -1.1030534799         1.3993761929
        1.9604164000        70.2017194760         2.8059015174         1.4093044805         1.8218923121       104.7215899753       102.4993365113        -2.4993365113         1.3993761929
        1.9654518000        73.7496311026         2.8100066642         1.4016475000         1.8142366797        93.2932607673        98.9469922518         1.0530077482         1.3993761929
        1.9704459000        77.9312593429         2.8148331797         1.3990951731         1.8218923121        89.4838176980        95.2954413916         4.7045586084         1.3993761929
        1.9754194000        84.3398046327         2.8222059889         1.3939905194         1.8269960670        81.8649315594        90.1130166723         9.8869833277         1.3968249959
        1.9804317000        84.4460713912         2.8223280065         1.4016475000         1.8423073318        93.2932607673        91.3401760145         8.6598239855         1.4019273900
        1.9854435000        81.6517831888         2.8191169855         1.4067521537         1.8474110867       100.9121469059        95.0337080681         4.9662919319         1.3840690105
        1.9904174000        83.1253061227         2.8208109320         1.4016475000         1.8499629642        93.2932607673        94.3621224599         5.6378775401         1.4044785871
        1.9954435000        82.7914574153         2.8204272738         1.4041998268         1.8601704740        97.1027038366        95.4196293490         4.5803706510         1.3917226017
        2.0004160000        82.7514460386         2.8203812877         1.4041998268         1.8652742289        97.1027038366        96.0690765359         3.9309234641         1.3968249959
        2.0054257000        79.6503574393         2.8168137562         1.4093044805         1.8805854937       104.7215899753        99.4078179607         0.5921820393         1.3993761929
        2.0104365000        85.5807958808         2.8236304447         1.3965428462         1.8729298613        85.6743746287        94.1085004296         5.8914995704         1.3968249959
        2.0154616000        78.6934127716         2.8157115166         1.4144091342         1.8907930035       112.3404761139       101.1436645931        -1.1436645931         1.3968249959
        2.0204412000        78.6231076889         2.8156305114         1.4067521537         1.8907930035       100.9121469059       101.0543289685        -1.0543289685         1.3942737988
        2.0254433000        85.0110432913         2.8229765905         1.3965428462         1.9010005134        85.6743746287        95.1196729838         4.8803270162         1.4044785871
        2.0304270000        83.2669206359         2.8209736520         1.4067521537         1.9035523908       100.9121469059        97.3548122611         2.6451877389         1.4044785871
        2.0354393000        82.1438505387         2.8196828273         1.4067521537         1.9112080232       100.9121469059        98.7274793623         1.2725206377         1.3942737988
        2.0404953000        79.7814218936         2.8169646702         1.4093044805         1.9163117781       104.7215899753       101.0404240977        -1.0404240977         1.3917226017
        2.0454547000        73.1993672042         2.8093705893         1.4169614611         1.9239674105       116.1499191832       106.8707180930        -6.8707180930         1.3840690105
        2.0504416000        76.3411387398         2.8129993231         1.4041998268         1.9265192879        97.1027038366       103.1015388754        -3.1015388754         1.3968249959
        2.0554478000        81.6771432801         2.8191461519         1.3990951731         1.9392786752        89.4838176980        97.8468749995         2.1531250005         1.3968249959
        2.0604336000        79.0700311838         2.8161453950         1.4093044805         1.9520380625       104.7215899753       100.4996181398        -0.4996181398         1.3917226017
        2.0654445000        77.2000064494         2.8139900646         1.4093044805         1.9545899400       104.7215899753       102.1287484914        -2.1287484914         1.4044785871
        2.0704361000        70.9203519979         2.8067337788         1.4169614611         1.9622455724       116.1499191832       107.5390912479        -7.5390912479         1.3993761929
        2.0754418000        74.2478367290         2.8105823702         1.4041998268         1.9596936949        97.1027038366       103.5120071851        -3.5120071851         1.3993761929
        2.0804203000        74.8355958844         2.8112613267         1.4067521537         1.9724530822       100.9121469059       102.5088002819        -2.5088002819         1.4044785871
        2.0854321000        73.5238395864         2.8097456886         1.4093044805         1.9775568371       104.7215899753       103.3626484342        -3.3626484342         1.3891714046
        2.0904464000        72.4493322978         2.8085032293         1.4093044805         1.9852124695       104.7215899753       103.8870225885        -3.8870225885         1.4044785871
        2.0954282000        68.2789951751         2.8036728499         1.4144091342         1.9979718568       112.3404761139       107.1489528548        -7.1489528548         1.3993761929
        2.1004357000        68.2565449420         2.8036468107         1.4093044805         1.9979718568       104.7215899753       106.2123074447        -6.2123074447         1.3968249959
        2.1054532000        63.1115422593         2.7976689973         1.4169614611         2.0132831215       116.1499191832       110.0469291656       -10.0469291656         1.3993761929
        2.1104310000        67.1358511974         2.8023464682         1.4041998268         2.0132831215        97.1027038366       105.0521468263        -5.0521468263         1.3917226017
        2.1154383000        73.0138488342         2.8091560898         1.3990951731         2.0209387539        89.4838176980        99.0448027477         0.9551972523         1.4044785871
        2.1204569000        69.1188253667         2.8046466599         1.4118568074         2.0336981412       108.5310330446       102.7052501170        -2.7052501170         1.3942737988
        2.1254314000        71.1031860112         2.8069454602         1.4041998268         2.0336981412        97.1027038366       100.5433981324        -0.5433981324         1.3917226017
        2.1304249000        77.3491551124         2.8141620601         1.3965428462         2.0336981412        85.6743746287        94.8058947970         5.1941052030         1.3993761929
        2.1354885000        72.2763148289         2.8083030882         1.4118568074         2.0541131609       108.5310330446       100.1020076490        -0.1020076490         1.3917226017
        2.1404430000        76.7788739725         2.8135043361         1.3990951731         2.0617687933        89.4838176980        96.0047715229         3.9952284771         1.3968249959
        2.1454579000        78.5222151897         2.8155142574         1.4016475000         2.0592169158        93.2932607673        94.9584821011         5.0415178989         1.3917226017
        2.1505103000        81.5956017836         2.8190523703         1.3990951731         2.0745281806        89.4838176980        92.8459758383         7.1540241617         1.3968249959
        2.1554368000        88.9443079650         2.8274860444         1.3914381925         2.0668725482        78.0554884901        87.1387772135        12.8612227865         1.3993761929
        2.1604318000        89.8449226987         2.8285171593         1.3990951731         2.0668725482        89.4838176980        88.0436569185        11.9563430815         1.3993761929
        2.1655148000        92.6177318331         2.8316884722         1.3965428462         2.0796319355        85.6743746287        87.1294230392        12.8705769608         1.4044785871
        2.1704640000        85.4119182392         2.8234366617         1.4118568074         2.0974950777       108.5310330446        95.3876525562         4.6123474438         1.3917226017
        2.1754543000        91.8460851895         2.8308064188         1.3939905194         2.0923913228        81.8649315594        90.1696463567         9.8303536433         1.3993761929
        2.1804393000        88.7265553139         2.8272366598         1.4067521537         2.1025988326       100.9121469059        94.3148501568         5.6851498432         1.3917226017
        2.1854507000        88.3795715929         2.8268392074         1.4041998268         2.1128063424        97.1027038366        95.3905979881         4.6094020119         1.3968249959
        2.1904400000        88.3314936044         2.8267841302         1.4041998268         2.1179100974        97.1027038366        96.0512474930         3.9487525070         1.4044785871
        2.1954383000        85.2254510530         2.8232226728         1.4093044805         2.1281176072       104.7215899753        99.3968686024         0.6031313976         1.3993761929
        2.2004577000        97.6359104741         2.8374155757         1.3863335388         2.1306694847        70.4366023515        88.2219838384        11.7780161616         1.3917226017
        2.2054404000        98.8375034297         2.8387846330         1.3990951731         2.1332213621        89.4838176980        88.7088870958        11.2911129042         1.3993761929
        2.2104291000       101.7951524565         2.8421508246         1.3965428462         2.1383251170        85.6743746287        87.5379611505        12.4620388495         1.3993761929
        2.2154987000       101.1859180220         2.8414578573         1.4016475000         2.1408769945        93.2932607673        89.7587559955        10.2412440045         1.3968249959
        2.2204432000       101.1937504226         2.8414667676         1.4016475000         2.1536363818        93.2932607673        91.1226137440         8.8773862560         1.3942737988
        2.2254316000        96.7182448452         2.8363694286         1.4093044805         2.1612920142       104.7215899753        96.3700445161         3.6299554839         1.3968249959
        2.2304457000        93.7007827724         2.8329258508         1.4093044805         2.1740514015       104.7215899753        99.5926515633         0.4073484367         1.3968249959
        2.2354469000        96.4410471346         2.8360533199         1.4016475000         2.1689476465        93.2932607673        97.1619085025         2.8380914975         1.3993761929
        2.2404369000        95.2643770787         2.8347109530         1.4067521537         2.1791551564       100.9121469059        98.6090112892         1.3909887108         1.4044785871
        2.2454386000        94.4897969047         2.8338268314         1.4067521537         2.1944664211       100.9121469059        99.4977211819         0.5022788181         1.3993761929
        2.2504273000        98.8244498868         2.8387697649         1.3990951731         2.1868107888        89.4838176980        95.6336608000         4.3663392000         1.3993761929
        2.2554348000        92.3608456264         2.8313948728         1.4144091342         2.2046739310       112.3404761139       102.0803120251        -2.0803120251         1.3993761929
        2.2604678000        94.1715618789         2.8334634834         1.4041998268         2.2021220535        97.1027038366       100.1596046178        -0.1596046178         1.3968249959
        2.2654526000        97.0693589947         2.8367697623         1.4016475000         2.2123295633        93.2932607673        97.5100916397         2.4899083603         1.3968249959
        2.2704272000        89.5063712482         2.8281296132         1.4169614611         2.2276408281       116.1499191832       104.7026334146        -4.7026334146         1.3917226017
        2.2754479000        93.6664877572         2.8328866803         1.4016475000         2.2225370732        93.2932607673       100.3001039814        -0.3001039814         1.3968249959
        2.2804298000        91.7410263081         2.8306862990         1.4093044805         2.2404002154       104.7215899753       102.0062207705        -2.0062207705         1.4044785871
        2.2854387000        90.2896239959         2.8290261045         1.4093044805         2.2429520929       104.7215899753       103.0539990503        -3.0539990503         1.3968249959
        2.2904712000        87.5085899990         2.8258411934         1.4118568074         2.2582633576       108.5310330446       105.1674196661        -5.1674196661         1.3993761929
        2.2954681000        82.0732563134         2.8196016593         1.4169614611         2.2633671125       116.1499191832       109.4052317588        -9.4052317588         1.3968249959
        2.3004433000        77.8154349503         2.8146996627         1.4169614611         2.2633671125       116.1499191832       112.0078012270       -12.0078012270         1.3917226017
        2.3054366000        85.6261206320         2.8236824506         1.3990951731         2.2684708674        89.4838176980       103.3164819490        -3.3164819490         1.3993761929
        2.3104409000        87.7803172669         2.8261526056         1.4041998268         2.2863340097        97.1027038366       100.9187742154        -0.9187742154         1.3993761929
        2.3154327000        86.0267586319         2.8241420845         1.4093044805         2.2863340097       104.7215899753       102.3861650028        -2.3861650028         1.3840690105
        2.3204483000        87.9224587492         2.8263154870         1.4041998268         2.2888858871        97.1027038366       100.3474382461        -0.3474382461         1.3942737988
        2.3254435000        84.3893836922         2.8222629175         1.4118568074         2.3067490293       108.5310330446       103.5052382482        -3.5052382482         1.3968249959
        2.3304261000        81.7337303645         2.8192112305         1.4118568074         2.3067490293       108.5310330446       105.4445394000        -5.4445394000         1.3917226017
        2.3354364000        84.4792259567         2.8223660737         1.4041998268         2.3144046617        97.1027038366       102.2256791059        -2.2256791059         1.4019273900
        2.3404250000        78.2265045051         2.8151734814         1.4169614611         2.3246121715       116.1499191832       107.5986192903        -7.5986192903         1.3993761929
        2.3454310000        78.3289979356         2.8152916015         1.4093044805         2.3220602941       104.7215899753       106.4884612973        -6.4884612973         1.3993761929
        2.3504260000        84.6060878284         2.8225117262         1.3990951731         2.3373715588        89.4838176980        99.9268872071         0.0731127929         1.4044785871
        2.3554510000        82.5769249077         2.8201806932         1.4093044805         2.3475790687       104.7215899753       101.7770169831        -1.7770169831         1.3993761929
        2.3604597000        84.3033680397         2.8221641499         1.4041998268         2.3424753138        97.1027038366        99.9733418957         0.0266581043         1.3993761929
        2.3655212000        85.5286446275         2.8235706045         1.4041998268         2.3552347011        97.1027038366        98.8656500937         1.1343499063         1.4070297842
        2.3704934000        88.0669054156         2.8264809963         1.4016475000         2.3628903334        93.2932607673        96.7154347592         3.2845652408         1.3942737988
        2.3754636000        81.9038812988         2.8194069010         1.4144091342         2.3730978433       112.3404761139       102.7446623588        -2.7446623588         1.3891714046
        2.3804463000        85.5199588096         2.8235606379         1.4016475000         2.3730978433        93.2932607673        99.0976543262         0.9023456738         1.3917226017
        2.3854886000        83.2603864432         2.8209661443         1.4093044805         2.3884091080       104.7215899753       101.2677598168        -1.2677598168         1.3993761929
        2.3907846000        86.4660939554         2.8246459908         1.4016475000         2.3833053531        93.2932607673        98.1906434962         1.8093565038         1.3993761929
        2.3954666000        85.5752667131         2.8236241005         1.4067521537         2.3858572306       100.9121469059        99.2407887789         0.7592112211         1.3968249959
        2.4005365000        84.9762313162         2.8229366328         1.4067521537         2.4011684953       100.9121469059        99.8857149791         0.1142850209         1.3993761929
        2.4054697000        84.5563941779         2.8224546733         1.4067521537         2.4088241277       100.9121469059       100.2817837998        -0.2817837998         1.3993761929
        2.4104763000        84.2466081479         2.8220989725         1.4067521537         2.4139278826       100.9121469059       100.5250217248        -0.5250217248         1.3993761929
        2.4154662000        84.0044078549         2.8218208293         1.4067521537         2.4241353924       100.9121469059       100.6744015423        -0.6744015423         1.3993761929
        2.4204835000        85.4244798595         2.8234510765         1.4041998268         2.4241353924        97.1027038366        99.2961921734         0.7038078266         1.3942737988
        2.4254651000        88.0823704455         2.8264987156         1.4016475000         2.4292391474        93.2932607673        96.9798437625         3.0201562375         1.3840690105
        2.4304898000        93.3381754973         2.8325116565         1.3965428462         2.4317910248        85.6743746287        92.6174075308         7.3825924692         1.3968249959
        2.4354412000        90.8987769918         2.8297230520         1.4067521537         2.4471022896       100.9121469059        95.8180948402         4.1819051598         1.4019273900
        2.4404395000        86.1071851444         2.8242343412         1.4118568074         2.4573097994       108.5310330446       100.7236305219        -0.7236305219         1.3993761929
        2.4454306000        82.6786383277         2.8202976051         1.4118568074         2.4649654318       108.5310330446       103.7362693817        -3.7362693817         1.3993761929
        2.4504436000        84.9494764898         2.8229059226         1.4041998268         2.4675173092        97.1027038366       101.1765784625        -1.1765784625         1.3917226017
        2.4554483000        91.3713801594         2.8302636052         1.3965428462         2.4675173092        85.6743746287        95.1947501212         4.8052498788         1.3968249959
        2.4604322000        89.6481183285         2.8282918827         1.4067521537         2.4751729416       100.9121469059        97.4009194176         2.5990805824         1.3993761929
        2.4654415000        91.7793911751         2.8307301645         1.4016475000         2.4751729416        93.2932607673        95.8158990428         4.1841009572         1.4070297842
        2.4704590000        85.3664233685         2.8233844541         1.4144091342         2.4981398388       112.3404761139       102.1922300801        -2.1922300801         1.3993761929
        2.4754362000        82.3459394953         2.8199151665         1.4118568074         2.5083473486       108.5310330446       104.6381810965        -4.6381810965         1.3891714046
        2.4804555000        83.2466157005         2.8209503218         1.4067521537         2.5057954711       100.9121469059       103.2004179784        -3.2004179784         1.3815178134
        2.4854338000        93.4723921592         2.8326649774         1.3914381925         2.5160029810        78.0554884901        93.4977554753         6.5022445247         1.3993761929
        2.4904364000       102.6229667234         2.8430920672         1.3888858657         2.5287623683        74.2460454208        86.0691068743        13.9308931257         1.3968249959
        2.4954452000        99.9848327317         2.8400910576         1.4041998268         2.5236586133        97.1027038366        90.3266359149         9.6733640851         1.3968249959
        2.5004373000        98.5296895851         2.8384340023         1.4041998268         2.5364180006        97.1027038366        92.9413141614         7.0586858386         1.4044785871
        2.5054387000        96.1802913063         2.8357559181         1.4067521537         2.5440736330       100.9121469059        96.0170157666         3.9829842334         1.3942737988
        2.5104589000        94.6855030152         2.8340502495         1.4067521537         2.5466255105       100.9121469059        97.9058977925         2.0941022075         1.4044785871
        2.5154402000        93.7155567446         2.8329427249         1.4067521537         2.5542811429       100.9121469059        99.0659177703         0.9340822297         1.4070297842
        2.5204283000        91.4471661047         2.8303502742         1.4093044805         2.5695924076       104.7215899753       101.2482694313        -1.2482694313         1.3968249959
        2.5256480000        89.7851605325         2.8284487539         1.4093044805         2.5695924076       104.7215899753       102.5885180495        -2.5885180495         1.4044785871
        2.5304343000        83.6332569837         2.8213945217         1.4169614611         2.5823517949       116.1499191832       107.8214497358        -7.8214497358         1.3993761929
        2.5354340000        85.4184315967         2.8234441359         1.4067521537         2.5797999174       100.9121469059       105.1553601959        -5.1553601959         1.3968249959
        2.5405198000        86.4628104365         2.8246422251         1.4067521537         2.5900074273       100.9121469059       103.5180334140        -3.5180334140         1.3993761929
        2.5454482000        82.1899465169         2.8197358258         1.4144091342         2.5976630597       112.3404761139       106.9223453652        -6.9223453652         1.3993761929
        2.5504274000        83.7252972934         2.8215002488         1.4067521537         2.6002149371       100.9121469059       104.6031928198        -4.6031928198         1.4044785871
        2.5554348000        78.1331883546         2.8150659312         1.4169614611         2.6129743244       116.1499191832       109.0587228690        -9.0587228690         1.3917226017
        2.5604521000        80.2621498862         2.8175181004         1.4067521537         2.6206299568       100.9121469059       105.9152073080        -5.9152073080         1.4044785871
        2.5654404000        76.6553612284         2.8133618541         1.4144091342         2.6333893441       112.3404761139       108.3945228593        -8.3945228593         1.3968249959
        2.5704220000        76.9790032704         2.8137351784         1.4093044805         2.6333893441       104.7215899753       106.9772499181        -6.9772499181         1.3891714046
        2.5754418000        78.5296097464         2.8155227781         1.4067521537         2.6410449765       100.9121469059       104.6369113779        -4.6369113779         1.4044785871
        2.5804171000        74.5676356353         2.8109518208         1.4144091342         2.6538043638       112.3404761139       107.6094823982        -7.6094823982         1.3968249959
        2.5854277000        73.0523816351         2.8092006442         1.4118568074         2.6487006088       108.5310330446       107.9650807269        -7.9650807269         1.3993761929
        2.5904316000        74.8774653471         2.8113096830         1.4067521537         2.6589081187       100.9121469059       105.2435683618        -5.2435683618         1.4044785871
        2.5954418000        71.0840560657         2.8069233131         1.4144091342         2.6742193834       112.3404761139       107.9820489277        -7.9820489277         1.3917226017
        2.6004272000        76.1553862135         2.8127849795         1.4016475000         2.6793231383        93.2932607673       102.3140929222        -2.3140929222         1.3993761929
        2.6054365000        74.7895288109         2.8112081209         1.4093044805         2.6869787707       104.7215899753       103.2430727149        -3.2430727149         1.3993761929
        2.6104276000        73.6817963863         2.8099282630         1.4093044805         2.6869787707       104.7215899753       103.8135874976        -3.8135874976         1.3840690105
        2.6154585000        75.9741180480         2.8125757865         1.4041998268         2.6971862806        97.1027038366       101.2240618721        -1.2240618721         1.3993761929
        2.6204376000        72.6846203606         2.8087753675         1.4118568074         2.7048419129       108.5310330446       104.0435995145        -4.0435995145         1.3968249959
        2.6254468000        73.4200869897         2.8096257561         1.4067521537         2.7073937904       100.9121469059       102.8352673209        -2.8352673209         1.3968249959
        2.6304373000        78.6821057020         2.8156984889         1.3990951731         2.7099456679        89.4838176980        97.6833495286         2.3166504714         1.3968249959
        2.6354889000        74.4087908173         2.8107683233         1.4118568074         2.7252569326       108.5310330446       101.8691402322        -1.8691402322         1.3993761929
        2.6404567000        69.6777678294         2.8052944734         1.4144091342         2.7329125650       112.3404761139       105.9097098454        -5.9097098454         1.3968249959
        2.6454354000        64.4486858166         2.7992245762         1.4169614611         2.7405681974       116.1499191832       109.8610947642        -9.8610947642         1.3993761929
        2.6504598000        65.1798274014         2.8000745601         1.4093044805         2.7405681974       104.7215899753       107.8779163893        -7.8779163893         1.3942737988
        2.6554330000        71.8429892711         2.8078017329         1.3990951731         2.7482238297        89.4838176980       100.7801938949        -0.7801938949         1.3942737988
        2.6604152000        73.2924565853         2.8094782112         1.4041998268         2.7533275847        97.1027038366        99.3611624790         0.6388375210         1.3840690105
        2.6654325000        79.2099314024         2.8163065396         1.3965428462         2.7558794621        85.6743746287        94.0798478774         5.9201521226         1.3917226017
        2.6704713000        77.1768844508         2.8139633993         1.4067521537         2.7686388494       100.9121469059        96.7162239955         3.2837760045         1.3942737988
        2.6754469000        82.3594404965         2.8199306875         1.3965428462         2.7711907269        85.6743746287        92.4555106033         7.5444893967         1.3840690105
        2.6804263000        79.8750575455         2.8170724794         1.4067521537         2.7788463592       100.9121469059        95.7186690065         4.2813309935         1.3917226017
        2.6854425000        81.5389027324         2.8189871576         1.4016475000         2.7813982367        93.2932607673        94.7827778326         5.2172221674         1.3968249959
        2.6904293000        91.0465317453         2.8298920660         1.3888858657         2.7865019916        74.2460454208        86.8582782391        13.1417217609         1.3993761929
        2.6954347000        83.7653782504         2.8215462882         1.4118568074         2.8018132564       108.5310330446        95.2211342768         4.7788657232         1.3993761929
        2.7004508000        82.0494474828         2.8195742836         1.4067521537         2.7992613789       100.9121469059        97.4171227312         2.5828772688         1.3993761929
        2.7054409000        76.0813933682         2.8126995908         1.4144091342         2.8145726437       112.3404761139       103.1755903122        -3.1755903122         1.3968249959
        2.7104342000        81.4379737334         2.8188710679         1.3990951731         2.8145726437        89.4838176980        97.8923522420         2.1076477580         1.3917226017
        2.7154561000        85.3265612299         2.8233387092         1.3990951731         2.8247801535        89.4838176980        94.6477548426         5.3522451574         1.4044785871
        2.7204494000        85.0720779222         2.8230466449         1.4041998268         2.8324357859        97.1027038366        95.5950448942         4.4049551058         1.3866202076
        2.7254422000        93.1846364449         2.8323362491         1.3914381925         2.8273320310        78.0554884901        88.8270642434        11.1729357566         1.3968249959
        2.7304802000        94.5543561644         2.8339005349         1.3990951731         2.8426432957        89.4838176980        89.0804854002        10.9195145998         1.4044785871
        2.7354411000        99.2360227952         2.8392385023         1.3939905194         2.8451951732        81.8649315594        86.2962229220        13.7037770780         1.4044785871
        2.7404443000       101.5232924534         2.8418416271         1.3965428462         2.8528508056        85.6743746287        86.0562706040        13.9437293960         1.3942737988
        2.7454379000       105.3646551466         2.8462066148         1.3939905194         2.8554026830        81.8649315594        84.4389605135        15.5610394865         1.3993761929
        2.7504426000        99.0320393750         2.8390061997         1.4093044805         2.8707139478       104.7215899753        92.2654095172         7.7345904828         1.3993761929
        2.7554286000        99.7363668881         2.8398082045         1.4016475000         2.8707139478        93.2932607673        92.6620260115         7.3379739885         1.3942737988
        2.7604665000        95.6886001709         2.8351950127         1.4093044805         2.8834733351       104.7215899753        97.3154444723         2.6845555277         1.3993761929
        2.7654423000        89.6922938828         2.8283424515         1.4144091342         2.8911289674       112.3404761139       103.1131465968        -3.1131465968         1.3993761929
        2.7704365000        86.9276945374         2.8251752963         1.4118568074         2.8987845998       108.5310330446       105.2037439758        -5.2037439758         1.3968249959
        2.7754505000        84.7439855479         2.8226700368         1.4118568074         2.9038883547       108.5310330446       106.4876434952        -6.4876434952         1.3891714046
        2.7804898000        86.1585506932         2.8242932601         1.4067521537         2.9089921097       100.9121469059       104.3362291626        -4.3362291626         1.4019273900
        2.7854332000       103.1829853527         2.8437285956         1.3812288851         2.9064402322        62.8177162129        88.3154994577        11.6845005423         1.3993761929
        2.7904480000       101.1690307466         2.8414386460         1.4041998268         2.9243033744        97.1027038366        91.7062140140         8.2937859860         1.3968249959
        2.7954539000       103.3387468462         2.8439056051         1.3990951731         2.9217514970        89.4838176980        90.8486589586         9.1513410414         1.3968249959
        2.8004375000       105.2701839416         2.8460993669         1.3990951731         2.9319590068        89.4838176980        90.3220082822         9.6779917178         1.4070297842
        2.8054415000       102.1929891296         2.8426032231         1.4067521537         2.9396146392       100.9121469059        94.4084202555         5.5915797445         1.3917226017
        2.8104395000       100.2512388225         2.8403942933         1.4067521537         2.9370627617       100.9121469059        96.9180102995         3.0819897005         1.3993761929
        2.8154416000        97.3860337277         2.8371307646         1.4093044805         2.9523740265       104.7215899753        99.9291740391         0.0708259609         1.3993761929
        2.8204384000        93.7367403847         2.8329669195         1.4118568074         2.9625815363       108.5310330446       103.2483694605        -3.2483694605         1.3993761929
        2.8254390000        94.2512455442         2.8335544690         1.4067521537         2.9651334138       100.9121469059       102.3468923261        -2.3468923261         1.3917226017
        2.8304469000        91.2737358984         2.8301519336         1.4118568074         2.9676852912       108.5310330446       104.7331638920        -4.7331638920         1.3942737988
        2.8354277000        93.8215697235         2.8330638035         1.4041998268         2.9727890461        97.1027038366       101.7888017415        -1.7888017415         1.3993761929
        2.8404410000        87.4474581610         2.8257711267         1.4169614611         2.9932040658       116.1499191832       107.3303195958        -7.3303195958         1.3993761929
        2.8454302000        89.0961680656         2.8276599462         1.4067521537         3.0008596982       100.9121469059       104.8537422196        -4.8537422196         1.3942737988
        2.8504345000        86.8152080958         2.8250463240         1.4118568074         3.0034115756       108.5310330446       106.2726967574        -6.2726967574         1.4044785871
        2.8554466000        84.9285167761         2.8228818640         1.4118568074         3.0110672080       108.5310330446       107.1441199532        -7.1441199532         1.3917226017
        2.8604574000        86.5254895180         2.8247141061         1.4067521537         3.0161709629       100.9121469059       104.7393913484        -4.7393913484         1.4044785871
        2.8654412000        84.2127561809         2.8220600992         1.4118568074         3.0289303502       108.5310330446       106.2024704049        -6.2024704049         1.3993761929
        2.8704939000        85.5480835449         2.8235929096         1.4067521537         3.0263784728       100.9121469059       104.1610956829        -4.1610956829         1.4019273900
        2.8754646000        86.3161974890         2.8244740779         1.4067521537         3.0416897375       100.9121469059       102.9074252963        -2.9074252963         1.3993761929
        2.8804455000        89.9775000736         2.8286689029         1.4016475000         3.0442416150        93.2932607673        99.1976120031         0.8023879969         1.3917226017
        2.8854461000        90.9872334784         2.8298242375         1.4041998268         3.0442416150        97.1027038366        98.3892507419         1.6107492581         1.3993761929
        2.8904436000        90.1515909574         2.8288681442         1.4067521537         3.0621047572       100.9121469059        99.3627595370         0.6372404630         1.3968249959
        2.8954460000        91.2072120165         2.8300758495         1.4041998268         3.0570010023        97.1027038366        98.4906728720         1.5093271280         1.3993761929
        2.9004284000        92.0205163395         2.8310058405         1.4041998268         3.0723122670        97.1027038366        97.9550978917         2.0449021083         1.4044785871
        2.9054620000        97.5473040894         2.8373145859         1.3965428462         3.0723122670        85.6743746287        93.2163407928         6.7836592072         1.3993761929
        2.9104285000       100.1366218257         2.8402638361         1.3990951731         3.0774160220        89.4838176980        91.7760738042         8.2239261958         1.3866202076
        2.9154353000        89.3596223607         2.8279616039         1.4195137880         3.0978310416       119.9593622525       102.6511464970        -2.6511464970         1.3917226017
        2.9204474000        91.3289498517         2.8302150802         1.4041998268         3.0927272867        97.1027038366       100.5101714517        -0.5101714517         1.3891714046
        2.9254547000        91.0826232834         2.8299333484         1.4067521537         3.1080385515       100.9121469059       100.6652815373        -0.6652815373         1.3917226017
        2.9304388000        92.5001612166         2.8315541040         1.4041998268         3.1105904289        97.1027038366        99.2905913006         0.7094086994         1.3891714046
        2.9354758000        88.6734322000         2.8271758151         1.4118568074         3.1233498162       108.5310330446       102.8561963528        -2.8561963528         1.3968249959
        2.9404550000        84.2166711943         2.8220645950         1.4144091342         3.1310054486       112.3404761139       106.5158910698        -6.5158910698         1.3917226017
        2.9454232000        87.2598510078         2.8255560841         1.4041998268         3.1284535711        97.1027038366       102.8836287942        -2.8836287942         1.3942737988
        2.9504557000        73.0861173121         2.8092396508         1.4297230954         3.1437648359       135.1971345297       115.3524265528       -15.3524265528         1.3993761929
        2.9554367000        78.5846040604         2.8155861462         1.4041998268         3.1412129584        97.1027038366       108.3104143502        -8.3104143502         1.3942737988
        2.9604286000        85.3679391863         2.8233861936         1.3990951731         3.1463167133        89.4838176980       101.0458040643        -1.0458040643         1.3891714046
        2.9654387000        86.8912085571         2.8251334639         1.4041998268         3.1565242232        97.1027038366        99.5242817732         0.4757182268         1.3917226017
        2.9704471000        81.5086465982         2.8189523574         1.4144091342         3.1692836105       112.3404761139       104.4696608533        -4.4696608533         1.3840690105
        2.9754298000        92.0870930415         2.8310819505         1.3914381925         3.1641798556        78.0554884901        94.2772361794         5.7227638206         1.3993761929
        2.9804819000        91.7296579553         2.8306733004         1.4041998268         3.1794911203        97.1027038366        95.3674980990         4.6325019010         1.3993761929
        2.9854410000       103.0205223315         2.8435439554         1.3863335388         3.1794911203        70.4366023515        85.7474246981        14.2525753019         1.3993761929
        2.9904353000       101.9137720350         2.8422857221         1.4016475000         3.1896986301        93.2932607673        88.6591330295        11.3408669705         1.3993761929
        2.9954670000        98.3745331168         2.8382572420         1.4067521537         3.2050098949       100.9121469059        93.3871979200         6.6128020800         1.3968249959
        3.0004467000        96.1490274525         2.8357202578         1.4067521537         3.2050098949       100.9121469059        96.2908465621         3.7091534379         1.3993761929
        3.0054334000        88.2472620369         2.8266876326         1.4169614611         3.2203211597       116.1499191832       103.9538578804        -3.9538578804         1.3993761929
        3.0104618000        92.1993248618         2.8312102467         1.4016475000         3.2126655273        93.2932607673        99.8402581219         0.1597418781         1.3993761929
        3.0154494000        90.1460913091         2.8288618503         1.4093044805         3.2254249146       104.7215899753       101.7238154236        -1.7238154236         1.3993761929
        3.0204421000        88.6162202568         2.8271102851         1.4093044805         3.2330805470       104.7215899753       102.8805653262        -2.8805653262         1.3917226017
        3.0254976000        84.1662303787         2.8220066709         1.4144091342         3.2458399342       112.3404761139       106.5308567985        -6.5308567985         1.3968249959
        3.0304337000        80.7305051956         2.8180571313         1.4144091342         3.2458399342       112.3404761139       108.7726119609        -8.7726119609         1.3968249959
        3.0354432000        81.1592025271         2.8185503855         1.4093044805         3.2560474441       104.7215899753       107.2094459501        -7.2094459501         1.3942737988
        3.0404840000        81.1535608177         2.8185438951         1.4093044805         3.2688068314       104.7215899753       106.2494580968        -6.2494580968         1.3891714046
        3.0454406000        79.2604124375         2.8163646831         1.4118568074         3.2739105863       108.5310330446       107.1298483840        -7.1298483840         1.4044785871
        3.0504434000        75.9911221876         2.8125954112         1.4144091342         3.2815662187       112.3404761139       109.1404709358        -9.1404709358         1.3968249959
        3.0554630000        76.5220322805         2.8132080359         1.4093044805         3.2815662187       104.7215899753       107.4353593497        -7.4353593497         1.3942737988
        3.0604406000        74.9583967026         2.8114031495         1.4118568074         3.2866699736       108.5310330446       107.8581464599        -7.8581464599         1.3942737988
        3.0654445000        73.5122361381         2.8097322760         1.4118568074         3.2917737285       108.5310330446       108.1177929002        -8.1177929002         1.3993761929
        3.0705175000        72.1382205569         2.8081433290         1.4118568074         3.3019812383       108.5310330446       108.2772496867        -8.2772496867         1.4044785871
        3.0754492000        72.4292772453         2.8084800314         1.4093044805         3.3096368707       104.7215899753       106.9052288914        -6.9052288914         1.3968249959
        3.0804633000        73.9598720632         2.8102496323         1.4067521537         3.3172925031       100.9121469059       104.5926810719        -4.5926810719         1.3917226017
        3.0854393000        68.3648423453         2.8037724172         1.4169614611         3.3249481355       116.1499191832       109.0522672845        -9.0522672845         1.3917226017
        3.0904481000        67.2504784614         2.8024795148         1.4118568074         3.3326037679       108.5310330446       108.8511388654        -8.8511388654         1.3993761929
        3.0954499000        66.0802293267         2.8011207408         1.4118568074         3.3377075228       108.5310330446       108.7276197779        -8.7276197779         1.4044785871
        3.1004488000        68.1171910335         2.8034851708         1.4067521537         3.3479150326       100.9121469059       105.7118668161        -5.7118668161         1.3917226017
        3.1054533000        70.9369658339         2.8067530150         1.4041998268         3.3530187875        97.1027038366       102.3898530136        -2.3898530136         1.4044785871
        3.1104298000        66.3506273442         2.8014347939         1.4144091342         3.3708819297       112.3404761139       106.2294954227        -6.2294954227         1.3891714046
        3.1154369000        67.6934638405         2.8029935878         1.4067521537         3.3632262974       100.9121469059       104.1776925694        -4.1776925694         1.3942737988
        3.1204368000        66.8454235333         2.8020093265         1.4093044805         3.3734338072       104.7215899753       104.3875660140        -4.3875660140         1.3942737988
        3.1254454000        64.4349325190         2.7992085834         1.4118568074         3.3861931945       108.5310330446       105.9864037522        -5.9864037522         1.3917226017
        3.1304424000        62.4686922401         2.7969206260         1.4118568074         3.3912969494       108.5310330446       106.9682986997        -6.9682986997         1.3917226017
        3.1354500000        51.0506848389         2.7835719708         1.4271707685         3.4040563367       131.3876914604       116.3909986758       -16.3909986758         1.3968249959
        3.1404411000        47.1131527027         2.7789429642         1.4195137880         3.4091600916       119.9593622525       117.7679215058       -17.7679215058         1.3942737988
        3.1454321000        48.4205078615         2.7804814119         1.4118568074         3.4091600916       108.5310330446       114.2036875572       -14.2036875572         1.3942737988
        3.1504582000        53.5998076584         2.7865615853         1.4041998268         3.4168157240        97.1027038366       107.6049387483        -7.6049387483         1.4044785871
        3.1554478000        61.8078861947         2.7961510069         1.3965428462         3.4193676015        85.6743746287        99.1426019478         0.8573980522         1.3993761929
        3.1604312000        61.1815687472         2.7954212319         1.4067521537         3.4321269888       100.9121469059        99.8254154558         0.1745845442         1.3840690105
        3.1655076000        68.8488060612         2.8043336226         1.3939905194         3.4295751113        81.8649315594        92.8950117050         7.1049882950         1.3993761929
        3.1704484000        63.2450105729         2.7978243327         1.4118568074         3.4423344986       108.5310330446        98.9284761464         1.0715238536         1.3891714046
        3.1754308000        62.5591964408         2.7970260060         1.4067521537         3.4499901310       100.9121469059        99.6939142800         0.3060857200         1.3917226017
        3.1804198000        60.4653000004         2.7945862593         1.4093044805         3.4627495183       104.7215899753       101.6339412134        -1.6339412134         1.3942737988
        3.1854507000        63.7727541445         2.7984384015         1.4016475000         3.4550938859        93.2932607673        98.4155266439         1.5844733561         1.3993761929
        3.1904567000        69.4274759598         2.8050044149         1.3965428462         3.4627495183        85.6743746287        93.4991041118         6.5008958882         1.3993761929
        3.1954629000        75.3368935780         2.8118402068         1.3939905194         3.4704051506        81.8649315594        89.0098312415        10.9901687585         1.4044785871
        3.2004814000        73.5158649945         2.8097364706         1.4041998268         3.4882682929        97.1027038366        92.1326243083         7.8673756917         1.3993761929
        3.2054852000        77.4248286781         2.8142493193         1.3965428462         3.4908201703        85.6743746287        89.6405824423        10.3594175577         1.3917226017
        3.2104595000        74.1582938704         2.8104789116         1.4067521537         3.5010276801       100.9121469059        93.9899358944         6.0100641056         1.3968249959
        3.2154465000        75.3417957818         2.8118458668         1.4016475000         3.5010276801        93.2932607673        93.7211101800         6.2788898200         1.3840690105
        3.2204523000        79.6921338461         2.8168618609         1.3965428462         3.5010276801        85.6743746287        90.6161199934         9.3838800066         1.3891714046
        3.2254567000        76.6966604877         2.8134094974         1.4067521537         3.5214426998       100.9121469059        94.5890432144         5.4109567856         1.3891714046
        3.2305374000        81.2881611663         2.8186987389         1.3965428462         3.5137870674        85.6743746287        91.1491441026         8.8508558974         1.3891714046
        3.2354493000        80.0615589520         2.8172871931         1.4041998268         3.5188908224        97.1027038366        93.4464414889         6.5535585111         1.4044785871
        3.2404397000        79.4732804579         2.8166098419         1.4041998268         3.5342020871        97.1027038366        94.8572817777         5.1427182223         1.3993761929
        3.2454469000        82.5185476767         2.8201135898         1.3990951731         3.5342020871        89.4838176980        92.7838256377         7.2161743623         1.3993761929
        3.2504339000        86.6084532173         2.8248092456         1.3965428462         3.5469614744        85.6743746287        90.0405050110         9.9594949890         1.4044785871
        3.2554349000        80.2115086385         2.8174598082         1.4118568074         3.5597208617       108.5310330446        97.1754366519         2.8245633481         1.3993761929
        3.2604487000        80.6593633327         2.8179752639         1.4041998268         3.5597208617        97.1027038366        97.1473712735         2.8526287265         1.3993761929
        3.2654311000        81.0994198216         2.8184816079         1.4041998268         3.5622727392        97.1027038366        97.1301354700         2.8698645300         1.3968249959
        3.2704459000        81.5346871952         2.8189823089         1.4041998268         3.5699283715        97.1027038366        97.1195504381         2.8804495619         1.4044785871
        3.2754288000        80.3462475890         2.8176148999         1.4067521537         3.5801358814       100.9121469059        98.5829979119         1.4170020881         1.3968249959
        3.2804388000        76.3229076995         2.8129782870         1.4118568074         3.5928952687       108.5310330446       102.4216417031        -2.4216417031         1.3993761929
        3.2854270000        79.8492311594         2.8170427443         1.4016475000         3.5954471461        93.2932607673        98.8992775040         1.1007224960         1.3942737988
        3.2904429000        79.1553039349         2.8162436184         1.4067521537         3.5979990236       100.9121469059        99.6759825044         0.3240174956         1.3917226017
        3.2954495000        81.9187225115         2.8194239672         1.4016475000         3.6005509010        93.2932607673        97.2130845713         2.7869154287         1.3993761929
        3.3004275000        83.9978038401         2.8218132447         1.4016475000         3.6056546560        93.2932607673        95.7005439432         4.2994560568         1.3993761929
        3.3054371000        85.6566128232         2.8237174366         1.4016475000         3.6184140433        93.2932607673        94.7716466792         5.2283533208         1.4070297842
        3.3104479000        83.8157880835         2.8216041904         1.4067521537         3.6311734306       100.9121469059        97.1410787084         2.8589212916         1.4019273900
        3.3154312000        84.2540961293         2.8221075711         1.4041998268         3.6362771855        97.1027038366        97.1262710141         2.8737289859         1.3993761929
        3.3204436000        87.9298214069         2.8263239236         1.3990951731         3.6337253080        89.4838176980        94.1772810296         5.8227189704         1.3917226017
        3.3254512000        95.6484421181         2.8351491951         1.3914381925         3.6388290629        78.0554884901        87.9563722763        12.0436277237         1.4044785871
        3.3304384000        93.5347009542         2.8327361513         1.4041998268         3.6490365728        97.1027038366        91.4856630748         8.5143369252         1.4044785871
        3.3354179000        98.8846667657         2.8388383518         1.3939905194         3.6566922051        81.8649315594        87.7733157814        12.2266842186         1.4044785871
        3.3404481000        95.0992959515         2.8345225572         1.4067521537         3.6617959601       100.9121469059        92.8431905705         7.1568094295         1.3917226017
        3.3454378000        92.7226331940         2.8318083536         1.4067521537         3.6694515924       100.9121469059        95.9567550811         4.0432449189         1.3917226017
        3.3504253000        96.0733984704         2.8356339909         1.3990951731         3.6745553474        89.4838176980        93.4590456776         6.5409543224         1.3840690105
        3.3554374000        97.1093879961         2.8368153979         1.4016475000         3.6771072248        93.2932607673        93.3950743297         6.6049256703         1.3917226017
        3.3604370000        96.5068366976         2.8361283487         1.4041998268         3.6873147347        97.1027038366        94.8257356409         5.1742643591         1.3993761929
        3.3654314000       101.1641043906         2.8414330416         1.3965428462         3.6924184896        85.6743746287        91.2945041302         8.7054958698         1.4070297842
        3.3704388000        98.3571258647         2.8382374101         1.4067521537         3.7051778769       100.9121469059        95.0056595729         4.9943404271         1.3968249959
        3.3754449000       103.0643869605         2.8435938093         1.3965428462         3.7026259994        85.6743746287        91.4050008964         8.5949991036         1.3968249959
        3.3804254000       100.2881109058         2.8404362595         1.4067521537         3.7153853867       100.9121469059        95.0735190022         4.9264809978         1.4044785871
        3.3854491000       100.1519298101         2.8402812601         1.4041998268         3.7204891416        97.1027038366        95.8565196312         4.1434803688         1.3917226017
        3.3904270000       106.7163754858         2.8477405993         1.3939905194         3.7230410191        81.8649315594        90.4575919068         9.5424080932         1.3993761929
        3.3954355000       100.4353220670         2.8406038008         1.4118568074         3.7409041613       108.5310330446        97.4315824169         2.5684175831         1.3942737988
        3.4004453000       100.9543490521         2.8411944047         1.4041998268         3.7511116711        97.1027038366        97.3046781888         2.6953218112         1.3993761929
        3.4054309000        98.1965829362         2.8380544964         1.4093044805         3.7511116711       104.7215899753       100.1666385658        -0.1666385658         1.3891714046
        3.4104367000        97.8548028184         2.8376650396         1.4067521537         3.7562154260       100.9121469059       100.4543075299        -0.4543075299         1.3840690105
        3.4154572000       104.0760173340         2.8447432610         1.3965428462         3.7536635486        85.6743746287        94.7511815448         5.2488184552         1.3942737988
        3.4204716000        98.9879745056         2.8389560140         1.4118568074         3.7715266908       108.5310330446       100.0684065745        -0.0684065745         1.3993761929
        3.4254394000        93.7566022749         2.8329896043         1.4144091342         3.7740785683       112.3404761139       104.8038244650        -4.8038244650         1.3917226017
        3.4304755000        94.7033039063         2.8340705698         1.4067521537         3.7817342006       100.9121469059       103.3021446156        -3.3021446156         1.4095809812
        3.4354400000       100.0950484667         2.8402165153         1.3990951731         3.7791823232        89.4838176980        97.9700730940         2.0299269060         1.4044785871
        3.4404532000        95.9014021761         2.8354377886         1.4118568074         3.7995973429       108.5310330446       102.0452259059        -2.0452259059         1.3993761929
        3.4454538000        92.8400719362         2.8319425546         1.4118568074         3.8072529752       108.5310330446       104.5479013560        -4.5479013560         1.3993761929
        3.4505325000        93.7156631437         2.8329428464         1.4067521537         3.8047010978       100.9121469059       103.1449744403        -3.1449744403         1.3917226017
        3.4554677000        95.8222049509         2.8353474394         1.4041998268         3.8098048527        97.1027038366       100.8134462311        -0.8134462311         1.3993761929
        3.4604431000       102.1432092253         2.8425466211         1.3965428462         3.8123567301        85.6743746287        94.9717395587         5.0282604413         1.3891714046
        3.4654460000       100.3579820029         2.8405157815         1.4067521537         3.8251161174       100.9121469059        97.2639618395         2.7360381605         1.3942737988
        3.4704707000       102.4512000155         2.8428967974         1.4016475000         3.8327717498        93.2932607673        95.7317892231         4.2682107769         1.4044785871
        3.4754542000       100.8771590906         2.8411065798         1.4067521537         3.8378755047       100.9121469059        97.7307314856         2.2692685144         1.3840690105
        3.4804456000        96.6170096878         2.8362539882         1.4118568074         3.8455311371       108.5310330446       101.8982389350        -1.8982389350         1.3917226017
        3.4854721000        98.3771353756         2.8382602067         1.4041998268         3.8455311371        97.1027038366       100.0477879881        -0.0477879881         1.3968249959
        3.4904410000        89.8985024182         2.8285784862         1.4195137880         3.8531867695       119.9593622525       107.7310580916        -7.7310580916         1.3993761929
        3.4954529000        90.0377951021         2.8287379108         1.4093044805         3.8608424019       104.7215899753       106.5697959986        -6.5697959986         1.4044785871
        3.5004420000        94.7167186990         2.8340858831         1.4016475000         3.8684980342        93.2932607673       101.4467853885        -1.4467853885         1.3993761929
        3.5054379000        96.3514041589         2.8359510834         1.4041998268         3.8812574215        97.1027038366        99.7705366162         0.2294633838         1.3840690105
        3.5104601000        95.8995637278         2.8354356913         1.4067521537         3.8863611765       100.9121469059       100.2110492594        -0.2110492594         1.4019273900
        3.5154415000       100.4324210151         2.8406004993         1.3990951731         3.8940168088        89.4838176980        96.0717372967         3.9282627033         1.3942737988
        3.5204538000        97.3320717309         2.8370692534         1.4093044805         3.9016724412       104.7215899753        99.4094520149         0.5905479851         1.3968249959
        3.5254425000       109.7460275607         2.8511750973         1.3863335388         3.9016724412        70.4366023515        88.2297116952        11.7702883048         1.3968249959
        3.5304424000       110.9497677675         2.8525383079         1.3990951731         3.9067761961        89.4838176980        88.7136330080        11.2863669920         1.3968249959
        3.5354364000        87.9764820774         2.8263773894         1.4373800759         3.9220874609       146.6254637376       111.0600447873       -11.0600447873         1.4044785871
        3.5404511000        90.6615280149         2.8294516377         1.4067521537         3.9271912158       100.9121469059       107.1442800481        -7.1442800481         1.4044785871
        3.5454259000        98.7416085929         2.8386754053         1.3965428462         3.9271912158        85.6743746287        98.8596974107         1.1403025893         1.3968249959
        3.5504395000       104.5197470533         2.8452472587         1.3965428462         3.9399506031        85.6743746287        93.7718829069         6.2281170931         1.4044785871
        3.5554749000       107.2634269158         2.8483611251         1.3990951731         3.9501581129        89.4838176980        92.1172491354         7.8827508646         1.4019273900
        3.5604293000       107.9265868000         2.8491131321         1.4016475000         3.9578137453        93.2932607673        92.5710362088         7.4289637912         1.3891714046
        3.5654351000       107.0950694643         2.8481701733         1.4041998268         3.9578137453        97.1027038366        94.3196687349         5.6803312651         1.3840690105
        3.5704788000       113.2324879788         2.8551213277         1.3939905194         3.9680212551        81.8649315594        89.5137649667        10.4862350333         1.3942737988
        3.5754405000       109.9307158513         2.8513843035         1.4067521537         3.9654693777       100.9121469059        93.9120534204         6.0879465796         1.3993761929
        3.5804470000       106.2302799372         2.8471890769         1.4093044805         3.9782287650       104.7215899753        98.0831243735         1.9168756265         1.4044785871
        3.5854351000       105.3095775873         2.8461440889         1.4067521537         3.9858843974       100.9121469059        99.1747580112         0.8252419888         1.4044785871
        3.5904421000       104.6921949770         2.8454430986         1.4067521537         4.0011956621       100.9121469059        99.8451634737         0.1548365263         1.3993761929
        3.5954639000       101.0195585802         2.8412685958         1.4118568074         4.0011956621       108.5310330446       103.1967760137        -3.1967760137         1.3917226017
        3.6004285000        96.6574305452         2.8363000816         1.4144091342         4.0139550494       112.3404761139       106.7250514119        -6.7250514119         1.3942737988
        3.6054370000       103.0002590241         2.8435209250         1.3990951731         4.0088512945        89.4838176980       100.0721844018        -0.0721844018         1.4019273900
        3.6104277000       102.6322340093         2.8431026020         1.4067521537         4.0216106818       100.9121469059       100.3963003512        -0.3963003512         1.3993761929
        3.6154325000       108.8373307344         2.8501454999         1.3965428462         4.0216106818        85.6743746287        94.7155575697         5.2844424303         1.4070297842
        3.6204525000       105.3601553180         2.8462015065         1.4093044805         4.0420257015       104.7215899753        98.5765807423         1.4234192577         1.3968249959
        3.6254373000        99.7142665250         2.8397830437         1.4144091342         4.0420257015       112.3404761139       103.8876487880        -3.8876487880         1.3993761929
        3.6304368000        95.5441033972         2.8350301471         1.4144091342         4.0573369662       112.3404761139       107.1493374230        -7.1493374230         1.3993761929
        3.6354483000        92.2802283435         2.8313027254         1.4144091342         4.0573369662       112.3404761139       109.1524397482        -9.1524397482         1.3917226017
        3.6404384000        91.1936982351         2.8300603933         1.4118568074         4.0624407211       108.5310330446       108.9126578261        -8.9126578261         1.3942737988
        3.6454186000        91.6613085076         2.8305951483         1.4093044805         4.0700963535       104.7215899753       107.2954523811        -7.2954523811         1.3815178134
        3.6504245000        93.3003302585         2.8324684224         1.4067521537         4.0726482310       100.9121469059       104.8323292012        -4.8323292012         1.3891714046
        3.6554396000       102.3587813649         2.8427917259         1.3939905194         4.0777519859        81.8649315594        95.9699099211         4.0300900789         1.3942737988
        3.6604254000       105.7132018261         2.8466022569         1.3990951731         4.0854076183        89.4838176980        93.4671244656         6.5328755344         1.3968249959
        3.6654375000       109.9929677881         2.8514548154         1.3965428462         4.0930632506        85.6743746287        90.4601396310         9.5398603690         1.3968249959
        3.6704395000       108.5749197905         2.8498480922         1.4041998268         4.1032707605        97.1027038366        93.0233028593         6.9766971407         1.4044785871
        3.6754478000       107.8690686104         2.8490479174         1.4041998268         4.1083745154        97.1027038366        94.5974194587         5.4025805413         1.3968249959
        3.6804431000        99.4967699955         2.8395354130         1.4169614611         4.1236857801       116.1499191832       102.9138727230        -2.9138727230         1.3968249959
        3.6854427000        96.6768007006         2.8363221698         1.4118568074         4.1236857801       108.5310330446       105.0813638210        -5.0813638210         1.3917226017
        3.6904277000        97.7006190149         2.8374893248         1.4067521537         4.1313414125       100.9121469059       103.4725899866        -3.4725899866         1.3942737988
        3.6954818000        96.6566599266         2.8362992029         1.4093044805         4.1364451674       104.7215899753       103.9545410440        -3.9545410440         1.3968249959
        3.7004537000        92.5050833841         2.8315597296         1.4144091342         4.1492045547       112.3404761139       107.1904179946        -7.1904179946         1.3993761929
        3.7054538000        94.1149204327         2.8333988059         1.4067521537         4.1517564322       100.9121469059       104.7678243857        -4.7678243857         1.3942737988
        3.7104376000        95.0516191342         2.8344681438         1.4067521537         4.1568601871       100.9121469059       103.2800358705        -3.2800358705         1.3840690105
        3.7154515000       100.4372205907         2.8406059615         1.3990951731         4.1594120646        89.4838176980        97.9564954403         2.0435045597         1.3891714046
        3.7204457000       104.3436308234         2.8450472356         1.3990951731         4.1645158195        89.4838176980        94.6871471341         5.3128528659         1.4070297842
        3.7254428000       100.8585613245         2.8410854192         1.4093044805         4.1823789617       104.7215899753        98.5591330285         1.4408669715         1.3993761929
        3.7304571000       100.0701220493         2.8401881424         1.4067521537         4.1849308392       100.9121469059        99.4670894230         0.5329105770         1.3917226017
        3.7354444000        96.2924345450         2.8358838268         1.4118568074         4.1976902265       108.5310330446       102.9645892250        -2.9645892250         1.3993761929
        3.7404256000        93.4865572637         2.8326811581         1.4118568074         4.1976902265       108.5310330446       105.1125103695        -5.1125103695         1.4019273900
        3.7454467000        92.8982640748         2.8320090493         1.4093044805         4.2130014912       104.7215899753       104.9616660948        -4.9616660948         1.3968249959
        3.7504263000        97.1303550287         2.8368393012         1.4016475000         4.2104496138        93.2932607673       100.4591838391        -0.4591838391         1.3917226017
        3.7554257000        96.8698611162         2.8365423078         1.4067521537         4.2257608785       100.9121469059       100.6339684916        -0.6339684916         1.3815178134
        3.7604508000        98.2786984520         2.8381480562         1.4041998268         4.2283127560        97.1027038366        99.2713610056         0.7286389944         1.3840690105
        3.7654496000       102.5504553238         2.8430096360         1.3990951731         4.2308646334        89.4838176980        95.4946461219         4.5053538781         1.3917226017
        3.7704492000       107.3935855130         2.8485087409         1.3965428462         4.2359683883        85.6743746287        91.7053024281         8.2946975719         1.3968249959
        3.7754705000       106.3215166445         2.8472926038         1.4041998268         4.2436240207        97.1027038366        93.7879952543         6.2120047457         1.4044785871
        3.7804330000       113.9319709747         2.8559122840         1.3914381925         4.2436240207        78.0554884901        87.7173000260        12.2826999740         1.3993761929
        3.7854411000       110.1310357040         2.8516111956         1.4067521537         4.2563834080       100.9121469059        92.8087895892         7.1912104108         1.3942737988
        3.7905460000       115.8486435300         2.8580783143         1.3939905194         4.2563834080        81.8649315594        88.5858880696        11.4141119304         1.3993761929
        3.7954327000       117.1513503877         2.8595494375         1.3990951731         4.2665909178        89.4838176980        88.9323717669        11.0676282331         1.4044785871
        3.8004211000       120.1710965411         2.8629563404         1.3965428462         4.2691427953        85.6743746287        87.6752098933        12.3247901067         1.3891714046
        3.8054258000       117.9792320052         2.8604839077         1.4041998268         4.2819021826        97.1027038366        91.3129926926         8.6870073074         1.3968249959
        3.8104441000       116.7981565224         2.8591506664         1.4041998268         4.2921096924        97.1027038366        93.5470658980         6.4529341020         1.3968249959
        3.8154203000       117.8586032188         2.8603477694         1.4016475000         4.2895578150        93.2932607673        93.4491302277         6.5508697723         1.3993761929
        3.8204438000       120.5126034899         2.8633413511         1.3990951731         4.2946615699        89.4838176980        91.9190368857         8.0809631143         1.4044785871
        3.8254439000       114.6376250536         2.8567099621         1.4118568074         4.3150765896       108.5310330446        98.3291002866         1.6708997134         1.3968249959
        3.8308465000       108.9229717001         2.8502425544         1.4144091342         4.3227322219       112.3404761139       103.7356635032        -3.7356635032         1.3993761929
        3.8354402000       104.7105781615         2.8454639744         1.4144091342         4.3150765896       112.3404761139       107.0559986309        -7.0559986309         1.3993761929
        3.8404469000       101.4207681264         2.8417250108         1.4144091342         4.3329397318       112.3404761139       109.0951175533        -9.0951175533         1.3993761929
        3.8454310000       100.3183105561         2.8404706308         1.4118568074         4.3431472416       108.5310330446       108.8774545205        -8.8774545205         1.3968249959
        3.8504367000        99.1553734511         2.8391466593         1.4118568074         4.3508028740       108.5310330446       108.7437810232        -8.7437810232         1.3993761929
        3.8554555000        96.3345281839         2.8359318361         1.4144091342         4.3584585064       112.3404761139       110.1316361217       -10.1316361217         1.3993761929
        3.8604303000        98.7616078360         2.8386981856         1.4067521537         4.3584585064       100.9121469059       106.5741160120        -6.5741160120         1.3866202076
        3.8654434000        95.3379025952         2.8347948573         1.4144091342         4.3686660162       112.3404761139       108.7991787614        -8.7991787614         1.3840690105
        3.8704582000        97.3947475774         2.8371406973         1.4067521537         4.3712178937       100.9121469059       105.7558133672        -5.7558133672         1.3840690105
        3.8754355000        90.5021382743         2.8292692746         1.4195137880         4.3788735260       119.9593622525       111.2365303143       -11.2365303143         1.3917226017
        3.8804286000        94.8569880625         2.8342459973         1.4041998268         4.3865291584        97.1027038366       105.7827171209        -5.7827171209         1.3917226017
        3.8854535000        92.8341517115         2.8319357895         1.4118568074         4.4018404232       108.5310330446       106.8432085361        -6.8432085361         1.3968249959
        3.8904389000        92.7267478054         2.8318130557         1.4093044805         4.4018404232       104.7215899753       106.0245405472        -6.0245405472         1.3917226017
        3.8954322000        97.2541675133         2.8369804474         1.4016475000         4.4043923006        93.2932607673       101.1119274101        -1.1119274101         1.3993761929
        3.9004439000        93.9335123068         2.8331916467         1.4118568074         4.4197035654       108.5310330446       103.9747343263        -3.9747343263         1.3993761929
        3.9054171000        89.7875466403         2.8284514851         1.4144091342         4.4273591978       112.3404761139       107.2028193042        -7.2028193042         1.3993761929
        3.9104282000        89.7800636607         2.8284429197         1.4093044805         4.4273591978       104.7215899753       106.2453884718        -6.2453884718         1.3993761929
        3.9154393000        89.5065503385         2.8281298182         1.4093044805         4.4426704625       104.7215899753       105.6574010391        -5.6574010391         1.3993761929
        3.9204347000        82.5865963286         2.8201918101         1.4195137880         4.4528779724       119.9593622525       111.1760923065       -11.1760923065         1.3917226017
        3.9254405000        88.5454187376         2.8270291868         1.4016475000         4.4452223400        93.2932607673       104.2756522355        -4.2756522355         1.3968249959
        3.9304957000        89.3453631993         2.8279452782         1.4067521537         4.4554298498       100.9121469059       102.9777779640        -2.9777779640         1.3942737988
        3.9356792000        83.3016188457         2.8210135194         1.4169614611         4.4707411146       116.1499191832       108.0605061042        -8.0605061042         1.3917226017
        3.9404349000        85.1532173146         2.8231397714         1.4067521537         4.4732929920       100.9121469059       105.3021719922        -5.3021719922         1.3993761929
        3.9454764000        82.9968573911         2.8206633280         1.4118568074         4.4860523793       108.5310330446       106.5480911376        -6.5480911376         1.3968249959
        3.9504283000        82.8074525926         2.8204456572         1.4093044805         4.4860523793       104.7215899753       105.8432999650        -5.8432999650         1.3891714046
        3.9554412000        87.2845130552         2.8255843540         1.4016475000         4.4886042568        93.2932607673       101.0006220489        -1.0006220489         1.3942737988
        3.9605236000        87.1744623785         2.8254582006         1.4067521537         4.4988117666       100.9121469059       100.9664821857        -0.9664821857         1.3942737988
        3.9654330000        88.6756914871         2.8271784028         1.4041998268         4.5141230314        97.1027038366        99.4755677918         0.5244322082         1.3993761929
        3.9704569000        88.1418914462         2.8265669111         1.4067521537         4.5064673990       100.9121469059       100.0298999211        -0.0298999211         1.3968249959
        3.9754649000        84.5205856507         2.8224135607         1.4118568074         4.5166749088       108.5310330446       103.3102282922        -3.3102282922         1.3942737988
        3.9804442000        85.0522788155         2.8230239201         1.4067521537         4.5268824187       100.9121469059       102.3848817186        -2.3848817186         1.3917226017
        3.9854281000        83.7060906852         2.8214781866         1.4093044805         4.5370899285       104.7215899753       103.2865462706        -3.2865462706         1.3993761929
        3.9904370000        84.2312035979         2.8220812831         1.4067521537         4.5396418060       100.9121469059       102.3703378679        -2.3703378679         1.3917226017
        3.9954253000        87.7432718485         2.8261101526         1.4016475000         4.5447455609        93.2932607673        98.8677702563         1.1322297437         1.3840690105
        4.0004496000        91.9028875800         2.8308713614         1.3990951731         4.5524011933        89.4838176980        95.2467887515         4.7532112485         1.4044785871
        4.0054386000        96.6771484797         2.8363225664         1.3965428462         4.5600568256        85.6743746287        91.5530856685         8.4469143315         1.3942737988
        4.0104470000        93.9420190450         2.8332013614         1.4067521537         4.5702643355       100.9121469059        95.1644623707         4.8355376293         1.3840690105
        4.0154350000        97.0726390179         2.8367735018         1.3990951731         4.5702643355        89.4838176980        92.9724745950         7.0275254050         1.3917226017
        4.0204225000       101.2149622842         2.8414908983         1.3965428462         4.5728162129        85.6743746287        90.1563600810         9.8436399190         1.3968249959
        4.0257256000       101.3332723794         2.8416254839         1.4016475000         4.5779199678        93.2932607673        91.3667945218         8.6332054782         1.4019273900
        4.0304728000       100.1671461949         2.8402985797         1.4041998268         4.5906793551        97.1027038366        93.5801072398         6.4198927602         1.4044785871
        4.0357254000        99.6160078726         2.8396711748         1.4041998268         4.5983349875        97.1027038366        94.9393699862         5.0606300138         1.3942737988
        4.0404991000       104.3048498400         2.8450031879         1.3965428462         4.6059906199        85.6743746287        91.3642904423         8.6357095577         1.4044785871
        4.0454504000       106.3795595517         2.8473584631         1.3990951731         4.6059906199        89.4838176980        90.6386732799         9.3613267201         1.3993761929
        4.0504272000       108.2526503310         2.8494827914         1.3990951731         4.6187500072        89.4838176980        90.1930496819         9.8069503181         1.3942737988
        4.0554601000       110.0019207836         2.8514649561         1.3990951731         4.6187500072        89.4838176980        89.9193786589        10.0806213411         1.3993761929
        4.0604423000       110.0543835645         2.8515243781         1.4016475000         4.6340612719        93.2932607673        91.2212570133         8.7787429867         1.3942737988
        4.0654322000       110.4685843770         2.8519934710         1.4016475000         4.6391650269        93.2932607673        92.0207801593         7.9792198407         1.3968249959
        4.0704491000       107.8634078553         2.8490414991         1.4067521537         4.6468206592       100.9121469059        95.4516878011         4.5483121989         1.3993761929
        4.0754315000       106.2115383555         2.8471678101         1.4067521537         4.6519244142       100.9121469059        97.5587126719         2.4412873281         1.4044785871
        4.0804320000       106.7658895689         2.8477967705         1.4041998268         4.6621319240        97.1027038366        97.3827527501         2.6172472499         1.3942737988
        4.0854762000        87.8221587567         2.8262005535         1.4348277491         4.6672356789       142.8160206683       114.9140671739       -14.9140671739         1.4044785871
        4.0904263000        91.5780777655         2.8304999766         1.4067521537         4.6723394338       100.9121469059       109.5111525696        -9.5111525696         1.4070297842
        4.0954498000        92.2119849195         2.8312247184         1.4093044805         4.6876506986       104.7215899753       107.6630062301        -7.6630062301         1.3993761929
        4.1004469000        95.5739004880         2.8350641456         1.4041998268         4.6876506986        97.1027038366       103.5881071495        -3.5881071495         1.3942737988
        4.1054357000        99.4243363452         2.8394529375         1.4016475000         4.6927544535        93.2932607673        99.6156394592         0.3843605408         1.3840690105
        4.1104368000       105.4125197670         2.8462609509         1.3965428462         4.6927544535        85.6743746287        94.2361299410         5.7638700590         1.3891714046
        4.1154257000       118.0097896656         2.8605183931         1.3837812120         4.7004100859        66.6271592822        83.5826689923        16.4173310077         1.3993761929
        4.1204589000       113.0600118117         2.8549262573         1.4067521537         4.7182732281       100.9121469059        90.2695867516         9.7304132484         1.3891714046
        4.1254494000       103.4851878770         2.8440720100         1.4169614611         4.7259288605       116.1499191832       100.2560188539        -0.2560188539         1.3993761929
        4.1304318000       104.7890086745         2.8455530373         1.4041998268         4.7335844928        97.1027038366        99.0392506226         0.9607493774         1.3993761929
        4.1354436000        97.6509108255         2.8374326720         1.4169614611         4.7412401252       116.1499191832       105.6417365164        -5.6417365164         1.3917226017
        4.1404248000       102.0719651605         2.8424656109         1.4016475000         4.7386882478        93.2932607673       100.8768357965        -0.8768357965         1.3942737988
        4.1454337000       105.1690510914         2.8459845508         1.4016475000         4.7412401252        93.2932607673        97.9505651498         2.0494348502         1.4019273900
        4.1504384000       105.8322818660         2.8467374114         1.4041998268         4.7565513900        97.1027038366        97.6234012906         2.3765987094         1.4044785871
        4.1554289000       106.4046073651         2.8473868834         1.4041998268         4.7616551449        97.1027038366        97.4224800009         2.5775199991         1.4044785871
        4.1604392000       105.3003393279         2.8461336012         1.4067521537         4.7693107773       100.9121469059        98.7690361821         1.2309638179         1.3968249959
        4.1654501000        99.7079259243         2.8397758250         1.4144091342         4.7795182871       112.3404761139       104.0058415348        -4.0058415348         1.3891714046
        4.1704369000       103.6744328521         2.8442870361         1.4016475000         4.7871739195        93.2932607673        99.8721828673         0.1278171327         1.3917226017
        4.1754396000       109.7338990532         2.8511613581         1.3965428462         4.7820701646        85.6743746287        94.3936810609         5.6063189391         1.3993761929
        4.1804291000       111.0295850110         2.8526286719         1.4016475000         4.7948295519        93.2932607673        93.9690623828         6.0309376172         1.4019273900
        4.1854323000       112.2072870387         2.8539615976         1.4016475000         4.8075889392        93.2932607673        93.7082911209         6.2917088791         1.4044785871
        4.1904406000       105.2087023514         2.8460295676         1.4144091342         4.8203483265       112.3404761139       100.8978838683        -0.8978838683         1.3993761929
        4.1954323000       101.8285733168         2.8421888326         1.4118568074         4.8254520814       108.5310330446       103.8432836686        -3.8432836686         1.3993761929
        4.2004399000       105.7499121516         2.8466439236         1.4016475000         4.8280039588        93.2932607673        99.7723511309         0.2276488691         1.3917226017
        4.2054368000       103.6778100608         2.8442908732         1.4093044805         4.8331077137       104.7215899753       101.6821116724        -1.6821116724         1.3917226017
        4.2104685000       105.3778829407         2.8462216312         1.4041998268         4.8407633461        97.1027038366        99.9150576540         0.0849423460         1.4070297842
        4.2154473000       106.5869647537         2.8475937832         1.4041998268         4.8433152236        97.1027038366        98.8298559658         1.1701440342         1.4044785871
        4.2204415000       112.3568115135         2.8541307773         1.3965428462         4.8484189785        85.6743746287        93.7535563668         6.2464436332         1.4044785871
        4.2254795000       111.8538675140         2.8535616737         1.4041998268         4.8611783658        97.1027038366        95.0458903774         4.9541096226         1.4044785871
        4.2304423000       108.4684778925         2.8497274438         1.4093044805         4.8688339982       104.7215899753        98.7794481797         1.2205518203         1.4019273900
        4.2354362000       112.6035525799         2.8544099272         1.3990951731         4.8688339982        89.4838176980        95.1925474744         4.8074525256         1.3993761929
        4.2405978000       112.5004445628         2.8542932801         1.4041998268         4.8790415080        97.1027038366        95.9296186409         4.0703813591         1.3993761929
        4.2454843000       110.9813722331         2.8525740889         1.4067521537         4.8866971404       100.9121469059        97.8522245560         2.1477754440         1.4044785871
        4.2504364000       105.1342148806         2.8459450000         1.4144091342         4.8943527728       112.3404761139       103.4427995938        -3.4427995938         1.3942737988
        4.2554304000       100.8404466008         2.8410648080         1.4144091342         4.9096640375       112.3404761139       106.8761419850        -6.8761419850         1.3968249959
        4.2604380000        95.8798960208         2.8354132545         1.4169614611         4.9173196699       116.1499191832       110.4546101738       -10.4546101738         1.3968249959
        4.2654415000        96.7759509366         2.8364352291         1.4093044805         4.9249753023       104.7215899753       108.2424122778        -8.2424122778         1.3917226017
        4.2704318000        93.8157960769         2.8330572095         1.4144091342         4.9326309346       112.3404761139       109.8237303060        -9.8237303060         1.3968249959
        4.2754427000        91.2950239513         2.8301762803         1.4144091342         4.9402865670       112.3404761139       110.7948658660       -10.7948658660         1.3993761929
        4.2804178000        93.9063876583         2.8331606699         1.4067521537         4.9479421994       100.9121469059       106.9814255966        -6.9814255966         1.3993761929
        4.2854321000        97.0789202203         2.8367806628         1.4041998268         4.9428384445        97.1027038366       103.1695277249        -3.1695277249         1.3993761929
        4.2904359000       102.4338160437         2.8428770338         1.3990951731         4.9504940769        89.4838176980        97.8886290226         2.1113709774         1.3993761929
        4.2954297000        99.8383056597         2.8399242559         1.4093044805         4.9581497092       104.7215899753       100.5252605570        -0.5252605570         1.3968249959
        4.3004371000       102.8377034044         2.8433361625         1.4016475000         4.9632534642        93.2932607673        97.7346520880         2.2653479120         1.4044785871
        4.3054428000        96.9578775365         2.8366426614         1.4144091342         4.9811166064       112.3404761139       103.3705947606        -3.3705947606         1.4019273900
        4.3104261000        97.5063440407         2.8372678998         1.4067521537         4.9862203613       100.9121469059       102.4219546053        -2.4219546053         1.3993761929
        4.3154393000        89.6873935767         2.8283368421         1.4195137880         4.9887722387       119.9593622525       109.1891061163        -9.1891061163         1.3942737988
        4.3204800000        90.2318173702         2.8289599540         1.4093044805         4.9964278711       104.7215899753       107.4652276952        -7.4652276952         1.3968249959
        4.3254307000        91.9180126436         2.8308886536         1.4067521537         5.0040835035       100.9121469059       104.9365933921        -4.9365933921         1.3942737988
        4.3304361000        91.2808394185         2.8301600578         1.4093044805         5.0040835035       104.7215899753       104.8536301214        -4.8536301214         1.3917226017
        4.3354514000        92.2413799774         2.8312583193         1.4067521537         5.0066353810       100.9121469059       103.3327317861        -3.3327317861         1.3993761929
        4.3404365000        94.4000917684         2.8337244161         1.4041998268         4.9989797486        97.1027038366       100.9287537353        -0.9287537353         1.3993761929
        4.3454358000        95.8908377045         2.8354257367         1.4041998268         4.9989797486        97.1027038366        99.4523976014         0.5476023986         1.3891714046
        4.3505100000       101.8336629804         2.8421946208         1.3965428462         5.0015316260        85.6743746287        94.1358781446         5.8641218554         1.3993761929
        4.3554511000        99.8161845176         2.8398990727         1.4067521537         5.0168428908       100.9121469059        96.7506338890         3.2493661110         1.3917226017
        4.3604260000        98.5252382941         2.8384289314         1.4067521537         5.0091872584       100.9121469059        98.3564350238         1.6435649762         1.3942737988
        4.3654980000       102.5427751594         2.8430009050         1.3990951731         4.9964278711        89.4838176980        94.9327622125         5.0672377875         1.4019273900
        4.3704484000       100.7467177481         2.8409581588         1.4067521537         5.0091872584       100.9121469059        97.2400246641         2.7599753359         1.3968249959
        4.3754331000        88.2463920692         2.8266866359         1.4246184417         5.0040835035       127.5782483911       108.9466212526        -8.9466212526         1.3942737988
        4.3804254000        93.5857368843         2.8327944467         1.4016475000         5.0066353810        93.2932607673       102.9064661630        -2.9064661630         1.3942737988
        4.3854471000        92.3844754514         2.8314218814         1.4093044805         5.0066353810       104.7215899753       103.6068671627        -3.6068671627         1.4044785871
        4.3904360000       101.1024214529         2.8413628681         1.3939905194         5.0066353810        81.8649315594        95.2173163620         4.7826836380         1.4044785871
        4.3954222000       107.4892590353         2.8486172404         1.3939905194         4.9989797486        81.8649315594        90.0650377123         9.9349622877         1.3942737988
        4.4004512000       105.9614285915         2.8468839824         1.4041998268         5.0040835035        97.1027038366        92.7806587382         7.2193412618         1.3942737988
        4.4054399000       100.3258591536         2.8404792221         1.4118568074         5.0040835035       108.5310330446        98.8582485069         1.1417514931         1.3840690105
        4.4104247000        99.6205316714         2.8396763253         1.4067521537         5.0040835035       100.9121469059        99.6507853478         0.3492146522         1.3942737988
        4.4154575000       102.3769490027         2.8428123812         1.4016475000         5.0015316260        93.2932607673        97.1976102300         2.8023897700         1.3968249959
        4.4204493000       109.3140281674         2.8506856769         1.3939905194         4.9938759937        81.8649315594        91.2811964863         8.7188035137         1.3968249959
        4.4254492000       112.9864153511         2.8548430150         1.3965428462         4.1211339027        85.6743746287        89.1176946867        10.8823053133         1.3891714046
        4.4304335000       114.4368892242         2.8564830745         1.3990951731         1.1124703785        89.4838176980        89.2589704065        10.7410295935         1.3942737988
        4.4354382000       114.3058519258         2.8563349545         1.4016475000         1.1124703785        93.2932607673        90.8156801928         9.1843198072         1.4019273900
        4.4404258000       117.8488914273         2.8603368086         1.3965428462         1.1048147461        85.6743746287        88.8318069536        11.1681930464         1.4019273900
        4.4454422000       120.8406947875         2.8637111841         1.3965428462         1.1099185011        85.6743746287        87.6134499787        12.3865500213         1.4044785871
        4.4504217000       121.8732014074         2.8648747163         1.3990951731         1.1073666236        89.4838176980        88.3351679197        11.6648320803         1.3968249959
        4.4554309000       121.4854776897         2.8644378499         1.4016475000         1.1048147461        93.2932607673        90.2483449514         9.7516550486         1.3942737988
        4.4604418000       120.0085807296         2.8627731023         1.4041998268         1.1048147461        97.1027038366        92.8932332964         7.1067667036         1.3891714046
        4.4654590000       119.2665886094         2.8619363363         1.4041998268         1.1048147461        97.1027038366        94.5175397788         5.4824602212         1.3891714046
        4.4704388000       114.1136264187         2.8561176536         1.4118568074         0.0049555613       108.5310330446        99.9249200505         0.0750799495         1.3917226017
        4.4754457000       107.2216193924         2.8483137083         1.4169614611        -0.0001481936       116.1499191832       106.1856530850        -6.1856530850         1.3891714046
        4.4804300000       100.4484447299         2.8406187351         1.4195137880         0.0049555613       119.9593622525       111.5005079757       -11.5005079757         1.3993761929
        4.4854417000        96.7728137780         2.8364316520         1.4169614611         0.0049555613       116.1499191832       113.2945741633       -13.2945741633         1.3993761929
        4.4904864000       100.0787428075         2.8401979552         1.4067521537        -0.0052519485       100.9121469059       108.5165725903        -8.5165725903         1.3968249959
        4.4954318000        92.3324682204         2.8313624372         1.4220661148        -0.0001481936       123.7688053218       114.4019446961       -14.4019446961         1.3942737988
        4.5004459000        95.9460896203         2.8354887669         1.4067521537        -0.0052519485       100.9121469059       109.1966425594        -9.1966425594         1.3993761929
        4.5054287000        98.1133733170         2.8379596860         1.4067521537        -0.0052519485       100.9121469059       105.9999079903        -5.9999079903         1.3968249959
        4.5104373000       101.0131828203         2.8412613420         1.4041998268        -0.0027000711        97.1027038366       102.5667478709        -2.5667478709         1.3968249959
        4.5154256000        94.8552302411         2.8342439908         1.4169614611         0.0024036839       116.1499191832       107.8080800061        -7.8080800061         1.3993761929
        4.5204412000        96.6366899605         2.8362764305         1.4067521537        -0.0001481936       100.9121469059       105.1471494377        -5.1471494377         1.4019273900
        4.5254507000        96.0580215329         2.8356164506         1.4093044805         0.0075074388       104.7215899753       104.9829390015        -4.9829390015         1.3993761929
        4.5304291000        88.9506624793         2.8274933215         1.4195137880         0.0024036839       119.9593622525       110.7618846285       -10.7618846285         1.3917226017
        4.5354395000        89.9320962294         2.8286169365         1.4093044805        -0.0001481936       104.7215899753       108.4311188784        -8.4311188784         1.3942737988
        4.5404721000        88.6451409502         2.8271434108         1.4118568074         0.0024036839       108.5310330446       108.4696727123        -8.4696727123         1.4044785871
        4.5454452000        90.6104298595         2.8293931764         1.4067521537         0.0024036839       100.9121469059       105.5534536673        -5.5534536673         1.3968249959
        4.5504570000        91.7654223739         2.8307141930         1.4067521537         0.0126111937       100.9121469059       103.7625147387        -3.7625147387         1.3942737988
        4.5554771000        94.0435530329         2.8333173103         1.4041998268         0.0100593162        97.1027038366       101.1926965355        -1.1926965355         1.3993761929
        4.5604970000        97.2284035708         2.8369510773         1.4016475000         0.0177149486        93.2932607673        98.1445448491         1.8554551509         1.3968249959
        4.5654669000        94.7040015871         2.8340713662         1.4093044805         0.0279224584       104.7215899753       100.6824262600        -0.6824262600         1.4044785871
        4.5704639000        88.0224741378         2.8264300877         1.4169614611         0.0432337232       116.1499191832       106.6508607180        -6.6508607180         1.3993761929
        4.5756088000        86.2408589078         2.8243876681         1.4118568074         0.0457856007       108.5310330446       107.3763619584        -7.3763619584         1.3866202076
        4.5804658000        78.1777670481         2.8151173105         1.4220661148         0.0508893556       123.7688053218       113.7017066220       -13.7017066220         1.3917226017
        4.5854687000        78.3552896360         2.8153219006         1.4118568074         0.0534412330       108.5310330446       111.7065011608       -11.7065011608         1.4044785871
        4.5904409000        81.2199590040         2.8186202809         1.4067521537         0.0662006203       100.9121469059       107.5412885949        -7.5412885949         1.4044785871
        4.5954347000        81.3065226107         2.8187198608         1.4093044805         0.0713043752       104.7215899753       106.4532527712        -6.4532527712         1.3968249959
        4.6004872000        82.7115319993         2.8203354124         1.4067521537         0.0764081302       100.9121469059       104.3151087717        -4.3151087717         1.3917226017
        4.6054506000        80.2809081207         2.8175396923         1.4118568074         0.0866156400       108.5310330446       105.9419055530        -5.9419055530         1.4044785871
        4.6104613000        81.5438353128         2.8189928309         1.4067521537         0.0968231498       100.9121469059       104.0010748719        -4.0010748719         1.4044785871
        4.6154910000        74.1636569161         2.8104851083         1.4195137880         0.1070306597       119.9593622525       110.1588919640       -10.1588919640         1.3891714046
        4.6204864000        74.9775439989         2.8114252617         1.4093044805         0.1095825371       104.7215899753       108.0608027190        -8.0608027190         1.4044785871
        4.6254391000        71.9669273705         2.8079451429         1.4144091342         0.1146862920       112.3404761139       109.7121983451        -9.7121983451         1.3917226017
        4.6304289000        72.6566968122         2.8087430728         1.4093044805         0.1325494343       104.7215899753       107.7864745637        -7.7864745637         1.3993761929
        4.6354859000        77.6736849508         2.8145362469         1.4016475000         0.1248938019        93.2932607673       102.1939847491        -2.1939847491         1.3993761929
        4.6404448000        76.2744544654         2.8129223776         1.4093044805         0.1427569441       104.7215899753       103.1693106279        -3.1693106279         1.3993761929
        4.6454346000        80.0085241285         2.8172261381         1.4016475000         0.1427569441        93.2932607673        99.3584437609         0.6415562391         1.3968249959
        4.6504363000        81.0629460122         2.8184396450         1.4041998268         0.1504125765        97.1027038366        98.4880224225         1.5119775775         1.3968249959
        4.6554181000        88.3585772375         2.8268151568         1.3939905194         0.1529644539        81.8649315594        92.0736779131         7.9263220869         1.4044785871
        4.6604317000        87.3888646470         2.8257039670         1.4041998268         0.1657238412        97.1027038366        94.0142258585         5.9857741415         1.3993761929
        4.6654563000        88.5791157325         2.8270677848         1.4016475000         0.1631719638        93.2932607673        93.7360273867         6.2639726133         1.3891714046
        4.6704352000        67.0013452612         2.8021903357         1.4373800759         0.1835869834       146.6254637376       114.1444501318       -14.1444501318         1.3942737988
        4.6754322000        64.0603562425         2.7987729550         1.4169614611         0.1835869834       116.1499191832       114.9182995623       -14.9182995623         1.3942737988
        4.6804408000        64.5759195806         2.7993725212         1.4118568074         0.1912426158       108.5310330446       112.4536479367       -12.4536479367         1.3917226017
        4.6854326000        67.6481900682         2.8029410557         1.4067521537         0.2040020031       100.9121469059       108.0001341843        -8.0001341843         1.3993761929
        4.6904300000        66.2414820069         2.8013080341         1.4118568074         0.2116576355       108.5310330446       108.2049918860        -8.2049918860         1.3993761929
        4.6954779000        68.1332270856         2.8035037721         1.4067521537         0.2167613904       100.9121469059       105.3909051111        -5.3909051111         1.3993761929
        4.7004580000        69.2430540939         2.8047906613         1.4067521537         0.2244170228       100.9121469059       103.6626887199        -3.6626887199         1.3917226017
        4.7054420000        69.8726814021         2.8055203222         1.4067521537         0.2295207777       100.9121469059       102.6013384014        -2.6013384014         1.3891714046
        4.7104601000        71.8281692879         2.8077845837         1.4041998268         0.2397282875        97.1027038366       100.4795827832        -0.4795827832         1.3891714046
        4.7154694000        71.5733433965         2.8074896833         1.4067521537         0.2448320425       100.9121469059       100.6464961045        -0.6464961045         1.3891714046
        4.7204475000        72.9856616366         2.8091234970         1.4041998268         0.2422801650        97.1027038366        99.2790545942         0.7209454058         1.4019273900
        4.7254621000        74.0180245616         2.8103168313         1.4041998268         0.2499357974        97.1027038366        98.4392671174         1.5607328826         1.4044785871
        4.7304420000        63.4716844898         2.7980881117         1.4220661148         0.2550395523       123.7688053218       108.2131645018        -8.2131645018         1.3968249959
        4.7354279000        66.9864662377         2.8021730635         1.4041998268         0.2626951847        97.1027038366       103.9259760991        -3.9259760991         1.3993761929
        4.7404347000        72.5515477094         2.8086214585         1.3990951731         0.2703508170        89.4838176980        98.3531870067         1.6468129933         1.4044785871
        4.7454234000        78.1889479235         2.8151301968         1.3965428462         0.2677989396        85.6743746287        93.4608194421         6.5391805579         1.3891714046
        4.7504245000        79.2254303047         2.8163243913         1.4016475000         0.2780064494        93.2932607673        93.3961636525         6.6038363475         1.3891714046
        4.7555130000        72.1401183317         2.8081455246         1.4144091342         0.2907658367       112.3404761139       100.7061968841        -0.7061968841         1.3891714046
        4.7604445000        75.1897907818         2.8116703569         1.4016475000         0.2984214691        93.2932607673        97.8457705969         2.1542294031         1.3968249959
        4.7654477000        77.4446693320         2.8142721969         1.4016475000         0.2984214691        93.2932607673        96.0890956999         3.9109043001         1.3993761929
        4.7704619000        80.8322065808         2.8181741593         1.3990951731         0.3060771015        89.4838176980        93.5403200821         6.4596799179         1.3968249959
        4.7754538000        85.1323105707         2.8231157764         1.3965428462         0.3188364888        85.6743746287        90.5050912883         9.4949087117         1.4044785871
        4.7804307000        83.7267527754         2.8215019207         1.4041998268         0.3239402437        97.1027038366        93.0509090410         6.9490909590         1.4044785871
        4.7854472000        78.1662746948         2.8151040651         1.4118568074         0.3239402437       108.5310330446        99.0242174483         0.9757825517         1.3968249959
        4.7904386000        79.1278289400         2.8162119712         1.4041998268         0.3315958761        97.1027038366        98.2827638651         1.7172361349         1.3993761929
        4.7954242000        79.8833639679         2.8170820429         1.4041998268         0.3418033859        97.1027038366        97.8274146387         2.1725853613         1.3840690105
        4.8004246000        80.5123763200         2.8178061055         1.4041998268         0.3494590183        97.1027038366        97.5477708112         2.4522291888         1.3840690105
        4.8054387000        81.0636872438         2.8184404978         1.4041998268         0.3596665281        97.1027038366        97.3760330202         2.6239669798         1.3815178134
        4.8104476000        79.9465135160         2.8171547475         1.4067521537         0.3698740379       100.9121469059        98.7405116767         1.2594883233         1.3917226017
        4.8154278000        77.5877060108         2.8144371195         1.4093044805         0.3724259154       104.7215899753       101.0484276389        -1.0484276389         1.4044785871
        4.8204722000        75.8701726880         2.8124558173         1.4093044805         0.3826334252       104.7215899753       102.4657891187        -2.4657891187         1.3891714046
        4.8254320000        82.6502945610         2.8202650268         1.3965428462         0.3800815478        85.6743746287        95.9864936480         4.0135063520         1.3968249959
        4.8304302000        86.0093229524         2.8241220835         1.3990951731         0.3851853027        89.4838176980        93.4773090373         6.5226909627         1.3968249959
        4.8354523000        91.9126846229         2.8308825622         1.3939905194         0.3928409351        81.8649315594        88.9964462224        11.0035537776         1.3968249959
        4.8404249000        94.9502344115         2.8343524290         1.3965428462         0.3979446900        85.6743746287        87.7145599678        12.2854400322         1.3993761929
        4.8454353000        89.5277719541         2.8281541132         1.4093044805         0.4107040773       104.7215899753        94.2770549002         5.7229450998         1.4070297842
        4.8504491000        85.9287548218         2.8240296590         1.4093044805         0.4260153420       104.7215899753        98.3072828983         1.6927171017         1.3968249959
        4.8554323000        78.5872734824         2.8155892221         1.4169614611         0.4285672195       116.1499191832       105.1922128449        -5.1922128449         1.3891714046
        4.8604345000        79.6418921458         2.8168040084         1.4067521537         0.4336709744       100.9121469059       103.5406657480        -3.5406657480         1.3840690105
        4.8654552000        83.4791460040         2.8212174807         1.4016475000         0.4336709744        93.2932607673        99.5865042497         0.4134957503         1.3866202076
        4.8704401000        84.5969364445         2.8225012197         1.4041998268         0.4387747293        97.1027038366        98.6280813142         1.3719186858         1.3993761929
        4.8754144000        85.4484208780         2.8234785492         1.4041998268         0.4438784843        97.1027038366        98.0394846008         1.9605153992         1.3993761929
        4.8804591000        79.6532953301         2.8168171391         1.4144091342         0.4668453814       112.3404761139       103.5578016904        -3.5578016904         1.3968249959
        4.8854433000        75.3914813661         2.8119032318         1.4144091342         0.4745010138       112.3404761139       106.9467682749        -6.9467682749         1.3993761929
        4.8904310000        72.0713207426         2.8080659286         1.4144091342         0.4821566461       112.3404761139       109.0280358651        -9.0280358651         1.4019273900
        4.8954382000        74.1917556278         2.8105175743         1.4067521537         0.4796047687       100.9121469059       105.8963614844        -5.8963614844         1.3942737988
        4.9004167000        75.4420280110         2.8119615890         1.4067521537         0.4872604011       100.9121469059       103.9731048723        -3.9731048723         1.3866202076
        4.9054297000        79.3994387773         2.8165248025         1.4016475000         0.4872604011        93.2932607673        99.8520782859         0.1479217141         1.3917226017
        4.9104473000        80.5910212343         2.8178966150         1.4041998268         0.5025716658        97.1027038366        98.7911784178         1.2088215822         1.3942737988
        4.9154494000        76.6255260783         2.8133274351         1.4118568074         0.5102272982       108.5310330446       102.5494916919        -2.5494916919         1.3840690105
        4.9204462000        76.9458420746         2.8136969301         1.4067521537         0.5076754207       100.9121469059       101.9176902042        -1.9176902042         1.3968249959
        4.9254655000        78.7113724637         2.8157322091         1.4041998268         0.5280904404        97.1027038366       100.0597336049        -0.0597336049         1.3993761929
        4.9304507000        78.3398878885         2.8153041514         1.4067521537         0.5280904404       100.9121469059       100.3886539376        -0.3886539376         1.3917226017
        4.9354325000        78.0597966400         2.8149813403         1.4067521537         0.5357460728       100.9121469059       100.5906539312        -0.5906539312         1.3993761929
        4.9404270000        79.4565986547         2.8165906308         1.4041998268         0.5434017052        97.1027038366        99.2447602149         0.7552397851         1.4070297842
        4.9454594000        80.4794325933         2.8177681905         1.4041998268         0.5434017052        97.1027038366        98.4182058946         1.5817941054         1.3993761929
        4.9504385000        84.5141330232         2.8224061522         1.3990951731         0.5485054601        89.4838176980        94.9706975855         5.0293024145         1.4070297842
        4.9554270000        85.9701479558         2.8240771441         1.4016475000         0.5689204797        93.2932607673        94.3234258036         5.6765741964         1.3993761929
        4.9604373000        85.6255470516         2.8236817924         1.4041998268         0.5638167248        97.1027038366        95.3958645539         4.6041354461         1.3968249959
        4.9654457000        85.5789324234         2.8236283066         1.4041998268         0.5791279896        97.1027038366        96.0544818515         3.9455181485         1.3968249959
        4.9704340000        80.8530227281         2.8181981116         1.4118568074         0.5893354994       108.5310330446       100.8688029847        -0.8688029847         1.3993761929
        4.9754361000        80.7063449975         2.8180293290         1.4067521537         0.5893354994       100.9121469059       100.8855280839        -0.8855280839         1.3942737988
        4.9804276000        82.1850803167         2.8197302310         1.4041998268         0.5995430093        97.1027038366        99.4258514124         0.5741485876         1.3942737988
        4.9854408000        88.1205295070         2.8265424362         1.3965428462         0.6046467642        85.6743746287        94.1195753215         5.8804246785         1.4044785871
        4.9904462000        86.0985211655         2.8242244031         1.4067521537         0.6174061515       100.9121469059        96.7406218288         3.2593781712         1.3993761929
        4.9954275000        83.1840271674         2.8208784062         1.4093044805         0.6225099064       104.7215899753        99.8202343769         0.1797656231         1.3993761929
        5.0004364000        82.7459956840         2.8203750234         1.4067521537         0.6250617838       100.9121469059       100.2415701678        -0.2415701678         1.3917226017
        5.0054486000        87.2873334666         2.8255875870         1.3990951731         0.6225099064        89.4838176980        96.0904811160         3.9095188840         1.4070297842
        5.0104277000        85.8129581510         2.8238968142         1.4067521537         0.6378211711       100.9121469059        97.9510151010         2.0489848990         1.4019273900
        5.0154372000        83.2347822722         2.8209367251         1.4093044805         0.6531324359       104.7215899753       100.5635737477        -0.5635737477         1.3993761929
        5.0204625000        83.0032939884         2.8206707248         1.4067521537         0.6505805584       100.9121469059       100.6980775137        -0.6980775137         1.3993761929
        5.0254391000        84.4299445641         2.8223094899         1.4041998268         0.6531324359        97.1027038366        99.3107323085         0.6892676915         1.3993761929
        5.0304254000        90.3334069271         2.8290762056         1.3965428462         0.6582361908        85.6743746287        94.0488771739         5.9511228261         1.3993761929
        5.0355490000        91.5332861769         2.8304487570         1.4016475000         0.6633399457        93.2932607673        93.7573078148         6.2426921852         1.3993761929
        5.0404416000        91.0313845493         2.8298747401         1.4041998268         0.6786512105        97.1027038366        95.0481942559         4.9518057441         1.3917226017
        5.0454318000        87.6466350801         2.8259994056         1.4093044805         0.6939624752       104.7215899753        98.7808630617         1.2191369383         1.3942737988
        5.0504371000        88.5405712284         2.8270236342         1.4041998268         0.6914105978        97.1027038366        98.1333125249         1.8666874751         1.3942737988
        5.0554799000        90.8753457617         2.8296962481         1.4016475000         0.6990662302        93.2932607673        96.2656839550         3.7343160450         1.4044785871
        5.0604317000        91.0704178909         2.8299193876         1.4041998268         0.7041699851        97.1027038366        96.5886644359         3.4113355641         1.3917226017
        5.0654372000        89.7344670700         2.8283907269         1.4067521537         0.7118256175       100.9121469059        98.2569646499         1.7430353501         1.3968249959
        5.0704492000        93.7243652415         2.8329527855         1.3990951731         0.7194812498        89.4838176980        94.8716744265         5.1283255735         1.4070297842
        5.0754394000        95.1528657427         2.8345836946         1.4016475000         0.7194812498        93.2932607673        94.2626126659         5.7373873341         1.3968249959
        5.0804415000        99.6536649025         2.8397140486         1.3965428462         0.7271368822        85.6743746287        90.9486731613         9.0513268387         1.3993761929
        5.0854569000        98.3713601231         2.8382536271         1.4041998268         0.7322406371        97.1027038366        93.3233261785         6.6766738215         1.4044785871
        5.0904418000       102.6111705017         2.8430786574         1.3965428462         0.7450000244        85.6743746287        90.3718287235         9.6281712765         1.4070297842
        5.0954548000       102.7893504014         2.8432812011         1.4016475000         0.7475519019        93.2932607673        91.4991203773         8.5008796227         1.3942737988
        5.1004339000       100.0392262492         2.8401529742         1.4067521537         0.7628631666       100.9121469059        95.1313206419         4.8686793581         1.3891714046
        5.1054149000        95.0568083190         2.8344740663         1.4118568074         0.7705187990       108.5310330446       100.3018615711        -0.3018615711         1.3993761929
        5.1104327000        99.6148985835         2.8396699118         1.3990951731         0.7730706765        89.4838176980        96.1275079030         3.8724920970         1.3917226017
        5.1154632000        93.2885139630         2.8324549234         1.4144091342         0.7781744314       112.3404761139       102.3835985712        -2.3835985712         1.4044785871
        5.1204464000        98.4250326515         2.8383147746         1.3990951731         0.7832781863        89.4838176980        97.4059659938         2.5940340062         1.4044785871
        5.1254277000        98.9369418944         2.8388978913         1.4041998268         0.7883819412        97.1027038366        97.2889463632         2.7110536368         1.4044785871
        5.1304893000        97.7955703943         2.8375975373         1.4067521537         0.7985894511       100.9121469059        98.6870291084         1.3129708916         1.3942737988
        5.1354335000       100.2841998145         2.8404318081         1.4016475000         0.7985894511        93.2932607673        96.6057381723         3.3942618277         1.3968249959
        5.1404323000       102.1945247534         2.8426049691         1.4016475000         0.8087969609        93.2932607673        95.3275540229         4.6724459771         1.3993761929
        5.1454492000       103.7496952982         2.8443725459         1.4016475000         0.8139007158        93.2932607673        94.5425822098         5.4574177902         1.3993761929
        5.1504307000       100.2244571991         2.8403638111         1.4093044805         0.8266601031       104.7215899753        98.4703513058         1.5296486942         1.3917226017
        5.1554427000       102.6528808392         2.8431260727         1.4016475000         0.8292119806        93.2932607673        96.4726697348         3.5273302652         1.3942737988
        5.1604552000        99.6639340609         2.8397257402         1.4093044805         0.8394194904       104.7215899753        99.6556768355         0.3443231645         1.3942737988
        5.1654323000       105.6632422099         2.8465455510         1.3965428462         0.8470751228        85.6743746287        94.2607181131         5.7392818869         1.4044785871
        5.1704423000       103.6804515998         2.8442938744         1.4067521537         0.8521788777       100.9121469059        96.8273019156         3.1726980844         1.3968249959
        5.1754539000       102.4108082430         2.8428508763         1.4067521537         0.8598345101       100.9121469059        98.4035191938         1.5964808062         1.3917226017
        5.1804399000        99.9583644952         2.8400609280         1.4093044805         0.8674901425       104.7215899753       100.8414702921        -0.8414702921         1.3942737988
        5.1854421000       103.0456238184         2.8435724844         1.4016475000         0.8674901425        93.2932607673        97.9288461165         2.0711538835         1.3993761929
        5.1904703000       103.7028197739         2.8443192884         1.4041998268         0.8802495297        97.1027038366        97.6100629708         2.3899370292         1.3942737988
        5.1954544000       104.2714391068         2.8449652391         1.4041998268         0.8828014072        97.1027038366        97.4142885325         2.5857114675         1.3917226017
        5.2004284000       104.7856608382         2.8455492357         1.4041998268         0.8981126720        97.1027038366        97.2940574876         2.7059425124         1.3891714046
        5.2054284000        98.7834119936         2.8387230216         1.4144091342         0.8981126720       112.3404761139       103.1000121983        -3.1000121983         1.3840690105
        5.2104541000        99.2566948194         2.8392620428         1.4067521537         0.9006645494       100.9121469059       102.2557816132        -2.2557816132         1.3891714046
        5.2154339000        97.8746351210         2.8376876403         1.4093044805         0.9083201818       104.7215899753       103.2072619641        -3.2072619641         1.4019273900
        5.2204520000       103.2400157254         2.8437934073         1.3990951731         0.9134239367        89.4838176980        97.9118027680         2.0881972320         1.3993761929
        5.2254571000       116.8586027454         2.8592189172         1.3837812120         0.9210795691        66.6271592822        85.8400116177        14.1599883823         1.3968249959
        5.2304789000       112.5360468399         2.8543335580         1.4067521537         0.9261833240       100.9121469059        91.6558896050         8.3441103950         1.3993761929
        5.2354582000       109.8294823579         2.8512696332         1.4067521537         0.9389427113       100.9121469059        95.2275973990         4.7724026010         1.3942737988
        5.2404735000       108.1153474240         2.8493271377         1.4067521537         0.9491502211       100.9121469059        97.4210919313         2.5789080687         1.3917226017
        5.2454661000       107.0106936998         2.8480744680         1.4067521537         0.9568058535       100.9121469059        98.7681837263         1.2318162737         1.3993761929
        5.2504556000       103.0388092722         2.8435647394         1.4118568074         0.9644614859       108.5310330446       102.5353699516        -2.5353699516         1.3993761929
        5.2555086000       111.4590306125         2.8531148044         1.3939905194         0.9593577310        81.8649315594        94.5592772923         5.4407227077         1.3968249959
        5.2604458000       111.1799630609         2.8527989110         1.4041998268         0.9746689957        97.1027038366        95.5407081359         4.4592918641         1.3942737988
        5.2656013000       116.0358919745         2.8582898232         1.3965428462         0.9746689957        85.6743746287        91.7335905137         8.2664094863         1.4019273900
        5.2704386000       119.8339807067         2.8625762249         1.3965428462         0.9823246281        85.6743746287        89.3955236366        10.6044763634         1.3993761929
        5.2754444000       124.6031834050         2.8679487119         1.3939905194         0.9874283830        81.8649315594        86.4896974975        13.5103025025         1.3968249959
        5.2804266000       122.0819141139         2.8651098530         1.4041998268         0.9925321379        97.1027038366        90.5849334256         9.4150665744         1.3993761929
        5.2854463000       107.7324144346         2.8488929705         1.4246184417         1.0103952802       127.5782483911       104.8595270429        -4.8595270429         1.3942737988
        5.2904267000       108.6945935035         2.8499837310         1.4067521537         1.0129471576       100.9121469059       103.3363532651        -3.3363532651         1.3942737988
        5.2954340000       107.6127798773         2.8487573129         1.4093044805         1.0103952802       104.7215899753       103.8708739243        -3.8708739243         1.3993761929
        5.3004463000       113.1625507386         2.8550422306         1.3990951731         1.0154990351        89.4838176980        98.3193470830         1.6806529170         1.4019273900
        5.3054293000       112.3074848883         2.8540749679         1.4067521537         1.0308102998       100.9121469059        99.3198295712         0.6801704288         1.3891714046
        5.3104367000       118.2134750036         2.8607482474         1.3965428462         1.0308102998        85.6743746287        94.0544640799         5.9455359201         1.3891714046
        5.3154542000       119.4149066230         2.8621036203         1.4016475000         1.0435696871        93.2932607673        93.7607389040         6.2392610960         1.3942737988
        5.3204402000       122.1554900290         2.8651927391         1.3990951731         1.0512253195        89.4838176980        92.1104052638         7.8895947362         1.4044785871
        5.3254383000       114.7129190947         2.8567950600         1.4144091342         1.0639847068       112.3404761139        99.9165735000         0.0834265000         1.3968249959
        5.3304552000       127.2677829649         2.8709457782         1.3863335388         1.0614328293        70.4366023515        88.5411504435        11.4588495565         1.3917226017
        5.3354408000       123.6957615764         2.8669273288         1.4067521537         1.0690884617       100.9121469059        93.3147412208         6.6852587792         1.3917226017
        5.3404265000       123.0708890368         2.8662237574         1.4041998268         1.0767440941        97.1027038366        94.7764006322         5.2235993678         1.3942737988
        5.3454544000       122.8521510617         2.8659774276         1.4041998268         1.0767440941        97.1027038366        95.6740501915         4.3259498085         1.3993761929
        5.3504440000       122.8828326913         2.8660119808         1.4041998268         1.0920553588        97.1027038366        96.2253241236         3.7746758764         1.4070297842
        5.3554225000       121.4459246582         2.8643932796         1.4067521537         1.0971591138       100.9121469059        98.0338262986         1.9661737014         1.4044785871
        5.3604361000       118.8907585787         2.8615123995         1.4093044805         1.1073666236       104.7215899753       100.6144306262        -0.6144306262         1.3968249959
        5.3654482000       112.1903379611         2.8539424198         1.4169614611         1.1124703785       116.1499191832       106.6091025285        -6.6091025285         1.3891714046
        5.3704312000       107.1555881850         2.8482388157         1.4169614611         1.1226778884       116.1499191832       110.2906131109       -10.2906131109         1.3917226017
        5.3754433000       103.1437776005         2.8436840371         1.4169614611         1.1226778884       116.1499191832       112.5515408796       -12.5515408796         1.3917226017
        5.3804452000       104.6224826412         2.8453639321         1.4093044805         1.1277816433       104.7215899753       109.5302012860        -9.5302012860         1.3917226017
        5.3854324000       105.2616826439         2.8460897156         1.4093044805         1.1430929080       104.7215899753       107.6747046270        -7.6747046270         1.3993761929
        5.3904162000       105.3853170358         2.8462300704         1.4093044805         1.1456447855       104.7215899753       106.5351876197        -6.5351876197         1.3968249959
        5.3954370000       106.8130927226         2.8478503187         1.4067521537         1.1507485404       100.9121469059       104.3654274574        -4.3654274574         1.4070297842
        5.4004377000       107.6379819972         2.8487858911         1.4067521537         1.1558522953       100.9121469059       103.0329116619        -3.0329116619         1.4044785871
        5.4054255000       106.4718545272         2.8474631831         1.4093044805         1.1584041728       104.7215899753       103.6845211945        -3.6845211945         1.3968249959
        5.4104576000       107.1075481751         2.8481843272         1.4067521537         1.1711635601       100.9121469059       102.6147463890        -2.6147463890         1.4044785871
        5.4154234000       102.5836982326         2.8430474270         1.4144091342         1.1762673150       112.3404761139       106.3676092936        -6.3676092936         1.3917226017
        5.4204379000       100.7233791726         2.8409316023         1.4118568074         1.1839229474       108.5310330446       107.2024086322        -7.2024086322         1.3917226017
        5.4254595000       103.9573137604         2.8446084160         1.4041998268         1.1864748248        97.1027038366       103.3052401372        -3.3052401372         1.3993761929
        5.4304432000       101.2460892476         2.8415263081         1.4118568074         1.1992342121       108.5310330446       105.3217144691        -5.3217144691         1.3942737988
        5.4354273000        99.0951593683         2.8390780853         1.4118568074         1.2119935994       108.5310330446       106.5600927679        -6.5600927679         1.3993761929
        5.4404410000        95.6675576493         2.8351710047         1.4144091342         1.2222011093       112.3404761139       108.7905666601        -8.7905666601         1.3993761929
        5.4454656000        92.8597121713         2.8319649972         1.4144091342         1.2196492318       112.3404761139       110.1603686061       -10.1603686061         1.3942737988
        5.4504312000        95.2947753898         2.8347456427         1.4067521537         1.2273048642       100.9121469059       106.5917615057        -6.5917615057         1.4070297842
        5.4554375000        95.1175047765         2.8345433386         1.4093044805         1.2349604965       104.7215899753       105.8701192680        -5.8701192680         1.4044785871
        5.4604560000        94.7397196975         2.8341121391         1.4093044805         1.2400642515       104.7215899753       105.4269367923        -5.4269367923         1.3993761929
        5.4654425000        97.4803242546         2.8372382420         1.4041998268         1.2477198838        97.1027038366       102.2148688084        -2.2148688084         1.3968249959
        5.4704683000        94.4661307456         2.8337998125         1.4118568074         1.2579273937       108.5310330446       104.6520842290        -4.6520842290         1.3968249959
        5.4754546000        93.7499042170         2.8329819543         1.4093044805         1.2681349035       104.7215899753       104.6789043797        -4.6789043797         1.3968249959
        5.4804399000        93.0411298965         2.8321722896         1.4093044805         1.2604792711       104.7215899753       104.6953754510        -4.6953754510         1.4044785871
        5.4854294000        95.5784638803         2.8350693524         1.4041998268         1.2706867810        97.1027038366       101.7655947091        -1.7655947091         1.4044785871
        5.4904326000        92.4394357215         2.8314846991         1.4118568074         1.2834461683       108.5310330446       104.3761713220        -4.3761713220         1.4044785871
        5.4954181000        93.2673102708         2.8324306999         1.4067521537         1.2808942908       100.9121469059       103.0395097964        -3.0395097964         1.3942737988
        5.5004235000        90.4822503108         2.8292465190         1.4118568074         1.2962055556       108.5310330446       105.1585213740        -5.1585213740         1.3942737988
        5.5054644000        85.0444441587         2.8230149277         1.4169614611         1.3089649429       116.1499191832       109.3997670466        -9.3997670466         1.3942737988
        5.5104285000        80.7851043786         2.8181199596         1.4169614611         1.3166205752       116.1499191832       112.0044451809       -12.0044451809         1.3968249959
        5.5154289000        86.9740917161         2.8252284909         1.4016475000         1.3166205752        93.2932607673       104.7843689630        -4.7843689630         1.3917226017
        5.5204575000        87.9153874699         2.8263073842         1.4067521537         1.3191724527       100.9121469059       103.2901963994        -3.2901963994         1.3968249959
        5.5254321000        88.4415146021         2.8269101658         1.4067521537         1.3293799625       100.9121469059       102.3725795231        -2.3725795231         1.3993761929
        5.5304394000        90.3334398777         2.8290762433         1.4041998268         1.3319318400        97.1027038366       100.3390949893        -0.3390949893         1.4044785871
        5.5354417000        85.1772807374         2.8231673889         1.4144091342         1.3395874724       112.3404761139       104.9700624643        -4.9700624643         1.3993761929
        5.5404346000        84.5494071802         2.8224466514         1.4093044805         1.3523468597       104.7215899753       104.8741844980        -4.8741844980         1.3993761929
        5.5454215000        82.2741272722         2.8198326081         1.4118568074         1.3600024920       108.5310330446       106.2852509831        -6.2852509831         1.3993761929
        5.5504387000        86.8739876037         2.8251137192         1.4016475000         1.3676581244        93.2932607673       101.2720376287        -1.2720376287         1.4044785871
        5.5554293000        81.9770545523         2.8194910428         1.4144091342         1.3727618793       112.3404761139       105.5430109519        -5.5430109519         1.3968249959
        5.5604173000        83.1291454690         2.8208153437         1.4067521537         1.3753137568       100.9121469059       103.7561015491        -3.7561015491         1.3968249959
        5.5654332000        82.1639624923         2.8197059510         1.4093044805         1.3829693892       104.7215899753       104.1286541289        -4.1286541289         1.3993761929
        5.5704469000        86.1645939493         2.8243001919         1.4016475000         1.3880731441        93.2932607673        99.9476058215         0.0523941785         1.3993761929
        5.5754545000        97.1073145773         2.8368130341         1.3888858657         1.3957287765        74.2460454208        90.0301564015         9.9698435985         1.3968249959
        5.5804378000        93.9490262250         2.8332093636         1.4067521537         1.4084881638       100.9121469059        94.2291851272         5.7708148728         1.3917226017
        5.5854472000        87.0951763909         2.8253673084         1.4144091342         1.4110400412       112.3404761139       101.2177807413        -1.2177807413         1.3993761929
        5.5904271000        87.0454651136         2.8253103181         1.4067521537         1.4237994285       100.9121469059       101.0998459523        -1.0998459523         1.3993761929
        5.5954367000        90.2045163230         2.8289287116         1.4016475000         1.4237994285        93.2932607673        98.0875224782         1.9124775218         1.4044785871
        5.6004461000        86.0435043481         2.8241612937         1.4118568074         1.4416625707       108.5310330446       102.1173551496        -2.1173551496         1.3993761929
        5.6054263000        84.6229816733         2.8225311215         1.4093044805         1.4493182031       104.7215899753       103.1222500571        -3.1222500571         1.3891714046
        5.6104374000        88.3439751544         2.8267984290         1.4016475000         1.4442144482        93.2932607673        99.3295424311         0.6704575689         1.3993761929
        5.6154546000        86.1488348805         2.8242821157         1.4093044805         1.4544219580       104.7215899753       101.4101693641        -1.4101693641         1.4044785871
        5.6204393000        84.5318145889         2.8224264530         1.4093044805         1.4620775904       104.7215899753       102.6879457290        -2.6879457290         1.4044785871
        5.6254434000        84.8906012231         2.8228383418         1.4067521537         1.4722851002       100.9121469059       102.0027190449        -2.0027190449         1.3917226017
        5.6304631000        86.6797576027         2.8248910110         1.4041998268         1.4722851002        97.1027038366       100.1119524056        -0.1119524056         1.3968249959
        5.6354417000        91.1850799819         2.8300505362         1.3990951731         1.4773888552        89.4838176980        96.0108789007         3.9891210993         1.3968249959
        5.6404506000        89.6885865101         2.8283382076         1.4067521537         1.4901482425       100.9121469059        97.9021289563         2.0978710437         1.4044785871
        5.6454418000        88.7175930361         2.8272263950         1.4067521537         1.4952519974       100.9121469059        99.0636032133         0.9363967867         1.4070297842
        5.6504172000        88.0693251149         2.8264837687         1.4067521537         1.5029076297       100.9121469059        99.7768999270         0.2231000730         1.4044785871
        5.6554548000        87.6192527841         2.8259680240         1.4067521537         1.5080113847       100.9121469059       100.2149571624        -0.2149571624         1.3942737988
        5.6604390000        88.9116642395         2.8274486606         1.4041998268         1.5156670170        97.1027038366        99.0140333873         0.9859666127         1.3917226017
        5.6654564000        94.7326862706         2.8341041103         1.3965428462         1.5156670170        85.6743746287        93.8666653304         6.1333346696         1.3891714046
        5.6704698000        92.6404047256         2.8317143834         1.4067521537         1.5335301593       100.9121469059        96.5853021010         3.4146978990         1.3891714046
        5.6754464000        86.4412221371         2.8246174669         1.4144091342         1.5411857916       112.3404761139       102.6647439302        -2.6647439302         1.3993761929
        5.6804542000        86.7935619531         2.8250215045         1.4067521537         1.5411857916       100.9121469059       101.9884701137        -1.9884701137         1.3968249959
        5.6854563000        88.5787591453         2.8270673764         1.4041998268         1.5462895465        97.1027038366       100.1032017029        -0.1032017029         1.4044785871
        5.6904292000        91.4608842289         2.8303659619         1.4016475000         1.5462895465        93.2932607673        97.4754528920         2.5245471080         1.4044785871
        5.6954691000        95.2336326767         2.8346758678         1.3990951731         1.5564970564        89.4838176980        94.3917242551         5.6082757449         1.3968249959
        5.7004393000        96.5287749193         2.8361533673         1.4016475000         1.5641526888        93.2932607673        93.9678606488         6.0321393512         1.4044785871
        5.7054277000        91.2230796826         2.8300939977         1.4118568074         1.5743601986       108.5310330446        99.5873453563         0.4126546437         1.4044785871
        5.7104663000        90.7203379937         2.8295189201         1.4067521537         1.5743601986       100.9121469059       100.0985459276        -0.0985459276         1.4019273900
        5.7154419000        91.9804035923         2.8309599826         1.4041998268         1.5820158310        97.1027038366        98.9425417028         1.0574582972         1.3968249959
        5.7204292000        94.5400293714         2.8338841791         1.4016475000         1.5896714634        93.2932607673        96.7626562381         3.2373437619         1.4044785871
        5.7254442000        91.6316578223         2.8305612442         1.4093044805         1.6075346056       104.7215899753        99.8337663787         0.1662336213         1.3942737988
        5.7304213000        86.3350888071         2.8244957447         1.4144091342         1.6075346056       112.3404761139       104.6597247748        -4.6597247748         1.3942737988
        5.7354414000        90.4832827837         2.8292477003         1.4016475000         1.6100864830        93.2932607673       100.2737524789        -0.2737524789         1.4044785871
        5.7404455000        85.3089676682         2.8233185189         1.4144091342         1.6279496252       112.3404761139       104.9299336387        -4.9299336387         1.3993761929
        5.7454267000        86.2907098118         2.8244448451         1.4067521537         1.6279496252       100.9121469059       103.3795920999        -3.3795920999         1.3840690105
        5.7504366000        88.4624421417         2.8269341386         1.4041998268         1.6279496252        97.1027038366       100.9575320811        -0.9575320811         1.3942737988
        5.7554469000        83.4781210349         2.8212163031         1.4144091342         1.6483646449       112.3404761139       105.3498635169        -5.3498635169         1.3917226017
        5.7604357000        81.3350126092         2.8187526337         1.4118568074         1.6560202773       108.5310330446       106.5773799554        -6.5773799554         1.3942737988
        5.7654370000        82.7745117972         2.8204077979         1.4067521537         1.6560202773       100.9121469059       104.3913390557        -4.3913390557         1.3917226017
        5.7704424000        77.1235374787         2.8139018758         1.4169614611         1.6636759097       116.1499191832       108.9286170205        -8.9286170205         1.3993761929
        5.7754615000        74.3540504737         2.8107050829         1.4144091342         1.6738834195       112.3404761139       110.2451495368       -10.2451495368         1.3968249959
        5.7804361000        71.9503732845         2.8079259886         1.4144091342         1.6764352970       112.3404761139       111.0536722499       -11.0536722499         1.3968249959
        5.7854251000        77.8751802341         2.8147685355         1.4016475000         1.6840909293        93.2932607673       104.2004703504        -4.2004703504         1.3942737988
        5.7904521000        78.6542347662         2.8156663763         1.4067521537         1.6840909293       100.9121469059       102.9316064788        -2.9316064788         1.3968249959
        5.7954230000        80.7014904611         2.8180237426         1.4041998268         1.6968503166        97.1027038366       100.6824104679        -0.6824104679         1.3891714046
        5.8004349000        85.3653194903         2.8233831873         1.3990951731         1.6968503166        89.4838176980        96.3612145701         3.6387854299         1.3891714046
        5.8057977000        88.8284672937         2.8273533800         1.3990951731         1.7045059490        89.4838176980        93.7074365676         6.2925634324         1.3942737988
        5.8104292000        96.4165377041         2.8360253677         1.3914381925         1.7096097039        78.0554884901        87.6678264831        12.3321735169         1.3993761929
        5.8154458000        99.0849191387         2.8390664232         1.3965428462         1.7147134588        85.6743746287        86.8986141229        13.1013858771         1.3968249959
        5.8204557000        93.4357391521         2.8326231084         1.4093044805         1.7223690912       104.7215899753        93.7759577073         6.2240422927         1.3968249959
        5.8254325000        97.8013170708         2.8376040864         1.3965428462         1.7300247236        85.6743746287        90.6498035302         9.3501964698         1.3968249959
        5.8304378000        94.8152029711         2.8341983019         1.4067521537         1.7427841109       100.9121469059        94.6097293002         5.3902706998         1.4044785871
        5.8354458000        71.8594322084         2.8078207598         1.4399324028         1.7478878658       150.4349068069       116.1509651496       -16.1509651496         1.3917226017
        5.8404412000        79.2005655712         2.8162957520         1.4016475000         1.7478878658        93.2932607673       107.3308731577        -7.3308731577         1.4019273900
        5.8454226000        87.3324926399         2.8256393515         1.3965428462         1.7580953756        85.6743746287        98.9742899220         1.0257100780         1.4019273900
        5.8504321000        85.0386424190         2.8230082685         1.4093044805         1.7734066404       104.7215899753       101.1919979791        -1.1919979791         1.3917226017
        5.8554401000        86.6025330189         2.8248024567         1.4041998268         1.7734066404        97.1027038366        99.6140639086         0.3859360914         1.3840690105
        5.8604290000        86.1072153081         2.8242343758         1.4067521537         1.7785103953       100.9121469059       100.1149546043        -0.1149546043         1.3917226017
        5.8654652000        84.1303085216         2.8219654188         1.4093044805         1.7938216601       104.7215899753       101.8925148993        -1.8925148993         1.3891714046
        5.8704469000        85.8888437371         2.8239838731         1.4041998268         1.7989254150        97.1027038366       100.0442726834        -0.0442726834         1.3917226017
        5.8754298000        85.5130632126         2.8235527254         1.4067521537         1.7989254150       100.9121469059       100.3791589149        -0.3791589149         1.3942737988
        5.8804416000        88.4718653670         2.8269449329         1.4016475000         1.7989254150        93.2932607673        97.6449266201         2.3550733799         1.4044785871
        5.8854482000        84.1878743487         2.8220315261         1.4118568074         1.8193404347       108.5310330446       101.8455435540        -1.8455435540         1.3942737988
        5.8904141000        79.4502948220         2.8165833711         1.4144091342         1.8244441896       112.3404761139       105.8952184067        -5.8952184067         1.3917226017
        5.8954458000        82.3210154294         2.8198865132         1.4041998268         1.8269960670        97.1027038366       102.5024548093        -2.5024548093         1.4070297842
        5.9004537000        79.3867301495         2.8165101663         1.4118568074         1.8320998220       108.5310330446       104.8286995505        -4.8286995505         1.3942737988
        5.9054426000        86.8234068884         2.8250557247         1.3965428462         1.8346516994        85.6743746287        97.4376289063         2.5623710937         1.3968249959
        5.9104361000        87.3441139422         2.8256526724         1.4041998268         1.8397554543        97.1027038366        97.3083915220         2.6916084780         1.3993761929
        5.9154588000        86.2081454458         2.8243501461         1.4067521537         1.8525148416       100.9121469059        98.6989709727         1.3010290273         1.3968249959
        5.9204429000        83.8377955008         2.8216294683         1.4093044805         1.8576185965       104.7215899753       101.0229162275        -1.0229162275         1.4044785871
        5.9254505000        82.1131736143         2.8196475560         1.4093044805         1.8652742289       104.7215899753       102.4501217840        -2.4501217840         1.4044785871
        5.9304634000        92.1304738604         2.8311315416         1.3914381925         1.8703779838        78.0554884901        93.0369757321         6.9630242679         1.3968249959
        5.9354424000        89.8076559669         2.8284745031         1.4067521537         1.8805854937       100.9121469059        96.0757644505         3.9242355495         1.3993761929
        5.9404267000        89.9499573380         2.8286373794         1.4041998268         1.8856892486        97.1027038366        96.4720290843         3.5279709157         1.3917226017
        5.9454377000        88.5815983875         2.8270706285         1.4067521537         1.8907930035       100.9121469059        98.1853353283         1.8146646717         1.3917226017
        5.9504436000        94.1723595776         2.8334643943         1.3965428462         1.8933448810        85.6743746287        93.3577366144         6.6422633856         1.4044785871
        5.9554324000        91.9386678377         2.8309122681         1.4067521537         1.9035523908       100.9121469059        96.2727534771         3.7272465229         1.4044785871
        5.9604457000        92.1357042940         2.8311375207         1.4041998268         1.9112080232        97.1027038366        96.5930060448         3.4069939552         1.3917226017
        5.9654293000        94.0424915024         2.8333160981         1.4016475000         1.9112080232        93.2932607673        95.3197348356         4.6802651644         1.3993761929
        5.9704462000        85.8708943907         2.8239632812         1.4169614611         1.9316230429       116.1499191832       103.3574685941        -3.3574685941         1.3993761929
        5.9754544000        89.6572453535         2.8283023308         1.4016475000         1.9239674105        93.2932607673        99.4739972982         0.5260027018         1.3993761929
        5.9804488000        84.2607114233         2.8221151675         1.4144091342         1.9443824302       112.3404761139       104.4387796258        -4.4387796258         1.3968249959
        5.9854416000        86.7267480631         2.8249448935         1.4041998268         1.9443824302        97.1027038366       101.6080113982        -1.6080113982         1.3917226017
        5.9904233000        91.6477632245         2.8305796600         1.3990951731         1.9418305527        89.4838176980        96.9296542905         3.0703457095         1.3917226017
        5.9954367000        90.4065593501         2.8291599117         1.4067521537         1.9596936949       100.9121469059        98.4663769044         1.5336230956         1.3891714046
        6.0004266000        87.9715811547         2.8263717738         1.4093044805         1.9622455724       104.7215899753       100.8800731265        -0.8800731265         1.3942737988
        6.0054377000        89.4488007674         2.8280637038         1.4041998268         1.9699012047        97.1027038366        99.4225013570         0.5774986430         1.4044785871
        6.0104391000        85.6587240877         2.8237198590         1.4118568074         1.9801087146       108.5310330446       102.9372063357        -2.9372063357         1.3917226017
        6.0154426000        86.0867699126         2.8242109235         1.4067521537         1.9826605920       100.9121469059       102.1557975748        -2.1557975748         1.4019273900
        6.0204630000        86.2976946324         2.8244528563         1.4067521537         1.9877643470       100.9121469059       101.6759106569        -1.6759106569         1.3917226017
        6.0254225000        86.3752786692         2.8245418385         1.4067521537         1.9954199793       100.9121469059       101.3811974858        -1.3811974858         1.3942737988
        6.0304266000        91.2332716457         2.8301056545         1.3990951731         2.0030756117        89.4838176980        96.7903609593         3.2096390407         1.4044785871
        6.0354668000        85.0910664142         2.8230684390         1.4144091342         2.0132831215       112.3404761139       102.7906768201        -2.7906768201         1.3968249959
        6.0404480000        88.7199294365         2.8272290710         1.4016475000         2.0158349990        93.2932607673        99.1259132083         0.8740867917         1.3942737988
        6.0454354000        88.0889748801         2.8265062827         1.4067521537         2.0209387539       100.9121469059        99.8151663926         0.1848336074         1.3840690105
        6.0504142000        92.5118327281         2.8315674434         1.3990951731         2.0285943863        89.4838176980        95.8286135716         4.1713864284         1.3917226017
        6.0554530000        90.9646952763         2.8297984565         1.4067521537         2.0413537736       100.9121469059        97.7901942668         2.2098057332         1.3993761929
        6.0604360000        86.7210681157         2.8249383806         1.4118568074         2.0413537736       108.5310330446       101.9347568399        -1.9347568399         1.3942737988
        6.0654263000        82.0082772633         2.8195269446         1.4144091342         2.0464575285       112.3404761139       105.9500070025        -5.9500070025         1.3917226017
        6.0704647000        86.5149871885         2.8247020621         1.4016475000         2.0566650383        93.2932607673       101.0661540904        -1.0661540904         1.4019273900
        6.0754384000        88.0439109880         2.8264546498         1.4041998268         2.0617687933        97.1027038366        99.5367793440         0.4632206560         1.4044785871
        6.0804305000        94.0101824525         2.8332792028         1.3965428462         2.0643206707        85.6743746287        94.1876995426         5.8123004574         1.3993761929
        6.0854407000        98.4901663605         2.8383889773         1.3965428462         2.0694244256        85.6743746287        90.9026667308         9.0973332692         1.4044785871
        6.0904472000        95.5743124630         2.8350646156         1.4067521537         2.0847356904       100.9121469059        94.7650202926         5.2349797074         1.3993761929
        6.0954318000        95.3524123632         2.8348114148         1.4041998268         2.0872875679        97.1027038366        95.6670611783         4.3329388217         1.3891714046
        6.1004383000        88.8980886834         2.8274331136         1.4144091342         2.0923913228       112.3404761139       102.1008242147        -2.1008242147         1.3840690105
        6.1054441000        90.7145044232         2.8295122462         1.4041998268         2.0949432002        97.1027038366       100.1722017781        -0.1722017781         1.3917226017
        6.1104353000        90.3742700915         2.8291229645         1.4067521537         2.1077025875       100.9121469059       100.4577240680        -0.4577240680         1.3968249959
        6.1154465000        94.9756680834         2.8343814582         1.3990951731         2.1102544650        89.4838176980        96.2232278091         3.7767721909         1.4044785871
        6.1204357000        98.4004750855         2.8382867971         1.3990951731         2.1153582199        89.4838176980        93.6226946953         6.3773053047         1.4044785871
        6.1254335000        96.2404042137         2.8358244828         1.4067521537         2.1281176072       100.9121469059        96.4354723038         3.5645276962         1.3993761929
        6.1304471000        98.1034193254         2.8379483439         1.4016475000         2.1357732396        93.2932607673        95.2229885676         4.7770114324         1.3917226017
        6.1354246000        94.7672379502         2.8341435511         1.4093044805         2.1383251170       104.7215899753        98.8882095718         1.1117904282         1.3942737988
        6.1404365000        97.3117670822         2.8370461077         1.4016475000         2.1434288720        93.2932607673        96.7292892218         3.2707107782         1.3993761929
        6.1454567000        99.2564217365         2.8392617318         1.4016475000         2.1510845043        93.2932607673        95.4034304852         4.5965695148         1.3993761929
        6.1504288000        92.7288460147         2.8318154534         1.4144091342         2.1663957691       112.3404761139       101.9389205772        -1.9389205772         1.3993761929
        6.1554396000        86.3964462542         2.8245661152         1.4169614611         2.1638438916       116.1499191832       107.4225121446        -7.4225121446         1.3917226017
        6.1604585000        92.9330701609         2.8320488204         1.3990951731         2.1689476465        89.4838176980       100.5005162789        -0.5005162789         1.3917226017
        6.1654365000       102.4086558487         2.8428484292         1.3914381925         2.1740514015        78.0554884901        91.8396636164         8.1603363836         1.3968249959
        6.1704187000       107.8569837373         2.8490342153         1.3939905194         2.1791551564        81.8649315594        87.9907182951        12.0092817049         1.3968249959
        6.1754466000        99.2697225561         2.8392768782         1.4144091342         2.1970182986       112.3404761139        97.3865482678         2.6134517322         1.3942737988
        6.1804628000       101.3970022559         2.8416979774         1.4016475000         2.1995701761        93.2932607673        95.8070732821         4.1929267179         1.3993761929
        6.1855441000        98.2231138124         2.8380847253         1.4093044805         2.2123295633       104.7215899753        99.2469137832         0.7530862168         1.3993761929
        6.1905024000        96.0050144622         2.8355559850         1.4093044805         2.2174333183       104.7215899753       101.3594245950        -1.3594245950         1.3891714046
        6.1954474000        97.6154259788         2.8373922288         1.4041998268         2.2199851957        97.1027038366        99.7168856924         0.2831143076         1.4070297842
        6.2004698000       102.0109756940         2.8423962586         1.3990951731         2.2199851957        89.4838176980        95.7682564005         4.2317435995         1.3993761929
        6.2054499000       102.0678333242         2.8424609125         1.4041998268         2.2301927056        97.1027038366        96.2831790256         3.7168209744         1.3942737988
        6.2107585000        95.7847032560         2.8353046557         1.4144091342         2.2378483379       112.3404761139       102.4792009485        -2.4792009485         1.3917226017
        6.2154799000        94.4647225302         2.8337982048         1.4093044805         2.2506077252       104.7215899753       103.3444705822        -3.3444705822         1.3968249959
        6.2204655000        98.2474618842         2.8381124668         1.4016475000         2.2531596027        93.2932607673        99.4660148233         0.5339851767         1.3917226017
        6.2254527000        96.0902416312         2.8356532035         1.4093044805         2.2582633576       104.7215899753       101.4939812164        -1.4939812164         1.3917226017
        6.2304428000        92.8757433413         2.8319833157         1.4118568074         2.2710227449       108.5310330446       104.2093652041        -4.2093652041         1.3942737988
        6.2354321000        95.2780352226         2.8347265394         1.4041998268         2.2735746224        97.1027038366       101.4671210151        -1.4671210151         1.3917226017
        6.2404642000        95.2976052722         2.8347488721         1.4067521537         2.2812302547       100.9121469059       101.2529734081        -1.2529734081         1.3942737988
        6.2454454000        93.6369067402         2.8328528934         1.4093044805         2.2863340097       104.7215899753       102.5914069050        -2.5914069050         1.3840690105
        6.2504297000        98.8311667510         2.8387774155         1.3990951731         2.2888858871        89.4838176980        97.5335874204         2.4664125796         1.3968249959
        6.2554306000        96.1370050222         2.8357065445         1.4093044805         2.3041971519       104.7215899753       100.3072186964        -0.3072186964         1.3968249959
        6.2604181000        81.2473937530         2.8186518415         1.4297230954         2.3093009068       135.1971345297       113.7701746474       -13.7701746474         1.3917226017
        6.2654496000        84.6854724433         2.8226028636         1.4067521537         2.3144046617       100.9121469059       108.8086533320        -8.8086533320         1.3968249959
        6.2704415000        75.3995891495         2.8119125925         1.4246184417         2.3271640490       127.5782483911       116.0512684391       -16.0512684391         1.3968249959
        6.2754284000        79.4714892528         2.8166077792         1.4067521537         2.3373715588       100.9121469059       110.2095424999       -10.2095424999         1.3942737988
        6.2804325000        86.7825133723         2.8250088360         1.3990951731         2.3322678039        89.4838176980       102.2121164989        -2.2121164989         1.4044785871
        6.2854449000        93.4921501390         2.8326875468         1.3965428462         2.3348196814        85.6743746287        95.8307055665         4.1692944335         1.3968249959
        6.2904291000        96.8078914801         2.8364716491         1.3990951731         2.3424753138        89.4838176980        93.3816348319         6.6183651681         1.3891714046
        6.2954170000        99.4431375784         2.8394743455         1.3990951731         2.3450271912        89.4838176980        91.8775859076         8.1224140924         1.3993761929
        6.3004499000        95.1774074715         2.8346117027         1.4093044805         2.3679940883       104.7215899753        96.8336959144         3.1663040856         1.3917226017
        6.3054309000        93.9095407419         2.8331642708         1.4067521537         2.3679940883       100.9121469059        98.4074459432         1.5925540568         1.3993761929
        6.3104151000        93.0789539131         2.8322155057         1.4067521537         2.3730978433       100.9121469059        99.3739337643         0.6260662357         1.4044785871
        6.3157255000        87.6546164745         2.8260085526         1.4144091342         2.3833053531       112.3404761139       104.3773275622        -4.3773275622         1.4044785871
        6.3204439000        62.5505588859         2.7970159490         1.4475893834         2.3935128629       161.8632360149       126.5593889062       -26.5593889062         1.3993761929
        6.3254256000        66.3006984274         2.8013768083         1.4118568074         2.3986166179       108.5310330446       119.6027954310       -19.6027954310         1.3993761929
        6.3304317000        74.6009523465         2.8109903059         1.4016475000         2.3935128629        93.2932607673       109.4507472587        -9.4507472587         1.3993761929
        6.3354391000        76.8388412065         2.8135735093         1.4067521537         2.4062722502       100.9121469059       106.1559614248        -6.1559614248         1.4044785871
        6.3404277000        81.4027773288         2.8188305830         1.4016475000         2.4139278826        93.2932607673       101.1926369734        -1.1926369734         1.3891714046
        6.3454322000        87.8291429930         2.8262085570         1.3965428462         2.4139278826        85.6743746287        95.2046121418         4.7953878582         1.3891714046
        6.3504477000        81.2463238946         2.8186506108         1.4144091342         2.4343429023       112.3404761139       101.8168201775        -1.8168201775         1.3891714046
        6.3554312000        79.7422950083         2.8169196188         1.4093044805         2.4394466572       104.7215899753       102.9376823780        -2.9376823780         1.3993761929
        6.3604366000        80.1704731056         2.8174125715         1.4067521537         2.4343429023       100.9121469059       102.1560899268        -2.1560899268         1.3993761929
        6.3654280000        85.2437765721         2.8232437041         1.3990951731         2.4445504121        89.4838176980        97.2662460066         2.7337539934         1.4070297842
        6.3704476000        79.2338000697         2.8163340315         1.4144091342         2.4624135543       112.3404761139       103.0829323207        -3.0829323207         1.3993761929
        6.3754443000        76.4608054293         2.8131373957         1.4118568074         2.4649654318       108.5310330446       105.1851884687        -5.1851884687         1.3993761929
        6.3804328000        74.2719406336         2.8106102191         1.4118568074         2.4726210642       108.5310330446       106.4762479931        -6.4762479931         1.3993761929
        6.3854359000        77.3041052793         2.8141101111         1.4041998268         2.4726210642        97.1027038366       102.8592827735        -2.8592827735         1.3942737988
        6.3909604000        77.7104993762         2.8145786896         1.4067521537         2.4802766965       100.9121469059       102.1079423421        -2.1079423421         1.3891714046
        6.3954304000        77.9081271105         2.8148065147         1.4067521537         2.4879323289       100.9121469059       101.6465213011        -1.6465213011         1.3942737988
        6.4004368000        81.2190767395         2.8186192659         1.4016475000         2.4955879613        93.2932607673        98.4232524589         1.5767475411         1.3891714046
        6.4054298000        77.1513502101         2.8139339516         1.4118568074         2.5032435937       108.5310330446       102.3235371554        -2.3235371554         1.3917226017
        6.4104347000        82.2711803208         2.8198292201         1.3990951731         2.5032435937        89.4838176980        97.3690804492         2.6309195508         1.3993761929
        6.4154490000        77.9105430855         2.8148092997         1.4118568074         2.5211067359       108.5310330446       101.6761380196        -1.6761380196         1.3993761929
        6.4204319000        81.2297219730         2.8186315122         1.4016475000         2.5262104908        93.2932607673        98.4414409877         1.5585590123         1.3917226017
        6.4254815000        75.5462834438         2.8120819484         1.4144091342         2.5364180006       112.3404761139       103.8046553491        -3.8046553491         1.3891714046
        6.4304471000        79.4568890697         2.8165909652         1.4016475000         2.5338661232        93.2932607673        99.7486283035         0.2513716965         1.4044785871
        6.4354334000        82.2404929027         2.8197939394         1.4016475000         2.5338661232        93.2932607673        97.2576985689         2.7423014311         1.4044785871
        6.4404801000        79.4696730978         2.8166056876         1.4093044805         2.5568330203       104.7215899753       100.1377869505        -0.1377869505         1.3993761929
        6.4454300000        82.3614079881         2.8199329493         1.4016475000         2.5466255105        93.2932607673        97.4966927458         2.5033072542         1.3968249959
        6.4504352000        82.8985264347         2.8205503256         1.4041998268         2.5593848978        97.1027038366        97.3446644247         2.6553355753         1.4044785871
        6.4554490000        80.1518708364         2.8173911578         1.4093044805         2.5746961625       104.7215899753       100.1911953311        -0.1911953311         1.3968249959
        6.4604606000        78.1961481877         2.8151384953         1.4093044805         2.5772480400       104.7215899753       101.9393366515        -1.9393366515         1.3993761929
        6.4654403000        71.8638640369         2.8078258881         1.4169614611         2.5874555498       116.1499191832       107.4227676685        -7.4227676685         1.3942737988
        6.4704690000        70.2967297528         2.8060115729         1.4118568074         2.5976630597       108.5310330446       107.8504135250        -7.8504135250         1.3968249959
        6.4754858000        76.9522497166         2.8137043208         1.3990951731         2.5900074273        89.4838176980       100.7633035483        -0.7633035483         1.3968249959
        6.4804423000        75.1554922275         2.8116307524         1.4093044805         2.6104224470       104.7215899753       102.2906857312        -2.2906857312         1.3968249959
        6.4854298000        75.4038967748         2.8119175658         1.4067521537         2.6180780793       100.9121469059       101.7587495818        -1.7587495818         1.3891714046
        6.4904453000        75.5044983150         2.8120337098         1.4067521537         2.6231818342       100.9121469059       101.4320713924        -1.4320713924         1.3840690105
        6.4954487000        77.1350953654         2.8139152053         1.4041998268         2.6231818342        97.1027038366        99.7615003031         0.2384996969         1.3840690105
        6.5004291000        76.6807441174         2.8133911362         1.4067521537         2.6333893441       100.9121469059       100.2054997843        -0.2054997843         1.3917226017
        6.5054484000        76.3497619215         2.8130092730         1.4067521537         2.6359412215       100.9121469059       100.4781733877        -0.4781733877         1.3891714046
        6.5104286000        64.7491835510         2.7995739688         1.4246184417         2.6487006088       127.5782483911       110.9352670013       -10.9352670013         1.3917226017
        6.5154416000        59.2957297235         2.7932219668         1.4195137880         2.6487006088       119.9593622525       114.4173905308       -14.4173905308         1.3993761929
        6.5204539000        59.6721112044         2.7936611337         1.4118568074         2.6512524863       108.5310330446       112.1460244453       -12.1460244453         1.3993761929
        6.5254349000        64.2796717130         2.7990280301         1.4041998268         2.6640118736        97.1027038366       106.3412651653        -6.3412651653         1.3942737988
        6.5304389000        68.8950960639         2.8043872912         1.4016475000         2.6665637511        93.2932607673       101.3064376439        -1.3064376439         1.3993761929
        6.5354511000        72.1115505412         2.8081124733         1.4016475000         2.6767712609        93.2932607673        98.2143967278         1.7856032722         1.3917226017
        6.5404401000        69.6065574993         2.8052119540         1.4093044805         2.6844268933       104.7215899753       100.7253244260        -0.7253244260         1.3891714046
        6.5454180000        75.9030763767         2.8124937942         1.3965428462         2.6895306482        85.6743746287        94.9176212745         5.0823787255         1.4044785871
        6.5504469000        69.2405144121         2.8047877175         1.4144091342         2.6997381580       112.3404761139       101.6405703456        -1.6405703456         1.3993761929
        6.5554318000        70.9290446792         2.8067438436         1.4041998268         2.7048419129        97.1027038366        99.8895458601         0.1104541399         1.3942737988
        6.5604275000        49.4403160891         2.7816804415         1.4399324028         2.7099456679       150.4349068069       119.3934612953       -19.3934612953         1.3968249959
        6.5654633000        56.0616388907         2.7894435847         1.4041998268         2.7150494228        97.1027038366       110.7921368549       -10.7921368549         1.3917226017
        6.5704512000        42.4645859380         2.7734603467         1.4322754222         2.7227050552       139.0065775990       121.6792302699       -21.6792302699         1.3917226017
        6.5754268000        46.4794975160         2.7781967579         1.4093044805         2.7278088101       104.7215899753       115.1357933236       -15.1357933236         1.3942737988
        6.5804462000        58.4008542216         2.7921773488         1.3939905194         2.7354644424        81.8649315594       102.2975810297        -2.2975810297         1.4044785871
        6.5854436000        58.6511746866         2.7924696224         1.4067521537         2.7482238297       100.9121469059       101.7629841946        -1.7629841946         1.3968249959
        6.5904390000        58.7529528502         2.7925884436         1.4067521537         2.7533275847       100.9121469059       101.4346719971        -1.4346719971         1.3891714046
        6.5954537000        63.6258041769         2.7982674365         1.3990951731         2.7558794621        89.4838176980        96.8232012852         3.1767987148         1.3840690105
        6.6004231000        70.4588506152         2.8061993504         1.3939905194         2.7533275847        81.8649315594        91.0512605507         8.9487394493         1.3993761929
        6.6054379000        70.8258164572         2.8066243177         1.4016475000         2.7686388494        93.2932607673        91.9163801544         8.0836198456         1.4044785871
        6.6104273000        74.6746948538         2.8110754852         1.3965428462         2.7762944818        85.6743746287        89.5077803217        10.4922196783         1.3968249959
        6.6154526000        72.9920256796         2.8091308558         1.4041998268         2.7813982367        97.1027038366        92.4384300035         7.5615699965         1.4044785871
        6.6204497000        75.3651942521         2.8118728820         1.3990951731         2.7941576240        89.4838176980        91.2983350972         8.7016649028         1.3968249959
        6.6254285000        72.5592801931         2.8086304021         1.4067521537         2.7992613789       100.9121469059        95.0080122865         4.9919877135         1.3942737988
        6.6304594000        75.6464291724         2.8121975559         1.3990951731         2.7967095015        89.4838176980        92.8763938336         7.1236061664         1.4044785871
        6.6354155000        83.0035872539         2.8206710618         1.3914381925         2.7992613789        78.0554884901        87.1574578308        12.8425421692         1.3968249959
        6.6404269000        80.6678608807         2.8179850427         1.4041998268         2.8094688888        97.1027038366        90.9950253829         9.0049746171         1.3993761929
        6.6454385000        77.7776696244         2.8146561266         1.4067521537         2.8222282761       100.9121469059        94.8217405537         5.1782594463         1.3866202076
        6.6504261000        75.9507638960         2.8125488328         1.4067521537         2.8222282761       100.9121469059        97.1718428823         2.8281571177         1.3917226017
        6.6554368000        76.3976200306         2.8130644931         1.4041998268         2.8298839084        97.1027038366        97.1451642302         2.8548357698         1.4044785871
        6.6604469000        73.5955315975         2.8098285561         1.4093044805         2.8426432957       104.7215899753       100.0686761859        -0.0686761859         1.3993761929
        6.6654292000        73.2265317948         2.8094019953         1.4067521537         2.8477470506       100.9121469059       100.3941458489        -0.3941458489         1.3993761929
        6.6704422000        74.5687323589         2.8109530877         1.4041998268         2.8477470506        97.1027038366        99.1240786169         0.8759213831         1.3942737988
        6.6754510000        82.0410972359         2.8195646823         1.3939905194         2.8502989281        81.8649315594        92.4642993931         7.5357006069         1.4044785871
        6.6804264000        79.5591563253         2.8167087357         1.4067521537         2.8681620703       100.9121469059        95.7240664699         4.2759335301         1.3968249959
        6.6854388000        84.4660329197         2.8223509259         1.3965428462         2.8630583154        85.6743746287        91.8461964508         8.1538035492         1.3993761929
        6.6904338000        89.9161760123         2.8285987149         1.3939905194         2.8681620703        81.8649315594        87.9947303077        12.0052696923         1.3993761929
        6.6954337000        86.1923271173         2.8243320024         1.4067521537         2.8860252125       100.9121469059        92.9791679743         7.0208320257         1.3968249959
        6.7004257000        85.4742126821         2.8235081453         1.4041998268         2.8860252125        97.1027038366        94.5703148817         5.4296851183         1.3942737988
        6.7054761000        86.8189778572         2.8250506464         1.4016475000         2.8885770900        93.2932607673        94.0775385915         5.9224614085         1.3942737988
        6.7104421000        81.5437575747         2.8189927415         1.4118568074         2.9064402322       108.5310330446        99.6547019211         0.3452980789         1.3993761929
        6.7154274000        81.0597314832         2.8184359467         1.4067521537         2.9140958646       100.9121469059       100.1399116454        -0.1399116454         1.3993761929
        6.7204684000        83.9520567381         2.8217607039         1.4016475000         2.9140958646        93.2932607673        97.4979975857         2.5020024143         1.3917226017
        6.7254481000        84.4895377457         2.8223779133         1.4041998268         2.9140958646        97.1027038366        97.3454657665         2.6545342335         1.3968249959
        6.7304256000        93.0884656735         2.8322263732         1.3914381925         2.9191996195        78.0554884901        89.9020510100        10.0979489900         1.4044785871
        6.7354327000        89.8945821428         2.8285739992         1.4067521537         2.9396146392       100.9121469059        94.1505117048         5.8494882952         1.3993761929
        6.7404540000        91.1227014160         2.8299791897         1.4016475000         2.9319590068        93.2932607673        93.8197246755         6.1802753245         1.3993761929
        6.7454456000        95.5004403611         2.8349803267         1.3965428462         2.9396146392        85.6743746287        90.6766821583         9.3233178417         1.3993761929
        6.7504423000        95.7633263941         2.8352802675         1.4016475000         2.9498221490        93.2932607673        91.6863401559         8.3136598441         1.4044785871
        6.7554874000        93.0652228581         2.8321998173         1.4067521537         2.9574777814       100.9121469059        95.2462980097         4.7537019903         1.3942737988
        6.7604416000        91.3562840487         2.8302463408         1.4067521537         2.9676852912       100.9121469059        97.4325765459         2.5674234541         1.3993761929
        6.7654512000        87.0132897467         2.8252734306         1.4118568074         2.9702371687       108.5310330446       101.7151329063        -1.7151329063         1.3942737988
        6.7704602000        91.9640695350         2.8309413088         1.3990951731         2.9727890461        89.4838176980        96.9954408709         3.0045591291         1.3993761929
        6.7754475000        95.6034425387         2.8350978525         1.3990951731         2.9804446785        89.4838176980        94.0969342543         5.9030657457         1.3993761929
        6.7804517000        93.5751431830         2.8327823462         1.4067521537         2.9983078207       100.9121469059        96.7267172599         3.2732827401         1.3968249959
        6.7854865000        87.4152540054         2.8257342147         1.4144091342         3.0034115756       112.3404761139       102.7515912861        -2.7515912861         1.3968249959
        6.7904454000        87.7917251019         2.8261656784         1.4067521537         3.0034115756       100.9121469059       102.0418057199        -2.0418057199         1.4070297842
        6.7954271000        87.9709762102         2.8263710806         1.4067521537         3.0110672080       100.9121469059       101.6059047873        -1.6059047873         1.4019273900
        6.8004642000        91.2706401936         2.8301483930         1.4016475000         3.0161709629        93.2932607673        98.3983086207         1.6016913793         1.3942737988
        6.8054338000        83.9544511294         2.8217634539         1.4169614611         3.0314822277       116.1499191832       105.2481145132        -5.2481145132         1.3917226017
        6.8104308000        88.2661342254         2.8267092534         1.4016475000         3.0263784728        93.2932607673       100.6351005366        -0.6351005366         1.4044785871
        6.8154685000        89.6752861095         2.8283229825         1.4041998268         3.0289303502        97.1027038366        99.2720562289         0.7279437711         1.3866202076
        6.8204536000        92.3264703170         2.8313555815         1.4016475000         3.0365859826        93.2932607673        96.9650211439         3.0349788561         1.3993761929
        6.8254370000        92.7158592633         2.8318006126         1.4041998268         3.0467934924        97.1027038366        97.0181487019         2.9818512981         1.3993761929
        6.8304689000        93.1200101559         2.8322624137         1.4041998268         3.0518972474        97.1027038366        97.0507759533         2.9492240467         1.3993761929
        6.8354381000        93.5332268092         2.8327344675         1.4041998268         3.0646566347        97.1027038366        97.0708133420         2.9291866580         1.4044785871
        6.8404405000        95.5727768603         2.8350628635         1.4016475000         3.0774160220        93.2932607673        95.6131708484         4.3868291516         1.3993761929
        6.8454329000        95.5865426439         2.8350785701         1.4041998268         3.0748641445        97.1027038366        96.1879362650         3.8120637350         1.4044785871
        6.8504371000        95.7600119127         2.8352764861         1.4041998268         3.0850716543        97.1027038366        96.5409172117         3.4590827883         1.3993761929
        6.8554467000        89.5484966032         2.8281778389         1.4144091342         3.0978310416       112.3404761139       102.6374858180        -2.6374858180         1.3942737988
        6.8604283000        89.8932625197         2.8285724888         1.4067521537         3.1003829191       100.9121469059       101.9717300769        -1.9717300769         1.3993761929
        6.8654387000        86.8115108353         2.8250420848         1.4118568074         3.1080385515       108.5310330446       104.5027653292        -4.5027653292         1.3968249959
        6.8704262000        94.1576239641         2.8334475682         1.3965428462         3.1080385515        85.6743746287        97.2374627747         2.7625372253         1.4044785871
        6.8754413000        94.6227131469         2.8339785712         1.4041998268         3.1156941838        97.1027038366        97.1854634046         2.8145365954         1.4044785871
        6.8804532000        91.8318221839         2.8307901115         1.4093044805         3.1284535711       104.7215899753       100.0934251362        -0.0934251362         1.3993761929
        6.8854337000        91.4696990887         2.8303760423         1.4067521537         3.1310054486       100.9121469059       100.4093449330        -0.4093449330         1.3993761929
        6.8904392000        94.4368886863         2.8337664273         1.4016475000         3.1335573261        93.2932607673        97.6634647732         2.3365352268         1.3942737988
        6.8954488000        99.8826436808         2.8399747302         1.3965428462         3.1335573261        85.6743746287        93.0372400130         6.9627599870         1.4070297842
        6.9004273000        97.5598992200         2.8373289416         1.4067521537         3.1437648359       100.9121469059        96.0759267535         3.9240732465         1.4044785871
        6.9054244000        99.3230115264         2.8393375601         1.4016475000         3.1590761006        93.2932607673        95.0021806952         4.9978193048         1.3993761929
        6.9104565000        99.1670084721         2.8391599094         1.4041998268         3.1539723457        97.1027038366        95.8127086043         4.1872913957         1.3993761929
        6.9154350000        97.6154516891         2.8373922581         1.4067521537         3.1641798556       100.9121469059        97.7804265420         2.2195734580         1.3993761929
        6.9204351000        94.9898763207         2.8343976748         1.4093044805         3.1667317330       104.7215899753       100.4588101184        -0.4588101184         1.3993761929
        6.9254485000        96.3500444049         2.8359495326         1.4041998268         3.1794911203        97.1027038366        99.1637909142         0.8362090858         1.4044785871
        6.9304396000        94.1088486548         2.8333918725         1.4093044805         3.1871467527       104.7215899753       101.3083763096        -1.3083763096         1.3993761929
        6.9354640000        98.9466076450         2.8389089000         1.3990951731         3.1871467527        89.4838176980        96.7456392572         3.2543607428         1.3968249959
        6.9404340000        94.4127419442         2.8337388589         1.4118568074         3.2050098949       108.5310330446       101.2932637967        -1.2932637967         1.3840690105
        6.9454219000        87.9009409270         2.8262908303         1.4169614611         3.2152174047       116.1499191832       107.0259946523        -7.0259946523         1.3917226017
        6.9504273000        87.8443257060         2.8262259551         1.4093044805         3.2126655273       104.7215899753       106.1367950679        -6.1367950679         1.3993761929
        6.9554368000        92.4029362922         2.8314429817         1.4016475000         3.2152174047        93.2932607673       101.1808663299        -1.1808663299         1.4044785871
        6.9604752000        92.3429680301         2.8313744386         1.4067521537         3.2279767920       100.9121469059       101.0771756880        -1.0771756880         1.3840690105
        6.9654368000        87.3918909225         2.8257074358         1.4144091342         3.2407361793       112.3404761139       105.4233402996        -5.4233402996         1.3968249959
        6.9704431000        85.2691986491         2.8232728794         1.4118568074         3.2407361793       108.5310330446       106.6225042854        -6.6225042854         1.3917226017
        6.9754609000        88.3420018561         2.8267961684         1.4041998268         3.2407361793        97.1027038366       102.9491032168        -2.9491032168         1.3968249959
        6.9804321000        87.1525874931         2.8254331240         1.4093044805         3.2509436892       104.7215899753       103.6330518760        -3.6330518760         1.3993761929
        6.9854279000        87.7739799507         2.8261453432         1.4067521537         3.2585993215       100.9121469059       102.5831375130        -2.5831375130         1.3968249959
        6.9904364000        84.8621130499         2.8228056405         1.4118568074         3.2713587088       108.5310330446       104.8782492560        -4.8782492560         1.4044785871
        6.9954383000        82.5879625697         2.8201933805         1.4118568074         3.2841180961       108.5310330446       106.2877472748        -6.2877472748         1.3891714046
        7.0004262000        77.4639214888         2.8142943957         1.4169614611         3.2917737285       116.1499191832       110.0932590627       -10.0932590627         1.3942737988
        7.0054546000        75.0180402327         2.8114720279         1.4144091342         3.2968774834       112.3404761139       110.9603916840       -10.9603916840         1.3891714046
        7.0104425000        76.0546308654         2.8126687055         1.4093044805         3.2994293609       104.7215899753       108.5530281067        -8.5530281067         1.3917226017
        7.0154281000        78.0430807837         2.8149620732         1.4067521537         3.3096368707       100.9121469059       105.6046447536        -5.6046447536         1.3917226017
        7.0204343000        84.0745946933         2.8219014361         1.3990951731         3.3070849933        89.4838176980        99.3841085511         0.6158914489         1.3993761929
        7.0254257000        86.7569135966         2.8249794827         1.4016475000         3.3121887482        93.2932607673        97.0338358876         2.9661641124         1.3968249959
        7.0304370000        87.1654233078         2.8254478386         1.4041998268         3.3249481355        97.1027038366        97.0604099317         2.9395900683         1.4044785871
        7.0354475000        89.2020826824         2.8277812249         1.4016475000         3.3326037679        93.2932607673        95.6067817974         4.3932182026         1.3942737988
        7.0404255000        85.9725415375         2.8240798899         1.4093044805         3.3377075228       104.7215899753        99.1239086826         0.8760913174         1.3942737988
        7.0454369000        91.8240933587         2.8307812749         1.3965428462         3.3377075228        85.6743746287        93.9341430955         6.0658569045         1.3942737988
        7.0504229000        97.8543902781         2.8376645694         1.3939905194         3.3453631551        81.8649315594        89.2770019304        10.7229980696         1.3993761929
        7.0554297000        97.7283631928         2.8375209443         1.4016475000         3.3581225424        93.2932607673        90.8267539008         9.1732460992         1.4044785871
        7.0604134000        96.4121821045         2.8360204003         1.4041998268         3.3632262974        97.1027038366        93.2484518476         6.7515481524         1.4044785871
        7.0654459000        90.9065929816         2.8297319929         1.4118568074         3.3708819297       108.5310330446        99.1455345019         0.8544654981         1.3917226017
        7.0704482000        88.6603245313         2.8271608019         1.4093044805         3.3810894396       104.7215899753       101.2971644908        -1.2971644908         1.3917226017
        7.0754410000        91.8742023837         2.8308385657         1.4016475000         3.3836413170        93.2932607673        98.2087018021         1.7912981979         1.3993761929
        7.0804390000        94.2299244723         2.8335301242         1.4016475000         3.3861931945        93.2932607673        96.3119828061         3.6880171939         1.3968249959
        7.0854481000        96.0586269711         2.8356171412         1.4016475000         3.4015044592        93.2932607673        95.1471499062         4.8528500938         1.4044785871
        7.0904480000        87.8390756612         2.8262199390         1.4169614611         3.4117119691       116.1499191832       103.2514789328        -3.2514789328         1.3993761929
        7.0954591000        85.1129131381         2.8230935134         1.4118568074         3.4219194789       108.5310330446       105.2886980762        -5.2886980762         1.3968249959
        7.1004375000        86.1943410480         2.8243343124         1.4067521537         3.4219194789       100.9121469059       103.5999202671        -3.5999202671         1.3917226017
        7.1054270000        86.8065276048         2.8250363710         1.4067521537         3.4244713564       100.9121469059       102.5627903829        -2.5627903829         1.3917226017
        7.1104517000        91.9928362702         2.8309741961         1.3990951731         3.4270232338        89.4838176980        97.5160131427         2.4839868573         1.3968249959
        7.1154192000        89.2937913782         2.8278862310         1.4093044805         3.4346788662       104.7215899753       100.2964257972        -0.2964257972         1.3993761929
        7.1204341000        85.7465420761         2.8238206159         1.4118568074         3.4499901310       108.5310330446       103.4739099498        -3.4739099498         1.4044785871
        7.1254809000        81.4614180747         2.8188980345         1.4144091342         3.4601976408       112.3404761139       106.8952478021        -6.8952478021         1.3993761929
        7.1304522000        81.3684737236         2.8187911242         1.4093044805         3.4627495183       104.7215899753       106.0564994452        -6.0564994452         1.3942737988
        7.1354398000        82.6632418084         2.8202799085         1.4067521537         3.4704051506       100.9121469059       104.0714504711        -4.0714504711         1.3942737988
        7.1404478000        86.6479787400         2.8248545703         1.4016475000         3.4704051506        93.2932607673        99.9124753132         0.0875246868         1.3993761929
        7.1454372000        82.9940455133         2.8206600967         1.4118568074         3.4780607830       108.5310330446       103.2381142643        -3.2381142643         1.3968249959
        7.1504408000        83.5057011789         2.8212479881         1.4067521537         3.4908201703       100.9121469059       102.3405942979        -2.3405942979         1.4044785871
        7.1554285000        80.5264415720         2.8178222930         1.4118568074         3.4959239252       108.5310330446       104.7292960810        -4.7292960810         1.4019273900
        7.1604307000        74.9693715025         2.8114158238         1.4169614611         3.5086833125       116.1499191832       109.1361667221        -9.1361667221         1.3993761929
        7.1654414000        75.4990856327         2.8120274611         1.4093044805         3.5112351900       104.7215899753       107.4327160010        -7.4327160010         1.3993761929
        7.1704297000        80.4177789301         2.8176972312         1.4016475000         3.5112351900        93.2932607673       101.9767308421        -1.9767308421         1.3968249959
        7.1754377000        78.9581825892         2.8160165517         1.4093044805         3.5265464547       104.7215899753       103.0358883872        -3.0358883872         1.4044785871
        7.1804298000        79.4136480658         2.8165411669         1.4067521537         3.5342020871       100.9121469059       102.2164012279        -2.2164012279         1.3968249959
        7.1854308000        73.1583486765         2.8093231651         1.4169614611         3.5444095970       116.1499191832       107.5929214629        -7.5929214629         1.3917226017
        7.1904475000        74.8800247550         2.8113126389         1.4067521537         3.5444095970       100.9121469059       105.0150140237        -5.0150140237         1.3917226017
        7.1954279000        75.8854072110         2.8124734008         1.4067521537         3.5520652293       100.9121469059       103.4318425554        -3.4318425554         1.3917226017
        7.2004299000        84.5547211289         2.8224527524         1.3939905194         3.5546171068        81.8649315594        95.1098284203         4.8901715797         1.3993761929
        7.2054275000        79.5663314012         2.8167169982         1.4118568074         3.5648246166       108.5310330446       100.2886625433        -0.2886625433         1.3968249959
        7.2104291000        80.8792225269         2.8182282582         1.4041998268         3.5699283715        97.1027038366        99.0592981064         0.9407018936         1.4044785871
        7.2154331000        81.8505242329         2.8193455435         1.4041998268         3.5775840039        97.1027038366        98.3043079656         1.6956920344         1.3993761929
        7.2204637000        80.9912796353         2.8183571906         1.4067521537         3.5903433912       100.9121469059        99.3105935912         0.6894064088         1.3993761929
        7.2254313000        83.6531717784         2.8214173984         1.4016475000         3.5979990236        93.2932607673        96.9886881118         3.0113118882         1.3993761929
        7.2304175000        85.6699026321         2.8237326849         1.4016475000         3.5979990236        93.2932607673        95.5627352434         4.4372647566         1.3891714046
        7.2354359000        88.9111861278         2.8274481131         1.3990951731         3.6056546560        89.4838176980        93.2170660955         6.7829339045         1.3840690105
        7.2404395000        94.7422370719         2.8341150126         1.3939905194         3.6005509010        81.8649315594        88.8366231062        11.1633768938         1.3917226017
        7.2454248000        97.7353786413         2.8375289397         1.3965428462         3.6107584109        85.6743746287        87.6164077247        12.3835922753         1.3968249959
        7.2505229000        98.7687070962         2.8387062721         1.3990951731         3.6209659207        89.4838176980        88.3369843616        11.6630156384         1.3968249959
        7.2554391000        96.7607222544         2.8364178645         1.4041998268         3.6286215531        97.1027038366        91.7194085479         8.2805914521         1.3968249959
        7.2604276000        92.4510412157         2.8314979635         1.4093044805         3.6439328179       104.7215899753        96.7365543805         3.2634456195         1.3993761929
        7.2657135000        91.1561828804         2.8300174850         1.4067521537         3.6464846953       100.9121469059        98.3477883688         1.6522116312         1.3993761929
        7.2704633000        87.0674880083         2.8253355660         1.4118568074         3.6439328179       108.5310330446       102.2771923594        -2.2771923594         1.3993761929
        7.2754725000        85.6913774689         2.8237573241         1.4093044805         3.6541403277       104.7215899753       103.2204109555        -3.2204109555         1.4044785871
        7.2804611000        89.4396457949         2.8280532225         1.4016475000         3.6592440826        93.2932607673        99.3898260283         0.6101739717         1.4044785871
        7.2854475000        88.8820216719         2.8274147132         1.4067521537         3.6668997150       100.9121469059        99.9772432928         0.0227567072         1.3815178134
        7.2904858000        96.5914456486         2.8362248361         1.3939905194         3.6668997150        81.8649315594        92.9882538036         7.0117461964         1.3917226017
        7.2954474000        97.4966216268         2.8372568181         1.4016475000         3.6771072248        93.2932607673        93.1059467020         6.8940532980         1.3942737988
        7.3004689000        91.9514362308         2.8309268657         1.4118568074         3.6898666121       108.5310330446        99.0580177520         0.9419822480         1.3891714046
        7.3054866000        97.7846796936         2.8375851259         1.3965428462         3.6898666121        85.6743746287        93.8936774683         6.1063225317         1.3993761929
        7.3104252000        79.4922453215         2.8166316821         1.4322754222         3.7051778769       139.0065775990       111.3013717197       -11.3013717197         1.3942737988
        7.3154859000        87.1066435247         2.8253804544         1.3990951731         3.7051778769        89.4838176980       102.8826420743        -2.8826420743         1.3968249959
        7.3204545000        74.5534014985         2.8109353783         1.4271707685         3.7077297543       131.3876914604       113.8818725138       -13.8818725138         1.3993761929
        7.3254355000        79.6432822341         2.8168056091         1.4041998268         3.7179372642        97.1027038366       107.4073023293        -7.4073023293         1.4044785871
        7.3304379000        84.5549141255         2.8224529740         1.4016475000         3.7281447740        93.2932607673       101.9611235323        -1.9611235323         1.3917226017
        7.3354455000        87.9532786743         2.8263508021         1.4016475000         3.7306966515        93.2932607673        98.6164592702         1.3835407298         1.3993761929
        7.3404401000        83.9392363093         2.8217459794         1.4118568074         3.7383522838       108.5310330446       102.4421913423        -2.4421913423         1.3840690105
        7.3454488000        87.4712696622         2.8257984187         1.4016475000         3.7460079162        93.2932607673        98.9118976633         1.0881023367         1.3942737988
        7.3504270000        88.4016148948         2.8268644592         1.4041998268         3.7562154260        97.1027038366        98.2137848644         1.7862151356         1.3993761929
        7.3554375000        92.3795151937         2.8314162119         1.3990951731         3.7536635486        89.4838176980        94.8451564052         5.1548435948         1.3993761929
        7.3604877000        92.1798815979         2.8311880210         1.4041998268         3.7638710584        97.1027038366        95.7162752056         4.2837247944         1.3815178134
        7.3654291000        87.3599982945         2.8256708797         1.4118568074         3.7766304457       108.5310330446       100.6610999834        -0.6610999834         1.3917226017
        7.3704492000        95.2594376995         2.8347053163         1.3939905194         3.7715266908        81.8649315594        93.4082310241         6.5917689759         1.4044785871
        7.3754405000        93.0397762630         2.8321707430         1.4067521537         3.7842860781       100.9121469059        96.3037636319         3.6962363681         1.4044785871
        7.3804523000        94.8661949941         2.8342565063         1.4016475000         3.7893898330        93.2932607673        95.1421022610         4.8578977390         1.3942737988
        7.3854371000        96.3698361812         2.8359721053         1.4016475000         3.7919417105        93.2932607673        94.4286906349         5.5713093651         1.3942737988
        7.3904311000        94.4337181724         2.8337628075         1.4067521537         3.8021492203       100.9121469059        96.9304589569         3.0695410431         1.3891714046
        7.3954392000        94.8135037195         2.8341963622         1.4041998268         3.8021492203        97.1027038366        96.9969230103         3.0030769897         1.3968249959
        7.4004258000        91.9702251960         2.8309483462         1.4093044805         3.8098048527       104.7215899753        99.9776367381         0.0223632619         1.3993761929
        7.4054407000        93.1966951425         2.8323500258         1.4041998268         3.8225642400        97.1027038366        98.8682876872         1.1317123128         1.4044785871
        7.4104466000        86.0110937801         2.8241241149         1.4169614611         3.8327717498       116.1499191832       105.5367429711        -5.5367429711         1.3942737988
        7.4154274000        85.5406772467         2.8235844113         1.4093044805         3.8353236273       104.7215899753       105.2222002554        -5.2222002554         1.3942737988
        7.4204491000        88.2243940066         2.8266614337         1.4041998268         3.8429792597        97.1027038366       102.0891338659        -2.0891338659         1.4044785871
        7.4254493000        90.0375614829         2.8287376434         1.4041998268         3.8531867695        97.1027038366       100.1650223788        -0.1650223788         1.3993761929
        7.4304299000        94.5576298080         2.8339042721         1.3990951731         3.8557386469        89.4838176980        96.0434707876         3.9565292124         1.3968249959
        7.4354377000        94.6909581087         2.8340564767         1.4041998268         3.8633942793        97.1027038366        96.4521965624         3.5478034376         1.3917226017
        7.4404487000        94.9378543605         2.8343382987         1.4041998268         3.8684980342        97.1027038366        96.7032075084         3.2967924916         1.4070297842
        7.4454299000        92.0129644736         2.8309972071         1.4093044805         3.8812574215       104.7215899753        99.7972571033         0.2027428967         1.3993761929
        7.4504249000        91.5685485582         2.8304890799         1.4067521537         3.8812574215       100.9121469059       100.2274591243        -0.2274591243         1.3891714046
        7.4554289000        91.2436679526         2.8301175449         1.4067521537         3.8889130539       100.9121469059       100.4916592871        -0.4916592871         1.4044785871
        7.4604400000        94.2337292972         2.8335344687         1.4016475000         3.8914649314        93.2932607673        97.7140165249         2.2859834751         1.3968249959
        7.4654234000        93.2104671758         2.8323657599         1.4067521537         3.9042243187       100.9121469059        98.9480776402         1.0519223598         1.3993761929
        7.4704511000        97.3923970006         2.8371380180         1.3990951731         3.9042243187        89.4838176980        95.2961079616         4.7038920384         1.3993761929
        7.4754400000        94.0765324741         2.8333549704         1.4093044805         3.9195355834       104.7215899753        98.9331144185         1.0668855815         1.3993761929
        7.4804286000        93.3920071256         2.8325731518         1.4067521537         3.9220874609       100.9121469059        99.6967627842         0.3032372158         1.3840690105
        7.4854367000        94.5404338426         2.8338846408         1.4041998268         3.9297430933        97.1027038366        98.6957944381         1.3042055619         1.3993761929
        7.4904566000       100.2730304607         2.8404190957         1.3965428462         3.9348468482        85.6743746287        93.6712250998         6.3287749002         1.3942737988
        7.4954319000       102.9887416909         2.8435078348         1.3990951731         3.9373987256        89.4838176980        92.0554321105         7.9445678895         1.3993761929
        7.5004192000       102.0139593482         2.8423996514         1.4041998268         3.9476062355        97.1027038366        94.0030205555         5.9969794445         1.4070297842
        7.5054481000       101.5803311064         2.8419065031         1.4041998268         3.9450543580        97.1027038366        95.1990939331         4.8009060669         1.3968249959
        7.5104344000       101.4790420789         2.8417912953         1.4041998268         3.9603656228        97.1027038366        95.9336390206         4.0663609794         1.4044785871
        7.5154254000       101.5818526841         2.8419082337         1.4041998268         3.9680212551        97.1027038366        96.3847455294         3.6152544706         1.4019273900
        7.5204472000       101.8100070897         2.8421677182         1.4041998268         3.9731250101        97.1027038366        96.6617837748         3.3382162252         1.3993761929
        7.5254389000       100.4943731023         2.8406710034         1.4067521537         3.9807806424       100.9121469059        98.3018694627         1.6981305373         1.3993761929
        7.5304302000        99.6344509457         2.8396921729         1.4067521537         3.9884362748       100.9121469059        99.3090960323         0.6909039677         1.3815178134
        7.5354340000       102.2959269793         2.8427202635         1.4016475000         3.9935400297        93.2932607673        96.9877684152         3.0122315848         1.3891714046
        7.5404172000       107.5539339636         2.8486905828         1.3965428462         3.9935400297        85.6743746287        92.6222743014         7.3777256986         1.3993761929
        7.5454342000       106.7366535700         2.8477636039         1.4041998268         4.0139550494        97.1027038366        94.3511356080         5.6488643920         1.3968249959
        7.5504372000       104.7789862338         2.8455416564         1.4067521537         4.0088512945       100.9121469059        96.8828300529         3.1171699471         1.3968249959
        7.5554299000       103.5247718447         2.8441169883         1.4067521537         4.0216106818       100.9121469059        98.4376207140         1.5623792860         1.4044785871
        7.5604269000       104.3233351721         2.8450241837         1.4041998268         4.0267144367        97.1027038366        97.9225169458         2.0774830542         1.3917226017
        7.5654484000       103.3580066753         2.8439274913         1.4067521537         4.0369219465       100.9121469059        99.0761240985         0.9238759015         1.4044785871
        7.5704287000        99.4716861129         2.8395068520         1.4118568074         4.0471294564       108.5310330446       102.7244855124        -2.7244855124         1.3968249959
        7.5754416000       103.0821573145         2.8436140057         1.4016475000         4.0445775789        93.2932607673        99.0852631104         0.9147368896         1.3993761929
        7.5804486000       100.8191419427         2.8410405670         1.4093044805         4.0624407211       104.7215899753       101.2601499937        -1.2601499937         1.4019273900
        7.5854272000       102.4019691626         2.8428408271         1.4041998268         4.0649925986        97.1027038366        99.6559181363         0.3440818637         1.3840690105
        7.5904388000       103.5390468449         2.8441332084         1.4041998268         4.0752001084        97.1027038366        98.6707104960         1.3292895040         1.3917226017
        7.5954512000       102.7816103230         2.8432724030         1.4067521537         4.0700963535       100.9121469059        99.5356125439         0.4643874561         1.3968249959
        7.6004349000       103.8852600679         2.8445265604         1.4041998268         4.0828557408        97.1027038366        98.5968271677         1.4031728323         1.4019273900
        7.6054447000       101.4865285935         2.8417998108         1.4093044805         4.0905113732       104.7215899753       100.9601866061        -0.9601866061         1.3917226017
        7.6104335000       107.8483059356         2.8490243761         1.3965428462         4.0905113732        85.6743746287        95.0618572920         4.9381427080         1.4019273900
        7.6154395000       101.2258211817         2.8415032514         1.4144091342         4.1083745154       112.3404761139       101.7291500766        -1.7291500766         1.3968249959
        7.6204386000       102.9389640844         2.8434512583         1.4041998268         4.1083745154        97.1027038366        99.9439453706         0.0560546294         1.3917226017
        7.6255033000       105.7768384345         2.8466744847         1.4016475000         4.1185820252        93.2932607673        97.3776487282         2.6223512718         1.4044785871
        7.6304465000       104.6601136449         2.8454066668         1.4067521537         4.1211339027       100.9121469059        98.7415039322         1.2584960678         1.3942737988
        7.6354273000       107.1638793606         2.8482482197         1.4016475000         4.1236857801        93.2932607673        96.6391928206         3.3608071794         1.3917226017
        7.6404382000       102.6004366073         2.8430664552         1.4118568074         4.1441007998       108.5310330446       101.2278917982        -1.2278917982         1.3891714046
        7.6454516000       105.7950664498         2.8466951732         1.4016475000         4.1389970449        93.2932607673        98.1661593318         1.8338406682         1.3866202076
        7.6504280000       104.8974360731         2.8456761579         1.4067521537         4.1492045547       100.9121469059        99.2257523079         0.7742476921         1.4019273900
        7.6554155000        97.8111593118         2.8376153029         1.4169614611         4.1568601871       116.1499191832       105.7562728812        -5.7562728812         1.3993761929
        7.6604527000        97.4017410408         2.8371486690         1.4093044805         4.1619639420       104.7215899753       105.3570202589        -5.3570202589         1.4044785871
        7.6654313000        90.3983236630         2.8291504881         1.4195137880         4.1747233293       119.9593622525       110.9916193213       -10.9916193213         1.3993761929
        7.6704358000        94.6851228378         2.8340498155         1.4041998268         4.1747233293        97.1027038366       105.6323098214        -5.6323098214         1.3917226017
        7.6754367000        97.4827920470         2.8372410548         1.4041998268         4.1849308392        97.1027038366       102.3409946402        -2.3409946402         1.4044785871
        7.6804383000       100.9867070309         2.8412312198         1.4016475000         4.1900345941        93.2932607673        98.8497496865         1.1502503135         1.3942737988
        7.6854331000        98.6582522408         2.8385804549         1.4093044805         4.1900345941       104.7215899753       101.1155140276        -1.1155140276         1.3917226017
        7.6904410000        96.9593594447         2.8366443510         1.4093044805         4.2104496138       104.7215899753       102.5069889131        -2.5069889131         1.3891714046
        7.6954397000       100.5093973566         2.8406881012         1.4016475000         4.2027939814        93.2932607673        98.9516918249         1.0483081751         1.3891714046
        7.7004256000       101.4507997373         2.8417591709         1.4041998268         4.2181052461        97.1027038366        98.2382236710         1.7617763290         1.4019273900
        7.7054467000        98.9524272153         2.8389155282         1.4093044805         4.2257608785       104.7215899753       100.7399572775        -0.7399572775         1.3917226017
        7.7104272000       102.0114802794         2.8423968324         1.4016475000         4.2232090010        93.2932607673        97.8665038827         2.1334961173         1.3993761929
        7.7154367000       105.8928855883         2.8468061929         1.3990951731         4.2359683883        89.4838176980        94.6318805779         5.3681194221         1.4044785871
        7.7204558000       102.3924598043         2.8428300158         1.4093044805         4.2512796531       104.7215899753        98.5251921532         1.4748078468         1.3993761929
        7.7254491000        83.7661655479         2.8215471926         1.4348277491         4.2487277756       142.8160206683       115.6156740042       -15.6156740042         1.3942737988
        7.7304364000        87.7170320132         2.8260800820         1.4067521537         4.2512796531       100.9121469059       109.9420306915        -9.9420306915         1.3942737988
        7.7354521000        98.1952573658         2.8380529861         1.3939905194         4.2563834080        81.8649315594        99.1079332218         0.8920667782         1.3968249959
        7.7404377000       100.8008385925         2.8410197407         1.4016475000         4.2640390404        93.2932607673        96.8642282069         3.1357717931         1.3866202076
        7.7454446000       102.7829871976         2.8432739681         1.4016475000         4.2767984277        93.2932607673        95.4863006255         4.5136993745         1.3942737988
        7.7505841000       101.1407351670         2.8414064559         1.4067521537         4.2819021826       100.9121469059        97.5799694615         2.4200305385         1.3917226017
        7.7554370000        93.5971635707         2.8328074985         1.4169614611         4.2895578150       116.1499191832       104.7455475130        -4.7455475130         1.3942737988
        7.7604472000        99.3899699670         2.8394138056         1.3990951731         4.2895578150        89.4838176980        98.8565107719         1.1434892281         1.3968249959
        7.7654252000       103.5464571545         2.8441416284         1.3990951731         4.2972134474        89.4838176980        95.2398739592         4.7601260408         1.3993761929
        7.7704485000       103.4564992058         2.8440394113         1.4041998268         4.3048690797        97.1027038366        95.9586832766         4.0413167234         1.4044785871
        7.7754430000       100.3247368955         2.8404779448         1.4093044805         4.3201803445       104.7215899753        99.3400220981         0.6599779019         1.3993761929
        7.7804353000        96.5117426486         2.8361339436         1.4118568074         4.3278359769       108.5310330446       102.8865533110        -2.8865533110         1.3993761929
        7.7854642000        95.3049482595         2.8347572516         1.4093044805         4.3278359769       104.7215899753       103.5946380739        -3.5946380739         1.4044785871
        7.7904416000        97.5364329518         2.8373021951         1.4041998268         4.3354916092        97.1027038366       101.0895983630        -1.0895983630         1.3968249959
        7.7954576000        95.8303392667         2.8353567193         1.4093044805         4.3405953642       104.7215899753       102.4910733142        -2.4910733142         1.3840690105
        7.8004893000       100.9967207315         2.8412426127         1.3990951731         4.3431472416        89.4838176980        97.4719695066         2.5280304934         1.3891714046
        7.8054520000       104.7685012908         2.8455297502         1.3990951731         4.3482509965        89.4838176980        94.3895850021         5.6104149979         1.4019273900
        7.8104505000       101.2007516095         2.8414747322         1.4093044805         4.3686660162       104.7215899753        98.3763910610         1.6236089390         1.3993761929
        7.8154799000       100.3615359162         2.8405198263         1.4067521537         4.3686660162       100.9121469059        99.3548620154         0.6451379846         1.3917226017
        7.8204522000       103.0357284194         2.8435612379         1.4016475000         4.3763216486        93.2932607673        97.0158746992         2.9841253008         1.3942737988
        7.8254318000       103.4392474609         2.8440198080         1.4041998268         4.3839772810        97.1027038366        97.0493794190         2.9506205810         1.3917226017
        7.8304365000       103.8520760752         2.8444888612         1.4041998268         4.3916329133        97.1027038366        97.0699556878         2.9300443122         1.3993761929
        7.8354417000       110.7536853340         2.8523163016         1.3939905194         4.3941847908        81.8649315594        91.2027999442         8.7972000558         1.4044785871
        7.8404473000       103.0589285017         2.8435876056         1.4144091342         4.4069441781       112.3404761139        99.3591854322         0.6408145678         1.3993761929
        7.8456685000       105.7343223032         2.8466262290         1.4016475000         4.4120479330        93.2932607673        97.0185298412         2.9814701588         1.4044785871
        7.8504520000       107.7593449366         2.8489235067         1.4016475000         4.4069441781        93.2932607673        95.5810619583         4.4189380417         1.3891714046
        7.8554296000       106.1434231526         2.8470905156         1.4067521537         4.4222554428       100.9121469059        97.6381652819         2.3618347181         1.4044785871
        7.8604403000       114.8236801432         2.8569202379         1.3914381925         4.4248073203        78.0554884901        90.0818066965         9.9181933035         1.3968249959
        7.8654703000       111.6797432670         2.8533646132         1.4067521537         4.4375667076       100.9121469059        94.2609051463         5.7390948537         1.3891714046
        7.8704339000       111.3177704637         2.8529549087         1.4041998268         4.4401185851        97.1027038366        95.3574687142         4.6425312858         1.3993761929
        7.8754459000       106.3981897089         2.8473796017         1.4118568074         4.4554298498       108.5310330446       100.4407459896        -0.4407459896         1.3993761929
        7.8804632000       109.3741043585         2.8507537444         1.4016475000         4.4503260949        93.2932607673        97.6827491183         2.3172508817         1.3968249959
        7.8854343000       108.3421543209         2.8495842522         1.4067521537         4.4656373597       100.9121469059        98.9288753736         1.0711246264         1.4070297842
        7.8904282000       106.0356852794         2.8469682535         1.4093044805         4.4732929920       104.7215899753       101.1641075218        -1.1641075218         1.4019273900
        7.8954400000       101.1087629250         2.8413700826         1.4144091342         4.4860523793       112.3404761139       105.4767277862        -5.4767277862         1.3968249959
        7.9004382000       100.6216706593         2.8408158662         1.4093044805         4.4860523793       104.7215899753       105.1853431026        -5.1853431026         1.3917226017
        7.9054272000       103.2951463442         2.8438560583         1.4041998268         4.4962598892        97.1027038366       102.0664987659        -2.0664987659         1.3917226017
        7.9104387000       103.4812586265         2.8440675453         1.4067521537         4.4988117666       100.9121469059       101.6210695388        -1.6210695388         1.4044785871
        7.9154275000       103.5436045896         2.8441383871         1.4067521537         4.5166749088       100.9121469059       101.3475178850        -1.3475178850         1.3993761929
        7.9204400000       106.7714735631         2.8478031051         1.4016475000         4.5115711539        93.2932607673        98.2396253549         1.7603746451         1.4070297842
        7.9254490000       105.8942563490         2.8468077486         1.4067521537         4.5243305412       100.9121469059        99.2708700301         0.7291299699         1.3917226017
        7.9304454000       105.3035792849         2.8461372793         1.4067521537         4.5268824187       100.9121469059        99.9041887915         0.0958112085         1.4044785871
        7.9354366000       104.8888752534         2.8456664372         1.4067521537         4.5421936834       100.9121469059       100.2931291306        -0.2931291306         1.3968249959
        7.9404418000       109.4445391347         2.8508335459         1.3990951731         4.5345380510        89.4838176980        96.1221450453         3.8778549547         1.3993761929
        7.9454283000       111.2204935886         2.8528447926         1.4016475000         4.5498493158        93.2932607673        95.0305647559         4.9694352441         1.4044785871
        7.9504390000       107.8308456121         2.8490045789         1.4093044805         4.5575049482       104.7215899753        98.7700362488         1.2299637512         1.3917226017
        7.9554549000       103.8594759237         2.8444972680         1.4118568074         4.5626087031       108.5310330446       102.5365076420        -2.5365076420         1.4044785871
        7.9604271000        96.0723550003         2.8356328006         1.4195137880         4.5753680904       119.9593622525       109.2594566248        -9.2594566248         1.3993761929
        7.9654427000        91.7740287699         2.8307240333         1.4169614611         4.5830237228       116.1499191832       111.9182762777       -11.9182762777         1.3942737988
        7.9704484000        86.5937124745         2.8247923418         1.4195137880         4.5906793551       119.9593622525       115.0210864649       -15.0210864649         1.3917226017
        7.9754526000        92.0001335464         2.8309825385         1.4041998268         4.5906793551        97.1027038366       108.1069283113        -8.1069283113         1.3968249959
        7.9804218000        97.1061624986         2.8368117206         1.4016475000         4.5983349875        93.2932607673       102.3907851549        -2.3907851549         1.3891714046
        7.9854277000       103.8654438789         2.8445040480         1.3965428462         4.6085424974        85.6743746287        95.9404314295         4.0595685705         1.3942737988
        7.9904710000        95.8663126227         2.8353977585         1.4169614611         4.6238537621       116.1499191832       103.7386572756        -3.7386572756         1.3942737988
        7.9954517000        93.2755167674         2.8324400752         1.4118568074         4.6289575170       108.5310330446       105.5878891335        -5.5878891335         1.3840690105
        8.0004372000        89.5777799563         2.8282113622         1.4144091342         4.6340612719       112.3404761139       108.1935067998        -8.1935067998         1.3942737988
        8.0054452000        93.0870996437         2.8322248125         1.4041998268         4.6315093945        97.1027038366       103.9139037057        -3.9139037057         1.3993761929
        8.0104262000        92.1657633454         2.8311718822         1.4093044805         4.6442687818       104.7215899753       104.2255652391        -4.2255652391         1.3993761929
        8.0154361000        91.3310248688         2.8302174533         1.4093044805         4.6519244142       104.7215899753       104.4169660784        -4.4169660784         1.4044785871
        8.0204575000        87.3079370757         2.8256112044         1.4144091342         4.6646838015       112.3404761139       107.4744072913        -7.4744072913         1.3993761929
        8.0254261000        88.9966829784         2.8275460231         1.4067521537         4.6723394338       100.9121469059       104.9422308616        -4.9422308616         1.4019273900
        8.0304373000        88.3610761724         2.8268180196         1.4093044805         4.6723394338       104.7215899753       104.8570922632        -4.8570922632         1.3942737988
        8.0354545000        89.3225787170         2.8279191913         1.4067521537         4.6902025760       100.9121469059       103.3348579928        -3.3348579928         1.3993761929
        8.0404373000        93.1026471308         2.8322425760         1.4016475000         4.6953063310        93.2932607673        99.4601114394         0.5398885606         1.3891714046
        8.0454230000        95.8060840864         2.8353290481         1.4016475000         4.6978582084        93.2932607673        97.0805115759         2.9194884241         1.3968249959
        8.0504505000       102.7106263889         2.8431917148         1.3939905194         4.6953063310        81.8649315594        91.2092826366         8.7907173634         1.3891714046
        8.0554444000       104.7422658566         2.8454999582         1.3990951731         4.7055138408        89.4838176980        90.5434782657         9.4565217343         1.3917226017
        8.0604306000       101.7266083730         2.8420728707         1.4067521537         4.7182732281       100.9121469059        94.5444317171         5.4555682829         1.3993761929
        8.0655052000       104.6849475276         2.8454348684         1.3990951731         4.7208251056        89.4838176980        92.5916948877         7.4083051123         1.4044785871
        8.0704537000       107.1007020586         2.8481765620         1.3990951731         4.7335844928        89.4838176980        91.3924597303         8.6075402697         1.3993761929
        8.0754309000       115.6663022002         2.8578723312         1.3888858657         4.7335844928        74.2460454208        84.7761806407        15.2238193593         1.4070297842
        8.0804519000       112.6689176002         2.8544838725         1.4041998268         4.7386882478        97.1027038366        89.5326105389        10.4673894611         1.4044785871
        8.0854524000       115.8554452283         2.8580859976         1.3965428462         4.7463438801        85.6743746287        88.0438348034        11.9561651966         1.4044785871
        8.0904300000       118.6283037896         2.8612163090         1.3965428462         4.7463438801        85.6743746287        87.1295322837        12.8704677163         1.3917226017
        8.0954218000       108.1809888740         2.8494015535         1.4169614611         4.7616551449       116.1499191832        98.3276157751         1.6723842249         1.3993761929
        8.1004510000       112.1905180647         2.8539426236         1.3990951731         4.7667588998        89.4838176980        94.9150634342         5.0849365658         1.3840690105
        8.1054423000       110.3895428965         2.8519039616         1.4067521537         4.7769664097       100.9121469059        97.2291553053         2.7708446947         1.3968249959
        8.1104459000       115.7146212921         2.8579269168         1.3965428462         4.7846220420        85.6743746287        92.7705173420         7.2294826580         1.3993761929
        8.1154334000       118.1800631709         2.8607105443         1.3990951731         4.7846220420        89.4838176980        91.5022800455         8.4977199545         1.3993761929
        8.1204524000       115.4308169595         2.8576062888         1.4067521537         4.7973814293       100.9121469059        95.1332610903         4.8667389097         1.3993761929
        8.1254319000       118.5527673898         2.8611310857         1.3990951731         4.7999333068        89.4838176980        92.9533129385         7.0466870615         1.4070297842
        8.1304380000       117.8274689119         2.8603126309         1.4041998268         4.8050370617        97.1027038366        94.5544365168         5.4455634832         1.4044785871
        8.1354185000       124.0301196618         2.8673037226         1.3939905194         4.8075889392        81.8649315594        89.6579430114        10.3420569886         1.3993761929
        8.1404269000       122.3891744747         2.8654559765         1.4041998268         4.8152445715        97.1027038366        92.5306494844         7.4693505156         1.3993761929
        8.1454439000       118.3049036662         2.8608514159         1.4093044805         4.8305558363       104.7215899753        97.2347621459         2.7652378541         1.3917226017
        8.1504290000       120.3900082942         2.8632031452         1.4016475000         4.8331077137        93.2932607673        95.7138568019         4.2861431981         1.3942737988
        8.1554320000       115.5694530167         2.8577629180         1.4118568074         4.8433152236       108.5310330446       100.6596147681        -0.6596147681         1.3968249959
        8.1604430000       118.6061822277         2.8611913508         1.4016475000         4.8433152236        93.2932607673        97.8171631008         2.1828368992         1.3942737988
        8.1654294000       120.8531119405         2.8637251801         1.4016475000         4.8535227334        93.2932607673        96.0715269653         3.9284730347         1.3942737988
        8.1704424000       125.8565334042         2.8693588454         1.3965428462         4.8560746109        85.6743746287        92.0595825229         7.9404174771         1.4044785871
        8.1754499000       116.7790750987         2.8591291209         1.4169614611         4.8662821207       116.1499191832       101.3553097712        -1.3553097712         1.3942737988
        8.1804344000       116.7675774383         2.8591161384         1.4067521537         4.8713858756       100.9121469059       101.1843067180        -1.1843067180         1.3917226017
        8.1854395000       116.7085651174         2.8590495039         1.4067521537         4.8815933855       100.9121469059       101.0792885351        -1.0792885351         1.3891714046
        8.1904501000       121.4826701108         2.8644346862         1.3990951731         4.8815933855        89.4838176980        96.6049494780         3.3950505220         1.3917226017
        8.1954295000       120.1512442281         2.8629339574         1.4067521537         4.8969046502       100.9121469059        98.2669657902         1.7330342098         1.4044785871
        8.2004446000       116.0400921116         2.8582945673         1.4118568074         4.9020084051       108.5310330446       102.2275567525        -2.2275567525         1.3891714046
        8.2054534000       114.6501898944         2.8567241632         1.4093044805         4.9096640375       104.7215899753       103.1899282176        -3.1899282176         1.4044785871
        8.2104397000       108.6653933026         2.8499506361         1.4169614611         4.9249753023       116.1499191832       108.1907940359        -8.1907940359         1.3993761929
        8.2154270000       107.3116617112         2.8484158303         1.4118568074         4.9249753023       108.5310330446       108.3220819074        -8.3220819074         1.3993761929
        8.2204397000       104.3736437392         2.8450813238         1.4144091342         4.9402865670       112.3404761139       109.8726578519        -9.8726578519         1.3993761929
        8.2254479000       100.2457007125         2.8403879900         1.4169614611         4.9453903219       116.1499191832       112.2948618262       -12.2948618262         1.3942737988
        8.2304223000        98.4115536076         2.8382994185         1.4144091342         4.9479421994       112.3404761139       112.3124629906       -12.3124629906         1.3866202076
        8.2354737000        99.8238288128         2.8399077752         1.4093044805         4.9555978318       104.7215899753       109.3833762733        -9.3833762733         1.4044785871
        8.2404453000        97.1807005543         2.8368966962         1.4144091342         4.9658053416       112.3404761139       110.5244310436       -10.5244310436         1.3942737988
        8.2454365000        98.0961557957         2.8379400675         1.4093044805         4.9709090965       104.7215899753       108.2852914003        -8.2852914003         1.4019273900
        8.2504169000       100.0102127810         2.8401199482         1.4067521537         4.9760128515       100.9121469059       105.4402194883        -5.4402194883         1.4044785871
        8.2554537000        99.5129763726         2.8395538658         1.4093044805         4.9836684838       104.7215899753       105.1629222450        -5.1629222450         1.3917226017
        8.2604378000        82.7310321737         2.8203578251         1.4348277491         4.9913241162       142.8160206683       119.6921062050       -19.6921062050         1.3917226017
        8.2654434000        87.8145701787         2.8261918575         1.4067521537         4.9913241162       100.9121469059       112.4454918534       -12.4454918534         1.3968249959
        8.2704628000        89.2638085908         2.8278519014         1.4093044805         5.0066353810       104.7215899753       109.4650733493        -9.4650733493         1.4044785871
        8.2754399000        94.7472097538         2.8341206890         1.4016475000         5.0066353810        93.2932607673       103.2248633849        -3.2248633849         1.4044785871
        8.2804278000        98.4967152254         2.8383964378         1.4016475000         5.0040835035        93.2932607673        99.3925604008         0.6074395992         1.3942737988
        8.2854394000       101.1813825473         2.8414526977         1.4016475000         4.9964278711        93.2932607673        97.0390264259         2.9609735741         1.3917226017
        8.2904261000       106.4536320082         2.8474425078         1.3965428462         4.9964278711        85.6743746287        92.6537534067         7.3462465933         1.3968249959
        8.2954295000       107.2658641912         2.8483638894         1.4016475000         5.0117391359        93.2932607673        92.9005198211         7.0994801789         1.3968249959
        8.3004688000       104.9051308561         2.8456848952         1.4067521537         5.0040835035       100.9121469059        95.9919627198         4.0080372802         1.3917226017
        8.3054610000       108.2656788759         2.8494975607         1.3990951731         5.0040835035        89.4838176980        93.4806677608         6.5193322392         1.4044785871
        8.3104922000       104.4453787680         2.8451627975         1.4093044805         5.0040835035       104.7215899753        97.8181973022         2.1818026978         1.4044785871
        8.3154670000       100.2095324902         2.8403468240         1.4118568074         5.0117391359       108.5310330446       101.9519543568        -1.9519543568         1.3942737988
        8.3204769000       103.6053493052         2.8442085436         1.4016475000         4.9964278711        93.2932607673        98.6108282003         1.3891717997         1.3993761929
        8.3254683000       102.8312739754         2.8433288545         1.4067521537         5.0040835035       100.9121469059        99.4988370024         0.5011629976         1.4044785871
        8.3304515000       103.9247053217         2.8445713720         1.4041998268         5.0040835035        97.1027038366        98.5742421877         1.4257578123         1.3993761929
        8.3354329000       101.5196984174         2.8418375392         1.4093044805         5.0091872584       104.7215899753       100.9463164820        -0.9463164820         1.3866202076
        8.3404389000       101.3945584748         2.8416951976         1.4067521537         5.0015316260       100.9121469059       100.9331314833        -0.9331314833         1.3840690105
        8.3454556000       104.5072866436         2.8452331075         1.4016475000         4.9989797486        93.2932607673        97.9851380455         2.0148619545         1.3917226017
        8.3504313000       103.5593579548         2.8441562868         1.4067521537         4.9964278711       100.9121469059        99.1145816230         0.8854183770         1.4019273900
        8.3554497000       102.9252548205         2.8434356763         1.4067521537         5.0040835035       100.9121469059        99.8082073210         0.1917926790         1.4044785871
        8.3604532000        97.6215840026         2.8373992473         1.4144091342         5.0066353810       112.3404761139       104.6440281791        -4.6440281791         1.3968249959
        8.3654224000        98.5238848697         2.8384273896         1.4067521537         4.9632534642       100.9121469059       103.2040088499        -3.2040088499         1.4044785871
        8.3704380000        92.5430007020         2.8316030651         1.4169614611         1.1022628687       116.1499191832       108.1994413810        -8.1994413810         1.3993761929
        8.3754495000        92.8124376874         2.8319109768         1.4093044805         1.0920553588       104.7215899753       106.8574444412        -6.8574444412         1.4019273900
        8.3805122000        91.0882235112         2.8299397540         1.4118568074         1.0997109912       108.5310330446       107.5032313142        -7.5032313142         1.3993761929
        8.3854544000        92.7849784151         2.8318795985         1.4067521537         1.0895034814       100.9121469059       104.9599325719        -4.9599325719         1.3993761929
        8.3904467000        93.7750560187         2.8330106806         1.4067521537         1.1124703785       100.9121469059       103.3980153584        -3.3980153584         1.3968249959
        8.3954828000        91.0896098942         2.8299413397         1.4118568074         1.1099185011       108.5310330446       105.3786905579        -5.3786905579         1.3840690105
        8.4005280000        93.8168088226         2.8330583662         1.4041998268         1.1073666236        97.1027038366       102.1852393265        -2.1852393265         1.3968249959
        8.4055302000        84.3113191565         2.8221732800         1.4220661148         1.1175741334       123.7688053218       110.5136801187       -10.5136801187         1.3993761929
        8.4104758000        86.8445529995         2.8250799705         1.4067521537        -0.0027000711       100.9121469059       106.8087408657        -6.8087408657         1.3968249959
        8.4154567000        86.7275719564         2.8249458383         1.4093044805         0.0024036839       104.7215899753       106.0033729010        -6.0033729010         1.4044785871
        8.4204510000        75.0414516722         2.8114990635         1.4271707685         0.0024036839       131.3876914604       115.7984083561       -15.7984083561         1.3917226017
        8.4254388000        82.2846241156         2.8198446760         1.4016475000        -0.0027000711        93.2932607673       107.1143572937        -7.1143572937         1.3993761929
        8.4304451000        77.3902636958         2.8142094629         1.4169614611         0.0075074388       116.1499191832       110.6009054497       -10.6009054497         1.3917226017
        8.4354239000        81.5684996809         2.8190211990         1.4041998268        -0.0052519485        97.1027038366       105.3923605337        -5.3923605337         1.3891714046
        8.4404335000        76.1956677386         2.8128314633         1.4169614611         0.0075074388       116.1499191832       109.5433747961        -9.5433747961         1.3891714046
        8.4454179000        76.8385281138         2.8135731482         1.4093044805         0.0024036839       104.7215899753       107.6827948807        -7.6827948807         1.3917226017
        8.4504484000        73.7228787756         2.8099757451         1.4144091342         0.0100593162       112.3404761139       109.4800522194        -9.4800522194         1.3840690105
        8.4554581000        72.7273785934         2.8088248180         1.4118568074         0.0024036839       108.5310330446       109.1138546221        -9.1138546221         1.3942737988
        8.4604306000        78.1131906301         2.8150428823         1.4016475000        -0.0027000711        93.2932607673       103.0091692682        -3.0091692682         1.4044785871
        8.4654373000        78.5612319711         2.8155592156         1.4067521537        -0.0001481936       100.9121469059       102.1999922032        -2.1999922032         1.3917226017
        8.4704550000        78.7844365462         2.8158163886         1.4067521537        -0.0001481936       100.9121469059       101.7030519242        -1.7030519242         1.3968249959
        8.4754553000        83.7318595303         2.8215077867         1.3990951731        -0.0027000711        89.4838176980        96.9880215719         3.0119784281         1.3993761929
        8.4804358000        84.1276393422         2.8219623535         1.4041998268        -0.0001481936        97.1027038366        97.0322739653         2.9677260347         1.4070297842
        8.4855302000        84.5357150600         2.8224309312         1.4041998268         0.0024036839        97.1027038366        97.0594507077         2.9405492923         1.4019273900
        8.4904608000        88.1928737441         2.8266253217         1.3990951731         0.0049555613        89.4838176980        94.1362446444         5.8637553556         1.3993761929
        8.4954505000        86.1754971164         2.8243126981         1.4067521537         0.0151630711       100.9121469059        96.7508589677         3.2491410323         1.3942737988
        8.5004284000        83.2638475949         2.8209701211         1.4093044805         0.0253705810       104.7215899753        99.8265213157         0.1734786843         1.3968249959
        8.5054688000        86.0690946673         2.8241906484         1.4016475000         0.0228187035        93.2932607673        97.3055350399         2.6944649601         1.3891714046
        8.5104458000        89.7946299871         2.8284595930         1.3990951731         0.0253705810        89.4838176980        94.2873725273         5.7126274727         1.3968249959
        8.5154305000        92.6815430480         2.8317613966         1.3990951731         0.0355780908        89.4838176980        92.4338270105         7.5661729895         1.3993761929
        8.5204518000        90.1911351254         2.8289133984         1.4067521537         0.0457856007       100.9121469059        95.7053524517         4.2946475483         1.3993761929
        8.5254314000        83.7474510033         2.8215256960         1.4144091342         0.0585449879       112.3404761139       102.1243400518        -2.1243400518         1.3993761929
        8.5304339000        83.9496349814         2.8217579225         1.4067521537         0.0610968654       100.9121469059       101.6565916341        -1.6565916341         1.3993761929
        8.5354510000        85.6426169005         2.8237013781         1.4041998268         0.0610968654        97.1027038366        99.8993850213         0.1006149787         1.3993761929
        8.5404245000        88.4681097765         2.8269406309         1.4016475000         0.0738562527        93.2932607673        97.3502828606         2.6497171394         1.3968249959
        8.5454351000        84.1022494705         2.8219331955         1.4118568074         0.0789600076       108.5310330446       101.6645938479        -1.6645938479         1.3840690105
        8.5504464000        85.7974548732         2.8238790278         1.4041998268         0.0866156400        97.1027038366        99.9042994245         0.0957005755         1.3942737988
        8.5554298000        80.5204840678         2.8178154366         1.4144091342         0.0993750273       112.3404761139       104.7030412663        -4.7030412663         1.3968249959
        8.5604169000        78.1976505496         2.8151402268         1.4118568074         0.1070306597       108.5310330446       106.1801467124        -6.1801467124         1.3942737988
        8.5654480000        74.6644775706         2.8110636836         1.4144091342         0.1146862920       112.3404761139       108.5572302162        -8.5572302162         1.3968249959
        8.5704457000        76.6540950809         2.8133603934         1.4067521537         0.1146862920       100.9121469059       105.6072253971        -5.6072253971         1.3917226017
        8.5754309000        84.3070918825         2.8221684259         1.3965428462         0.1172381695        85.6743746287        97.9157453386         2.0842546614         1.3993761929
        8.5804668000        78.4775843226         2.8154628289         1.4144091342         0.1351013117       112.3404761139       103.4818096410        -3.4818096410         1.4019273900
        8.5854404000        83.9192503463         2.8217230248         1.3990951731         0.1299975568        89.4838176980        98.0804108577         1.9195891423         1.3993761929
        8.5904226000        87.8600915371         2.8262440214         1.3990951731         0.1453088216        89.4838176980        94.7632473658         5.2367526342         1.4044785871
        8.5954463000        89.2584646525         2.8278457827         1.4016475000         0.1453088216        93.2932607673        94.1960243058         5.8039756942         1.3968249959
        8.6004390000        85.6369324768         2.8236948559         1.4093044805         0.1631719638       104.7215899753        98.2575195425         1.7424804575         1.3917226017
        8.6054304000        79.9023898015         2.8171039478         1.4144091342         0.1657238412       112.3404761139       103.6917035883        -3.6917035883         1.3917226017
        8.6104482000        80.5400791389         2.8178379881         1.4067521537         0.1733794736       100.9121469059       102.6191573157        -2.6191573157         1.4044785871
        8.6154532000        84.1212840005         2.8219550550         1.4016475000         0.1835869834        93.2932607673        99.0205778570         0.9794221430         1.3942737988
        8.6204397000        85.0818269542         2.8230578344         1.4041998268         0.1784832285        97.1027038366        98.2805286812         1.7194713188         1.4019273900
        8.6254742000        82.5952092409         2.8202017102         1.4093044805         0.1937944933       104.7215899753       100.7659380727        -0.7659380727         1.3917226017
        8.6304608000        87.2822471292         2.8255817566         1.3990951731         0.1963463707        89.4838176980        96.4125114160         3.5874885840         1.3993761929
        8.6354391000        87.5181165238         2.8258521120         1.4041998268         0.2065538806        97.1027038366        96.6788356514         3.3211643486         1.4070297842
        8.6405130000        84.5864547080         2.8224891858         1.4093044805         0.2116576355       104.7215899753        99.7822896036         0.2177103964         1.3840690105
        8.6454327000        87.3794116211         2.8256931318         1.4016475000         0.2167613904        93.2932607673        97.2783709985         2.7216290015         1.4044785871
        8.6504361000        84.6143358275         2.8225211955         1.4093044805         0.2346245326       104.7215899753       100.1504825191        -0.1504825191         1.3993761929
        8.6554253000        79.4057690997         2.8165320930         1.4144091342         0.2422801650       112.3404761139       104.8542298022        -4.8542298022         1.3993761929
        8.6604394000        83.6080079612         2.8213655170         1.4016475000         0.2346245326        93.2932607673       100.3932039399        -0.3932039399         1.3968249959
        8.6654285000        84.9499468077         2.8229064625         1.4041998268         0.2473839199        97.1027038366        99.1235001619         0.8764998381         1.4044785871
        8.6704351000        85.9390876038         2.8240415126         1.4041998268         0.2575914298        97.1027038366        98.3437364031         1.6562635969         1.3917226017
        8.6754455000        86.7115643727         2.8249274830         1.4041998268         0.2626951847        97.1027038366        97.8648597313         2.1351402687         1.4044785871
        8.6804206000        85.7302153259         2.8238018840         1.4067521537         0.2754545720       100.9121469059        99.0407150471         0.9592849529         1.3866202076
        8.6854337000        86.6963535700         2.8249100413         1.4041998268         0.2754545720        97.1027038366        98.2928955429         1.7071044571         1.3866202076
        8.6904415000        92.3170012854         2.8313447582         1.3965428462         0.2780064494        85.6743746287        93.4237926180         6.5762073820         1.3968249959
        8.6954322000        93.3431954470         2.8325173912         1.4016475000         0.2856620818        93.2932607673        93.3734243522         6.6265756478         1.3968249959
        8.7004354000        92.7346285172         2.8318220614         1.4041998268         0.2984214691        97.1027038366        94.8124397304         5.1875602696         1.4044785871
        8.7054460000        92.5259043136         2.8315835258         1.4041998268         0.3009733466        97.1027038366        95.6961828992         4.3038171008         1.3968249959
        8.7104317000        84.4589065149         2.8223427435         1.4169614611         0.3162846113       116.1499191832       103.5886568146        -3.5886568146         1.3993761929
        8.7154440000        85.0679634252         2.8230419224         1.4067521537         0.3162846113       100.9121469059       102.5558731537        -2.5558731537         1.3917226017
        8.7204614000        87.0108184032         2.8252705973         1.4041998268         0.3188364888        97.1027038366       100.4516611900        -0.4516611900         1.3993761929
        8.7254388000        89.9897659346         2.8286829414         1.4016475000         0.3239402437        93.2932607673        97.6894524753         2.3105475247         1.3993761929
        8.7304596000        85.7181468059         2.8237880375         1.4118568074         0.3443552634       108.5310330446       101.8728882377        -1.8728882377         1.3968249959
        8.7354412000        85.8504627475         2.8239398414         1.4067521537         0.3443552634       100.9121469059       101.5021674170        -1.5021674170         1.3942737988
        8.7404424000        81.0174732254         2.8183873276         1.4144091342         0.3571146507       112.3404761139       105.6843406635        -5.6843406635         1.3891714046
        8.7454265000        78.9673021346         2.8160270572         1.4118568074         0.3647702830       108.5310330446       106.7827925576        -6.7827925576         1.3968249959
        8.7504553000        82.0846428085         2.8196147516         1.4041998268         0.3596665281        97.1027038366       103.0475411264        -3.0475411264         1.3968249959
        8.7554485000        84.1641119364         2.8220042382         1.4041998268         0.3698740379        97.1027038366       100.7536094657        -0.7536094657         1.3993761929
        8.7604246000        71.0192999971         2.8068483419         1.4271707685         0.3724259154       131.3876914604       112.5743687494       -12.5743687494         1.3993761929
        8.7654530000        75.7458796327         2.8123123535         1.4041998268         0.3851853027        97.1027038366       106.6043244477        -6.6043244477         1.4070297842
        8.7704582000        56.1229096834         2.7895152478         1.4399324028         0.3979446900       150.4349068069       123.5172113239       -23.5172113239         1.3993761929
        8.7754359000        60.6485200116         2.7947998830         1.4093044805         0.4056003224       104.7215899753       116.2645534643       -16.2645534643         1.3993761929
        8.7804383000        63.1589173446         2.7977241358         1.4093044805         0.4056003224       104.7215899753       111.8104753937       -11.8104753937         1.3942737988
        8.7854350000        69.2940085183         2.8048497225         1.4016475000         0.4056003224        93.2932607673       104.6652462094        -4.6652462094         1.3942737988
        8.7904374000        70.2022049966         2.8059020798         1.4067521537         0.4234634646       100.9121469059       103.2170394885        -3.2170394885         1.3891714046
        8.7955439000        69.0872390175         2.8046100442         1.4093044805         0.4336709744       104.7215899753       103.7975997004        -3.7975997004         1.3917226017
        8.8004669000        74.6166500092         2.8110084385         1.3990951731         0.4285672195        89.4838176980        98.2743471505         1.7256528495         1.3917226017
        8.8054395000        81.8529097333         2.8193482867         1.3939905194         0.4336709744        81.8649315594        91.9424534211         8.0575465789         1.3968249959
        8.8104458000        79.2259694577         2.8163250123         1.4067521537         0.4464303617       100.9121469059        95.4035849658         4.5964150342         1.4044785871
        8.8154362000        72.6984366596         2.8087913464         1.4144091342         0.4515341166       112.3404761139       101.9390154484        -1.9390154484         1.4044785871
        8.8204199000        74.4698924502         2.8108389101         1.4041998268         0.4642935039        97.1027038366       100.0728300868        -0.0728300868         1.3993761929
        8.8254290000        77.3435785206         2.8141556295         1.4016475000         0.4617416265        93.2932607673        97.4568007576         2.5431992424         1.3993761929
        8.8304760000        74.6280809611         2.8110216424         1.4093044805         0.4770528912       104.7215899753       100.2600616682        -0.2600616682         1.3993761929
        8.8354731000        80.7953226033         2.8181317177         1.3965428462         0.4745010138        85.6743746287        94.6318892454         5.3681107546         1.3993761929
        8.8404521000        82.1571967418         2.8196981721         1.4016475000         0.4847085236        93.2932607673        94.1153532835         5.8846467165         1.3968249959
        8.8454804000        80.1340152709         2.8173706034         1.4067521537         0.4898122785       100.9121469059        96.7380289467         3.2619710533         1.3840690105
        8.8505070000        91.8056933609         2.8307602374         1.3863335388         0.4949160334        70.4366023515        86.5891094311        13.4108905689         1.3968249959
        8.8554462000        89.3120465256         2.8279071324         1.4041998268         0.5127791757        97.1027038366        90.6459853217         9.3540146783         1.3968249959
        8.8604441000        89.5664031802         2.8281983383         1.4016475000         0.5051235433        93.2932607673        91.6674882936         8.3325117064         1.4044785871
        8.8654527000        86.8630614930         2.8251011918         1.4067521537         0.5178829306       100.9121469059        95.2347205069         4.7652794931         1.3917226017
        8.8704324000        93.2547349658         2.8324163335         1.3939905194         0.5204348080        81.8649315594        90.0757261277         9.9242738723         1.4044785871
        8.8754581000        90.1091085516         2.8288195263         1.4067521537         0.5331941953       100.9121469059        94.2571708839         5.7428291161         1.3993761929
        8.8804386000        92.9876298276         2.8321111613         1.3990951731         0.5306423179        89.4838176980        92.4152792615         7.5847207385         1.4044785871
        8.8854173000        93.7335999305         2.8329633327         1.4016475000         0.5459535826        93.2932607673        92.7540655857         7.2459344143         1.4044785871
        8.8904421000        89.7114071959         2.8283643305         1.4093044805         0.5561610925       104.7215899753        97.3719687778         2.6280312222         1.3917226017
        8.8954378000        93.4554016978         2.8326455692         1.3990951731         0.5587129699        89.4838176980        94.3281715090         5.6718284910         1.4019273900
        8.9004485000        89.8705877523         2.8285465356         1.4093044805         0.5714723572       104.7215899753        98.3386751646         1.6613248354         1.3968249959
        8.9054571000        82.5378290224         2.8201357536         1.4169614611         0.5765761121       116.1499191832       105.2114917916        -5.2114917916         1.3968249959
        8.9104445000        86.8393361821         2.8250739890         1.4016475000         0.5791279896        93.2932607673       100.6126094079        -0.6126094079         1.3942737988
        8.9154369000        88.2422387139         2.8266818776         1.4041998268         0.5842317445        97.1027038366        99.2582437418         0.7417562582         1.3917226017
        8.9204330000        87.6480533276         2.8260010310         1.4067521537         0.5867836220       100.9121469059        99.8964346034         0.1035653966         1.3993761929
        8.9254453000        90.4727264048         2.8292356217         1.4016475000         0.5995430093        93.2932607673        97.3484709191         2.6515290809         1.4044785871
        8.9305403000        94.2101918257         2.8335075929         1.3990951731         0.6020948867        89.4838176980        94.3137407583         5.6862592417         1.3891714046
        8.9354455000        92.2421340108         2.8312591812         1.4067521537         0.6174061515       100.9121469059        96.8598647369         3.1401352631         1.3993761929
        8.9404879000        92.6023043504         2.8316708410         1.4041998268         0.6148542740        97.1027038366        96.9535689498         3.0464310502         1.3993761929
        8.9454411000        88.1262136924         2.8265489487         1.4118568074         0.6301655388       108.5310330446       101.4209597534        -1.4209597534         1.3917226017
        8.9504451000        88.1329574408         2.8265566752         1.4067521537         0.6301655388       100.9121469059       101.2246243714        -1.2246243714         1.3993761929
        8.9554619000        91.3266794008         2.8302124836         1.4016475000         0.6403730486        93.2932607673        98.1641527055         1.8358472945         1.4019273900
        8.9604410000        85.5661939516         2.8236136901         1.4144091342         0.6480286810       112.3404761139       103.6343641702        -3.6343641702         1.4044785871
        8.9654539000        82.9464193653         2.8206053652         1.4118568074         0.6582361908       108.5310330446       105.5238395612        -5.5238395612         1.3993761929
        8.9704424000        79.2308858330         2.8163306749         1.4144091342         0.6633399457       112.3404761139       108.1541720069        -8.1541720069         1.3917226017
        8.9754459000        85.9708076880         2.8240779009         1.3990951731         0.6684437007        89.4838176980       100.9498508830        -0.9498508830         1.4044785871
        8.9804360000        85.8466498089         2.8239354670         1.4067521537         0.6709955781       100.9121469059       100.9353020665        -0.9353020665         1.3891714046
        8.9854641000        87.3392152547         2.8256470573         1.4041998268         0.6735474556        97.1027038366        99.4564191310         0.5435808690         1.3993761929
        8.9904512000        86.8000945947         2.8250289949         1.4067521537         0.6863068429       100.9121469059       100.0181401453        -0.0181401453         1.3917226017
        8.9954296000        86.4170529211         2.8245897484         1.4067521537         0.6939624752       100.9121469059       100.3631101273        -0.3631101273         1.3968249959
        9.0004391000        86.1298641065         2.8242603554         1.4067521537         0.6990662302       100.9121469059       100.5749666993        -0.5749666993         1.4044785871
        9.0054268000        85.9015414517         2.8239984400         1.4067521537         0.7067218625       100.9121469059       100.7050742723        -0.7050742723         1.4044785871
        9.0104314000        85.7093702985         2.8237779680         1.4067521537         0.7220331273       100.9121469059       100.7849772952        -0.7849772952         1.3968249959
        9.0155157000        83.9186350453         2.8217223181         1.4093044805         0.7271368822       104.7215899753       102.3039962393        -2.3039962393         1.3993761929
        9.0204582000        87.4122697072         2.8257307941         1.4016475000         0.7271368822        93.2932607673        98.8270278418         1.1729721582         1.3993761929
        9.0254168000        85.0775014582         2.8230528698         1.4093044805         0.7322406371       104.7215899753       101.1015598507        -1.1015598507         1.3891714046
        9.0304759000        93.0993264032         2.8322387820         1.3939905194         0.7347925146        81.8649315594        93.6787308428         6.3212691572         1.3968249959
        9.0354339000        95.8171231683         2.8353416419         1.3990951731         0.7475519019        89.4838176980        92.0600416159         7.9399583841         1.3866202076
        9.0404426000       101.3266849683         2.8416179905         1.3939905194         0.7450000244        81.8649315594        88.1260591362        11.8739408638         1.3891714046
        9.0454271000        97.6393269111         2.8374194695         1.4067521537         0.7603112892       100.9121469059        93.0598210075         6.9401789925         1.3993761929
        9.0504409000        95.3228567727         2.8347776879         1.4067521537         0.7654150441       100.9121469059        96.0897944299         3.9102055701         1.4044785871
        9.0554459000       101.9521198457         2.8423293305         1.3939905194         0.7807263088        81.8649315594        90.6008530650         9.3991469350         1.3993761929
        9.0604255000        95.7108727646         2.8352204238         1.4118568074         0.7858300638       108.5310330446        97.5195634572         2.4804365428         1.3993761929
        9.0654485000        97.8751118720         2.8376881836         1.4016475000         0.7858300638        93.2932607673        95.8887619608         4.1112380392         1.3942737988
        9.0704537000       101.2069846786         2.8414818230         1.3990951731         0.7858300638        89.4838176980        93.4172890318         6.5827109682         1.3993761929
        9.0754339000       100.6106059251         2.8408032751         1.4041998268         0.8011413285        97.1027038366        94.8393783660         5.1606216340         1.3942737988
        9.0807575000       102.0301326897         2.8424180426         1.4016475000         0.7985894511        93.2932607673        94.2427786715         5.7572213285         1.4019273900
        9.0854302000       108.1461866427         2.8493620996         1.3939905194         0.8062450834        81.8649315594        89.4665444371        10.5334555629         1.3968249959
        9.0904351000       104.8312938873         2.8456010535         1.4067521537         0.8190044707       100.9121469059        93.8830538551         6.1169461449         1.4044785871
        9.0956717000       104.3643318722         2.8450707476         1.4041998268         0.8215563482        97.1027038366        95.1254187288         4.8745812712         1.4044785871
        9.1004361000       107.4841032353         2.8486113935         1.3990951731         0.8266601031        89.4838176980        92.9484967055         7.0515032945         1.4044785871
        9.1054432000       103.5159348497         2.8441069471         1.4093044805         0.8394194904       104.7215899753        97.4913748498         2.5086251502         1.4019273900
        9.1104547000        95.9477464831         2.8354906570         1.4169614611         0.8496270002       116.1499191832       104.6911388639        -4.6911388639         1.3993761929
        9.1154357000        95.2423716187         2.8346858407         1.4093044805         0.8547307552       104.7215899753       104.7028890204        -4.7028890204         1.3993761929
        9.1204580000        89.6779641216         2.8283260480         1.4169614611         0.8598345101       116.1499191832       109.1199493420        -9.1199493420         1.3917226017
        9.1254391000        86.9616404380         2.8252142156         1.4144091342         0.8649382650       112.3404761139       110.3626525424       -10.3626525424         1.3815178134
        9.1304374000        87.8321441396         2.8262119961         1.4093044805         0.8700420199       104.7215899753       108.1859382958        -8.1859382958         1.3891714046
        9.1354258000        88.0978291773         2.8265164275         1.4093044805         0.8802495297       104.7215899753       106.8491517853        -6.8491517853         1.3917226017
        9.1404550000        94.4751400060         2.8338100981         1.3990951731         0.8904570396        89.4838176980       100.1483982206        -0.1483982206         1.3968249959
        9.1454204000        82.7829307859         2.8204174741         1.4246184417         0.8853532847       127.5782483911       110.7327420279       -10.7327420279         1.3968249959
        9.1504350000        85.3770328533         2.8233966291         1.4067521537         0.9032164269       100.9121469059       106.9432734556        -6.9432734556         1.4044785871
        9.1559049000        88.5389645168         2.8270217938         1.4041998268         0.9083201818        97.1027038366       103.1460973333        -3.1460973333         1.3917226017
        9.1604505000        87.4042866533         2.8257216439         1.4093044805         0.9185276916       104.7215899753       103.7540319623        -3.7540319623         1.3917226017
        9.1654304000        86.4385286242         2.8246143778         1.4093044805         0.9261833240       104.7215899753       104.1273831326        -4.1273831326         1.3917226017
        9.1704585000        96.9218702764         2.8366016076         1.3914381925         0.9185276916        78.0554884901        94.0670330072         5.9329669928         1.3968249959
        9.1754521000        98.1267942797         2.8379749783         1.4016475000         0.9312870789        93.2932607673        93.7684578650         6.2315421350         1.4070297842
        9.1804396000        99.2487566270         2.8392530031         1.4016475000         0.9414945888        93.2932607673        93.5850937771         6.4149062229         1.3891714046
        9.1854176000        95.4574721805         2.8349312979         1.4093044805         0.9517020986       104.7215899753        97.8823284990         2.1176715010         1.3993761929
        9.1904621000       104.2055720086         2.8448904236         1.3914381925         0.9440464662        78.0554884901        90.2317547641         9.7682452359         1.3891714046
        9.1954435000       101.1032994850         2.8413638670         1.4067521537         0.9542539761       100.9121469059        94.3529928213         5.6470071787         1.4019273900
        9.2004277000       102.3876798675         2.8428245814         1.4016475000         0.9619096084        93.2932607673        93.9440744957         6.0559255043         1.4044785871
        9.2054384000       100.3169071210         2.8404690335         1.4067521537         0.9746689957       100.9121469059        96.6328414268         3.3671585732         1.3917226017
        9.2104168000       103.8555287690         2.8444927837         1.3990951731         0.9746689957        89.4838176980        93.8742508927         6.1257491073         1.3942737988
        9.2154276000       103.3861207755         2.8439594387         1.4041998268         0.9823246281        97.1027038366        95.1200125616         4.8799874384         1.4070297842
        9.2204716000       101.6420924746         2.8419767486         1.4067521537         0.9848765056       100.9121469059        97.3550208062         2.6449791938         1.3993761929
        9.2254463000       108.6229095138         2.8499024849         1.3939905194         0.9874283830        81.8649315594        91.3778671150         8.6221328850         1.3993761929
        9.2304333000       113.9429232963         2.8559246666         1.3939905194         0.9950840154        81.8649315594        87.7071149997        12.2928850003         1.3968249959
        9.2354429000       110.1391580289         2.8516203948         1.4067521537         1.0129471576       100.9121469059        92.8025346543         7.1974653457         1.3891714046
        9.2404273000       109.3719645156         2.8507513200         1.4041998268         1.0180509125        97.1027038366        94.4618389805         5.5381610195         1.3993761929
        9.2454409000       110.6865887341         2.8522403295         1.4016475000         1.0180509125        93.2932607673        94.0109202370         5.9890797630         1.3942737988
        9.2504479000       113.4966871625         2.8554201068         1.3990951731         1.0231546675        89.4838176980        92.2640492397         7.7359507603         1.4044785871
        9.2554327000       117.4421683870         2.8598777368         1.3965428462         1.0257065449        85.6743746287        89.7212944952        10.2787055048         1.4044785871
        9.2604434000       115.8188259514         2.8580446318         1.4041998268         1.0359140547        97.1027038366        92.5695555600         7.4304444400         1.4044785871
        9.2654270000       118.2284288809         2.8607651217         1.3990951731         1.0384659322        89.4838176980        91.3788632949         8.6211367051         1.3993761929
        9.2704499000       117.0656561082         2.8594526907         1.4041998268         1.0512253195        97.1027038366        93.5875190409         6.4124809591         1.4070297842
        9.2754385000       111.6542797039         2.8533357941         1.4118568074         1.0639847068       108.5310330446        99.3537659916         0.6462340084         1.3993761929
        9.2804594000       107.8451043153         2.8490207460         1.4118568074         1.0665365843       108.5310330446       102.8949938546        -2.8949938546         1.3917226017
        9.2854421000       113.1237185557         2.8549983114         1.3990951731         1.0639847068        89.4838176980        97.7200294118         2.2799705882         1.3917226017
        9.2904217000       118.5851905186         2.8611676672         1.3965428462         1.0767440941        85.6743746287        93.0719780803         6.9280219197         1.3993761929
        9.2954648000       114.6513324887         2.8567254545         1.4093044805         1.0843997265       104.7215899753        97.5672085227         2.4327914773         1.4044785871
        9.3004443000       111.9665126707         2.8536891483         1.4093044805         1.0920553588       104.7215899753       100.3278664393        -0.3278664393         1.4044785871
        9.3054369000       114.9110627722         2.8570189899         1.4016475000         1.0920553588        93.2932607673        97.6134263487         2.3865736513         1.3993761929
        9.3104368000       113.8598508103         2.8558307442         1.4067521537         1.0971591138       100.9121469059        98.8863021495         1.1136978505         1.4044785871
        9.3154509000       113.1623182726         2.8550419677         1.4067521537         1.1099185011       100.9121469059        99.6680139441         0.3319860559         1.3993761929
        9.3204438000       111.0612252024         2.8526644919         1.4093044805         1.1175741334       104.7215899753       101.6180350284        -1.6180350284         1.3993761929
        9.3254162000       111.1227280009         2.8527341181         1.4067521537         1.1303335207       100.9121469059       101.3456542997        -1.3456542997         1.3993761929
        9.3304371000       104.6254841329         2.8453673407         1.4169614611         1.1303335207       116.1499191832       107.0581692557        -7.0581692557         1.3917226017
        9.3354158000        98.0947455483         2.8379384606         1.4195137880         1.1456447855       119.9593622525       112.0363467286       -12.0363467286         1.3993761929
        9.3404401000        96.1887678132         2.8357655866         1.4144091342         1.1379891531       112.3404761139       112.1537009961       -12.1537009961         1.3968249959
        9.3454398000        97.5569296409         2.8373255569         1.4093044805         1.1533004179       104.7215899753       109.2858756974        -9.2858756974         1.3917226017
        9.3504397000        94.8867100137         2.8342799226         1.4144091342         1.1584041728       112.3404761139       110.4645529706       -10.4645529706         1.3942737988
        9.3554297000        90.9232301064         2.8297510244         1.4169614611         1.1737154375       116.1499191832       112.6583626447       -12.6583626447         1.3993761929
        9.3604414000        89.1900848117         2.8277674869         1.4144091342         1.1788191925       112.3404761139       112.5356999137       -12.5356999137         1.3917226017
        9.3654388000        92.2851541427         2.8313083558         1.4067521537         1.1737154375       100.9121469059       108.0505248022        -8.0505248022         1.3993761929
        9.3704659000        92.5132133834         2.8315690214         1.4093044805         1.1890267023       104.7215899753       106.7659902349        -6.7659902349         1.4044785871
        9.3754475000        95.6258853882         2.8351234590         1.4041998268         1.1941304572        97.1027038366       103.0372223083        -3.0372223083         1.4044785871
        9.3804427000        89.5986581540         2.8282352631         1.4169614611         1.2068898445       116.1499191832       108.0970126863        -8.0970126863         1.4019273900
        9.3854353000        84.9773369366         2.8229379018         1.4169614611         1.2119935994       116.1499191832       111.2043840530       -11.2043840530         1.3968249959
        9.3904579000        89.3232546112         2.8279199651         1.4041998268         1.2094417220        97.1027038366       105.7629751228        -5.7629751228         1.4019273900
        9.3954298000        88.9156986154         2.8274532809         1.4093044805         1.2222011093       104.7215899753       105.3611363097        -5.3611363097         1.3917226017
        9.4004360000        91.6380199459         2.8305685190         1.4041998268         1.2247529867        97.1027038366       102.1744587281        -2.1744587281         1.3968249959
        9.4054627000        93.4748956647         2.8326678372         1.4041998268         1.2298567416        97.1027038366       100.2174229753        -0.2174229753         1.3993761929
        9.4104301000        89.9056947531         2.8285867184         1.4118568074         1.2375123740       108.5310330446       103.4253919108        -3.4253919108         1.3993761929
        9.4154607000        85.6070895998         2.8236606144         1.4144091342         1.2553755162       112.3404761139       106.8654513967        -6.8654513967         1.3993761929
        9.4204385000        85.5058660627         2.8235444669         1.4093044805         1.2528236388       104.7215899753       106.0382005653        -6.0382005653         1.3968249959
        9.4254417000        90.0370813234         2.8287370939         1.4016475000         1.2553755162        93.2932607673       101.1203164432        -1.1203164432         1.3993761929
        9.4304479000        89.9602887576         2.8286492041         1.4067521537         1.2630311486       100.9121469059       101.0399901585        -1.0399901585         1.4044785871
        9.4354251000        89.8611768468         2.8285357639         1.4067521537         1.2783424134       100.9121469059       100.9906593408        -0.9906593408         1.4044785871
        9.4404458000        84.8860604323         2.8228331295         1.4144091342         1.2834461683       112.3404761139       105.3702079759        -5.3702079759         1.3968249959
        9.4454290000        81.1278390505         2.8185143034         1.4144091342         1.2911018006       112.3404761139       108.0598221715        -8.0598221715         1.4044785871
        9.4504325000        71.6338866164         2.8075597521         1.4246184417         1.3038611879       127.5782483911       115.5913884178       -15.5913884178         1.3993761929
        9.4554451000        70.7157076097         2.8064968161         1.4144091342         1.3013093105       112.3404761139       114.3369603660       -14.3369603660         1.3968249959
        9.4604303000        74.3112725578         2.8106556610         1.4067521537         1.3089649429       100.9121469059       109.1567337032        -9.1567337032         1.3993761929
        9.4654363000        73.2259355615         2.8094013060         1.4118568074         1.3217243302       108.5310330446       108.9152948747        -8.9152948747         1.4044785871
        9.4704630000        72.0735127224         2.8080684647         1.4118568074         1.3344837175       108.5310330446       108.7670199371        -8.7670199371         1.3993761929
        9.4754335000        67.6383587481         2.8029296480         1.4169614611         1.3421393498       116.1499191832       111.6158559107       -11.6158559107         1.3866202076
        9.4804403000        68.8570757203         2.8043432106         1.4093044805         1.3421393498       104.7215899753       108.9555686504        -8.9555686504         1.3866202076
        9.4854564000        72.5781408084         2.8086522165         1.4041998268         1.3446912273        97.1027038366       104.3819090966        -4.3819090966         1.3968249959
        9.4904508000        73.4076096474         2.8096113324         1.4067521537         1.3625543695       100.9121469059       103.0430335385        -3.0430335385         1.3968249959
        9.4954545000        70.6235287893         2.8063900697         1.4118568074         1.3574506146       108.5310330446       105.1606854114        -5.1606854114         1.3993761929
        9.5004599000        73.2901531238         2.8094755482         1.4041998268         1.3702100019        97.1027038366       102.0513557268        -2.0513557268         1.3993761929
        9.5054408000        63.7474627547         2.7984089782         1.4220661148         1.3804175117       123.7688053218       110.4314581226       -10.4314581226         1.3942737988
        9.5104301000        67.8786163513         2.8032084077         1.4041998268         1.3829693892        97.1027038366       105.2882977696        -5.2882977696         1.3968249959
        9.5154413000        72.2014647086         2.8082164970         1.4016475000         1.3855212666        93.2932607673       100.6597782981        -0.6597782981         1.4070297842
        9.5204509000        70.3759418436         2.8061033233         1.4093044805         1.4033844088       104.7215899753       102.2271077223        -2.2271077223         1.4019273900
        9.5254471000        72.2274465357         2.8082465548         1.4041998268         1.4033844088        97.1027038366       100.2497563260        -0.2497563260         1.3942737988
        9.5304444000        75.1502930743         2.8116247488         1.4016475000         1.4084881638        93.2932607673        97.5654565493         2.4345434507         1.3840690105
        9.5354326000        78.9480498078         2.8160048789         1.3990951731         1.4084881638        89.4838176980        94.4469982422         5.5530017578         1.4019273900
        9.5404288000        73.7754870480         2.8100365467         1.4118568074         1.4289031834       108.5310330446        99.8815983445         0.1184016555         1.3993761929
        9.5454513000        76.5960377438         2.8132934157         1.4016475000         1.4289031834        93.2932607673        97.3393595206         2.6606404794         1.3917226017
        9.5504534000        81.9517373228         2.8194619309         1.3965428462         1.4289031834        85.6743746287        92.8381971069         7.1618028931         1.4044785871
        9.5554424000        82.8152187649         2.8204545829         1.4016475000         1.4442144482        93.2932607673        93.0137923145         6.9862076855         1.4044785871
        9.5604444000        62.6575349418         2.7971405006         1.4348277491         1.4544219580       142.8160206683       112.2309555141       -12.2309555141         1.3993761929
        9.5654517000        67.2886942739         2.8025238693         1.4041998268         1.4544219580        97.1027038366       106.3934239212        -6.3934239212         1.3993761929
        9.5704533000        70.2978455431         2.8060128653         1.4041998268         1.4595257129        97.1027038366       102.8084179886        -2.8084179886         1.3942737988
        9.5754459000        78.7939356150         2.8158273325         1.3939905194         1.4595257129        81.8649315594        94.7269644075         5.2730355925         1.3993761929
        9.5804666000        81.8029930383         2.8192908837         1.3990951731         1.4722851002        89.4838176980        92.7037937718         7.2962062282         1.4044785871
        9.5854414000        84.2498952027         2.8221027471         1.3990951731         1.4824926101        89.4838176980        91.4613030690         8.5386969310         1.3942737988
        9.5904315000        87.9723265402         2.8263726279         1.3965428462         1.4850444875        85.6743746287        89.2283036243        10.7716963757         1.4044785871
        9.5954480000        84.5912365381         2.8224946757         1.4067521537         1.4927001199       100.9121469059        93.7367429163         6.2632570837         1.3968249959
        9.6004280000        87.3251524538         2.8256309378         1.3990951731         1.5003557523        89.4838176980        92.0956685970         7.9043314030         1.4044785871
        9.6054376000        81.4992526487         2.8189415524         1.4118568074         1.5105632621       108.5310330446        98.4375751999         1.5624248001         1.3968249959
        9.6104486000        82.2978033295         2.8198598275         1.4041998268         1.5105632621        97.1027038366        97.9224889942         2.0775110058         1.3917226017
        9.6154243000        84.5739987423         2.8224748851         1.4016475000         1.5156670170        93.2932607673        96.1362108041         3.8637891959         1.3942737988
        9.6204453000        92.8369248398         2.8319389584         1.3914381925         1.5131151396        78.0554884901        89.1594107098        10.8405892902         1.3993761929
        9.6254828000        92.6782240285         2.8317576036         1.4016475000         1.5335301593        93.2932607673        90.7545375510         9.2454624490         1.3993761929
        9.6304577000        92.9627428481         2.8320827252         1.4016475000         1.5411857916        93.2932607673        91.7341535236         8.2658464764         1.3993761929
        9.6354181000        91.8986905031         2.8308665629         1.4041998268         1.5411857916        97.1027038366        93.8057135907         6.1942864093         1.4044785871
        9.6404536000        93.0310046723         2.8321607208         1.4016475000         1.5462895465        93.2932607673        93.6079736529         6.3920263471         1.3968249959
        9.6454409000        97.3499067853         2.8370895838         1.3965428462         1.5462895465        85.6743746287        90.5466394065         9.4533605935         1.4044785871
        9.6504262000        97.5766593279         2.8373480443         1.4016475000         1.5667045662        93.2932607673        91.6064769415         8.3935230585         1.3993761929
        9.6554727000       101.3394284672         2.8416324866         1.3965428462         1.5590489338        85.6743746287        89.3174593206        10.6825406794         1.3993761929
        9.6604325000        99.6038769756         2.8396573632         1.4041998268         1.5667045662        97.1027038366        92.3215480805         7.6784519195         1.3993761929
        9.6654291000       103.5653347446         2.8441630779         1.3965428462         1.5718083211        85.6743746287        89.7566062845        10.2433937155         1.3891714046
        9.6705060000       101.9518039915         2.8423289713         1.4041998268         1.5845677084        97.1027038366        92.5912416052         7.4087583948         1.3942737988
        9.6754490000       102.7466667360         2.8432326826         1.4016475000         1.5896714634        93.2932607673        92.8621294199         7.1378705801         1.3942737988
        9.6804225000       108.4790954901         2.8497394788         1.3939905194         1.5947752183        81.8649315594        88.6186456842        11.3813543158         1.4044785871
        9.6854368000       104.9286068168         2.8457115514         1.4067521537         1.6075346056       100.9121469059        93.3623334082         6.6376665918         1.3993761929
        9.6904443000       102.6961923354         2.8431753071         1.4067521537         1.6075346056       100.9121469059        96.2755765081         3.7244234919         1.3968249959
        9.6954339000        99.6524815189         2.8397127012         1.4093044805         1.6126383605       104.7215899753        99.5346358826         0.4653641174         1.4044785871
        9.7004354000        99.1350940520         2.8391235646         1.4067521537         1.6228458703       100.9121469059       100.0661754345        -0.0661754345         1.3917226017
        9.7054475000       102.0069310704         2.8423916593         1.4016475000         1.6228458703        93.2932607673        97.4527139329         2.5472860671         1.3993761929
        9.7104366000       107.3941271420         2.8485093551         1.3965428462         1.6279496252        85.6743746287        92.9078115036         7.0921884964         1.3993761929
        9.7154247000       111.5184832155         2.8531820971         1.3965428462         1.6330533802        85.6743746287        90.1166485072         9.8833514928         1.3942737988
        9.7204557000       113.2465249485         2.8551372028         1.3990951731         1.6432608900        89.4838176980        89.8724583708        10.1275416292         1.3993761929
        9.7254463000       113.2859505262         2.8551817907         1.4016475000         1.6458127674        93.2932607673        91.1924418354         8.8075581646         1.3968249959
        9.7304247000       108.8298472810         2.8501370189         1.4093044805         1.6585721547       104.7215899753        96.4129280736         3.5870719264         1.3993761929
        9.7354557000       109.0658324474         2.8504044455         1.4041998268         1.6611240322        97.1027038366        96.6790915335         3.3209084665         1.3942737988
        9.7404429000       107.7550075688         2.8489185887         1.4067521537         1.6738834195       100.9121469059        98.3124986844         1.6875013156         1.3968249959
        9.7454344000       102.0357413182         2.8424244203         1.4144091342         1.6891946843       112.3404761139       103.7254679537        -3.7254679537         1.3993761929
        9.7504626000       107.5451098874         2.8486805763         1.3990951731         1.6866428068        89.4838176980        98.2300488482         1.7699511518         1.4044785871
        9.7554208000       106.6652317590         2.8476825780         1.4067521537         1.6968503166       100.9121469059        99.2649888056         0.7350111944         1.4044785871
        9.7604308000       106.0729205464         2.8470105092         1.4067521537         1.6994021941       100.9121469059        99.9005769525         0.0994230475         1.3917226017
        9.7654462000       105.6572129345         2.8465387075         1.4067521537         1.7045059490       100.9121469059       100.2909109903        -0.2909109903         1.4019273900
        9.7704338000       103.7291971343         2.8443492571         1.4093044805         1.7121615814       104.7215899753       102.0005750747        -2.0005750747         1.3917226017
        9.7754294000       107.1385236314         2.8482194607         1.4016475000         1.7223690912        93.2932607673        98.6406876639         1.3593123361         1.3968249959
        9.7804848000       101.5104474947         2.8418270170         1.4144091342         1.7274728461       112.3404761139       103.9270188010        -3.9270188010         1.3866202076
        9.7854337000       108.6965845281         2.8499859876         1.3965428462         1.7402322334        85.6743746287        96.8838792975         3.1161207025         1.3993761929
        9.7904363000       113.9257250329         2.8559052224         1.3965428462         1.7325766011        85.6743746287        92.5584728302         7.4415271698         1.3968249959
        9.7955111000       114.7114826931         2.8567934366         1.4016475000         1.7427841109        93.2932607673        92.8420051172         7.1579948828         1.3968249959
        9.8004339000       105.8514271950         2.8467591404         1.4169614611         1.7606472531       116.1499191832       101.8358193150        -1.8358193150         1.3942737988
        9.8054433000       109.2149748956         2.8505734433         1.4016475000         1.7529916207        93.2932607673        98.5395061342         1.4604938658         1.4044785871
        9.8104252000       101.9380187678         2.8423132951         1.4169614611         1.7734066404       116.1499191832       105.3348282064        -5.3348282064         1.4019273900
        9.8154389000        99.7907326526         2.8398700975         1.4118568074         1.7683028855       108.5310330446       106.5681463133        -6.5681463133         1.3993761929
        9.8204181000        99.6069003561         2.8396608055         1.4093044805         1.7861660277       104.7215899753       105.8556164592        -5.8556164592         1.4044785871
        9.8254346000        97.6043197096         2.8373795705         1.4118568074         1.7912697826       108.5310330446       106.8879782399        -6.8879782399         1.3917226017
        9.8304860000        99.1301212865         2.8391179015         1.4067521537         1.7989254150       100.9121469059       104.5820869215        -4.5820869215         1.4070297842
        9.8354666000        98.3944454075         2.8382799277         1.4093044805         1.8014772924       104.7215899753       104.6359169014        -4.6359169014         1.3917226017
        9.8404525000        92.8114291345         2.8319098243         1.4169614611         1.8142366797       116.1499191832       109.0788197241        -9.0788197241         1.3917226017
        9.8454631000        88.4629113969         2.8269346761         1.4169614611         1.8167885572       116.1499191832       111.8073416557       -11.8073416557         1.3968249959
        9.8504740000        92.9763659966         2.8320982912         1.4041998268         1.8295479445        97.1027038366       106.1332697497        -6.1332697497         1.4044785871
        9.8554694000        91.0509336907         2.8298971011         1.4118568074         1.8423073318       108.5310330446       107.0584935815        -7.0584935815         1.3968249959
        9.8604703000        87.7618168990         2.8261314048         1.4144091342         1.8525148416       112.3404761139       109.0966497785        -9.0966497785         1.3993761929
        9.8654780000        81.7974875563         2.8192845524         1.4195137880         1.8525148416       119.9593622525       113.2882396993       -13.2882396993         1.3917226017
        9.8705139000        80.2393589866         2.8174918665         1.4144091342         1.8550667191       112.3404761139       112.9225265957       -12.9225265957         1.3942737988
        9.8754550000        85.0626772566         2.8230358552         1.4041998268         1.8601704740        97.1027038366       106.8181387842        -6.8181387842         1.3993761929
        9.8804361000        83.3275416674         2.8210433035         1.4118568074         1.8703779838       108.5310330446       107.4790925132        -7.4790925132         1.3917226017
        9.8854477000        83.3968235611         2.8211229029         1.4093044805         1.8780336162       104.7215899753       106.4150562633        -6.4150562633         1.3968249959
        9.8904556000        84.7912197234         2.8227242601         1.4067521537         1.8805854937       100.9121469059       104.2916511329        -4.2916511329         1.3968249959
        9.8954176000        82.3540779393         2.8199245226         1.4118568074         1.8984486359       108.5310330446       105.9274995026        -5.9274995026         1.3942737988
        9.9004286000        83.6130022871         2.8213712542         1.4067521537         1.8984486359       100.9121469059       103.9922276777        -3.9922276777         1.3993761929
        9.9054391000        90.8172581644         2.8296297980         1.3965428462         1.9061042683        85.6743746287        96.9239260545         3.0760739455         1.4044785871
        9.9104176000        89.5744626508         2.8282075646         1.4067521537         1.9112080232       100.9121469059        98.4628590202         1.5371409798         1.3968249959
        9.9154279000        90.3800386573         2.8291295653         1.4041998268         1.9239674105        97.1027038366        97.9380165583         2.0619834417         1.3891714046
        9.9204394000        81.3151876700         2.8187298285         1.4195137880         1.9265192879       119.9593622525       106.4353832037        -6.4353832037         1.3840690105
        9.9254304000        79.4737001703         2.8166103253         1.4118568074         1.9367267978       108.5310330446       107.2440306545        -7.2440306545         1.3917226017
        9.9304390000        84.3399656309         2.8222061737         1.4016475000         1.9341749203        93.2932607673       101.8608534244        -1.8608534244         1.3942737988
        9.9354419000        89.3312351110         2.8279291024         1.3990951731         1.9443824302        89.4838176980        97.0849322790         2.9150677210         1.4019273900
        9.9404280000        92.9954740676         2.8321201241         1.3990951731         1.9469343076        89.4838176980        94.1518936534         5.8481063466         1.4070297842
        9.9454352000        89.3616798128         2.8279639595         1.4093044805         1.9571418174       104.7215899753        98.2304175649         1.7695824351         1.4044785871
        9.9504829000        91.7234358117         2.8306661860         1.4016475000         1.9596936949        93.2932607673        96.3253191174         3.6746808826         1.3968249959
        9.9554281000        90.3143122425         2.8290543556         1.4067521537         1.9750049597       100.9121469059        98.0952362696         1.9047637304         1.3993761929
        9.9604367000        87.7762094485         2.8261478982         1.4093044805         1.9826605920       104.7215899753       100.6521443596        -0.6521443596         1.3942737988
        9.9654264000        82.7070337523         2.8203302423         1.4144091342         1.9928681019       112.3404761139       105.1623156166        -5.1623156166         1.3866202076
        9.9704505000        88.6156427294         2.8271096236         1.3990951731         1.9877643470        89.4838176980        99.1124607570         0.8875392430         1.3891714046
        9.9754401000        92.8432478086         2.8319461836         1.3990951731         2.0005237343        89.4838176980        95.3970606399         4.6029393601         1.3968249959
        9.9804318000        89.5554338470         2.8281857806         1.4093044805         2.0056274892       104.7215899753        98.9951125328         1.0048874672         1.4044785871
        9.9854452000        84.0258376903         2.8218454409         1.4144091342         2.0158349990       112.3404761139       104.1446819069        -4.1446819069         1.3993761929
        9.9904274000        79.9270934122         2.8171323892         1.4144091342         2.0209387539       112.3404761139       107.3071892893        -7.3071892893         1.3917226017
        9.9954401000        86.4316738776         2.8246065165         1.3990951731         2.0260425088        89.4838176980       100.4296930013        -0.4296930013         1.4044785871
       10.0004525000        87.7837515218         2.8261565411         1.4041998268         2.0336981412        97.1027038366        99.1459092058         0.8540907942         1.3942737988
