% Stabilization Loop  omega_cmd=0 rad/s
% Kp_stab=1.8554  Ki_stab=57.8598  (Tustin integrator)
% LPF=OFF  fc=20.0 Hz
% Vg_offset=1.338158V  K_gimbal=26.049690  samples=601

Time[s]               OmegaU[deg/s]           Vc[V]                  Vg[V]                  Pot[V]                 Omega_h[deg/s]         omega_LPF[deg/s]       Error[deg/s]           disturbance[V]      
        0.0004271000      1072.7949294121         4.3095362871         1.3378393285         0.9032164269        -0.4761803837         2.4225878020       500.4761803837         1.4044785871
        0.0055110000      1088.0610700079         4.3456380170         1.3812288851         0.9083201818        64.2843517946        16.5181178754       435.7156482054         1.3917226017
        0.0104383000      1336.0153029095         5.0000000000         1.3403916554         0.9032164269         3.3332626856        24.7850462631       496.6667373144         1.3993761929
        0.0155166000       649.2418510901         3.5065048765         1.6185952828         0.9210795691       418.5625572401       113.7922009340        81.4374427599         1.4044785871
        0.0204520000       573.7560933264         3.3983964735         1.6517755319         0.9491502211       468.0853171411       271.3460848563        31.9146828589         1.3993761929
        0.0255025000       689.6533816881         3.5680962026         1.6160429559         0.9746689957       414.7531141708       352.6605057758        85.2468858292         1.3917226017
        0.0304792000       744.7907559437         3.6566930421         1.6058336485         1.0129471576       399.5153418936       378.7051793805       100.4846581064         1.4019273900
        0.0355270000       659.5775642171         3.5219991689         1.6441185513         1.0333621773       456.6569879332       402.3149419818        43.3430120668         1.3942737988
        0.0404311000       679.7355357654         3.5527264280         1.6415662245         1.0690884617       452.8475448639       427.3859843591        47.1524551361         1.3942737988
        0.0454455000       678.1389165608         3.5502677918         1.6466708782         1.0946072363       460.4664310025       441.3808740525        39.5335689975         1.4070297842
        0.0504313000       666.7192758918         3.5328078694         1.6543278587         1.1252297658       471.8947602104       453.2379792145        28.1052397896         1.3993761929
        0.0554668000       629.1367738184         3.4768580708         1.6696418199         1.1609560502       494.7514186263       467.6221050492         5.2485813737         1.3866202076
        0.0604438000       668.7496132927         3.5358961598         1.6568801856         1.1813710699       475.7042032797       476.0396473953        24.2957967203         1.3993761929
        0.0655073000       614.8272712792         3.4561440272         1.6772988005         1.2170973543       506.1797478342       483.1646657866        -6.1797478342         1.3840690105
        0.0704398000       590.1828186560         3.4211969469         1.6849557810         1.2502717613       517.6080770421       496.9005336685       -17.6080770421         1.3917226017
        0.0754661000       592.7077075987         3.4247360046         1.6824034542         1.2911018006       513.7986339728       505.8904344382       -13.7986339728         1.4019273900
        0.0804331000       573.4780057884         3.3980137886         1.6875081079         1.3268280851       521.4175201114       511.4928086545       -21.4175201114         1.3993761929
        0.0854574000       552.0441686523         3.3688400431         1.6926127616         1.3523468597       529.0364062500       518.0593063539       -29.0364062500         1.3942737988
        0.0904482000       558.8817407451         3.3780784056         1.6875081079         1.3880731441       521.4175201114       521.4862666355       -21.4175201114         1.3993761929
        0.0957797000       560.3045620249         3.3800087685         1.6849557810         1.4237994285       517.6080770421       520.5427230455       -17.6080770421         1.3840690105
        0.1004981000       539.9727925517         3.3526824625         1.6900604347         1.4569738355       525.2269631807       520.9609761611       -25.2269631807         1.4019273900
        0.1055699000       540.2935461687         3.3531093148         1.6875081079         1.5003557523       521.4175201114       522.0899313032       -21.4175201114         1.3891714046
        0.1104438000       488.3841644782         3.2856978349         1.7028220690         1.5335301593       544.2741785273       527.2324910998       -44.2741785273         1.3840690105
        0.1155185000       544.1456688898         3.3582461400         1.6798511273         1.5539451789       509.9891909035       527.1842941111        -9.9891909035         1.3968249959
        0.1204411000       518.3991486037         3.3242747285         1.6875081079         1.5947752183       521.4175201114       521.6950914970       -21.4175201114         1.3917226017
        0.1254992000       496.9653114677         3.2966187891         1.6926127616         1.6381571351       529.0364062500       523.3837303747       -29.0364062500         1.3917226017
        0.1304365000       442.8517944515         3.2290898842         1.7079267227         1.6687796646       551.8930646659       531.5504056781       -51.8930646659         1.4019273900
        0.1354687000       412.6014160126         3.1926119415         1.7130313764         1.7045059490       559.5119508045       543.0978746023       -59.5119508045         1.3993761929
        0.1404563000       418.2413329411         3.1993504582         1.7053743959         1.7402322334       548.0836215966       548.2136569214       -48.0836215966         1.3968249959
        0.1454457000       472.9007696898         3.2662017499         1.6824034542         1.7657510080       513.7986339728       539.9554112011       -13.7986339728         1.4070297842
        0.1505279000       438.4332956023         3.2237089452         1.6926127616         1.8091329248       529.0364062500       531.0921776501       -29.0364062500         1.4019273900
        0.1554296000       483.3652983881         3.2793492075         1.6747464736         1.8320998220       502.3703047649       523.7345594580        -2.3703047649         1.3917226017
        0.1604521000       497.9173441208         3.2978356355         1.6696418199         1.8601704740       494.7514186263       511.6986508678         5.2485813737         1.3917226017
        0.1654279000       476.5790944861         3.2708094912         1.6772988005         1.8933448810       506.1797478342       506.3279589437        -6.1797478342         1.3968249959
        0.1705038000       497.6479586946         3.2974912121         1.6696418199         1.9341749203       494.7514186263       503.5250724200         5.2485813737         1.4044785871
        0.1754152000       499.1663674758         3.2994336819         1.6696418199         1.9596936949       494.7514186263       499.3302617863         5.2485813737         1.4019273900
        0.1804514000       485.4470039797         3.2819790378         1.6747464736         2.0030756117       502.3703047649       498.9624004872        -2.3703047649         1.3968249959
        0.1854368000       446.6668467421         3.2337511316         1.6875081079         2.0362500187       521.4175201114       505.1451431754       -21.4175201114         1.3993761929
        0.1904428000       501.4218709923         3.3023240745         1.6670894930         2.0668725482       490.9419755570       505.6398026099         9.0580244430         1.3942737988
        0.1954258000       481.1856890205         3.2766008641         1.6747464736         2.0974950777       502.3703047649       501.3445838041        -2.3703047649         1.3891714046
        0.2004404000       510.9755070304         3.3146336599         1.6645371662         2.1255657297       487.1325324877       498.1922962797        12.8674675123         1.3942737988
        0.2054488000       484.2225065828         3.2804315373         1.6747464736         2.1663957691       502.3703047649       496.5471629624        -2.3703047649         1.3993761929
        0.2105059000       506.3934384541         3.3087162262         1.6670894930         2.1995701761       490.9419755570       496.5992665355         9.0580244430         1.3917226017
        0.2154326000       455.6817119279         3.2448227116         1.6849557810         2.2276408281       517.6080770421       500.2691581721       -17.6080770421         1.3993761929
        0.2204513000       481.0632592864         3.2764466445         1.6747464736         2.2684708674       502.3703047649       504.9164462484        -2.3703047649         1.3968249959
        0.2254372000       533.7097357122         3.3443744203         1.6568801856         2.2965415195       475.7042032797       497.3243750349        24.2957967203         1.3993761929
        0.2304508000       533.1195966690         3.3435941955         1.6594325125         2.3297159265       479.5136463490       487.8981334510        20.4863536510         1.3968249959
        0.2354353000       508.5707315471         3.3115249140         1.6696418199         2.3679940883       494.7514186263       487.5320885696         5.2485813737         1.3968249959
        0.2405206000       502.4702541897         3.3036695940         1.6721941467         2.3986166179       498.5608616956       491.8944294526         1.4391383044         1.4019273900
        0.2454272000       540.9810260011         3.3540246504         1.6594325125         2.4394466572       479.5136463490       490.5283726011        20.4863536510         1.3917226017
        0.2504423000       493.5755024634         3.2922945998         1.6772988005         2.4751729416       506.1797478342       491.6367970334        -6.1797478342         1.3917226017
        0.2554255000       537.5010250877         3.3493975693         1.6619848393         2.5083473486       483.3230894183       493.1259426146        16.6769105817         1.3968249959
        0.2604278000       511.8500923030         3.3157659986         1.6721941467         2.5415217556       498.5608616956       492.0817564121         1.4391383044         1.3942737988
        0.2654365000       512.2664334214         3.3163053668         1.6721941467         2.5644886527       498.5608616956       495.1795102532         1.4391383044         1.3993761929
        0.2704510000       497.4450022625         3.2972317773         1.6772988005         2.5976630597       506.1797478342       498.6175329962        -6.1797478342         1.4044785871
        0.2754371000       518.5138664709         3.3244242415         1.6696418199         2.6308374666       494.7514186263       499.5011125123         5.2485813737         1.4044785871
        0.2804544000       512.4133891135         3.3164957974         1.6721941467         2.6767712609       498.5608616956       498.1408901292         1.4391383044         1.3993761929
        0.2854253000       459.4975272615         3.2495337917         1.6900604347         2.7124975453       525.2269631807       504.7164087880       -25.2269631807         1.4044785871
        0.2907760000       497.9127115716         3.2978297119         1.6747464736         2.7354644424       502.3703047649       509.0587518618        -2.3703047649         1.3993761929
        0.2954472000       512.4647573043         3.3165623684         1.6696418199         2.7737426043       494.7514186263       504.0395589080         5.2485813737         1.4095809812
        0.3004423000       513.9831660854         3.3185316075         1.6696418199         2.8018132564       494.7514186263       499.5987648515         5.2485813737         1.3993761929
        0.3054139000       469.7882580349         3.2623141732         1.6849557810         2.8426432957       517.6080770421       502.7452278924       -17.6080770421         1.3968249959
        0.3104754000       472.3131469776         3.2654670043         1.6824034542         2.8758177027       513.7986339728       508.9406959141       -13.7986339728         1.3993761929
        0.3154373000       491.1778758604         3.2892440576         1.6747464736         2.9115439871       502.3703047649       508.5313216327        -2.3703047649         1.4044785871
        0.3204525000       482.8732631772         3.2787283227         1.6772988005         2.9447183941       506.1797478342       506.4963253423        -6.1797478342         1.4044785871
        0.3254365000       488.7043551085         3.2861038226         1.6747464736         2.9778928011       502.3703047649       505.4342901783        -2.3703047649         1.4044785871
        0.3304341000       488.0186285639         3.2852344930         1.6747464736         3.0136190855       502.3703047649       503.9693544861        -2.3703047649         1.4044785871
        0.3354260000       494.9517881580         3.2940486515         1.6721941467         3.0416897375       498.5608616956       502.2941508289         1.4391383044         1.4019273900
        0.3404372000       502.9870154150         3.3043332938         1.6696418199         3.0748641445       494.7514186263       499.5985364749         5.2485813737         1.4095809812
        0.3454548000       481.6487657803         3.2771843327         1.6772988005         3.1207979388       506.1797478342       500.0130840551        -6.1797478342         1.4019273900
        0.3504226000       487.4798577115         3.2845518390         1.6747464736         3.1488685908       502.3703047649       502.0507802154        -2.3703047649         1.3968249959
        0.3555141000       486.7941311670         3.2836834569         1.6747464736         3.1794911203       502.3703047649       502.2035495187        -2.3703047649         1.3917226017
        0.3604633000       486.1084046225         3.2828156039         1.6747464736         3.2203211597       502.3703047649       502.2832776111        -2.3703047649         1.3942737988
        0.3654368000       470.1849058007         3.2628090164         1.6798511273         3.2534955666       509.9891909035       504.1462363179        -9.9891909035         1.3993761929
        0.3704247000       421.5817270988         3.2033546287         1.6951650884         3.2815662187       532.8458493193       512.4038866216       -32.8458493193         1.4070297842
        0.3754275000       465.4116622217         3.2568651750         1.6772988005         3.3172925031       506.1797478342       515.8027601314        -6.1797478342         1.4044785871
        0.3804322000       478.8616402916         3.2736761778         1.6721941467         3.3479150326       498.5608616956       509.3805091590         1.4391383044         1.4044785871
        0.3854886000       471.6590952713         3.2646496342         1.6747464736         3.3810894396       502.3703047649       505.1181542765        -2.3703047649         1.4044785871
        0.3904326000       493.8300271426         3.2926188228         1.6670894930         3.4117119691       490.9419755570       501.0723430753         9.0580244430         1.4019273900
        0.3954380000       504.0693897253         3.3057244583         1.6645371662         3.4423344986       487.1325324877       495.3181931255        12.8674675123         1.4044785871
        0.4004216000       484.9352754163         3.2813321194         1.6721941467         3.4831645379       498.5608616956       494.1365351654         1.4391383044         1.3840690105
        0.4054356000       462.4949581188         3.2532449749         1.6798511273         3.5163389449       509.9891909035       498.9838942497        -9.9891909035         1.3866202076
        0.4104214000       474.8428685258         3.2686327400         1.6747464736         3.5546171068       502.3703047649       502.4243358085        -2.3703047649         1.3993761929
        0.4154366000       481.7760281199         3.2773447225         1.6721941467         3.5877915138       498.5608616956       501.4878279023         1.4391383044         1.3968249959
        0.4204320000       466.9545969610         3.2587838659         1.6772988005         3.6209659207       506.1797478342       501.9097528396        -6.1797478342         1.3993761929
        0.4254252000       419.4534859219         3.2008023427         1.6926127616         3.6490365728       529.0364062500       509.4153484380       -29.0364062500         1.4019273900
        0.4304338000       456.7666025691         3.2461606261         1.6772988005         3.6873147347       506.1797478342       513.3324103458        -6.1797478342         1.3942737988
        0.4354470000       409.2654915301         3.1886390539         1.6926127616         3.7153853867       529.0364062500       515.3766683648       -29.0364062500         1.4019273900
        0.4404206000       515.1485834248         3.3200449514         1.6543278587         3.7434560388       471.8947602104       508.2474631382        28.1052397896         1.3942737988
        0.4455500000       485.1849674900         3.2816477392         1.6670894930         3.7791823232       490.9419755570       495.4200850911         9.0580244430         1.3993761929
        0.4504431000       480.1865577954         3.2753427837         1.6696418199         3.8200123625       494.7514186263       494.1897111103         5.2485813737         1.3866202076
        0.4554350000       481.7049665766         3.2772551608         1.6696418199         3.8455311371       494.7514186263       494.4582715888         5.2485813737         1.3866202076
        0.4604229000       498.4611476350         3.2985311743         1.6645371662         3.8787055441       487.1325324877       492.7770796553        12.8674675123         1.3942737988
        0.4654371000       509.8025778805         3.3131165000         1.6619848393         3.9067761961       483.3230894183       489.1676652228        16.6769105817         1.3968249959
        0.4704310000       499.3894173731         3.2997192516         1.6670894930         3.9425024806       490.9419755570       488.1946388601         9.0580244430         1.4044785871
        0.4754462000       479.1532354012         3.2740428079         1.6747464736         3.9833325199       502.3703047649       492.2402048772        -2.3703047649         1.3968249959
        0.4804314000       501.3241672726         3.3021987451         1.6670894930         4.0062994170       490.9419755570       494.3515273343         9.0580244430         1.4070297842
        0.4854343000       496.3257575780         3.2958019299         1.6696418199         4.0471294564       494.7514186263       493.6320462547         5.2485813737         1.4070297842
        0.4904239000       490.2252802206         3.2880338756         1.6721941467         4.0752001084       498.5608616956       495.0779092410         1.4391383044         1.3917226017
        0.4954360000       521.1171658933         3.3278215173         1.6619848393         4.1083745154       483.3230894183       493.1004595939        16.6769105817         1.3917226017
        0.5004217000       480.2284608314         3.2753955248         1.6772988005         4.1466526773       506.1797478342       493.8898069590        -6.1797478342         1.3917226017
        0.5054345000       508.9162111785         3.3119711012         1.6670894930         4.1798270842       490.9419755570       496.1231057123         9.0580244430         1.3917226017
        0.5104323000       488.6800292067         3.2860729744         1.6747464736         4.2130014912       502.3703047649       496.3779571831        -2.3703047649         1.3866202076
        0.5154243000       495.6131888008         3.2948923714         1.6721941467         4.2538315306       498.5608616956       498.3323102511         1.4391383044         1.3968249959
        0.5204327000       488.4106437805         3.2857314051         1.6747464736         4.2895578150       502.3703047649       499.3522588823        -2.3703047649         1.3968249959
        0.5254454000       480.1060310973         3.2752414345         1.6772988005         4.3227322219       506.1797478342       501.7059051048        -6.1797478342         1.3942737988
        0.5304320000       508.7937814444         3.3118129667         1.6670894930         4.3559066289       490.9419755570       500.2022144137         9.0580244430         1.3993761929
        0.5354329000       511.4142578885         3.3152016017         1.6670894930         4.3814254035       490.9419755570       495.7747604316         9.0580244430         1.3968249959
        0.5404207000       529.2725066097         3.3385188373         1.6619848393         4.4145998105       483.3230894183       491.6427863954        16.6769105817         1.3866202076
        0.5454995000       457.9082569933         3.2475698386         1.6875081079         4.4554298498       521.4175201114       496.7717679107       -21.4175201114         1.3917226017
        0.5504577000       497.4255089662         3.2972068619         1.6721941467         4.4937080117       498.5608616956       503.0912087986         1.4391383044         1.3942737988
        0.5554227000       497.8418500846         3.2977391039         1.6721941467         4.5166749088       498.5608616956       500.9251843977         1.4391383044         1.3993761929
        0.5604311000       543.9715080346         3.3580134759         1.6568801856         4.5524011933       475.7042032797       494.3307182540        24.2957967203         1.3942737988
        0.5654448000       520.5247105756         3.3270476330         1.6670894930         4.5881274777       490.9419755570       489.0678118780         9.0580244430         1.3917226017
        0.5704296000       515.5263008810         3.3205357892         1.6696418199         4.6289575170       494.7514186263       490.8745514930         5.2485813737         1.3993761929
        0.5754469000       509.4258235236         3.3126295274         1.6721941467         4.6646838015       498.5608616956       493.6388125630         1.4391383044         1.4019273900
        0.5804289000       509.8421646419         3.3131676776         1.6721941467         4.6953063310       498.5608616956       495.9921153632         1.4391383044         1.4095809812
        0.5854389000       479.7829612058         3.2748348974         1.6824034542         4.7284807379       513.7986339728       500.8629696306       -13.7986339728         1.4044785871
        0.5904443000       483.4099178113         3.2794055247         1.6798511273         4.7616551449       509.9891909035       506.1370227533        -9.9891909035         1.3968249959
        0.5954285000       495.7578282183         3.2950769489         1.6747464736         4.8075889392       502.3703047649       506.1574502318        -2.3703047649         1.3917226017
        0.6004935000       449.3587848421         3.2370487455         1.6900604347         4.8433152236       525.2269631807       509.8108105722       -25.2269631807         1.3917226017
        0.6054183000       503.0117414293         3.3043650585         1.6696418199         4.8688339982       494.7514186263       509.8960967857         5.2485813737         1.4044785871
        0.6105033000       512.1490363491         3.3161532581         1.6670894930         4.9122159150       490.9419755570       501.7445324755         9.0580244430         1.3917226017
        0.6154399000       499.5317405160         3.2999014976         1.6721941467         4.9402865670       498.5608616956       498.4010237131         1.4391383044         1.4044785871
        0.6204934000       484.7103093570         3.2810478139         1.6772988005         4.9760128515       506.1797478342       500.2987943290        -6.1797478342         1.4044785871
        0.6254157000       513.3980597041         3.3177724456         1.6670894930         5.0066353810       490.9419755570       499.4678636287         9.0580244430         1.3917226017
        0.6304874000       508.3996500095         3.3113040151         1.6696418199         5.0066353810       494.7514186263       496.3021882498         5.2485813737         1.4019273900
        0.6354294000       502.2991726521         3.3034499356         1.6721941467         5.0066353810       498.5608616956       496.4714177722         1.4391383044         1.3942737988
        0.6404452000       487.4777414932         3.2845491583         1.6772988005         5.0117391359       506.1797478342       499.2917608659        -6.1797478342         1.3993761929
        0.6454169000       508.5466057017         3.3114937608         1.6696418199         1.1124703785       494.7514186263       499.8529822968         5.2485813737         1.3993761929
        0.6505088000       471.9705837898         3.2650388449         1.6824034542         1.1150222560       513.7986339728       501.9672254207       -13.7986339728         1.3942737988
        0.6554394000       452.7408819795         3.2412020020         1.6875081079         0.0024036839       521.4175201114       509.4453425478       -21.4175201114         1.3942737988
        0.6604315000       522.7336785068         3.3299352756         1.6619848393        -0.0052519485       483.3230894183       506.0626647691        16.6769105817         1.3968249959
        0.6654385000       497.0827457221         3.2967688315         1.6721941467        -0.0052519485       498.5608616956       498.8332448048         1.4391383044         1.3993761929
        0.6704929000       489.8802007018         3.2875957397         1.6747464736         0.0049555613       502.3703047649       499.6136893888        -2.3703047649         1.3993761929
        0.6754282000       466.3378157415         3.2580165771         1.6824034542         0.0432337232       513.7986339728       503.6636916765       -13.7986339728         1.3942737988
        0.6804860000       500.4403169014         3.3010654958         1.6696418199         0.0789600076       494.7514186263       503.9559795918         5.2485813737         1.3968249959
        0.6854910000       463.8642949896         3.2549434828         1.6824034542         0.1121344146       513.7986339728       504.1085204321       -13.7986339728         1.3942737988
        0.6904847000       467.4912515951         3.2594518022         1.6798511273         0.1555163314       509.9891909035       507.8308288275        -9.9891909035         1.3917226017
        0.6954192000       495.0769342793         3.2942082562         1.6696418199         0.1835869834       494.7514186263       505.2200733838         5.2485813737         1.3993761929
        0.7004944000       473.7386846446         3.2672500965         1.6772988005         0.2193132679       506.1797478342       502.9468829522        -6.1797478342         1.3968249959
        0.7054401000       479.5697765759         3.2745666980         1.6747464736         0.2499357974       502.3703047649       503.5818874745        -2.3703047649         1.3917226017
        0.7104319000       456.0273916155         3.2452488826         1.6824034542         0.2933177142       513.7986339728       505.7346369280       -13.7986339728         1.3942737988
        0.7154311000       482.5110066369         3.2782713738         1.6721941467         0.3290439986       498.5608616956       505.9474508829         1.4391383044         1.3993761929
        0.7204960000       429.5951447849         3.2130011196         1.6900604347         0.3647702830       525.2269631807       508.7905400623       -25.2269631807         1.3993761929
        0.7254304000       490.8669875108         3.2888489900         1.6670894930         0.3928409351       490.9419755570       508.4529574630         9.0580244430         1.4044785871
        0.7304438000       501.1063500934         3.3019193806         1.6645371662         0.4260153420       487.1325324877       499.1700291450        12.8674675123         1.4070297842
        0.7354286000       489.5911219231         3.2872288102         1.6696418199         0.4540859941       494.7514186263       495.2360778521         5.2485813737         1.3993761929
        0.7404357000       475.8717584271         3.2699222903         1.6747464736         0.4923641560       502.3703047649       496.8257050415        -2.3703047649         1.3968249959
        0.7454838000       490.4238041598         3.2882859962         1.6696418199         0.5280904404       494.7514186263       497.6553085060         5.2485813737         1.3993761929
        0.7504412000       507.1799852182         3.3097302105         1.6645371662         0.5561610925       487.1325324877       494.4455670341        12.8674675123         1.3942737988
        0.7554404000       495.6647570478         3.2949581760         1.6696418199         0.5944392543       494.7514186263       492.7704493317         5.2485813737         1.3917226017
        0.7604474000       512.4209381062         3.3165055804         1.6645371662         0.6276136613       487.1325324877       491.8962296036        12.8674675123         1.3917226017
        0.7654322000       485.6679376587         3.2822584290         1.6747464736         0.6684437007       502.3703047649       493.2613367249        -2.3703047649         1.3917226017
        0.7704891000       462.1255526983         3.2527871035         1.6824034542         0.7016181076       513.7986339728       500.3484905950       -13.7986339728         1.3942737988
        0.7754938000       442.8958508880         3.2291436317         1.6875081079         0.7347925146       521.4175201114       508.6005482285       -21.4175201114         1.3942737988
        0.7805210000       535.7453058312         3.3470690834         1.6543278587         0.7679669216       471.8947602104       502.8897541679        28.1052397896         1.3942737988
        0.7854948000       505.7816898964         3.3079280945         1.6670894930         0.8087969609       490.9419755570       492.6239741835         9.0580244430         1.3917226017
        0.7904528000       516.0210524791         3.3211789748         1.6645371662         0.8343157355       487.1325324877       490.9091114563        12.8674675123         1.3993761929
        0.7954398000       489.2680520315         3.2868188477         1.6747464736         0.8700420199       502.3703047649       492.7461740249        -2.3703047649         1.3866202076
        0.8004257000       511.4389839028         3.3152336152         1.6670894930         0.8981126720       490.9419755570       494.6155853227         9.0580244430         1.3993761929
        0.8054909000       506.4405742083         3.3087769709         1.6696418199         0.9312870789       494.7514186263       493.7698543039         5.2485813737         1.3968249959
        0.8106115000       485.1023245736         3.2815432678         1.6772988005         0.9695652408       506.1797478342       496.9711790382        -6.1797478342         1.3968249959
        0.8154925000       506.1711887821         3.3084298446         1.6696418199         1.0052915252       494.7514186263       498.6419041669         5.2485813737         1.3942737988
        0.8204386000       484.8329391474         3.2812027828         1.6772988005         1.0308102998       506.1797478342       499.5138314742        -6.1797478342         1.4044785871
        0.8254301000       528.7584617717         3.3378420968         1.6619848393         1.0588809519       483.3230894183       497.2368530879        16.6769105817         1.4044785871
        0.8304262000       518.3453012642         3.3242045543         1.6670894930         1.0920553588       490.9419755570       492.4058314296         9.0580244430         1.4044785871
        0.8355007000       513.3468915696         3.3177060760         1.6696418199         1.1226778884       494.7514186263       492.6166156719         5.2485813737         1.3942737988
        0.8404898000       537.7219587667         3.3496908601         1.6619848393         1.1533004179       483.3230894183       490.9052711554        16.6769105817         1.3993761929
        0.8454401000       519.6899121206         3.3259579300         1.6696418199         1.1941304572       494.7514186263       490.0121451764         5.2485813737         1.3993761929
        0.8504166000       513.5894347632         3.3180207045         1.6721941467         1.2170973543       498.5608616956       493.1887351658         1.4391383044         1.3968249959
        0.8555030000       514.0057758815         3.3185609515         1.6721941467         1.2604792711       498.5608616956       495.7572264720         1.4391383044         1.3968249959
        0.8604801000       552.5165476929         3.3694762572         1.6594325125         1.2859980457       479.5136463490       492.5443105588        20.4863536510         1.3968249959
        0.8654908000       512.7299102938         3.3169060461         1.6747464736         1.3166205752       502.3703047649       491.7782110452        -2.3703047649         1.3993761929
        0.8704353000       527.2819560265         3.3359001339         1.6696418199         1.3523468597       494.7514186263       495.0210943116         5.2485813737         1.3993761929
        0.8754202000       513.5625925305         3.3179858811         1.6747464736         1.3880731441       502.3703047649       496.7135082377        -2.3703047649         1.3993761929
        0.8804264000       535.7335244018         3.3470534720         1.6670894930         1.4237994285       490.9419755570       496.6860797314         9.0580244430         1.3993761929
        0.8854805000       515.4973424300         3.3204981520         1.6747464736         1.4544219580       502.3703047649       496.6717651902        -2.3703047649         1.3866202076
        0.8904242000       514.8116158855         3.3196072146         1.6747464736         1.4952519974       502.3703047649       499.3963192889        -2.3703047649         1.3917226017
        0.8954823000       491.2692309251         3.2893601698         1.6824034542         1.5284264043       513.7986339728       503.5502493618       -13.7986339728         1.3917226017
        0.9004862000       510.1339598078         3.3135449677         1.6747464736         1.5590489338       502.3703047649       505.7181254540        -2.3703047649         1.3891714046
        0.9054917000       517.0671194019         3.3225398666         1.6721941467         1.5947752183       498.5608616956       503.2068091322         1.4391383044         1.3840690105
        0.9104395000       517.4834605203         3.3230818834         1.6721941467         1.6228458703       498.5608616956       500.9855145417         1.4391383044         1.3993761929
        0.9154909000       487.4242570841         3.2844814084         1.6824034542         1.6560202773       513.7986339728       503.4689525211       -13.7986339728         1.3917226017
        0.9204237000       506.2889859669         3.3085816258         1.6747464736         1.6866428068       502.3703047649       505.6756978074        -2.3703047649         1.3917226017
        0.9254910000       551.3165762540         3.3678606848         1.6594325125         1.7121615814       479.5136463490       498.6312923381        20.4863536510         1.4019273900
        0.9304248000       549.6243695480         3.3655856665         1.6619848393         1.7427841109       483.3230894183       490.4015444775        16.6769105817         1.3968249959
        0.9354364000       523.9734367633         3.3315585937         1.6721941467         1.7810622728       498.5608616956       490.6599323843         1.4391383044         1.4070297842
        0.9404272000       493.9142333272         3.2927261041         1.6824034542         1.8142366797       513.7986339728       498.0801803691       -13.7986339728         1.3968249959
        0.9454803000       520.3978483486         3.3268819780         1.6721941467         1.8474110867       498.5608616956       501.9527005904         1.4391383044         1.4044785871
        0.9504928000       505.5764171897         3.3076637361         1.6772988005         1.8805854937       506.1797478342       502.1523631794        -6.1797478342         1.3993761929
        0.9554909000       549.5019398140         3.3654212190         1.6619848393         1.9061042683       483.3230894183       498.6138646655        16.6769105817         1.3917226017
        0.9604368000       523.8510070293         3.3313982009         1.6721941467         1.9443824302       498.5608616956       494.9458236452         1.4391383044         1.3942737988
        0.9654945000       531.8862342862         3.3419650012         1.6696418199         1.9750049597       494.7514186263       495.7635506807         5.2485813737         1.3917226017
        0.9705007000       487.6913262357         3.2848197429         1.6849557810         2.0132831215       517.6080770421       500.7436850249       -17.6080770421         1.3942737988
        0.9754893000       528.3106458714         3.3372528193         1.6696418199         2.0439056511       494.7514186263       503.3427451900         5.2485813737         1.4019273900
        0.9804937000       537.4479407912         3.3493271090         1.6670894930         2.0796319355       490.9419755570       498.3244329554         9.0580244430         1.4019273900
        0.9854850000       517.2117588194         3.3227281424         1.6747464736         2.1128063424       502.3703047649       497.5267980682        -2.3703047649         1.3968249959
        0.9904877000       501.2882599977         3.3021526879         1.6798511273         2.1485326269       509.9891909035       501.6638983624        -9.9891909035         1.3942737988
        0.9955026000       521.2550565433         3.3280016970         1.6721941467         2.1766032789       498.5608616956       502.9123163527         1.4391383044         1.3891714046
        1.0004161000       514.0525115230         3.3186216092         1.6747464736         2.2174333183       502.3703047649       501.7424978983        -2.3703047649         1.3968249959
        1.0054917000       490.5101265626         3.2883956375         1.6824034542         2.2378483379       513.7986339728       504.7746860822       -13.7986339728         1.3968249959
        1.0104348000       532.2315138612         3.3424208980         1.6670894930         2.2710227449       490.9419755570       503.6251166378         9.0580244430         1.3993761929
        1.0154927000       511.9953318894         3.3159541321         1.6747464736         2.3169565392       502.3703047649       500.2931483018        -2.3703047649         1.4070297842
        1.0204844000       488.4529469291         3.2857850383         1.6824034542         2.3552347011       513.7986339728       504.0182914669       -13.7986339728         1.3993761929
        1.0255108000       446.3665867029         3.2333837569         1.6951650884         2.3909609855       532.8458493193       513.2477889360       -32.8458493193         1.4019273900
        1.0304898000       505.4342941031         3.3074807337         1.6721941467         2.4190316375       498.5608616956       514.4218307899         1.4391383044         1.3942737988
        1.0354366000       498.2317490828         3.2982377256         1.6747464736         2.4445504121       502.3703047649       507.7491472026        -2.3703047649         1.3866202076
        1.0404861000       482.3082502610         3.2780156814         1.6798511273         2.4828285740       509.9891909035       506.9987946911        -9.9891909035         1.3866202076
        1.0455104000       487.0372745294         3.2839913053         1.6772988005         2.5236586133       506.1797478342       507.5178714395        -6.1797478342         1.3917226017
        1.0504761000       492.8683664606         3.2913942140         1.6747464736         2.5593848978       502.3703047649       505.9674203280        -2.3703047649         1.3968249959
        1.0554208000       476.9448676389         3.2712684886         1.6798511273         2.5900074273       509.9891909035       506.0689371762        -9.9891909035         1.3917226017
        1.0604788000       504.5305503231         3.3063176043         1.6696418199         2.6129743244       494.7514186263       504.3005675854         5.2485813737         1.3993761929
        1.0654319000       513.6678452429         3.3181224343         1.6670894930         2.6538043638       490.9419755570       498.8243066257         9.0580244430         1.4044785871
        1.0704854000       508.6694355483         3.3116523757         1.6696418199         2.6895306482       494.7514186263       495.9663251476         5.2485813737         1.3993761929
        1.0754736000       525.4256166067         3.3334624967         1.6645371662         2.7201531777       487.1325324877       493.5641110204        12.8674675123         1.4095809812
        1.0804874000       544.3859329909         3.3585671780         1.6594325125         2.7533275847       479.5136463490       488.6677306382        20.4863536510         1.4095809812
        1.0854208000       542.6937262849         3.3563076859         1.6619848393         2.7788463592       483.3230894183       485.2017055721        16.6769105817         1.3942737988
        1.0904803000       539.8994519160         3.3525848811         1.6645371662         2.8094688888       487.1325324877       485.2141869319        12.8674675123         1.3917226017
        1.0954205000       505.5275653298         3.3076008301         1.6772988005         2.8528508056       506.1797478342       490.6847500751        -6.1797478342         1.3866202076
        1.1004772000       526.5964295383         3.3349994355         1.6696418199         2.8834733351       494.7514186263       495.3611077124         5.2485813737         1.3917226017
        1.1054312000       505.2581799036         3.3072539965         1.6772988005         2.9191996195       506.1797478342       497.8016312030        -6.1797478342         1.3891714046
        1.1105111000       480.6137272804         3.2758805297         1.6849557810         2.9523740265       517.6080770421       504.5393544558       -17.6080770421         1.4044785871
        1.1154729000       490.7575023617         3.2887098858         1.6798511273         2.9804446785       509.9891909035       508.9663497637        -9.9891909035         1.4019273900
        1.1204905000       480.2487543528         3.2754210678         1.6824034542         3.0161709629       513.7986339728       510.3660597735       -13.7986339728         1.3993761929
        1.1254339000       499.1134832356         3.2993659830         1.6747464736         3.0518972474       502.3703047649       509.2751984384        -2.3703047649         1.3942737988
        1.1304874000       521.2844151069         3.3280400625         1.6670894930         3.0876235318       490.9419755570       503.2418443656         9.0580244430         1.3866202076
        1.1354217000       508.6671192737         3.3116493844         1.6721941467         3.1233498162       498.5608616956       499.1824491566         1.4391383044         1.3917226017
        1.1404742000       493.8456881148         3.2926387747         1.6772988005         3.1565242232       506.1797478342       500.7066089786        -6.1797478342         1.3917226017
        1.1454211000       537.7712107391         3.3497562510         1.6619848393         3.1794911203       483.3230894183       497.8593464352        16.6769105817         1.3968249959
        1.1504795000       504.5013918158         3.3062800931         1.6747464736         3.2152174047       502.3703047649       495.4627263652        -2.3703047649         1.3968249959
        1.1554320000       480.9590068554         3.2763153351         1.6824034542         3.2585993215       513.7986339728       501.4973640443       -13.7986339728         1.3968249959
        1.1604856000       515.0615080154         3.3199318231         1.6696418199         3.2892218510       494.7514186263       502.8254044980         5.2485813737         1.3993761929
        1.1654728000       531.8176890738         3.3418745143         1.6645371662         3.3121887482       487.1325324877       497.1437654388        12.8674675123         1.4019273900
        1.1704849000       505.0646886263         3.3070049297         1.6747464736         3.3453631551       502.3703047649       495.9999498650        -2.3703047649         1.4019273900
        1.1755776000       489.1411898045         3.2866578971         1.6798511273         3.3785375621       509.9891909035       500.8670583438        -9.9891909035         1.4019273900
        1.1804792000       493.8702140729         3.2926700212         1.6772988005         3.4193676015       506.1797478342       504.3178068264        -6.1797478342         1.3866202076
        1.1854843000       492.0824198655         3.2903941522         1.6772988005         3.4474382535       506.1797478342       505.2080277221        -6.1797478342         1.3917226017
        1.1904758000       452.2001949650         3.2405372637         1.6900604347         3.4831645379       525.2269631807       510.2259955646       -25.2269631807         1.3993761929
        1.1954841000       490.6153792751         3.2885293344         1.6747464736         3.5163389449       502.3703047649       511.9341256023        -2.3703047649         1.3993761929
        1.2004863000       505.1674250078         3.3071371690         1.6696418199         3.5495133519       494.7514186263       505.5401749220         5.2485813737         1.3917226017
        1.2054319000       514.3047199276         3.3189489935         1.6670894930         3.5826877588       490.9419755570       499.4712397858         9.0580244430         1.3993761929
        1.2104921000       494.0685379558         3.2929227143         1.6747464736         3.6235177982       502.3703047649       498.1252999848        -2.3703047649         1.4044785871
        1.2154788000       523.8583559657         3.3314078281         1.6645371662         3.6566922051       487.1325324877       496.5121985641        12.8674675123         1.4070297842
        1.2204886000       481.8675832409         3.2774601214         1.6798511273         3.6924184896       509.9891909035       497.4916940047        -9.9891909035         1.4095809812
        1.2254838000       494.2154936479         3.2931099861         1.6747464736         3.7255928965       502.3703047649       501.6455780588        -2.3703047649         1.4095809812
        1.2304823000       508.7675393806         3.3117790739         1.6696418199         3.7536635486       494.7514186263       500.1707306000         5.2485813737         1.3942737988
        1.2354829000       510.2859481618         3.3137415287         1.6696418199         3.7868379556       494.7514186263       497.5796792513         5.2485813737         1.3942737988
        1.2404930000       496.5665846658         3.2961094665         1.6747464736         3.8251161174       502.3703047649       498.0487967533        -2.3703047649         1.3917226017
        1.2454837000       503.4997442599         3.3049921262         1.6721941467         3.8582905244       498.5608616956       499.2042972838         1.4391383044         1.3917226017
        1.2504206000       511.5349715168         3.3153579004         1.6696418199         3.8965686863       494.7514186263       497.9859865495         5.2485813737         1.3993761929
        1.2554721000       497.8156080207         3.2977055507         1.6747464736         3.9297430933       502.3703047649       498.2608426622        -2.3703047649         1.3968249959
        1.2611238000       527.6054260307         3.3363253399         1.6645371662         3.9654693777       487.1325324877       496.5829363292        12.8674675123         1.3993761929
        1.2654944000       477.9957671673         3.2725880427         1.6824034542         3.9960919072       513.7986339728       498.4392859060       -13.7986339728         1.3993761929
        1.2704859000       504.4793821886         3.3062517793         1.6721941467         4.0267144367       498.5608616956       502.1401125821         1.4391383044         1.4070297842
        1.2754854000       512.5146094456         3.3166269777         1.6696418199         4.0624407211       494.7514186263       499.5181461393         5.2485813737         1.4095809812
        1.2804700000       514.0330182268         3.3185963087         1.6696418199         4.0879594957       494.7514186263       497.2391048494         5.2485813737         1.3917226017
        1.2854882000       523.1703131466         3.3305067787         1.6670894930         4.1185820252       490.9419755570       495.1390312423         9.0580244430         1.3917226017
        1.2904915000       502.9341311748         3.3042653577         1.6747464736         4.1543083097       502.3703047649       495.8643829343        -2.3703047649         1.3942737988
        1.2954878000       502.2484046302         3.3033847592         1.6747464736         4.1951383490       502.3703047649       498.9749581540        -2.3703047649         1.4044785871
        1.3004829000       501.5626780857         3.3025047144         1.6747464736         4.2308646334       502.3703047649       500.5983224220        -2.3703047649         1.4044785871
        1.3054832000       516.1147238184         3.3213007829         1.6696418199         4.2563834080       494.7514186263       499.6241830130         5.2485813737         1.3993761929
        1.3104807000       517.6331325996         3.3232767872         1.6696418199         4.2997653248       494.7514186263       497.2944439618         5.2485813737         1.3993761929
        1.3156428000       534.3893136580         3.3452734456         1.6645371662         4.3227322219       487.1325324877       494.2572370419        12.8674675123         1.3993761929
        1.3204692000       522.8740854877         3.3301190258         1.6696418199         4.3661141388       494.7514186263       492.6721626297         5.2485813737         1.3968249959
        1.3254986000       539.6302665461         3.3522267837         1.6645371662         4.4018404232       487.1325324877       491.8449351938        12.8674675123         1.3968249959
        1.3304806000       490.0206076827         3.2877739934         1.6824034542         4.4401185851       513.7986339728       495.9665915644       -13.7986339728         1.3917226017
        1.3354847000       493.6475642882         3.2923863873         1.6798511273         4.4758448695       509.9891909035       503.5816737797        -9.9891909035         1.3917226017
        1.3404810000       528.8521331110         3.3379653902         1.6670894930         4.5039155215       490.9419755570       502.0918258691         9.0580244430         1.3942737988
        1.3454749000       508.6159511392         3.3115833070         1.6747464736         4.5345380510       502.3703047649       499.4929460015        -2.3703047649         1.4019273900
        1.3504798000       507.9302245947         3.3106980774         1.6747464736         4.5702643355       502.3703047649       500.8686527961        -2.3703047649         1.4044785871
        1.3554763000       484.3878396343         3.2806403848         1.6824034542         4.6034387424       513.7986339728       504.3186389480       -13.7986339728         1.3993761929
        1.3604917000       548.9658853488         3.3647014261         1.6594325125         4.6391650269       479.5136463490       500.6550875761        20.4863536510         1.3993761929
        1.3654860000       493.9414756725         3.2927608135         1.6798511273         4.6723394338       509.9891909035       497.8324581596        -9.9891909035         1.4019273900
        1.3704689000       483.4327276636         3.2794343155         1.6824034542         4.7106175957       513.7986339728       504.5554425991       -13.7986339728         1.3942737988
        1.3754850000       494.6785704078         3.2937002669         1.6772988005         4.7463438801       506.1797478342       507.1533961660        -6.1797478342         1.3942737988
        1.3804695000       500.5096623390         3.3011543755         1.6747464736         4.7897257969       502.3703047649       505.7772059484        -2.3703047649         1.3917226017
        1.3854960000       484.5861635173         3.2808909462         1.6798511273         4.8203483265       509.9891909035       505.9696670396        -9.9891909035         1.3993761929
        1.3904985000       504.5529600629         3.3063464342         1.6721941467         4.8586264883       498.5608616956       505.1594348189         1.4391383044         1.3866202076
        1.3955604000       497.3504150426         3.2971108848         1.6747464736         4.8918008953       502.3703047649       502.9152365613        -2.3703047649         1.4095809812
        1.4004925000       504.2835746367         3.3059999122         1.6721941467         4.9198715474       498.5608616956       501.7440219130         1.4391383044         1.3968249959
        1.4055168000       504.6999157550         3.3065355059         1.6721941467         4.9632534642       498.5608616956       500.2221070252         1.4391383044         1.4044785871
        1.4104697000       497.4973707347         3.2972987142         1.6747464736         4.9964278711       502.3703047649       500.3385165164        -2.3703047649         1.4019273900
        1.4154865000       504.4305303288         3.3061889369         1.6721941467         5.0066353810       498.5608616956       500.3992689480         1.4391383044         1.3942737988
        1.4204791000       489.6090991699         3.2872516260         1.6772988005         5.0040835035       506.1797478342       501.3416496481        -6.1797478342         1.3891714046
        1.4254917000       541.1535079328         3.3542543958         1.6594325125         5.0015316260       479.5136463490       497.2800901024        20.4863536510         1.3993761929
        1.4304795000       547.0801873654         3.3621724185         1.6594325125         4.9964278711       479.5136463490       488.7856966681        20.4863536510         1.3993761929
        1.4354714000       522.5313222436         3.3296704958         1.6696418199         1.1048147461       494.7514186263       487.9952949898         5.2485813737         1.3891714046
        1.4404792000       524.0497310247         3.3316585548         1.6696418199         0.0049555613       494.7514186263       491.2254953076         5.2485813737         1.3968249959
        1.4454910000       548.4247982218         3.3639752631         1.6619848393        -0.0052519485       483.3230894183       490.1792655351        16.6769105817         1.4044785871
        1.4504835000       522.7738654371         3.3299878656         1.6721941467         0.0024036839       498.5608616956       490.5439282156         1.4391383044         1.3993761929
        1.4554811000       469.8580035851         3.2624011731         1.6900604347         0.0049555613       525.2269631807       500.7516641203       -25.2269631807         1.3993761929
        1.4604687000       515.8920740338         3.3210112717         1.6721941467         0.0253705810       498.5608616956       506.0789340156         1.4391383044         1.4070297842
        1.4654790000       531.5461874293         3.3415161622         1.6670894930         0.0610968654       490.9419755570       500.6630852568         9.0580244430         1.4044785871
        1.4704685000       496.0722331803         3.2954782514         1.6798511273         0.0866156400       509.9891909035       500.5686566846        -9.9891909035         1.3942737988
        1.4754688000       493.1823713100         3.2917939609         1.6798511273         0.1248938019       509.9891909035       505.0727501952        -9.9891909035         1.3917226017
        1.4804971000       551.2435985487         3.3677624940         1.6594325125         0.1580682088       479.5136463490       500.1379724575        20.4863536510         1.3942737988
        1.4854707000       519.0758472883         3.3251569113         1.6721941467         0.2040020031       498.5608616956       494.8305585991         1.4391383044         1.3942737988
        1.4904785000       489.0166438521         3.2864999029         1.6824034542         0.2346245326       513.7986339728       500.2567699366       -13.7986339728         1.3917226017
        1.4954951000       500.2624865963         3.3008375972         1.6772988005         0.2754545720       506.1797478342       504.9099810073        -6.1797478342         1.3917226017
        1.5004274000       498.4746923889         3.2985485028         1.6772988005         0.3060771015       506.1797478342       505.5170748719        -6.1797478342         1.3993761929
        1.5054819000       511.9246704587         3.3158625989         1.6721941467         0.3366996310       498.5608616956       504.0125586216         1.4391383044         1.4019273900
        1.5104696000       512.3410115771         3.3164020046         1.6721941467         0.3647702830       498.5608616956       501.4060235594         1.4391383044         1.4019273900
        1.5154864000       535.6140111112         3.3468951163         1.6645371662         0.4004965675       487.1325324877       497.3136859167        12.8674675123         1.4044785871
        1.5204764000       508.8610106637         3.3118998001         1.6747464736         0.4413266068       502.3703047649       496.0886289075        -2.3703047649         1.4019273900
        1.5254758000       500.5563979805         3.3012142796         1.6772988005         0.4745010138       506.1797478342       500.0026637713        -6.1797478342         1.3866202076
        1.5304785000       468.2930592187         3.2604503235         1.6875081079         0.5127791757       521.4175201114       506.5987164381       -21.4175201114         1.3866202076
        1.5354649000       492.5725389143         3.2910177113         1.6772988005         0.5510573375       506.1797478342       510.0411010302        -6.1797478342         1.3968249959
        1.5404877000       467.9280862911         3.2599957245         1.6849557810         0.5816798670       517.6080770421       510.9269569323       -17.6080770421         1.3917226017
        1.5454754000       493.3096336496         3.2919560057         1.6747464736         0.6225099064       502.3703047649       510.4785974458        -2.3703047649         1.3942737988
        1.5504766000       462.1483625506         3.2528153718         1.6849557810         0.6505805584       517.6080770421       510.2446051074       -17.6080770421         1.3993761929
        1.5554754000       449.4354792161         3.2371428008         1.6875081079         0.6888587203       521.4175201114       514.6758623047       -21.4175201114         1.3917226017
        1.5604669000       458.4771866345         3.2482726001         1.6824034542         0.7194812498       513.7986339728       516.0777965330       -13.7986339728         1.3968249959
        1.5654760000       484.9608016559         3.2813643822         1.6721941467         0.7552075343       498.5608616956       511.3453964508         1.4391383044         1.3942737988
        1.5704815000       492.9960289128         3.2915567223         1.6696418199         0.7807263088       494.7514186263       504.3222507997         5.2485813737         1.4019273900
        1.5754650000       456.4200070009         3.2457330656         1.6824034542         0.8164525933       513.7986339728       504.2996720839       -13.7986339728         1.3917226017
        1.5804811000       498.1413942995         3.2981221598         1.6670894930         0.8572826326       490.9419755570       503.3772136947         9.0580244430         1.3993761929
        1.5854644000       455.0485539119         3.2440424376         1.6824034542         0.8904570396       513.7986339728       502.8957959883       -13.7986339728         1.3968249959
        1.5904700000       512.0077134877         3.3159701715         1.6619848393         0.9210795691       483.3230894183       500.8232012752        16.6769105817         1.3891714046
        1.5954745000       486.3567807030         3.2831298867         1.6721941467         0.9517020986       498.5608616956       496.0988445030         1.4391383044         1.3968249959
        1.6004671000       517.2486663758         3.3227761887         1.6619848393         0.9848765056       483.3230894183       493.6332709575        16.6769105817         1.3993761929
        1.6054748000       506.8355058683         3.3092860308         1.6670894930         1.0231546675       490.9419755570       490.5251739775         9.0580244430         1.4070297842
        1.6104689000       547.5504130054         3.3628026211         1.6543278587         1.0563290744       471.8947602104       486.1710784160        28.1052397896         1.4070297842
        1.6154637000       487.1112525162         3.2840849834         1.6772988005         1.0946072363       506.1797478342       487.5414383816        -6.1797478342         1.4044785871
        1.6204772000       515.7990028633         3.3208902694         1.6670894930         1.1175741334       490.9419755570       492.8099838681         9.0580244430         1.3968249959
        1.6254254000       518.4194793073         3.3243012245         1.6670894930         1.1481966629       490.9419755570       491.9168621070         9.0580244430         1.3891714046
        1.6304824000       536.2777280286         3.3477747769         1.6619848393         1.1813710699       483.3230894183       489.6294049957        16.6769105817         1.3993761929
        1.6354759000       510.6267952439         3.3141824351         1.6721941467         1.2196492318       498.5608616956       490.2569639440         1.4391383044         1.3917226017
        1.6404667000       495.8053640850         3.2951376158         1.6772988005         1.2553755162       506.1797478342       496.0485271946        -6.1797478342         1.3942737988
        1.6454753000       532.1120005707         3.3422630791         1.6645371662         1.2783424134       487.1325324877       496.3390357321        12.8674675123         1.3968249959
        1.6504718000       490.1212278459         3.2879017496         1.6798511273         1.3038611879       509.9891909035       497.4013228245        -9.9891909035         1.4019273900
        1.6554760000       510.0880243915         3.3134855666         1.6721941467         1.3523468597       498.5608616956       500.6877397618         1.4391383044         1.3993761929
        1.6604802000       502.8854793712         3.3042028616         1.6747464736         1.3702100019       502.3703047649       500.5815235145        -2.3703047649         1.4019273900
        1.6654644000       555.5319557970         3.3735445646         1.6568801856         1.4059362863       475.7042032797       495.0620414877        24.2957967203         1.3942737988
        1.6704871000       524.4662721994         3.3322044373         1.6696418199         1.4442144482       494.7514186263       490.3601537917         5.2485813737         1.3993761929
        1.6756189000       518.3657948420         3.3242312612         1.6721941467         1.4824926101       498.5608616956       493.3703558344         1.4391383044         1.3917226017
        1.6804712000       488.3065914058         3.2855994931         1.6824034542         1.5105632621       513.7986339728       499.4947112096       -13.7986339728         1.3840690105
        1.6854754000       514.7902064272         3.3195794074         1.6721941467         1.5335301593       498.5608616956       502.6909238000         1.4391383044         1.3917226017
        1.6904701000       545.6820921000         3.3603004009         1.6619848393         1.5667045662       483.3230894183       497.0735819054        16.6769105817         1.3993761929
        1.6954757000       504.7933870380         3.3066557785         1.6772988005         1.6100864830       506.1797478342       495.9633220928        -6.1797478342         1.4044785871
        1.7005116000       503.0055928307         3.3043571595         1.6772988005         1.6432608900       506.1797478342       500.8479428387        -6.1797478342         1.3993761929
        1.7054645000       447.8855956530         3.2352432082         1.6951650884         1.6789871744       532.8458493193       509.7718800224       -32.8458493193         1.3968249959
        1.7104968000       514.5721891918         3.3192962721         1.6696418199         1.7070578265       494.7514186263       511.6971292615         5.2485813737         1.3942737988
        1.7154664000       508.4717118343         3.3113970564         1.6721941467         1.7376803560       498.5608616956       504.5058150720         1.4391383044         1.3866202076
        1.7204744000       501.2691668140         3.3021281982         1.6747464736         1.7657510080       502.3703047649       502.5741218583        -2.3703047649         1.4019273900
        1.7254671000       485.3456679923         3.2818509073         1.6798511273         1.8065810474       509.9891909035       504.2980237287        -9.9891909035         1.3968249959
        1.7304624000       482.4558061221         3.2782017569         1.6798511273         1.8474110867       509.9891909035       507.0190529765        -9.9891909035         1.3917226017
        1.7354782000       471.9470581132         3.2650094455         1.6824034542         1.8729298613       513.7986339728       509.3497937133       -13.7986339728         1.3866202076
        1.7404614000       475.5740147187         3.2695489976         1.6798511273         1.9035523908       509.9891909035       510.5661736311        -9.9891909035         1.3917226017
        1.7454794000       518.3974696802         3.3242725405         1.6645371662         1.9316230429       487.1325324877       504.8262605513        12.8674675123         1.4019273900
        1.7504862000       484.0255830940         3.2801828249         1.6772988005         1.9775568371       506.1797478342       500.9200079571        -6.1797478342         1.3968249959
        1.7554652000       482.2377888866         3.2779268345         1.6772988005         2.0030756117       506.1797478342       503.4347655810        -6.1797478342         1.4070297842
        1.7604721000       495.6877669565         3.2949875392         1.6721941467         2.0388018961       498.5608616956       502.9258314863         1.4391383044         1.4019273900
        1.7654661000       526.5796526293         3.3349774001         1.6619848393         2.0719763031       483.3230894183       497.1961768331        16.6769105817         1.3993761929
        1.7704717000       500.9287198446         3.3016915997         1.6721941467         2.1025988326       498.5608616956       494.2059528471         1.4391383044         1.3993761929
        1.7757043000       508.9639471015         3.3120327634         1.6696418199         2.1383251170       494.7514186263       495.3774228002         5.2485813737         1.4019273900
        1.7804636000       540.9579004371         3.3539938502         1.6594325125         2.1638438916       479.5136463490       491.4354216260        20.4863536510         1.3942737988
        1.7854813000       531.6468075925         3.3416489587         1.6645371662         2.1970182986       487.1325324877       487.5567983969        12.8674675123         1.4044785871
        1.7904620000       489.6560348677         3.2873111963         1.6798511273         2.2301927056       509.9891909035       492.8180000381        -9.9891909035         1.3968249959
        1.7954771000       494.3850591361         3.2933261014         1.6772988005         2.2786783773       506.1797478342       500.1171195832        -6.1797478342         1.3968249959
        1.8004731000       507.8350372060         3.3105752410         1.6721941467         2.3118527843       498.5608616956       501.1943999708         1.4391383044         1.3968249959
        1.8054719000       523.4891506015         3.3309242494         1.6670894930         2.3373715588       490.9419755570       498.1139175068         9.0580244430         1.4019273900
        1.8104770000       465.1585379366         3.2565506455         1.6875081079         2.3782015982       521.4175201114       501.9703075152       -21.4175201114         1.3968249959
        1.8154701000       458.9624730778         3.2488723048         1.6875081079         2.4139278826       521.4175201114       511.2683008156       -21.4175201114         1.3917226017
        1.8205312000       506.0986111893         3.3083363369         1.6696418199         2.4445504121       494.7514186263       509.7460650034         5.2485813737         1.3917226017
        1.8254765000       484.7603615547         3.2811110635         1.6772988005         2.4751729416       506.1797478342       505.3089325905        -6.1797478342         1.3866202076
        1.8304643000       513.4481119018         3.3178373709         1.6670894930         2.5083473486       490.9419755570       502.0825824047         9.0580244430         1.3968249959
        1.8354763000       485.5930437913         3.2821637126         1.6772988005         2.5491773879       506.1797478342       500.3987968546        -6.1797478342         1.3942737988
        1.8404966000       483.8052495839         3.2799045972         1.6772988005         2.5823517949       506.1797478342       503.1627530366        -6.1797478342         1.3993761929
        1.8454646000       520.1118860696         3.3265086453         1.6645371662         2.6002149371       487.1325324877       500.0518474183        12.8674675123         1.3993761929
        1.8504728000       531.4533163151         3.3413936042         1.6619848393         2.6384930990       483.3230894183       492.9642614181        16.6769105817         1.3942737988
        1.8554627000       521.0401558077         3.3277208997         1.6670894930         2.6742193834       490.9419755570       490.1760275642         9.0580244430         1.4070297842
        1.8604722000       508.4228599745         3.3113339815         1.6721941467         2.6997381580       498.5608616956       492.3635881326         1.4391383044         1.4019273900
        1.8654863000       531.6958595086         3.3417137011         1.6645371662         2.7405681974       487.1325324877       492.5945695055        12.8674675123         1.3968249959
        1.8704619000       535.4184036155         3.3466359752         1.6645371662         2.7737426043       487.1325324877       489.9830906960        12.8674675123         1.3993761929
        1.8754757000       531.5220615838         3.3414843233         1.6670894930         2.8018132564       490.9419755570       489.5308725176         9.0580244430         1.3942737988
        1.8806305000       465.5725627803         3.2570651432         1.6900604347         2.8451951732       525.2269631807       498.4016152201       -25.2269631807         1.3993761929
        1.8854955000       481.1310886745         3.2765320843         1.6824034542         2.8809214576       513.7986339728       508.4951769809       -13.7986339728         1.3942737988
        1.8904725000       530.4713621117         3.3400984335         1.6645371662         2.9038883547       487.1325324877       504.6561122034        12.8674675123         1.3968249959
        1.8954661000       511.3372478028         3.3151018990         1.6721941467         2.9447183941       498.5608616956       499.0098602252         1.4391383044         1.4019273900
        1.9004746000       488.8969305053         3.2863480557         1.6798511273         2.9778928011       509.9891909035       501.5272121924        -9.9891909035         1.4070297842
        1.9054768000       478.3881824964         3.2730810857         1.6824034542         3.0085153306       513.7986339728       506.4836813499       -13.7986339728         1.3942737988
        1.9104628000       459.1584806861         3.2491145947         1.6875081079         3.0467934924       521.4175201114       511.8024156469       -21.4175201114         1.3993761929
        1.9154693000       475.8190742432         3.2698562311         1.6798511273         3.0825197769       509.9891909035       513.6675113520        -9.9891909035         1.4044785871
        1.9204630000       495.7858707888         3.2951127375         1.6721941467         3.1029347965       498.5608616956       509.1768285531         1.4391383044         1.3917226017
        1.9254704000       496.2022119071         3.2956441879         1.6721941467         3.1463167133       498.5608616956       504.1011814273         1.4391383044         1.3917226017
        1.9304694000       496.6185530254         3.2961758390         1.6721941467         3.1769392429       498.5608616956       501.4522745213         1.4391383044         1.3917226017
        1.9354598000       497.0348941438         3.2967076910         1.6721941467         3.2152174047       498.5608616956       500.0698482764         1.4391383044         1.3968249959
        1.9404728000       489.8323491235         3.2875349948         1.6747464736         3.2432880568       502.3703047649       500.2590548751        -2.3703047649         1.4044785871
        1.9454595000       473.9088503017         3.2674630897         1.6798511273         3.2815662187       509.9891909035       503.0898237164        -9.9891909035         1.4019273900
        1.9504732000       463.4001022929         3.2543674852         1.6824034542         3.3070849933       513.7986339728       507.2991857289       -13.7986339728         1.3993761929
        1.9554699000       459.4081727598         3.2494233024         1.6824034542         3.3428112777       513.7986339728       510.4066658333       -13.7986339728         1.4019273900
        1.9604652000       485.8917877811         3.2825415642         1.6721941467         3.3810894396       498.5608616956       508.3857152707         1.4391383044         1.3866202076
        1.9654726000       478.6892427609         3.2734594618         1.6747464736         3.4117119691       502.3703047649       504.5989857182        -2.3703047649         1.3942737988
        1.9704612000       516.0979469094         3.3212789658         1.6619848393         3.4346788662       483.3230894183       498.9800467379        16.6769105817         1.3942737988
        1.9754596000       520.9225586792         3.3275672671         1.6619848393         3.4704051506       483.3230894183       491.4942292439        16.6769105817         1.3866202076
        1.9804719000       495.2716258945         3.2944565915         1.6721941467         3.5061314351       498.5608616956       491.2301887776         1.4391383044         1.3917226017
        1.9854577000       526.1635115672         3.3344309386         1.6619848393         3.5342020871       483.3230894183       491.0923898730        16.6769105817         1.3993761929
        1.9904794000       523.3692371984         3.3307672256         1.6645371662         3.5673764941       487.1325324877       488.2884499645        12.8674675123         1.3993761929
        1.9954809000       527.0917813053         3.3356502081         1.6645371662         3.6056546560       487.1325324877       487.7357891190        12.8674675123         1.4044785871
        2.0004513000       492.7198947191         3.2912052400         1.6772988005         3.6388290629       506.1797478342       492.0007378264        -6.1797478342         1.4070297842
        2.0054693000       506.1698727889         3.3084281490         1.6721941467         3.6796591023       498.5608616956       496.9585775911         1.4391383044         1.4019273900
        2.0104596000       506.5862139073         3.3089646763         1.6721941467         3.7102816318       498.5608616956       497.7246527700         1.4391383044         1.3866202076
        2.0154692000       545.0969857187         3.3595177230         1.6594325125         3.7332485289       479.5136463490       493.5710819200        20.4863536510         1.3993761929
        2.0204748000       482.4536899037         3.2781990881         1.6824034542         3.7791823232       513.7986339728       495.0460928355       -13.7986339728         1.3917226017
        2.0254590000       486.0806465093         3.2827804844         1.6798511273         3.8098048527       509.9891909035       503.1012787917        -9.9891909035         1.3993761929
        2.0304710000       475.5718985004         3.2695463448         1.6824034542         3.8429792597       513.7986339728       507.3051639672       -13.7986339728         1.3968249959
        2.0354574000       486.8177412445         3.2837133472         1.6772988005         3.8787055441       506.1797478342       508.5884360222        -6.1797478342         1.3993761929
        2.0404708000       515.5054915916         3.3205087433         1.6670894930         3.9016724412       490.9419755570       503.7941078660         9.0580244430         1.3993761929
        2.0454685000       510.5070818970         3.3140275627         1.6696418199         3.9399506031       494.7514186263       498.5599926151         5.2485813737         1.3917226017
        2.0504718000       504.4066045396         3.3061581602         1.6721941467         3.9705731326       498.5608616956       497.6497332514         1.4391383044         1.4019273900
        2.0554687000       497.2040595193         3.2969238475         1.6747464736         4.0062994170       502.3703047649       498.9960318075        -2.3703047649         1.4019273900
        2.0604580000       496.5183329748         3.2960478437         1.6747464736         4.0471294564       502.3703047649       500.6093204573        -2.3703047649         1.3917226017
        2.0654684000       495.8326064303         3.2951723845         1.6747464736         4.0752001084       502.3703047649       501.4512724961        -2.3703047649         1.3866202076
        2.0704875000       533.2413105788         3.3437550774         1.6619848393         4.1032707605       483.3230894183       497.3373006830        16.6769105817         1.3917226017
        2.0754584000       477.1148332397         3.2714818229         1.6824034542         4.1389970449       513.7986339728       497.9223028802       -13.7986339728         1.3968249959
        2.0805062000       549.3117650927         3.3651658161         1.6568801856         4.1747233293       475.7042032797       496.4062573079        24.2957967203         1.4044785871
        2.0854580000       487.7705369407         3.2849201058         1.6798511273         4.2130014912       509.9891909035       494.7043801427        -9.9891909035         1.4044785871
        2.0904678000       469.6429027932         3.2621328754         1.6849557810         4.2512796531       517.6080770421       503.8336187578       -17.6080770421         1.3968249959
        2.0954691000       495.0244501517         3.2941413186         1.6747464736         4.2767984277       502.3703047649       506.7766867316        -2.3703047649         1.3917226017
        2.1004551000       479.1009513300         3.2739770629         1.6798511273         4.3125247121       509.9891909035       506.4912816206        -9.9891909035         1.3968249959
        2.1054734000       499.0677478756         3.2993074382         1.6721941467         4.3405953642       498.5608616956       505.4316579329         1.4391383044         1.4019273900
        2.1104791000       545.1974058256         3.3596520196         1.6568801856         4.3788735260       475.7042032797       496.6825816860        24.2957967203         1.4095809812
        2.1154639000       559.8450390596         3.3793850251         1.6543278587         4.4094960556       471.8947602104       485.7418410070        28.1052397896         1.3917226017
        2.1204664000       507.0247647090         3.3095300480         1.6747464736         4.4426704625       502.3703047649       486.4067506955        -2.3703047649         1.3993761929
        2.1254676000       536.8145827190         3.3484867157         1.6645371662         4.4783967469       487.1325324877       490.3964569905        12.8674675123         1.3993761929
        2.1304650000       532.9182406873         3.3433280841         1.6670894930         4.5166749088       490.9419755570       489.7466024147         9.0580244430         1.4019273900
        2.1354695000       520.3009448541         3.3267554561         1.6721941467         4.5498493158       498.5608616956       492.1394773511         1.4391383044         1.4044785871
        2.1404569000       452.1473107249         3.2404722619         1.6951650884         4.5804718453       532.8458493193       503.4057079302       -32.8458493193         1.4019273900
        2.1454698000       503.5961319864         3.3051160146         1.6747464736         4.6161981297       502.3703047649       510.1960657874        -2.3703047649         1.3993761929
        2.1504549000       541.0048361350         3.3540563631         1.6619848393         4.6570281691       483.3230894183       501.9010819638        16.6769105817         1.3866202076
        2.1554699000       515.3539033503         3.3203117398         1.6721941467         4.6902025760       498.5608616956       496.6613748620         1.4391383044         1.3866202076
        2.1604649000       508.1513583300         3.3109834855         1.6747464736         4.7233769830       502.3703047649       498.4802218431        -2.3703047649         1.3891714046
        2.1654575000       515.0845179241         3.3199617166         1.6721941467         4.7667588998       498.5608616956       499.4294518052         1.4391383044         1.3891714046
        2.1704671000       515.5008590424         3.3205027225         1.6721941467         4.7999333068       498.5608616956       499.0141663251         1.4391383044         1.3891714046
        2.1754588000       515.9172001607         3.3210439402         1.6721941467         4.8331077137       498.5608616956       498.7974348327         1.4391383044         1.4044785871
        2.1804551000       531.5713135563         3.3415493220         1.6670894930         4.8662821207       490.9419755570       496.8629760307         9.0580244430         1.4044785871
        2.1854703000       511.3351315845         3.3150991593         1.6747464736         4.8994565277       502.3703047649       496.7640848132        -2.3703047649         1.4019273900
        2.1904565000       495.4116327627         3.2946352017         1.6798511273         4.9351828121       509.9891909035       501.2658493337        -9.9891909035         1.3968249959
        2.1954698000       484.9028847539         3.2812911815         1.6824034542         4.9734609740       513.7986339728       506.3472798499       -13.7986339728         1.3942737988
        2.2004602000       496.1487274980         3.2955759050         1.6772988005         5.0117391359       506.1797478342       508.0885301401        -6.1797478342         1.3917226017
        2.2054583000       486.7420471520         3.2836175210         1.6798511273         5.0117391359       509.9891909035       508.0865886267        -9.9891909035         1.3917226017
        2.2104667000       476.2332991432         3.2703756973         1.6824034542         5.0117391359       513.7986339728       509.9069251462       -13.7986339728         1.3917226017
        2.2154604000       533.1924587190         3.3436905026         1.6619848393         5.0015316260       483.3230894183       504.4822082914        16.6769105817         1.4044785871
        2.2204642000       522.7792982115         3.3299949753         1.6670894930         1.1175741334       490.9419755570       496.1870776350         9.0580244430         1.3993761929
        2.2254695000       502.5431162397         3.3037631550         1.6747464736         1.1124703785       502.3703047649       496.4113432053        -2.3703047649         1.3917226017
        2.2304575000       486.6196174180         3.2834625428         1.6798511273         0.0075074388       509.9891909035       501.0817585847        -9.9891909035         1.3942737988
        2.2355016000       521.8241862408         3.3287456202         1.6670894930         0.0024036839       490.9419755570       500.7871562457         9.0580244430         1.3942737988
        2.2404551000       448.2558012987         3.2356967294         1.6926127616         0.0100593162       529.0364062500       505.1867819594       -29.0364062500         1.4019273900
        2.2454811000       493.1878040845         3.2918008782         1.6747464736         0.0151630711       502.3703047649       510.2149077080        -2.3703047649         1.4019273900
        2.2504740000       469.6454191241         3.2621360137         1.6824034542         0.0457856007       513.7986339728       509.1963143591       -13.7986339728         1.3993761929
        2.2554536000       488.5101480069         3.2858575627         1.6747464736         0.0662006203       502.3703047649       508.6647252062        -2.3703047649         1.3993761929
        2.2604699000       495.4433076010         3.2946756132         1.6721941467         0.0993750273       498.5608616956       504.7445969727         1.4391383044         1.3993761929
        2.2654528000       480.6218764421         3.2758907903         1.6772988005         0.1376531892       506.1797478342       503.6094135662        -6.1797478342         1.3968249959
        2.2704553000       501.6907406505         3.3026690248         1.6696418199         0.1759313511       494.7514186263       502.1063028630         5.2485813737         1.3968249959
        2.2754640000       480.3524910159         3.2755516463         1.6772988005         0.2065538806       506.1797478342       501.3218511027        -6.1797478342         1.3968249959
        2.2804557000       478.5646968085         3.2733029189         1.6772988005         0.2473839199       506.1797478342       503.6444817131        -6.1797478342         1.3942737988
        2.2856002000       469.1580164625         3.2615282518         1.6798511273         0.2831102043       509.9891909035       505.7673039568        -9.9891909035         1.3917226017
        2.2904853000       473.8870407309         3.2674357893         1.6772988005         0.3239402437       506.1797478342       506.8751742169        -6.1797478342         1.3968249959
        2.2954530000       456.8614742463         3.2462776813         1.6824034542         0.3520108957       513.7986339728       508.3640305837       -13.7986339728         1.4019273900
        2.3004659000       475.7262031290         3.2697397900         1.6747464736         0.3928409351       502.3703047649       508.2303683280        -2.3703047649         1.4019273900
        2.3054515000       497.8971350003         3.2978097942         1.6670894930         0.4209115871       490.9419755570       502.6965626259         9.0580244430         1.3993761929
        2.3104667000       485.2798391671         3.2817676787         1.6721941467         0.4540859941       498.5608616956       498.8978744944         1.4391383044         1.3993761929
        2.3154516000       500.9339525627         3.3016983092         1.6670894930         0.4821566461       490.9419755570       496.9153940391         9.0580244430         1.3993761929
        2.3204572000       495.9355428681         3.2953037676         1.6696418199         0.5204348080       494.7514186263       494.9700912471         5.2485813737         1.3968249959
        2.3254631000       520.3106100651         3.3267680750         1.6619848393         0.5587129699       483.3230894183       492.1335160569        16.6769105817         1.4019273900
        2.3304580000       502.2785634191         3.3034234769         1.6696418199         0.5842317445       494.7514186263       490.6531484458         5.2485813737         1.3968249959
        2.3354624000       534.2725167547         3.3451188908         1.6594325125         0.6199580289       479.5136463490       488.9698910931        20.4863536510         1.4044785871
        2.3404787000       486.8669932170         3.2837757019         1.6772988005         0.6607880683       506.1797478342       490.8234480501        -6.1797478342         1.4070297842
        2.3454513000       553.6491742572         3.3710029319         1.6543278587         0.6863068429       471.8947602104       489.9694428798        28.1052397896         1.4044785871
        2.3504700000       523.6855583224         3.3311814796         1.6670894930         0.7220331273       490.9419755570       485.8810503849         9.0580244430         1.4019273900
        2.3554524000       526.3060347664         3.3346180704         1.6670894930         0.7577594117       490.9419755570       488.3007518260         9.0580244430         1.3840690105
        2.3604658000       521.3076250719         3.3280703938         1.6696418199         0.7934856961       494.7514186263       490.4742339337         5.2485813737         1.3840690105
        2.3654753000       522.8260338530         3.3300561380         1.6696418199         0.8266601031       494.7514186263       492.5192177287         5.2485813737         1.3866202076
        2.3704555000       478.6311258025         3.2733864120         1.6849557810         0.8649382650       517.6080770421       499.0505145288       -17.6080770421         1.3942737988
        2.3754657000       473.5371286066         3.2669978531         1.6849557810         0.9032164269       517.6080770421       507.9231532716       -17.6080770421         1.3968249959
        2.3804715000       529.3942205196         3.3386791227         1.6645371662         0.9287352015       487.1325324877       505.2682561773        12.8674675123         1.4044785871
        2.3854635000       510.2601062106         3.3137081063         1.6721941467         0.9619096084       498.5608616956       499.3293293214         1.4391383044         1.4070297842
        2.3904671000       525.9142196062         3.3341036817         1.6670894930         0.9950840154       490.9419755570       497.1405640800         9.0580244430         1.4044785871
        2.3954524000       536.1535821888         3.3476101964         1.6645371662         1.0206027900       487.1325324877       493.2662544711        12.8674675123         1.4044785871
        2.4004669000       570.3516708502         3.3937190056         1.6543278587         1.0537771970       471.8947602104       486.6909338410        28.1052397896         1.4070297842
        2.4054538000       525.1502826382         3.3331013128         1.6721941467         1.0843997265       498.5608616956       485.9913936502         1.4391383044         1.3891714046
        2.4104649000       578.8988267268         3.4054932180         1.6543278587         1.1175741334       471.8947602104       485.6263137310        28.1052397896         1.3942737988
        2.4154636000       571.7918692079         3.3956957685         1.6594325125         1.1481966629       479.5136463490       480.8824093773        20.4863536510         1.3917226017
        2.4204972000       532.0052318088         3.3421221048         1.6747464736         1.1839229474       502.3703047649       485.6920333006        -2.3703047649         1.4019273900
        2.4254637000       538.9383914029         3.3513068144         1.6721941467         1.2119935994       498.5608616956       492.7554809587         1.4391383044         1.3968249959
        2.4304631000       478.4036434123         3.2731005148         1.6926127616         1.2502717613       529.0364062500       502.8165164298       -29.0364062500         1.4019273900
        2.4354518000       500.4789877823         3.3011150594         1.6824034542         1.2783424134       513.7986339728       511.7099250228       -13.7986339728         1.3993761929
        2.4404714000       466.0115136947         3.2576108126         1.6926127616         1.3140686978       529.0364062500       516.3512664824       -29.0364062500         1.4019273900
        2.4454524000       488.0868580647         3.2853209671         1.6824034542         1.3574506146       513.7986339728       518.7735155357       -13.7986339728         1.3866202076
        2.4504755000       476.4760423930         3.2706802006         1.6849557810         1.3829693892       517.6080770421       517.3056276709       -17.6080770421         1.3866202076
        2.4554626000       509.4764758901         3.3126949880         1.6721941467         1.4212475511       498.5608616956       512.8968586666         1.4391383044         1.3866202076
        2.4604833000       464.1795001767         3.2553347363         1.6875081079         1.4595257129       521.4175201114       511.5066607013       -21.4175201114         1.3917226017
        2.4654740000       480.8400937338         3.2761655747         1.6798511273         1.4927001199       509.9891909035       513.5131611187        -9.9891909035         1.3891714046
        2.4704922000       493.1880041408         3.2918011329         1.6747464736         1.5182188945       502.3703047649       510.0069502799        -2.3703047649         1.4044785871
        2.4754632000       484.8833914576         3.2812665449         1.6772988005         1.5488414240       506.1797478342       507.2664346145        -6.1797478342         1.4044785871
        2.4804608000       505.9522556661         3.3081477941         1.6696418199         1.5845677084       494.7514186263       504.0148493143         5.2485813737         1.4044785871
        2.4854522000       507.4706644473         3.3101051294         1.6696418199         1.6177421154       494.7514186263       499.5858692715         5.2485813737         1.4019273900
        2.4904518000       486.1324148126         3.2828459822         1.6772988005         1.6432608900       506.1797478342       500.0064732246        -6.1797478342         1.3993761929
        2.4954552000       491.9635067439         3.2902429052         1.6747464736         1.6840909293       502.3703047649       502.0473301185        -2.3703047649         1.3917226017
        2.5004515000       544.6099831696         3.3588666195         1.6568801856         1.7096097039       475.7042032797       495.8270247774        24.2957967203         1.3942737988
        2.5054636000       528.7820718492         3.3378731721         1.6645371662         1.7402322334       487.1325324877       488.9380377515        12.8674675123         1.3942737988
        2.5104487000       517.2668436789         3.3227998526         1.6696418199         1.7785103953       494.7514186263       489.8961493676         5.2485813737         1.3993761929
        2.5154650000       526.4041385987         3.3347468948         1.6670894930         1.8142366797       490.9419755570       491.3068488617         9.0580244430         1.3993761929
        2.5204486000       544.2623873200         3.3584020883         1.6619848393         1.8397554543       483.3230894183       489.3110478960        16.6769105817         1.4044785871
        2.5254508000       510.9925683967         3.3146557406         1.6747464736         1.8729298613       502.3703047649       491.0014928567        -2.3703047649         1.3993761929
        2.5304641000       525.5446141294         3.3336186274         1.6696418199         1.9086561457       494.7514186263       494.6157363104         5.2485813737         1.3942737988
        2.5354516000       542.3007951878         3.3557835682         1.6645371662         1.9367267978       487.1325324877       492.8592582186        12.8674675123         1.4070297842
        2.5404587000       515.5477947402         3.3205637254         1.6747464736         1.9724530822       502.3703047649       493.7639274459        -2.3703047649         1.4070297842
        2.5454508000       492.0054097798         3.2902962003         1.6824034542         2.0183868765       513.7986339728       500.6107854313       -13.7986339728         1.3917226017
        2.5504478000       518.4890248012         3.3243918637         1.6721941467         2.0464575285       498.5608616956       503.2733868122         1.4391383044         1.3866202076
        2.5554645000       518.9053659196         3.3249346089         1.6721941467         2.0745281806       498.5608616956       501.0202604710         1.4391383044         1.3866202076
        2.5604572000       496.4650486220         3.2959797966         1.6798511273         2.1153582199       509.9891909035       502.5764110360        -9.9891909035         1.3968249959
        2.5654614000       501.1940728904         3.3020318840         1.6772988005         2.1485326269       506.1797478342       505.2098933010        -6.1797478342         1.3942737988
        2.5704596000       529.8818232375         3.3393214369         1.6670894930         2.1817070338       490.9419755570       502.0308952304         9.0580244430         1.3917226017
        2.5754513000       562.9778442360         3.3836431324         1.6568801856         2.2097776859       475.7042032797       493.0864229959        24.2957967203         1.4044785871
        2.5804598000       501.4366160839         3.3023429897         1.6798511273         2.2429520929       509.9891909035       492.9718065777        -9.9891909035         1.3993761929
        2.5854538000       529.0222987681         3.3381893966         1.6696418199         2.2786783773       494.7514186263       497.4653643432         5.2485813737         1.4044785871
        2.5904643000       515.3029352721         3.3202455081         1.6747464736         2.3169565392       502.3703047649       497.9891374542        -2.3703047649         1.4019273900
        2.5954830000       529.8549810048         3.3392860700         1.6696418199         2.3424753138       494.7514186263       498.2624870738         5.2485813737         1.4019273900
        2.6004507000       508.5167313701         3.3114551857         1.6772988005         2.3705459658       506.1797478342       499.3158191748        -6.1797478342         1.3917226017
        2.6054619000       514.3478233014         3.3190049524         1.6747464736         2.4139278826       502.3703047649       501.6868877479        -2.3703047649         1.3942737988
        2.6104495000       490.8054383410         3.2887707882         1.6824034542         2.4471022896       513.7986339728       504.7456639482       -13.7986339728         1.3917226017
        2.6154617000       456.3379642535         3.2456318755         1.6926127616         2.4879323289       529.0364062500       512.7167192418       -29.0364062500         1.3917226017
        2.6204601000       470.7944224848         3.2635697543         1.6849557810         2.5211067359       517.6080770421       517.7873727236       -17.6080770421         1.3968249959
        2.6254584000       496.1759698433         3.2956106846         1.6747464736         2.5491773879       502.3703047649       514.0589493334        -2.3703047649         1.3993761929
        2.6304583000       510.7280155760         3.3143133967         1.6696418199         2.5797999174       494.7514186263       506.6490897294         5.2485813737         1.3993761929
        2.6354684000       512.2464243572         3.3162794403         1.6696418199         2.6155262019       494.7514186263       500.9606412867         5.2485813737         1.3993761929
        2.6404481000       513.7648331384         3.3182482769         1.6696418199         2.6512524863       494.7514186263       497.9919222267         5.2485813737         1.3993761929
        2.6454690000       477.1888112265         3.2715746870         1.6824034542         2.6818750158       513.7986339728       500.9959650573       -13.7986339728         1.3968249959
        2.6504525000       480.8157678320         3.2761349404         1.6798511273         2.7227050552       509.9891909035       506.2064311452        -9.9891909035         1.3942737988
        2.6554832000       493.1636782390         3.2917701604         1.6747464736         2.7584313396       502.3703047649       506.1936734687        -2.3703047649         1.3942737988
        2.6604593000       477.2401794173         3.2716391727         1.6798511273         2.7890538691       509.9891909035       506.1870154216        -9.9891909035         1.3942737988
        2.6654454000       489.5880898242         3.2872249620         1.6747464736         2.8196763986       502.3703047649       506.1835406831        -2.3703047649         1.4044785871
        2.6704584000       481.2834771411         3.2767240557         1.6772988005         2.8528508056       506.1797478342       505.2710523836        -6.1797478342         1.4044785871
        2.6754462000       502.3523413496         3.3035181973         1.6696418199         2.8809214576       494.7514186263       502.9734881557         5.2485813737         1.3993761929
        2.6804621000       511.4896362694         3.3152991988         1.6670894930         2.9140958646       490.9419755570       498.1317230440         9.0580244430         1.4019273900
        2.6854580000       529.3478849906         3.3386181011         1.6619848393         2.9472702715       483.3230894183       492.8728511312        16.6769105817         1.4019273900
        2.6904505000       503.6969522059         3.3052456119         1.6721941467         2.9855484334       498.5608616956       491.9496716234         1.4391383044         1.3866202076
        2.6954566000       519.3510656015         3.3255158631         1.6670894930         3.0187228404       490.9419755570       493.2892273429         9.0580244430         1.3993761929
        2.7004518000       491.4959974911         3.2896484311         1.6772988005         3.0570010023       506.1797478342       495.8096718874        -6.1797478342         1.3891714046
        2.7054561000       504.9459755609         3.3068521413         1.6721941467         3.0850716543       498.5608616956       498.9464052490         1.4391383044         1.3840690105
        2.7104610000       512.9812028178         3.3172318374         1.6696418199         3.1131423064       494.7514186263       497.8513964224         5.2485813737         1.3917226017
        2.7154468000       491.6429531832         3.2898352697         1.6772988005         3.1463167133       506.1797478342       499.1012769030        -6.1797478342         1.3968249959
        2.7204586000       512.7118173917         3.3168825923         1.6696418199         3.1871467527       494.7514186263       499.7535714685         5.2485813737         1.4044785871
        2.7254461000       498.9924538956         3.2992110615         1.6747464736         3.2203211597       502.3703047649       499.1833196947        -2.3703047649         1.4070297842
        2.7304524000       414.4989798263         3.1948760625         1.7028220690         3.2585993215       544.2741785273       510.7244870200       -44.2741785273         1.4019273900
        2.7354588000       447.4038258221         3.2346532174         1.6875081079         3.2866699736       521.4175201114       521.3010299275       -21.4175201114         1.3917226017
        2.7404545000       486.9210777950         3.2838441781         1.6721941467         3.3198443806       498.5608616956       515.8926762655         1.4391383044         1.3942737988
        2.7454573000       510.1940773291         3.3136227122         1.6645371662         3.3504669101       487.1325324877       504.8740606721        12.8674675123         1.3993761929
        2.7504632000       521.5355075747         3.3283682311         1.6619848393         3.3861931945       483.3230894183       495.4809048477        16.6769105817         1.3968249959
        2.7554470000       488.2656886513         3.2855476421         1.6747464736         3.4244713564       502.3703047649       494.2214520625        -2.3703047649         1.3917226017
        2.7604598000       525.6743927999         3.3337889238         1.6619848393         3.4525420084       483.3230894183       493.5641618495        16.6769105817         1.3866202076
        2.7654463000       522.8801184310         3.3301269217         1.6645371662         3.4831645379       487.1325324877       489.5784320488        12.8674675123         1.3917226017
        2.7704693000       511.3648902607         3.3151376860         1.6696418199         3.5112351900       494.7514186263       490.2303618995         5.2485813737         1.3968249959
        2.7754601000       490.0266406260         3.2877816531         1.6772988005         3.5520652293       506.1797478342       495.1239690882        -6.1797478342         1.4044785871
        2.7804513000       503.4766186959         3.3049624043         1.6721941467         3.5826877588       498.5608616956       498.5885468646         1.4391383044         1.4070297842
        2.7854568000       412.4663261508         3.1924508736         1.7028220690         3.6260696756       544.2741785273       509.5034087892       -44.2741785273         1.3942737988
        2.7904711000       437.7522860080         3.2228812589         1.6900604347         3.6490365728       525.2269631807       521.5744417237       -25.2269631807         1.3993761929
        2.7954573000       468.5485841794         3.2607686815         1.6772988005         3.6898666121       506.1797478342       518.7673905828        -6.1797478342         1.4044785871
        2.8004658000       459.1419038334         3.2490941021         1.6798511273         3.7204891416       509.9891909035       513.6597316119        -9.9891909035         1.3968249959
        2.8054468000       494.3464726562         3.2932769191         1.6670894930         3.7536635486       490.9419755570       507.3514186518         9.0580244430         1.3866202076
        2.8104735000       512.2047213775         3.3162254058         1.6619848393         3.7791823232       483.3230894183       497.6844770700        16.6769105817         1.3917226017
        2.8154461000       478.9349024542         3.2737682834         1.6747464736         3.8123567301       502.3703047649       495.3714645699        -2.3703047649         1.3968249959
        2.8204539000       478.2491759096         3.2729064142         1.6747464736         3.8531867695       502.3703047649       498.7177111809        -2.3703047649         1.4044785871
        2.8254665000       469.9445632265         3.2625091538         1.6772988005         3.8940168088       506.1797478342       501.3747438269        -6.1797478342         1.3968249959
        2.8304464000       391.9679076330         3.1681857084         1.7028220690         3.9246393383       544.2741785273       512.7788344982       -44.2741785273         1.4019273900
        2.8354570000       424.8727536287         3.2073093222         1.6875081079         3.9552618679       521.4175201114       522.3731641968       -21.4175201114         1.3917226017
        2.8404441000       456.7711194630         3.2461661990         1.6747464736         3.9833325199       502.3703047649       517.3628825349        -2.3703047649         1.3917226017
        2.8454576000       494.1798236116         3.2930645280         1.6619848393         4.0139550494       483.3230894183       505.6413400837        16.6769105817         1.3942737988
        2.8504533000       499.0044353813         3.2992263974         1.6619848393         4.0547850888       483.3230894183       494.9706620039        16.6769105817         1.4019273900
        2.8554461000       488.5912748738         3.2859604286         1.6670894930         4.0854076183       490.9419755570       491.2231390430         9.0580244430         1.3993761929
        2.8604547000       491.2117513179         3.2892871122         1.6670894930         4.1262376576       490.9419755570       491.0887107183         9.0580244430         1.3917226017
        2.8654475000       478.5944554847         3.2733403213         1.6721941467         4.1594120646       498.5608616956       492.8399042850         1.4391383044         1.3968249959
        2.8704422000       501.8674550188         3.3028957894         1.6645371662         4.1823789617       487.1325324877       492.8431520240        12.8674675123         1.3917226017
        2.8754587000       505.5899991257         3.3076812259         1.6645371662         4.2206571236       487.1325324877       490.1128223211        12.8674675123         1.4044785871
        2.8804433000       524.5503155099         3.3323146034         1.6594325125         4.2538315306       479.5136463490       486.8665529275        20.4863536510         1.4070297842
        2.8854567000       461.9070196949         3.2525163024         1.6824034542         4.2844540601       513.7986339728       491.5470960161       -13.7986339728         1.4044785871
        2.8904466000       518.8661792708         3.3248835158         1.6619848393         4.3125247121       483.3230894183       494.9004787169        16.6769105817         1.3968249959
        2.8954533000       493.2152464861         3.2918358195         1.6721941467         4.3533547515       498.5608616956       493.0078611668         1.4391383044         1.3993761929
        2.9004547000       531.7260182975         3.3417535085         1.6594325125         4.3839772810       479.5136463490       491.1094565268        20.4863536510         1.3942737988
        2.9054460000       530.0338115914         3.3395217113         1.6619848393         4.4197035654       483.3230894183       486.4760070372        16.6769105817         1.3968249959
        2.9104622000       466.2884481137         3.2579551800         1.6849557810         4.4528779724       517.6080770421       493.1646255256       -17.6080770421         1.3993761929
        2.9154682000       522.1455400266         3.3291658474         1.6645371662         4.4937080117       487.1325324877       497.5659937664        12.8674675123         1.3917226017
        2.9204445000       525.8680841335         3.3340431261         1.6645371662         4.5217786637       487.1325324877       492.5776051945        12.8674675123         1.3968249959
        2.9254633000       499.1150836860         3.2993680317         1.6747464736         4.5524011933       502.3703047649       493.6169368018        -2.3703047649         1.3917226017
        2.9304432000       475.5726987256         3.2695473479         1.6824034542         4.5983349875       513.7986339728       500.5340731377       -13.7986339728         1.4019273900
        2.9354561000       502.0563137470         3.3031381786         1.6721941467         4.6289575170       498.5608616956       503.2333517744         1.4391383044         1.3968249959
        2.9404542000       525.3293132811         3.3333361549         1.6645371662         4.6595800465       487.1325324877       498.2673421123        12.8674675123         1.4019273900
        2.9454614000       506.1951989722         3.3084607803         1.6721941467         4.6953063310       498.5608616956       495.6756534146         1.4391383044         1.3942737988
        2.9504549000       514.2304262291         3.3188525470         1.6696418199         4.7233769830       494.7514186263       496.1444382933         5.2485813737         1.3993761929
        2.9554635000       500.5110627331         3.3011561705         1.6747464736         4.7616551449       502.3703047649       497.2997652326        -2.3703047649         1.4044785871
        2.9604447000       484.5875639113         3.2808927156         1.6798511273         4.7973814293       509.9891909035       501.5454132055        -9.9891909035         1.3917226017
        2.9654540000       496.9354743183         3.2965806696         1.6747464736         4.8305558363       502.3703047649       503.7611555447        -2.3703047649         1.3993761929
        2.9704419000       526.7252923283         3.3351687003         1.6645371662         4.8637302433       487.1325324877       499.4534701583        12.8674675123         1.4044785871
        2.9754522000       461.8778611876         3.2524801736         1.6875081079         4.9122159150       521.4175201114       501.7587258075       -21.4175201114         1.3993761929
        2.9804480000       463.3006824674         3.2542441484         1.6849557810         4.9428384445       517.6080770421       510.2472044955       -17.6080770421         1.3942737988
        2.9854402000       526.7766605190         3.3352361797         1.6619848393         4.9734609740       483.3230894183       505.5704700513        16.6769105817         1.4044785871
        2.9904554000       485.8879554571         3.2825367164         1.6772988005         5.0066353810       506.1797478342       500.3977252598        -6.1797478342         1.4070297842
        2.9954401000       484.1001612497         3.2802770113         1.6772988005         4.9989797486       506.1797478342       503.1621937868        -6.1797478342         1.3942737988
        3.0004556000       520.4067977354         3.3268936633         1.6645371662         5.0015316260       487.1325324877       500.0515555539        12.8674675123         1.3917226017
