% Stabilization Loop  omega_cmd=0 rad/s
% Kp_stab=1.6487  Ki_stab=49.8893  (Tustin integrator)
% LPF=ON  fc=20.0 Hz
% Vg_offset=1.338541V  K_gimbal=26.049690  samples=601

Time[s]               OmegaU[deg/s]           Vc[V]                  Vg[V]                  Pot[V]                 Omega_h[deg/s]         omega_LPF[deg/s]       Error[deg/s]           disturbance[V]      
        0.0005128000       939.8300042488         4.0172623252         1.3378393285         4.5779199678        -1.0475968441         4.7499395272       495.2500604728         1.4044785871
        0.0054489000      1065.0541013316         4.2914332039         1.3429439823         4.5804718453         6.5712892945         3.7994033971       496.2005966029         1.4095809812
        0.0104380000      1102.4986987875         4.3802694770         1.4756649788         4.5881274777       204.6623288985        52.4797760406       447.5202239594         1.4019273900
        0.0154478000      1056.0253596005         4.2704900059         1.5216068622         4.6059906199       273.2323041461       141.6326010827       358.3673989173         1.3891714046
        0.0204551000       985.3851995559         4.1129701953         1.5981766679         4.6340612719       387.5155962253       231.8725668769       268.1274331231         1.3891714046
        0.0254615000       896.0738570913         3.9295679819         1.6364615707         4.6621319240       444.6572422649       319.9478710724       180.0521289276         1.3993761929
        0.0304487000       811.0210646398         3.7705616784         1.6747464736         4.6902025760       501.7988883045       393.2333463982       106.7666536018         1.3968249959
        0.0354295000       740.7559521873         3.6500238795         1.6824034542         4.7259288605       513.2272175124       447.8721251050        52.1278748950         1.3968249959
        0.0404427000       695.1145085170         3.5766314758         1.6875081079         4.7591032674       520.8461036510       480.9406887518        19.0593112482         1.4070297842
        0.0454842000       657.9579545050         3.5195596638         1.7002697422         4.7999333068       539.8933189975       504.5734185557        -4.5734185557         1.3917226017
        0.0504340000       630.0994372334         3.4782630115         1.6951650884         4.8433152236       532.2744328589       519.6390234641       -19.6390234641         1.3942737988
        0.0554656000       612.8719850662         3.4533380493         1.6977174153         4.8815933855       536.0838759282       526.5908701260       -26.5908701260         1.4019273900
        0.0604490000       586.8847887433         3.4165881655         1.7155837033         4.9173196699       562.7499774134       537.5043375332       -37.5043375332         1.4044785871
        0.0654373000       565.8137752836         3.3875093503         1.7002697422         4.9607015867       539.8933189975       544.1105933873       -44.1105933873         1.4070297842
        0.0704215000       551.9263180082         3.3686813650         1.7104790496         4.9938759937       555.1310912748       545.7369531083       -45.7369531083         1.3993761929
        0.0754318000       539.0121602240         3.3514048734         1.7002697422         5.0091872584       539.8933189975       546.5857267503       -46.5857267503         1.3866202076
        0.0804210000       531.4509894184         3.3413905336         1.7028220690         5.0015316260       543.7027620669       544.2966648007       -44.2966648007         1.3968249959
        0.0856396000       525.7499471562         3.3338880765         1.6951650884         4.9989797486       532.2744328589       541.2806866724       -41.2806866724         1.3917226017
        0.0904344000       523.0890204439         3.3304003582         1.6951650884         1.1150222560       532.2744328589       536.9746666089       -36.9746666089         1.3968249959
        0.0955147000       516.2361320555         3.3214586753         1.6977174153         1.1022628687       536.0838759282       535.6380918314       -35.6380918314         1.3968249959
        0.1004289000       495.6632706850         3.2949562793         1.7155837033        -0.0001481936       562.7499774134       542.2259518340       -42.2259518340         1.3942737988
        0.1054635000       483.8779684624         3.2799964175         1.6900604347         0.0100593162       524.6555467203       542.9320361421       -42.9320361421         1.3993761929
        0.1105135000       482.2052964257         3.2778858656         1.7002697422         0.0024036839       539.8933189975       537.8364820397       -37.8364820397         1.4070297842
        0.1154627000       475.8681638750         3.2699177831         1.6926127616         0.0177149486       528.4649897896       536.0878608539       -36.0878608539         1.3968249959
        0.1204396000       466.8695521081         3.2586780445         1.7028220690         0.0585449879       543.7027620669       536.0859556034       -36.0859556034         1.4095809812
        0.1254301000       453.0247641031         3.2415511334         1.7002697422         0.0942712724       539.8933189975       538.8169859316       -38.8169859316         1.3993761929
        0.1304342000       435.9693327462         3.2207163739         1.7104790496         0.1402050666       555.1310912748       542.9742958551       -42.9742958551         1.3840690105
        0.1354200000       426.2468910928         3.2089634493         1.6926127616         0.1708275961       528.4649897896       542.4119111916       -42.4119111916         1.3917226017
        0.1404565000       424.2629488353         3.2065758115         1.6977174153         0.2167613904       536.0838759282       537.5650363423       -37.5650363423         1.3942737988
        0.1454373000       419.3783808650         3.2007123463         1.6926127616         0.2524876748       528.4649897896       535.0355223824       -35.0355223824         1.3968249959
        0.1504471000       414.5950302532         3.1949907496         1.6951650884         0.2805583269       532.2744328589       532.8047307075       -32.8047307075         1.3942737988
        0.1554291000       419.7817402520         3.2011957394         1.6747464736         0.3111808564       501.7988883045       525.2657885756       -25.2657885756         1.4070297842
        0.1604499000       417.2267253736         3.1981361787         1.7002697422         0.3622184056       539.8933189975       523.1526733610       -23.1526733610         1.3968249959
        0.1654295000       405.3320507679         3.1839665873         1.6875081079         0.3953928125       520.8461036510       526.6032434774       -26.6032434774         1.3942737988
        0.1704685000       408.4224755249         3.1876365609         1.6798511273         0.4209115871       509.4177744431       521.1186471008       -21.1186471008         1.4044785871
        0.1754229000       416.3056884097         3.1970346620         1.6747464736         0.4540859941       501.7988883045       513.7029410707       -13.7029410707         1.3917226017
        0.1804642000       421.3659634403         3.2030956920         1.6772988005         0.4923641560       505.6083313738       508.9221163464        -8.9221163464         1.3968249959
        0.1854409000       421.9501286271         3.2037968408         1.6772988005         0.5357460728       505.6083313738       507.3377478760        -7.3377478760         1.3891714046
        0.1904760000       428.0461721506         3.2111319359         1.6670894930         0.5638167248       490.3705590966       502.8681893264        -2.8681893264         1.4095809812
        0.1954337000       434.6974199724         3.2191738342         1.6721941467         0.5995430093       497.9894452352       498.7142415248         1.2857584752         1.4044785871
        0.2004439000       442.0927502212         3.2281641683         1.6619848393         0.6327174162       482.7516729579       494.7250064128         5.2749935872         1.3942737988
        0.2054308000       445.4856996278         3.2323064823         1.6747464736         0.6658918232       501.7988883045       493.5537571249         6.4462428751         1.4019273900
        0.2104432000       457.8677837168         3.2475198572         1.6466708782         0.6965143527       459.8950145421       487.4784497409        12.5215502591         1.4070297842
        0.2154300000       468.2290952434         3.2603706418         1.6721941467         0.7398962695       497.9894452352       483.3971597049        16.6028402951         1.3866202076
        0.2204314000       472.9179233910         3.2662232040         1.6517755319         0.7654150441       467.5139006807       483.0885431657        16.9114568343         1.3942737988
        0.2254196000       477.4220591138         3.2718675209         1.6721941467         0.7960375736       497.9894452352       482.9274806525        17.0725193475         1.3968249959
        0.2304580000       481.8298065283         3.2774125053         1.6517755319         0.8266601031       467.5139006807       482.8434244538        17.1565755462         1.3917226017
        0.2354727000       500.7223583840         3.3014270223         1.6492232050         0.8623863875       463.7044576114       474.6034827852        25.3965172148         1.4019273900
        0.2404551000       503.3786101839         3.3048364466         1.6696418199         0.8981126720       494.1800021659       476.6779004582        23.3220995418         1.3891714046
        0.2454342000       510.5063270243         3.3140265861         1.6441185513         0.9236314466       456.0855714728       475.9391593049        24.0608406951         1.3993761929
        0.2504520000       518.8069541820         3.3248062994         1.6670894930         0.9644614859       490.3705590966       474.6429460860        25.3570539140         1.3917226017
        0.2554307000       523.1018349158         3.3304171331         1.6492232050         0.9899802605       463.7044576114       475.7878209011        24.2121790989         1.4019273900
        0.2605189000       536.1569292211         3.3476146333         1.6543278587         1.0180509125       471.3233437500       471.8319401086        28.1680598914         1.3968249959
        0.2654250000       554.9196757404         3.3727175020         1.6364615707         1.0512253195       444.6572422649       465.2140486562        34.7859513438         1.3993761929
        0.2704383000       556.8018306482         3.3752615152         1.6747464736         1.0895034814       501.7988883045       469.0456657865        30.9543342135         1.3866202076
        0.2754465000       549.6719433846         3.3656495730         1.6543278587         1.1201260109       471.3233437500       477.4200555962        22.5799444038         1.3993761929
        0.2804903000       555.6287930164         3.3736754178         1.6619848393         1.1507485404       482.7516729579       477.2371542330        22.7628457670         1.3866202076
        0.2854631000       548.5560887245         3.3641514251         1.6747464736         1.1839229474       501.7988883045       484.4270997231        15.5729002769         1.3866202076
        0.2904596000       544.1712152649         3.3582802712         1.6645371662         1.2119935994       486.5611160273       489.0901032833        10.9098967167         1.3993761929
        0.2954809000       549.0369772819         3.3647968636         1.6645371662         1.2477198838       486.5611160273       487.8809579394        12.1190420606         1.3840690105
        0.3004326000       549.9490988864         3.3660219394         1.6696418199         1.2783424134       494.1800021659       489.0712722204        10.9287277796         1.3942737988
        0.3054250000       545.1135193303         3.3595398333         1.6747464736         1.3038611879       501.7988883045       493.3351795816         6.6648204184         1.3993761929
        0.3104285000       537.9846509392         3.3500396678         1.6772988005         1.3523468597       505.6083313738       498.2924758827         1.7075241173         1.4019273900
        0.3154659000       533.8224902853         3.3445235443         1.6747464736         1.3753137568       501.7988883045       500.8796172031        -0.8796172031         1.4019273900
        0.3204474000       532.8236235506         3.3432030563         1.6747464736         1.4186956736       501.7988883045       501.3191339976        -1.3191339976         1.4019273900
        0.3254408000       524.0127268027         3.3316100708         1.6875081079         1.4416625707       520.8461036510       506.1018858811        -6.1018858811         1.3840690105
        0.3304186000       516.4490691887         3.3217356456         1.6772988005         1.4722851002       505.6083313738       509.5086098753        -9.5086098753         1.3968249959
        0.3354306000       518.9992350682         3.3250570069         1.6747464736         1.5105632621       501.7988883045       506.7331554919        -6.7331554919         1.3993761929
        0.3404338000       521.5034345769         3.3283263085         1.6747464736         1.5386339142       501.7988883045       504.3740110631        -4.3740110631         1.3968249959
        0.3454244000       512.9057254799         3.3171339758         1.6900604347         1.5769120761       524.6555467203       508.6068569708        -8.6068569708         1.4070297842
        0.3504345000       493.9210786756         3.2927348257         1.6951650884         1.6100864830       532.2744328589       518.1013171663       -18.1013171663         1.3942737988
        0.3554482000       480.6184179401         3.2758864357         1.6900604347         1.6458127674       524.6555467203       523.0563387738       -23.0563387738         1.4070297842
        0.3604586000       471.8961156569         3.2649457862         1.6926127616         1.6866428068       528.4649897896       524.7316180808       -24.7316180808         1.3917226017
        0.3654416000       481.9415210574         3.2775533216         1.6619848393         1.7045059490       482.7516729579       515.5884984278       -15.5884984278         1.3993761929
        0.3704208000       501.0503092192         3.3018475136         1.6696418199         1.7453359884       494.1800021659       502.6207624207        -2.6207624207         1.3968249959
        0.3754622000       507.5534837223         3.3102119684         1.6696418199         1.7708547629       494.1800021659       498.5851129974         1.4148870026         1.4019273900
        0.3804422000       510.0265006096         3.3134060114         1.6721941467         1.8116848023       497.9894452352       497.3896407509         2.6103592491         1.3968249959
        0.3854564000       516.6291198470         3.3219698832         1.6619848393         1.8423073318       482.7516729579       494.0337164057         5.9662835943         1.3840690105
        0.3904342000       516.3783408055         3.3216436420         1.6798511273         1.8703779838       509.4177744431       495.0143326247         4.9856673753         1.3993761929
        0.3954545000       508.6393542040         3.3116135288         1.6747464736         1.9086561457       501.7988883045       500.0794764805        -0.0794764805         1.3968249959
        0.4004331000       508.7766530438         3.3117908445         1.6721941467         1.9443824302       497.9894452352       499.9908772306         0.0091227694         1.4044785871
        0.4054488000       510.4759414283         3.3139872793         1.6721941467         1.9699012047       497.9894452352       499.0339636785         0.9660363215         1.4019273900
        0.4104280000       511.6025622403         3.3154454239         1.6721941467         2.0030756117       497.9894452352       498.5345643203         1.4654356797         1.3917226017
        0.4154355000       517.2753521553         3.3228109294         1.6645371662         2.0362500187       486.5611160273       495.5419103593         4.4580896407         1.3968249959
        0.4204447000       522.7721920089         3.3299856757         1.6696418199         2.0796319355       494.1800021659       493.0694126089         6.9305873911         1.3942737988
        0.4254592000       520.3293106706         3.3267924907         1.6747464736         2.1077025875       501.7988883045       495.4217512883         4.5782487117         1.3866202076
        0.4304230000       519.2941929472         3.3254416796         1.6696418199         2.1485326269       494.1800021659       496.6494028604         3.3505971396         1.3968249959
        0.4354491000       525.4538147634         3.3334994925         1.6645371662         2.1689476465       486.5611160273       493.6473969450         6.3526030550         1.3993761929
        0.4404378000       536.2769258509         3.3477737134         1.6594325125         2.2072258084       478.9422298886       488.4379938939        11.5620061061         1.4044785871
        0.4454496000       527.8323350981         3.3366236939         1.6900604347         2.2506077252       524.6555467203       494.8260305394         5.1739694606         1.3993761929
        0.4504260000       515.1356225551         3.3200281121         1.6721941467         2.2812302547       497.9894452352       502.7132289936        -2.7132289936         1.4019273900
        0.4554502000       521.6941339355         3.3285755902         1.6670894930         2.3093009068       490.3705590966       498.6333699658         1.3666300342         1.3942737988
        0.4604523000       533.8861024108         3.3446076819         1.6594325125         2.3348196814       478.9422298886       491.9507760636         8.0492239364         1.3993761929
        0.4654608000       525.9287338901         3.3341227331         1.6926127616         2.3782015982       528.4649897896       497.5699756875         2.4300243125         1.4070297842
        0.4704423000       514.8741429406         3.3196884297         1.6696418199         2.4088241277       494.1800021659       504.1452543240        -4.1452543240         1.3968249959
        0.4754396000       517.4446178209         3.3230313067         1.6772988005         2.4471022896       505.6083313738       502.1127479479        -2.1127479479         1.3917226017
        0.4804330000       507.4936495335         3.3101347799         1.6875081079         2.4802766965       520.8461036510       507.4267364199        -7.4267364199         1.3891714046
        0.4854178000       508.7979124626         3.3118183022         1.6645371662         2.5108992261       486.5611160273       505.6466558128        -5.6466558128         1.4044785871
        0.4904317000       512.2669052331         3.3163059781         1.6824034542         2.5542811429       513.2272175124       502.8963076939        -2.8963076939         1.3968249959
        0.4954396000       506.0148844752         3.3082284726         1.6772988005         2.5797999174       505.6083313738       506.0143151638        -6.0143151638         1.3993761929
        0.5004266000       508.0888919934         3.3109028569         1.6721941467         2.6078705695       497.9894452352       503.9988586811        -3.9988586811         1.4019273900
        0.5054341000       512.1867680066         3.3162021443         1.6721941467         2.6512524863       497.9894452352       501.1256712933        -1.1256712933         1.4070297842
        0.5104506000       501.6450809542         3.3026104390         1.6926127616         2.6920825256       528.4649897896       506.9115953744        -6.9115953744         1.3993761929
        0.5154283000       491.3359722111         3.2894450040         1.6772988005         2.7176013002       505.6083313738       511.7525353291       -11.7525353291         1.3866202076
        0.5204459000       493.6140094978         3.2923436467         1.6772988005         2.7533275847       505.6083313738       508.8149026514        -8.8149026514         1.4019273900
        0.5254292000       497.3640363747         3.2971282937         1.6721941467         2.7916057465       497.9894452352       505.4604448302        -5.4604448302         1.3993761929
        0.5304384000       495.8765546300         3.2952284764         1.6824034542         2.8120207662       513.2272175124       505.5311515232        -5.5311515232         1.3993761929
        0.5354176000       487.9713394547         3.2851745618         1.6824034542         2.8528508056       513.2272175124       509.2107518594        -9.2107518594         1.3917226017
        0.5404313000       490.3432513776         3.2881836907         1.6696418199         2.8885770900       494.1800021659       506.5777076966        -6.5777076966         1.4044785871
        0.5454187000       492.7544227215         3.2912491848         1.6798511273         2.9217514970       509.4177744431       504.2928851046        -4.2928851046         1.4019273900
        0.5504311000       493.7982356405         3.2925783215         1.6696418199         2.9549259039       494.1800021659       503.1004692031        -3.1004692031         1.4019273900
        0.5554287000       498.9734799878         3.2991867758         1.6721941467         2.9957559433       497.9894452352       499.7461399203         0.2538600797         1.4019273900
        0.5604430000       503.7563286731         3.3053219418         1.6670894930         3.0187228404       490.3705590966       497.0848890447         2.9151109553         1.4019273900
        0.5654227000       506.9465443819         3.3094291910         1.6721941467         3.0570010023       497.9894452352       495.6960206604         4.3039793396         1.3917226017
        0.5704428000       515.7656359969         3.3208468916         1.6568801856         3.0850716543       475.1327868193       491.3284907813         8.6715092187         1.3993761929
        0.5754226000       510.6658831447         3.3142330066         1.6900604347         3.1310054486       524.6555467203       495.4238642216         4.5761357784         1.3993761929
        0.5804507000       495.0969218053         3.2942337490         1.6772988005         3.1641798556       505.6083313738       504.8465795226        -4.8465795226         1.3917226017
        0.5854409000       491.6270586507         3.2898150603         1.6798511273         3.1896986301       509.4177744431       506.1214589715        -6.1214589715         1.3917226017
        0.5904506000       490.5351626545         3.2884274384         1.6747464736         3.2228730371       501.7988883045       505.8761252538        -5.8761252538         1.3993761929
        0.5954355000       482.8363979661         3.2786818144         1.6900604347         3.2637030765       524.6555467203       509.3907886655        -9.3907886655         1.3917226017
        0.6004489000       475.6259813443         3.2696141433         1.6772988005         3.2968774834       505.6083313738       512.1357156066       -12.1357156066         1.3993761929
        0.6054326000       482.9783699676         3.2788609312         1.6696418199         3.3223962580       494.1800021659       506.2828542514        -6.2828542514         1.4044785871
        0.6106725000       486.8280974603         3.2837264583         1.6772988005         3.3581225424       505.6083313738       503.2283304677        -3.2283304677         1.3968249959
        0.6154530000       482.3897886652         3.2781185025         1.6798511273         3.3989525818       509.4177744431       505.2769181689        -5.2769181689         1.4044785871
        0.6204399000       484.0224989042         3.2801789300         1.6696418199         3.4244713564       494.1800021659       503.6140218429        -3.6140218429         1.3942737988
        0.6254465000       487.8900682429         3.2850715699         1.6747464736         3.4653013957       501.7988883045       500.9248305072        -0.9248305072         1.3917226017
        0.6304495000       490.1482835592         3.2879361038         1.6696418199         3.4882682929       494.1800021659       499.5213804005         0.4786195995         1.3917226017
        0.6354413000       493.1816122739         3.2917929945         1.6721941467         3.5265464547       497.9894452352       497.8782651821         2.1217348179         1.4044785871
        0.6404513000       488.7715660760         3.2861890579         1.6798511273         3.5571689842       509.4177744431       500.6634466227        -0.6634466227         1.3917226017
        0.6454377000       487.6433314571         3.2847589352         1.6696418199         3.5877915138       494.1800021659       501.2063176947        -1.2063176947         1.3993761929
        0.6504693000       490.0700035625         3.2878367093         1.6747464736         3.6260696756       501.7988883045       499.6682844969         0.3317155031         1.3891714046
        0.6554241000       491.5762354297         3.2897504421         1.6696418199         3.6592440826       494.1800021659       498.8656071913         1.1343928087         1.3942737988
        0.6604758000       499.0621508820         3.2993002738         1.6645371662         3.6924184896       486.5611160273       494.8040019674         5.1959980326         1.4070297842
        0.6654447000       497.6573393619         3.2975032043         1.6798511273         3.7281447740       509.4177744431       496.3270084145         3.6729915855         1.3968249959
        0.6704269000       490.7039272320         3.2886418219         1.6747464736         3.7562154260       501.7988883045       500.7645430107        -0.7645430107         1.3942737988
        0.6754363000       481.5611339679         3.2770738999         1.6875081079         3.8047010978       520.8461036510       505.8124528573        -5.8124528573         1.3942737988
        0.6804481000       472.2092523452         3.2653371362         1.6798511273         3.8276679949       509.4177744431       510.2682338453       -10.2682338453         1.3917226017
        0.6854398000       467.1389572398         3.2590132919         1.6849557810         3.8684980342       517.0366605817       511.6829666856       -11.6829666856         1.3993761929
        0.6904212000       466.1453369548         3.2577772115         1.6747464736         3.8965686863       501.7988883045       510.5999455487       -10.5999455487         1.4019273900
        0.6954521000       467.7336036868         3.2597535407         1.6798511273         3.9322949707       509.4177744431       508.2133826967        -8.2133826967         1.3917226017
        0.7004321000       461.4335772055         3.2519297933         1.6849557810         3.9654693777       517.0366605817       510.6105695581       -10.6105695581         1.3968249959
        0.7054511000       448.4930937986         3.2359874963         1.6926127616         4.0011956621       528.4649897896       516.4150011666       -16.4150011666         1.4044785871
        0.7104327000       448.7163606772         3.2362611278         1.6696418199         4.0343700691       494.1800021659       513.9802008633       -13.9802008633         1.3917226017
        0.7154399000       462.0176226598         3.2526533529         1.6696418199         4.0675444760       494.1800021659       504.5134398082        -4.5134398082         1.3917226017
        0.7204216000       479.3435472723         3.2742821424         1.6543278587         4.1007188830       471.3233437500       494.1088246800         5.8911753200         1.3968249959
        0.7254390000       492.0578130810         3.2903628532         1.6670894930         4.1338932900       490.3705590966       487.7681314788        12.2318685212         1.3840690105
        0.7304399000       492.9024133768         3.2914375523         1.6670894930         4.1670676969       490.3705590966       489.0123897207        10.9876102793         1.3968249959
        0.7356763000       497.7216674964         3.2975854443         1.6619848393         4.2002421039       482.7516729579       487.8404003538        12.1595996462         1.3840690105
        0.7404380000       498.6095173012         3.2987210027         1.6721941467         4.2308646334       497.9894452352       489.0501058025        10.9498941975         1.3917226017
        0.7454480000       506.6813667384         3.3090873261         1.6517755319         4.2640390404       467.5139006807       486.0387340646        13.9612659354         1.4044785871
        0.7504328000       517.7960884325         3.3234890204         1.6645371662         4.2997653248       486.5611160273       481.7351180097        18.2648819903         1.4019273900
        0.7554726000       516.6452270768         3.3219908399         1.6670894930         4.3227322219       490.3705590966       484.9531722678        15.0468277322         1.3968249959
        0.7604351000       515.8052072161         3.3208983354         1.6670894930         4.3635622613       490.3705590966       487.5433031768        12.4566968232         1.3866202076
        0.7654602000       526.2053304615         3.3344858439         1.6517755319         4.3967366683       467.5139006807       483.4310057761        16.5689942239         1.4095809812
        0.7704564000       529.2994018726         3.3385542541         1.6747464736         4.4324629527       501.7988883045       484.0168818249        15.9831181751         1.3993761929
        0.7754303000       518.2089843252         3.3240269211         1.6747464736         4.4630854822       501.7988883045       492.5187160234         7.4812839766         1.3993761929
        0.7804411000       517.0515490980         3.3225196004         1.6670894930         4.5039155215       490.3705590966       494.2236758127         5.7763241873         1.3917226017
        0.7854538000       526.6045238622         3.3350100670         1.6594325125         4.5319861736       478.9422298886       489.6494203929        10.3505796071         1.3968249959
        0.7904311000       530.1899987447         3.3397275490         1.6721941467         4.5677124580       497.9894452352       489.0835323419        10.9164676581         1.4044785871
        0.7954486000       518.9017082450         3.3249298398         1.6824034542         4.6085424974       513.2272175124       496.9842774965         3.0157225035         1.3968249959
        0.8004267000       515.5716646460         3.3205947504         1.6670894930         4.6442687818       490.3705590966       499.2862124815         0.7137875185         1.3993761929
        0.8054448000       516.8492444547         3.3222563093         1.6772988005         4.6697875564       505.6083313738       498.6662093264         1.3337906736         1.4019273900
        0.8104478000       514.5257576298         3.3192359797         1.6721941467         4.7106175957       497.9894452352       500.1639884043        -0.1639884043         1.4019273900
        0.8154589000       513.0986208532         3.3173840917         1.6772988005         4.7488957576       505.6083313738       500.9456576663        -0.9456576663         1.3942737988
        0.8204513000       515.3693002407         3.3203317482         1.6670894930         4.7769664097       490.3705590966       499.5322497939         0.4677502061         1.3891714046
        0.8254553000       521.6391577978         3.3285037209         1.6696418199         4.8101408166       494.1800021659       496.0625879942         3.9374120058         1.3942737988
        0.8304449000       525.8325866161         3.3339965353         1.6670894930         4.8382114687       490.3705590966       494.2518216279         5.7481783721         1.3993761929
        0.8354445000       528.9423572741         3.3380841569         1.6696418199         4.8841452629       494.1800021659       493.3068088219         6.6931911781         1.3968249959
        0.8404364000       516.9514742875         3.3223893509         1.6900604347         4.9275271797       524.6555467203       501.0096942441        -1.0096942441         1.3993761929
        0.8454409000       501.4953444124         3.3024183299         1.6824034542         4.9555978318       513.2272175124       509.5830932789        -9.5830932789         1.3917226017
        0.8504308000       499.2450490561         3.2995344109         1.6772988005         4.9913241162       505.6083313738       509.5040519551        -9.5040519551         1.3968249959
        0.8554642000       496.9474512001         3.2965959710         1.6824034542         5.0066353810       513.2272175124       509.4628014301        -9.4628014301         1.4044785871
        0.8604819000       484.9350947818         3.2813318910         1.6926127616         5.0066353810       528.4649897896       514.9053226790       -14.9053226790         1.4044785871
        0.8654614000       477.7948423298         3.2723356596         1.6798511273         5.0142910133       509.4177744431       516.8350210059       -16.8350210059         1.4019273900
        0.8704466000       475.0394472238         3.2688790315         1.6875081079         5.0066353810       520.8461036510       516.0207529166       -16.0207529166         1.3942737988
        0.8754262000       470.1817391068         3.2628050651         1.6824034542         1.1175741334       513.2272175124       516.5064730483       -16.5064730483         1.3917226017
        0.8804324000       473.6897716107         3.2671888788         1.6747464736        -0.0052519485       501.7988883045       512.2065889495       -12.2065889495         1.3993761929
        0.8854482000       482.6995865947         3.2785092296         1.6696418199         0.0024036839       494.1800021659       505.4091671415        -5.4091671415         1.3968249959
        0.8904302000       481.1814175748         3.2765954833         1.6849557810        -0.0001481936       517.0366605817       505.5043904383        -5.5043904383         1.4044785871
        0.8954415000       471.6451751420         3.2646322432         1.6824034542         0.0049555613       513.2272175124       510.1074605195       -10.1074605195         1.3993761929
        0.9004461000       471.3237008288         3.2642306689         1.6747464736         0.0330262134       501.7988883045       508.8670367587        -8.8670367587         1.3917226017
        0.9054428000       476.7199395189         3.2709862160         1.6721941467         0.0662006203       497.9894452352       504.5769779840        -4.5769779840         1.3968249959
        0.9104202000       476.3187565987         3.2704828900         1.6798511273         0.0993750273       509.4177744431       504.1594080562        -4.1594080562         1.3866202076
        0.9154439000       475.6676777956         3.2696664162         1.6721941467         0.1299975568       497.9894452352       503.9414843436        -3.9414843436         1.3917226017
        0.9204373000       484.5762540128         3.2808784256         1.6645371662         0.1682757187       486.5611160273       498.3637038045         1.6362961955         1.3993761929
        0.9254447000       480.4567199064         3.2756828562         1.6875081079         0.2116576355       520.8461036510       500.9167900264        -0.9167900264         1.3917226017
        0.9304383000       474.6350633154         3.2683724285         1.6696418199         0.2397282875       494.1800021659       504.0705586080        -4.0705586080         1.3917226017
        0.9354412000       480.3908603608         3.2755999466         1.6721941467         0.2729026945       497.9894452352       500.2524155656        -0.2524155656         1.4019273900
        0.9404643000       480.6316550763         3.2759031027         1.6747464736         0.3162846113       501.7988883045       500.0811316406        -0.0811316406         1.3917226017
        0.9454398000       464.6198243327         3.2558814696         1.6977174153         0.3418033859       536.0838759282       509.0984898713        -9.0984898713         1.3942737988
        0.9504448000       457.2344806859         3.2467379952         1.6696418199         0.3724259154       494.1800021659       511.9831690888       -11.9831690888         1.4044785871
        0.9554327000       469.3406134576         3.2617559097         1.6696418199         0.4107040773       494.1800021659       503.4712177767        -3.4712177767         1.4019273900
        0.9604853000       477.9677573419         3.2725528567         1.6670894930         0.4413266068       490.3705590966       498.1182784772         1.8817215228         1.4044785871
        0.9654389000       483.3914198381         3.2793821769         1.6696418199         0.4796047687       494.1800021659       495.3246567920         4.6753432080         1.4019273900
        0.9704384000       482.2981956436         3.2780030029         1.6747464736         0.5153310531       501.7988883045       496.5987306455         3.4012693545         1.3891714046
        0.9754416000       490.0425045440         3.2878017946         1.6568801856         0.5485054601       475.1327868193       492.7102769645         7.2897230355         1.3840690105
        0.9804572000       503.5348176007         3.3050372052         1.6619848393         0.5765761121       482.7516729579       486.1275747475        13.8724252525         1.3968249959
        0.9854587000       511.4726822244         3.3152772467         1.6594325125         0.6174061515       478.9422298886       483.6028324459        16.3971675541         1.4044785871
        0.9904553000       504.9795117120         3.3068953020         1.6824034542         0.6531324359       513.2272175124       489.5706049834        10.4293950166         1.3942737988
        0.9954320000       497.2127352107         3.2969349341         1.6670894930         0.6939624752       490.3705590966       495.4171239039         4.5828760961         1.4019273900
        1.0004377000       504.2499082755         3.3059566117         1.6645371662         0.7194812498       486.5611160273       492.0936134770         7.9063865230         1.4019273900
        1.0054296000       512.5281413201         3.3166445157         1.6619848393         0.7450000244       482.7516729579       488.5377716334        11.4622283666         1.3942737988
        1.0104348000       517.0633589274         3.3225349720         1.6670894930         0.7909338187       490.3705590966       487.5927040309        12.4072959691         1.3942737988
        1.0154450000       517.8029741800         3.3234979891         1.6670894930         0.8215563482       490.3705590966       488.9208366701        11.0791633299         1.3866202076
        1.0204417000       516.1073900748         3.3212912458         1.6721941467         0.8521788777       497.9894452352       491.4353196739         8.5646803261         1.3866202076
        1.0254393000       512.6865812819         3.3168498795         1.6721941467         0.8853532847       497.9894452352       494.5689417937         5.4310582063         1.3968249959
        1.0304310000       517.6011453956         3.3232351309         1.6619848393         0.9210795691       482.7516729579       492.5616343712         7.4383656288         1.4070297842
        1.0354361000       519.6994187965         3.3259703347         1.6747464736         0.9440464662       501.7988883045       492.4247245111         7.5752754889         1.3968249959
        1.0404434000       516.8707220759         3.3222842591         1.6696418199         0.9874283830       494.1800021659       495.0852978840         4.9147021160         1.4044785871
        1.0454317000       512.4042288546         3.3164839264         1.6798511273         1.0206027900       509.4177744431       498.2951624568         1.7048375432         1.4070297842
        1.0504446000       501.7836279410         3.3027882157         1.6824034542         1.0614328293       513.2272175124       504.5237188219        -4.5237188219         1.4019273900
        1.0554268000       493.2755118680         3.2919125562         1.6824034542         1.0920553588       513.2272175124       508.6849872872        -8.6849872872         1.3942737988
        1.0604460000       496.9477905345         3.2965964045         1.6670894930         1.1175741334       490.3705590966       505.3926438786        -5.3926438786         1.3942737988
        1.0654436000       509.9548412288         3.3133133559         1.6645371662         1.1507485404       486.5611160273       497.2996932333         2.7003067667         1.3942737988
        1.0704535000       518.1186431363         3.3239092111         1.6670894930         1.1839229474       490.3705590966       493.0760992121         6.9239007879         1.3917226017
        1.0754383000       525.3698354854         3.3333893152         1.6619848393         1.2094417220       482.7516729579       489.9611916280        10.0388083720         1.3891714046
        1.0804259000       527.5268787175         3.3362220762         1.6721941467         1.2426161289       497.9894452352       490.1569161290         9.8430838710         1.3993761929
        1.0854384000       528.1860418087         3.3370888989         1.6645371662         1.2859980457       486.5611160273       491.1697368020         8.8302631980         1.3993761929
        1.0904843000       532.6813542679         3.3430150822         1.6670894930         1.3064130654       490.3705590966       489.8769635115        10.1230364885         1.3968249959
        1.0954489000       529.9429549141         3.3394019863         1.6747464736         1.3523468597       501.7988883045       492.8449833427         7.1550166573         1.3917226017
        1.1004323000       527.3657632582         3.3360102871         1.6696418199         1.3702100019       494.1800021659       495.3046248967         4.6953751033         1.4095809812
        1.1054452000       534.3356109797         3.3452023798         1.6619848393         1.4110400412       482.7516729579       492.0349018705         7.9650981295         1.3968249959
        1.1104572000       542.5787079003         3.3561542458         1.6645371662         1.4391106933       486.5611160273       488.5071308942        11.4928691058         1.3942737988
        1.1154546000       547.0955884721         3.3621930546         1.6645371662         1.4773888552       486.5611160273       487.5767130718        12.4232869282         1.4019273900
        1.1205869000       549.4406459027         3.3653388966         1.6670894930         1.5080113847       490.3705590966       488.0018163359        11.9981836641         1.4070297842
        1.1254568000       540.7350234790         3.3536970429         1.6824034542         1.5411857916       513.2272175124       494.5983957734         5.4016042266         1.3993761929
        1.1304359000       527.9020822783         3.3367154148         1.6798511273         1.5794639535       509.4177744431       502.5944296979        -2.5944296979         1.3993761929
        1.1354286000       524.6994258191         3.3325100828         1.6747464736         1.6075346056       501.7988883045       504.0354196316        -4.0354196316         1.3917226017
        1.1404320000       519.1291097635         3.3252263712         1.6849557810         1.6432608900       517.0366605817       506.6088012271        -6.6088012271         1.4044785871
        1.1454571000       498.9487209511         3.2991550861         1.7002697422         1.6840909293       539.8933189975       517.0585607400       -17.0585607400         1.3968249959
        1.1504285000       491.4820677841         3.2896307223         1.6747464736         1.7096097039       501.7988883045       518.8694397252       -18.8694397252         1.3968249959
        1.1554472000       501.2492602930         3.3021026658         1.6747464736         1.7427841109       501.7988883045       510.7077624689       -10.7077624689         1.4019273900
        1.1604295000       506.1320743840         3.3083794495         1.6747464736         1.7759585179       501.7988883045       506.4483010224        -6.4483010224         1.3866202076
        1.1654357000       506.8507899326         3.3093057354         1.6772988005         1.8091329248       505.6083313738       505.1360245145        -5.1360245145         1.3993761929
        1.1704468000       505.1691579491         3.3071393997         1.6772988005         1.8499629642       505.6083313738       505.3618412475        -5.3618412475         1.3942737988
        1.1754516000       500.3926425928         3.3010043951         1.6824034542         1.8780336162       513.2272175124       507.3010415053        -7.3010415053         1.3866202076
        1.1804202000       498.3916590275         3.2984422774         1.6747464736         1.9112080232       501.7988883045       507.4024072201        -7.4024072201         1.3993761929
        1.1854507000       501.2963740913         3.3021630955         1.6747464736         1.9418305527       501.7988883045       504.7232838713        -4.7232838713         1.3968249959
        1.1904337000       502.5977603474         3.3038333267         1.6747464736         1.9775568371       501.7988883045       503.3250881014        -3.3250881014         1.3993761929
        1.1954492000       496.6023444151         3.2961551375         1.6849557810         2.0056274892       517.0366605817       506.2380894637        -6.2380894637         1.3993761929
        1.2004254000       487.5051862014         3.2845839244         1.6824034542         2.0464575285       513.2272175124       510.4903674409       -10.4903674409         1.3968249959
        1.2056191000       489.0278756105         3.2865141503         1.6721941467         2.0745281806       497.9894452352       508.1561954654        -8.1561954654         1.3968249959
        1.2104556000       490.7686853311         3.2887240935         1.6798511273         2.1128063424       509.4177744431       506.0273499500        -6.0273499500         1.4121321783
        1.2154319000       491.2354815414         3.2893172733         1.6721941467         2.1408769945       497.9894452352       504.9163362314        -4.9163362314         1.3993761929
        1.2204419000       494.2674125304         3.2931761545         1.6747464736         2.1791551564       501.7988883045       502.5151644554        -2.5151644554         1.3917226017
        1.2254269000       494.2473435905         3.2931505771         1.6747464736         2.2199851957       501.7988883045       502.1727024795        -2.1727024795         1.3968249959
        1.2304367000       484.3322552589         3.2805701676         1.6900604347         2.2480558478       524.6555467203       507.4580258237        -7.4580258237         1.3917226017
        1.2354725000       485.6552434187         3.2822423745         1.6619848393         2.2837821322       482.7516729579       505.6629853006        -5.6629853006         1.3993761929
        1.2404350000       487.5189966046         3.2846014193         1.6875081079         2.3118527843       520.8461036510       503.8155047013        -3.8155047013         1.4019273900
        1.2454449000       480.2020598364         3.2753622950         1.6747464736         2.3450271912       501.7988883045       507.4047056857        -7.4047056857         1.4070297842
        1.2504316000       481.4931384115         3.2769882185         1.6772988005         2.3782015982       505.6083313738       505.6351582909        -5.6351582909         1.3993761929
        1.2554648000       480.1102144225         3.2752466993         1.6772988005         2.4190316375       505.6083313738       505.6223319543        -5.6223319543         1.3968249959
        1.2604472000       483.5646505124         3.2796008407         1.6696418199         2.4471022896       494.1800021659       502.8836134235        -2.8836134235         1.3891714046
        1.2657881000       483.7650808805         3.2798538797         1.6798511273         2.4930360838       509.4177744431       502.3649906728        -2.3649906728         1.3891714046
        1.2704849000       486.8851640471         3.2837987076         1.6645371662         2.5211067359       486.5611160273       500.2729791846        -0.2729791846         1.3840690105
        1.2754978000       495.2133251768         3.2943822225         1.6696418199         2.5593848978       494.1800021659       495.5384890781         4.4615109219         1.3993761929
        1.2804845000       494.2480695078         3.2931515022         1.6747464736         2.5900074273       501.7988883045       496.7103266263         3.2896733737         1.4044785871
        1.2854529000       490.7540792498         3.2887055368         1.6747464736         2.6180780793       501.7988883045       499.1432414802         0.8567585198         1.3917226017
        1.2904511000       498.4061457131         3.2984608098         1.6594325125         2.6487006088       478.9422298886       494.9488952917         5.0511047083         1.3993761929
        1.2954394000       501.9330820410         3.3029800131         1.6772988005         2.6844268933       505.6083313738       493.6706014962         6.3293985038         1.3968249959
        1.3004696000       498.2349718499         3.2982418478         1.6696418199         2.7176013002       494.1800021659       496.6461779668         3.3538220332         1.4044785871
        1.3054277000       502.7776517077         3.3040643606         1.6670894930         2.7431200748       490.3705590966       494.5563888033         5.4436111967         1.3942737988
        1.3104424000       507.6847034495         3.3103812620         1.6670894930         2.7813982367       490.3705590966       492.5550831469         7.4449168531         1.4019273900
        1.3154430000       504.9340202165         3.3068367553         1.6772988005         2.8222282761       505.6083313738       495.1533301727         4.8466698273         1.3917226017
        1.3204606000       498.8932290954         3.2990840632         1.6747464736         2.8579545605       501.7988883045       499.2413424090         0.7586575910         1.3942737988
        1.3254451000       500.1439562846         3.3006857152         1.6696418199         2.8885770900       494.1800021659       498.6427922838         1.3572077162         1.3866202076
        1.3304343000       512.3415635722         3.3164027199         1.6568801856         2.9140958646       475.1327868193       491.9556934352         8.0443065648         1.3993761929
        1.3354329000       520.5372579848         3.3270640183         1.6696418199         2.9574777814       494.1800021659       488.4657931562        11.5342068438         1.3968249959
        1.3404535000       521.7993758488         3.3287131816         1.6645371662         2.9778928011       486.5611160273       489.3764892708        10.6235107292         1.3968249959
        1.3454325000       526.8365263553         3.3353148261         1.6645371662         3.0187228404       486.5611160273       488.0304186488        11.9695813512         1.4070297842
        1.3504428000       526.2230811245         3.3345091499         1.6721941467         3.0518972474       497.9894452352       490.0599484890         9.9400515110         1.3968249959
        1.3554276000       521.9791776268         3.3289482830         1.6721941467         3.0774160220       497.9894452352       493.8511554426         6.1488445574         1.3917226017
        1.3605507000       521.6191444699         3.3284775588         1.6696418199         3.1233498162       494.1800021659       494.9190566955         5.0809433045         1.3942737988
        1.3654407000       525.1282238071         3.3330723801         1.6670894930         3.1437648359       490.3705590966       493.6550291640         6.3449708360         1.3942737988
        1.3706912000       527.8808423579         3.3366874827         1.6696418199         3.1871467527       494.1800021659       492.9953514569         7.0046485431         1.3917226017
        1.3754404000       525.3936389175         3.3334205434         1.6747464736         3.2228730371       501.7988883045       495.3830998431         4.6169001569         1.3968249959
        1.3804783000       525.9504021412         3.3341511753         1.6670894930         3.2381843019       490.3705590966       495.7185563458         4.2814436542         1.3942737988
        1.3854336000       525.0929082285         3.3330260609         1.6772988005         3.2815662187       505.6083313738       496.8043011319         3.1956988681         1.3968249959
        1.3904417000       515.1951092269         3.3201054016         1.6824034542         3.3223962580       513.2272175124       502.8349849516        -2.8349849516         1.3993761929
        1.3954380000       505.6763656799         3.3077924475         1.6824034542         3.3581225424       513.2272175124       507.8036614778        -7.8036614778         1.3968249959
        1.4004419000       508.8212124685         3.3118483960         1.6670894930         3.3785375621       490.3705590966       504.9326926714        -4.9326926714         1.4019273900
        1.4054475000       513.4779440262         3.3178760691         1.6772988005         3.4193676015       505.6083313738       501.6130257615        -1.6130257615         1.4095809812
        1.4104608000       509.6879636561         3.3129683377         1.6772988005         3.4576457633       505.6083313738       503.5232390958        -3.5232390958         1.4044785871
        1.4154404000       508.6561677722         3.3116352416         1.6747464736         3.4908201703       501.7988883045       503.6094769540        -3.6094769540         1.3942737988
        1.4204527000       506.0609691621         3.3082878420         1.6798511273         3.5214426998       509.4177744431       504.5651581300        -4.5651581300         1.3866202076
        1.4254344000       497.5776525581         3.2974013358         1.6849557810         3.5571689842       517.0366605817       508.7066138634        -8.7066138634         1.3917226017
        1.4304416000       489.9577896262         3.2876942400         1.6824034542         3.5877915138       513.2272175124       511.7786546618       -11.7786546618         1.3917226017
        1.4354359000       493.8664701119         3.2926652513         1.6696418199         3.6184140433       494.1800021659       507.9178590701        -7.9178590701         1.4019273900
        1.4404903000       500.3096827904         3.3008980779         1.6747464736         3.6541403277       501.7988883045       503.1709409776        -3.1709409776         1.4044785871
        1.4454292000       502.2970771431         3.3034472453         1.6721941467         3.6898666121       497.9894452352       501.6042678886        -1.6042678886         1.4095809812
        1.4504312000       495.2718315759         3.2944568539         1.6875081079         3.7332485289       520.8461036510       505.3400182558        -5.3400182558         1.4019273900
        1.4554434000       490.4822561896         3.2883602374         1.6721941467         3.7587673035       497.9894452352       507.2896524012        -7.2896524012         1.3968249959
        1.4604252000       499.7795408664         3.3002188646         1.6670894930         3.7868379556       490.3705590966       501.0217392257        -1.0217392257         1.3866202076
        1.4654529000       508.5557995218         3.3115056325         1.6670894930         3.8200123625       490.3705590966       495.9292561260         4.0707438740         1.3917226017
        1.4704477000       506.2093874659         3.3084790616         1.6798511273         3.8582905244       509.4177744431       497.8249371867         2.1750628133         1.3993761929
        1.4754527000       504.9974510048         3.3069183902         1.6670894930         3.8914649314       490.3705590966       498.8142657450         1.1857342550         1.4019273900
        1.4804393000       502.7625689547         3.3040449884         1.6824034542         3.9297430933       513.2272175124       500.2412569102        -0.2412569102         1.3968249959
        1.4855649000       486.8465656233         3.2837498395         1.6900604347         3.9654693777       524.6555467203       509.1820569361        -9.1820569361         1.3942737988
        1.4904355000       481.1262449304         3.2765259828         1.6747464736         3.9884362748       501.7988883045       511.1161066490       -11.1161066490         1.4070297842
        1.4954457000       481.4083976943         3.2768814435         1.6824034542         4.0292663142       513.2272175124       509.3934346015        -9.3934346015         1.3942737988
        1.5004352000       485.5046486233         3.2820519296         1.6670894930         4.0573369662       490.3705590966       505.7623722968        -5.7623722968         1.3942737988
        1.5054392000       492.2729162687         3.2906364806         1.6747464736         4.1007188830       501.7988883045       501.1353486878        -1.1353486878         1.4019273900
        1.5104305000       494.6571167748         3.2936729146         1.6696418199         4.1287895351       494.1800021659       499.6312467975         0.3687532025         1.3866202076
        1.5154357000       497.7561953398         3.2976295882         1.6721941467         4.1619639420       497.9894452352       497.9356028674         2.0643971326         1.3968249959
        1.5204470000       504.6855471219         3.3065170183         1.6619848393         4.1951383490       482.7516729579       494.3186461467         5.6813538533         1.3866202076
        1.5254555000       509.4503211107         3.3126611865         1.6721941467         4.2283127560       497.9894452352       492.4310086891         7.5689913109         1.3968249959
        1.5304399000       508.2403971857         3.3110984208         1.6696418199         4.2665909178       494.1800021659       494.1779026221         5.8220973779         1.3968249959
        1.5354278000       512.9209428214         3.3171537056         1.6645371662         4.2870059375       486.5611160273       492.3575566770         7.6424433230         1.4019273900
        1.5404385000       511.6670613358         3.3155289492         1.6772988005         4.3380434867       505.6083313738       494.1395690782         5.8604309218         1.3993761929
        1.5454461000       509.8646181082         3.3131967062         1.6670894930         4.3584585064       490.3705590966       495.9802504888         4.0197495112         1.3993761929
        1.5504305000       520.4688198651         3.3269746492         1.6594325125         4.3992885457       478.9422298886       490.5661513388         9.4338486612         1.4095809812
        1.5554511000       519.7578788922         3.3260466181         1.6798511273         4.4375667076       509.4177744431       492.2939856293         7.7060143707         1.4019273900
        1.5604480000       507.1608690536         3.3097055580         1.6798511273         4.4630854822       509.4177744431       500.4811164523        -0.4811164523         1.4019273900
        1.5654319000       513.9985784973         3.3185516104         1.6568801856         4.4962598892       475.1327868193       496.5577877947         3.4422122053         1.3993761929
        1.5704197000       526.5634210705         3.3349560813         1.6670894930         4.5370899285       490.3705590966       489.9568848313        10.0431151687         1.3968249959
        1.5754542000       523.8728508525         3.3314268167         1.6747464736         4.5651605806       501.7988883045       492.8866931249         7.1133068751         1.3968249959
        1.5804476000       516.4755844960         3.3217701383         1.6772988005         4.6085424974       505.6083313738       498.0584172804         1.9415827196         1.3993761929
        1.5854511000       521.8634228927         3.3287969222         1.6594325125         4.6315093945       478.9422298886       495.2934160982         4.7065839018         1.3968249959
        1.5904320000       522.3665146302         3.3294548854         1.6824034542         4.6646838015       513.2272175124       495.6717516950         4.3282483050         1.4070297842
        1.5954714000       518.2509863206         3.3240816510         1.6670894930         4.7004100859       490.3705590966       498.6012242281         1.3987757719         1.3968249959
        1.6004250000       519.1186330069         3.3252127081         1.6772988005         4.7335844928       505.6083313738       498.3087238531         1.6912761469         1.3917226017
        1.6054453000       519.8112320315         3.3261162412         1.6670894930         4.7846220420       490.3705590966       498.1560721332         1.8439278668         1.3942737988
        1.6105212000       515.5674401749         3.3205892596         1.6849557810         4.8152445715       517.0366605817       500.8084300569        -0.8084300569         1.3866202076
        1.6154582000       504.8358992237         3.3067104837         1.6798511273         4.8560746109       509.4177744431       506.7460317563        -6.7460317563         1.3942737988
        1.6204408000       504.1177805448         3.3057866868         1.6747464736         4.8892490178       501.7988883045       506.2020807668        -6.2020807668         1.3891714046
        1.6255246000       503.0741328858         3.3044452138         1.6798511273         4.9224234248       509.4177744431       505.9182006040        -5.9182006040         1.4070297842
        1.6304487000       509.9356564143         3.3132885510         1.6619848393         4.9555978318       482.7516729579       501.2166732300        -1.2166732300         1.3993761929
        1.6354466000       517.2135618542         3.3227304895         1.6747464736         4.9913241162       501.7988883045       496.9416642503         3.0583357497         1.4044785871
        1.6404575000       510.6279922159         3.3141839837         1.6798511273         5.0117391359       509.4177744431       501.0853230113        -1.0853230113         1.3993761929
        1.6454525000       501.6771706340         3.3026516129         1.6824034542         5.0066353810       513.2272175124       505.9798633052        -5.9798633052         1.3968249959
        1.6504504000       503.7305603417         3.3052888154         1.6670894930         5.0066353810       490.3705590966       503.9808787539        -3.9808787539         1.4044785871
        1.6554471000       507.8176762176         3.3105528384         1.6772988005         5.0066353810       505.6083313738       501.1162878290        -1.1162878290         1.3942737988
        1.6604458000       508.5754576879         3.3115310169         1.6696418199         1.0997109912       494.1800021659       500.5319740944        -0.5319740944         1.3942737988
        1.6654532000       507.3685429694         3.3099734013         1.6798511273         0.0100593162       509.4177744431       501.1377040816        -1.1377040816         1.3942737988
        1.6704413000       496.8340569726         3.2964511079         1.6849557810         0.0024036839       517.0366605817       506.9178751128        -6.9178751128         1.3917226017
        1.6754272000       489.7587303802         3.2874415451         1.6798511273        -0.0001481936       509.4177744431       509.9344628665        -9.9344628665         1.3993761929
        1.6804298000       487.7187131293         3.2848544423         1.6798511273         0.0075074388       509.4177744431       509.6874266666        -9.6874266666         1.3968249959
        1.6854485000       495.2209284498         3.2943919211         1.6645371662         0.0228187035       486.5611160273       504.0944527409        -4.0944527409         1.3993761929
        1.6904238000       509.0660850646         3.3121647080         1.6645371662         0.0534412330       486.5611160273       495.7115111501         4.2884888499         1.4095809812
        1.6954394000       509.8193869469         3.3131382305         1.6772988005         0.0993750273       505.6083313738       495.8899494623         4.1100505377         1.3968249959
        1.7004472000       502.6044156733         3.3038418734         1.6772988005         0.1299975568       505.6083313738       500.5364482578        -0.5364482578         1.4095809812
        1.7054335000       504.6302025541         3.3064458104         1.6670894930         0.1708275961       490.3705590966       499.3186893156         0.6813106844         1.3917226017
        1.7104392000       505.9272182143         3.3081155421         1.6772988005         0.1963463707       505.6083313738       498.6831585169         1.3168414831         1.3917226017
        1.7154209000       503.6138746794         3.3051388207         1.6721941467         0.2346245326       497.9894452352       500.1728339420        -0.1728339420         1.4044785871
        1.7204312000       498.9620075157         3.2991720918         1.6824034542         0.2677989396       513.2272175124       502.7716237919        -2.7716237919         1.3917226017
        1.7254451000       499.0954173779         3.2993428570         1.6670894930         0.3035252240       490.3705590966       502.3065449021        -2.3065449021         1.4044785871
        1.7304313000       494.1054634514         3.2929697676         1.6900604347         0.3443552634       524.6555467203       504.7958515995        -4.7958515995         1.4019273900
        1.7354508000       487.3752180067         3.2844192924         1.6721941467         0.3724259154       497.9894452352       507.9163345686        -7.9163345686         1.3968249959
        1.7404503000       487.3574702956         3.2843968127         1.6824034542         0.4132559548       513.2272175124       506.8128448969        -6.8128448969         1.3993761929
        1.7454313000       480.2192880789         3.2753839794         1.6824034542         0.4515341166       513.2272175124       509.8796491142        -9.8796491142         1.4044785871
        1.7504460000       481.3764914095         3.2768412430         1.6721941467         0.4796047687       497.9894452352       507.8374703939        -7.8374703939         1.3968249959
        1.7554286000       478.0815231903         3.2726957748         1.6875081079         0.5127791757       520.8461036510       508.5930365908        -8.5930365908         1.3840690105
        1.7604392000       481.6987737072         3.2772473560         1.6619848393         0.5434017052       482.7516729579       505.3446561385        -5.3446561385         1.3917226017
        1.7654210000       496.2921180171         3.2957589775         1.6670894930         0.5791279896       490.3705590966       496.3639742414         3.6360257586         1.3968249959
        1.7704663000       495.8208762363         3.2951574135         1.6772988005         0.6276136613       505.6083313738       497.1411354070         2.8588645930         1.3866202076
        1.7754433000       479.6646085945         3.2746859964         1.6926127616         0.6531324359       528.4649897896       506.6534734281        -6.6534734281         1.3917226017
        1.7804642000       478.8910981271         3.2737132117         1.6619848393         0.6863068429       482.7516729579       506.1537759125        -6.1537759125         1.3993761929
        1.7854399000       492.3536504007         3.2907391941         1.6696418199         0.7220331273       494.1800021659       497.6969170455         2.3030829545         1.3993761929
        1.7904555000       495.9101359661         3.2952713383         1.6696418199         0.7577594117       494.1800021659       496.0154292319         3.9845707681         1.3942737988
        1.7954324000       500.0753424921         3.3005978026         1.6670894930         0.7883819412       490.3705590966       494.2272101512         5.7727898488         1.3942737988
        1.8004560000       504.7853963555         3.3066454962         1.6670894930         0.8241082257       490.3705590966       492.3832895641         7.6167104359         1.4044785871
        1.8054661000       510.0069628350         3.3133807485         1.6645371662         0.8572826326       486.5611160273       490.5102991655         9.4897008345         1.4095809812
        1.8104309000       514.1076330095         3.3186931541         1.6670894930         0.8879051621       490.3705590966       489.5328125361        10.4671874639         1.3917226017
        1.8154400000       525.6983836555         3.3338204071         1.6517755319         0.9210795691       467.5139006807       484.4693019678        15.5306980322         1.3917226017
        1.8206001000       532.6438503295         3.3429655342         1.6696418199         0.9517020986       494.1800021659       482.7374038396        17.2625961604         1.3993761929
        1.8254421000       532.0928097119         3.3422377390         1.6619848393         0.9874283830       482.7516729579       485.4762507622        14.5237492378         1.4044785871
        1.8304316000       531.5658276287         3.3415420819         1.6721941467         1.0206027900       497.9894452352       487.8162902860        12.1837097140         1.4070297842
        1.8354563000       529.2092246728         3.3384355085         1.6670894930         1.0512253195       490.3705590966       490.8588728737         9.1411271263         1.3917226017
        1.8404623000       520.5984036560         3.3271438696         1.6849557810         1.0869516039       517.0366605817       497.0001271876         2.9998728124         1.3942737988
        1.8454500000       517.2778453487         3.3228141752         1.6645371662         1.1124703785       486.5611160273       499.2944842064         0.7055157936         1.4019273900
        1.8504298000       526.6354354533         3.3350506686         1.6670894930         1.1430929080       490.3705590966       494.1171518018         5.8828481982         1.3942737988
        1.8554467000       529.6646125800         3.3390352702         1.6696418199         1.1813710699       494.1800021659       493.2365265852         6.7634734148         1.3993761929
        1.8604436000       538.6268251479         3.3508927355         1.6568801856         1.2145454769       475.1327868193       489.1342414727        10.8657585273         1.3968249959
        1.8654397000       540.2889777631         3.3531032343         1.6772988005         1.2553755162       505.6083313738       489.7253427900        10.2746572100         1.3917226017
        1.8704201000       537.4598405675         3.3493429036         1.6645371662         1.2859980457       486.5611160273       492.7658546787         7.2341453213         1.3993761929
        1.8754399000       534.8352941429         3.3458637629         1.6798511273         1.3089649429       509.4177744431       495.2633287901         4.7366712099         1.3917226017
        1.8804366000       532.0903560236         3.3422344991         1.6670894930         1.3395874724       490.3705590966       497.4773993310         2.5226006690         1.3968249959
        1.8854592000       533.9004585914         3.3446266711         1.6747464736         1.3778656343       501.7988883045       496.8115409918         3.1884590082         1.4044785871
        1.8904367000       536.9270883989         3.3486359599         1.6645371662         1.4084881638       486.5611160273       495.5533642607         4.4466357393         1.4070297842
        1.8954521000       534.3557228123         3.3452289938         1.6824034542         1.4493182031       513.2272175124       497.6287646528         2.3712353472         1.4019273900
        1.9004301000       529.7963623298         3.3392088383         1.6696418199         1.4773888552       494.1800021659       500.5332359010        -0.5332359010         1.3917226017
        1.9054397000       533.4352387786         3.3440114516         1.6721941467         1.5105632621       497.9894452352       498.4063379493         1.5936620507         1.3891714046
        1.9104234000       532.5712432183         3.3428696151         1.6747464736         1.5411857916       501.7988883045       499.1176904034         0.8823095966         1.3917226017
        1.9154348000       530.5179464976         3.3401598493         1.6747464736         1.5692564437       501.7988883045       500.3996098558        -0.3996098558         1.3917226017
        1.9204240000       527.6168060211         3.3363403015         1.6772988005         1.6049827281       505.6083313738       501.9792999814        -1.9792999814         1.3993761929
        1.9254544000       515.9709634157         3.3211138445         1.6900604347         1.6483646449       524.6555467203       508.2677667378        -8.2677667378         1.3891714046
        1.9304193000       498.3983991317         3.2984508998         1.6926127616         1.6764352970       528.4649897896       517.0136759890       -17.0136759890         1.4070297842
        1.9354488000       497.3649326083         3.2971294391         1.6721941467         1.7096097039       497.9894452352       515.2033154875       -15.2033154875         1.3917226017
        1.9404343000       504.9381228868         3.3068420352         1.6772988005         1.7453359884       505.6083313738       508.7944651946        -8.7944651946         1.3968249959
        1.9454438000       508.6759189110         3.3116607484         1.6721941467         1.7734066404       497.9894452352       505.4497788168        -5.4497788168         1.4044785871
        1.9504244000       508.7970660728         3.3118172090         1.6798511273         1.8091329248       509.4177744431       504.6149102013        -4.6149102013         1.3942737988
        1.9554636000       505.1885597696         3.3071643746         1.6772988005         1.8525148416       505.6083313738       506.0005540997        -6.0005540997         1.4019273900
        1.9604224000       504.0243079171         3.3056664874         1.6772988005         1.8729298613       505.6083313738       505.8130267479        -5.8130267479         1.4019273900
        1.9654590000       505.9778538238         3.3081807691         1.6721941467         1.9112080232       497.9894452352       503.8938091650        -3.8938091650         1.3866202076
        1.9704427000       510.0128626623         3.3133883771         1.6721941467         1.9418305527       497.9894452352       501.0708474685        -1.0708474685         1.3891714046
        1.9754549000       517.2034982702         3.3227173890         1.6645371662         1.9699012047       486.5611160273       496.8655598921         3.1344401079         1.3993761929
        1.9804348000       521.8774678505         3.3288152865         1.6721941467         2.0056274892       497.9894452352       494.6708810607         5.3291189393         1.3993761929
        1.9854551000       520.3929897542         3.3268756341         1.6721941467         2.0439056511       497.9894452352       496.2575345365         3.7424654635         1.3968249959
        1.9904314000       511.7829887772         3.3156790859         1.6849557810         2.0847356904       517.0366605817       501.6389604811        -1.6389604811         1.4019273900
        1.9954484000       501.5484810646         3.3024865002         1.6798511273         2.1153582199       509.4177744431       507.1794735859        -7.1794735859         1.3942737988
        2.0004498000       505.9347928878         3.3081252993         1.6670894930         2.1408769945       490.3705590966       503.6962631447        -3.6962631447         1.4019273900
        2.0054612000       513.0816037857         3.3173620249         1.6721941467         2.1817070338       497.9894452352       499.1464012872         0.8535987128         1.4070297842
        2.0104426000       514.2755131968         3.3189110771         1.6721941467         2.2123295633       497.9894452352       498.5932438839         1.4067561161         1.3993761929
        2.0154532000       502.2182879291         3.3033460965         1.6926127616         2.2557114802       528.4649897896       505.5899580959        -5.5899580959         1.3942737988
        2.0204438000       495.9632777224         3.2953391691         1.6696418199         2.2888858871       494.1800021659       508.3307672765        -8.3307672765         1.3968249959
        2.0254676000       502.6535964636         3.3039050327         1.6747464736         2.3169565392       501.7988883045       503.3864318052        -3.3864318052         1.3993761929
        2.0304374000       506.3849639122         3.3087053052         1.6696418199         2.3526828236       494.1800021659       500.8060545546        -0.8060545546         1.4044785871
        2.0354457000       508.5720974299         3.3115266778         1.6747464736         2.3884091080       501.7988883045       499.4593929468         0.5406070532         1.4044785871
        2.0404317000       506.7232935452         3.3091413722         1.6747464736         2.4266872699       501.7988883045       500.5779394765        -0.5779394765         1.4019273900
        2.0454425000       512.0039349847         3.3159652767         1.6645371662         2.4445504121       486.5611160273       497.5189932159         2.4810067841         1.4019273900
        2.0504405000       515.4539415402         3.3204417459         1.6747464736         2.4879323289       501.7988883045       495.9225733557         4.0774266443         1.4095809812
        2.0554325000       517.9485661974         3.3236876366         1.6645371662         2.5160029810       486.5611160273       495.0894248945         4.9105751055         1.3917226017
        2.0604441000       526.4046388919         3.3347475518         1.6645371662         2.5491773879       486.5611160273       491.0119172147         8.9880827853         1.3917226017
        2.0654319000       527.5754797571         3.3362859695         1.6721941467         2.5797999174       497.9894452352       491.6159495162         8.3840504838         1.3968249959
        2.0704347000       519.4177333594         3.3256028281         1.6798511273         2.6180780793       509.4177744431       497.3952345497         2.6047654503         1.4044785871
        2.0754416000       508.2585680908         3.3111218778         1.6824034542         2.6640118736       513.2272175124       504.0540594487        -4.0540594487         1.3993761929
        2.0804275000       502.6994070854         3.3039638666         1.6772988005         2.6895306482       505.6083313738       506.6185290783        -6.6185290783         1.3942737988
        2.0858482000       501.9049840748         3.3029439524         1.6772988005         2.7252569326       505.6083313738       506.1355389612        -6.1355389612         1.4044785871
        2.0904519000       500.8215142875         3.3015541445         1.6772988005         2.7609832170       505.6083313738       505.8834733970        -5.8834733970         1.3942737988
        2.0954495000       506.0472432107         3.3082701591         1.6670894930         2.7865019916       490.3705590966       502.1092244861        -2.1092244861         1.4019273900
        2.1004467000       505.7842383689         3.3079313769         1.6824034542         2.8273320310       513.2272175124       501.9608482741        -1.9608482741         1.4044785871
        2.1054490000       497.3573773117         3.2971197830         1.6798511273         2.8605064379       509.4177744431       506.4367872910        -6.4367872910         1.3866202076
        2.1105749000       498.0692024358         3.2980298316         1.6721941467         2.8936808449       497.9894452352       505.1300156645        -5.1300156645         1.3917226017
        2.1154568000       502.8440224867         3.3041496100         1.6721941467         2.9217514970       497.9894452352       501.7160057808        -1.7160057808         1.3891714046
        2.1204308000       505.5757188425         3.3076628369         1.6721941467         2.9549259039       497.9894452352       499.9342833455         0.0657166545         1.3968249959
        2.1254831000       508.8561504712         3.3118935225         1.6696418199         2.9932040658       494.1800021659       498.0937532638         1.9062467362         1.4044785871
        2.1304475000       511.0351117616         3.3147108017         1.6721941467         3.0365859826       497.9894452352       497.1332072047         2.8667927953         1.3993761929
        2.1354327000       512.6392315956         3.3167885034         1.6696418199         3.0646566347       494.1800021659       496.6319120937         3.3680879063         1.4019273900
        2.1404424000       509.0983139428         3.3122063447         1.6798511273         3.0978310416       509.4177744431       499.1023180685         0.8976819315         1.3942737988
        2.1454351000       505.4208055938         3.3074633667         1.6721941467         3.1284535711       497.9894452352       501.3022621399        -1.3022621399         1.3866202076
        2.1504419000       515.9799559781         3.3211255372         1.6594325125         3.1514204683       478.9422298886       495.1649820985         4.8350179015         1.3993761929
        2.1554230000       527.7112701149         3.3364645021         1.6645371662         3.1871467527       486.5611160273       489.2299996606        10.7700003394         1.4044785871
        2.1604610000       529.4307294835         3.3387272052         1.6696418199         3.2228730371       494.1800021659       489.7753176048        10.2246823952         1.3866202076
        2.1654445000       523.4014758309         3.3308094396         1.6772988005         3.2611511990       505.6083313738       494.6132855799         5.3867144201         1.3866202076
        2.1704552000       523.4975415711         3.3309352379         1.6645371662         3.2866699736       486.5611160273       495.3168014035         4.6831985965         1.3917226017
        2.1754346000       533.7047003806         3.3443677612         1.6619848393         3.3198443806       482.7516729579       490.2199068462         9.7800931538         1.3968249959
        2.1804451000       532.7865484296         3.3431540681         1.6772988005         3.3606744199       505.6083313738       492.1132856309         7.8867143691         1.4044785871
        2.1854366000       526.5414462226         3.3349272197         1.6721941467         3.3964007043       497.9894452352       496.7441121992         3.2558878008         1.4095809812
        2.1904466000       523.0676750345         3.3303724162         1.6772988005         3.4372307437       505.6083313738       499.1608736826         0.8391263174         1.3968249959
        2.1954316000       522.6552334790         3.3298326255         1.6696418199         3.4627495183       494.1800021659       499.5114717016         0.4885282984         1.3866202076
        2.2004568000       519.2225842579         3.3253482804         1.6824034542         3.4959239252       513.2272175124       501.5157935099        -1.5157935099         1.4070297842
        2.2054199000       515.3744149769         3.3203383950         1.6721941467         3.5239945773       497.9894452352       503.4724949884        -3.4724949884         1.3968249959
        2.2104274000       515.9272631528         3.3210570241         1.6772988005         3.5648246166       505.6083313738       502.6723194539        -2.6723194539         1.4044785871
        2.2154360000       509.5411960107         3.3127786336         1.6824034542         3.6005509010       513.2272175124       505.8974189373        -5.8974189373         1.3968249959
        2.2204284000       500.2401625745         3.3008089905         1.6849557810         3.6286215531       517.0366605817       510.3125764149       -10.3125764149         1.3968249959
        2.2254318000       500.0414404385         3.3005543670         1.6721941467         3.6643478375       497.9894452352       508.9740837811        -8.9740837811         1.3942737988
        2.2304388000       508.7317657402         3.3117328720         1.6696418199         3.6924184896       494.1800021659       502.8114945112        -2.8114945112         1.4019273900
        2.2354504000       510.5040483569         3.3140236384         1.6772988005         3.7281447740       505.6083313738       501.4166779707        -1.4166779707         1.4044785871
        2.2404351000       508.2115751180         3.3110612150         1.6747464736         3.7664229359       501.7988883045       502.5100931368        -2.5100931368         1.4095809812
        2.2454470000       503.3434351978         3.3047912436         1.6824034542         3.8098048527       513.2272175124       504.9020804825        -4.9020804825         1.4019273900
        2.2504390000       495.0617507113         3.2941888910         1.6824034542         3.8378755047       513.2272175124       508.8824487716        -8.8824487716         1.3917226017
        2.2554415000       492.3921527041         3.2907881811         1.6772988005         3.8659461568       505.6083313738       509.1383957091        -9.1383957091         1.3917226017
        2.2604507000       499.5657989234         3.2999451132         1.6670894930         3.9016724412       490.3705590966       503.8079214162        -3.8079214162         1.3993761929
        2.2654294000       506.7794320239         3.3092137413         1.6721941467         3.9297430933       497.9894452352       499.2046741259         0.7953258741         1.4044785871
        2.2704481000       503.1631789417         3.3045596207         1.6798511273         3.9756768875       509.4177744431       501.3556802875        -1.3556802875         1.3968249959
        2.2754345000       489.5291173869         3.2871501198         1.6900604347         4.0062994170       524.6555467203       508.8529835128        -8.8529835128         1.3993761929
        2.2804633000       481.9968497781         3.2776230686         1.6772988005         4.0394738240       505.6083313738       511.8550428672       -11.8550428672         1.3942737988
        2.2854450000       477.8761849381         3.2724378293         1.6875081079         4.0777519859       520.8461036510       512.5110993892       -12.5110993892         1.3993761929
        2.2906827000       478.9931749811         3.2738415482         1.6696418199         4.1058226379       494.1800021659       510.1214611588       -10.1214611588         1.3993761929
        2.2954726000       489.9851634724         3.2877289931         1.6696418199         4.1338932900       494.1800021659       502.4996193045        -2.4996193045         1.3993761929
        2.3004854000       501.2608755768         3.3021175637         1.6619848393         4.1670676969       482.7516729579       495.7898655042         4.2101344958         1.4019273900
        2.3054467000       510.1361288992         3.3135477727         1.6670894930         4.2002421039       490.3705590966       491.3774670495         8.6225329505         1.3942737988
        2.3104659000       508.2957100544         3.3111698259         1.6747464736         4.2436240207       501.7988883045       493.6280744611         6.3719255389         1.3993761929
        2.3154745000       509.4171854766         3.3126183644         1.6645371662         4.2819021826       486.5611160273       493.8919590706         6.1080409294         1.3942737988
        2.3204436000       504.2365353287         3.3059394123         1.6849557810         4.3150765896       517.0366605817       497.6723761705         2.3276238295         1.3942737988
        2.3254533000       491.6282142207         3.2898165296         1.6798511273         4.3431472416       509.4177744431       505.1093705403        -5.1093705403         1.3942737988
        2.3304366000       493.1606551160         3.2917663113         1.6696418199         4.3737697711       494.1800021659       503.5265811561        -3.5265811561         1.3917226017
        2.3354483000       508.2809794159         3.3111508093         1.6568801856         4.4043923006       475.1327868193       494.5044722905         5.4955277095         1.3993761929
        2.3404292000       511.5419495646         3.3153669361         1.6798511273         4.4375667076       509.4177744431       493.4386635526         6.5613364474         1.4044785871
        2.3454507000       507.7050354670         3.3104074953         1.6670894930         4.4783967469       490.3705590966       496.5251329048         3.4748670952         1.4095809812
        2.3504576000       510.5602635596         3.3140963613         1.6721941467         4.5217786637       497.9894452352       495.4038920179         4.5961079821         1.4044785871
        2.3554436000       504.6694218706         3.3064962707         1.6798511273         4.5498493158       509.4177744431       499.3721070161         0.6278929839         1.3942737988
        2.3605023000       499.5383574546         3.2999099712         1.6747464736         4.5830237228       501.7988883045       502.3537359776        -2.3537359776         1.3917226017
        2.3654600000       499.4216811938         3.2997605636         1.6747464736         4.6238537621       501.7988883045       502.0884552891        -2.0884552891         1.3942737988
        2.3704369000       503.9912830040         3.3056240221         1.6670894930         4.6493725367       490.3705590966       499.2179844794         0.7820155206         1.3917226017
        2.3754540000       508.4580555990         3.3113794239         1.6721941467         4.6825469437       497.9894452352       496.8092523504         3.1907476496         1.3993761929
        2.3804326000       501.7932436916         3.3028005550         1.6824034542         4.7157213506       513.2272175124       501.0162191537        -1.0162191537         1.4019273900
        2.3854423000       489.5710426905         3.2872033270         1.6849557810         4.7591032674       517.0366605817       507.7651487677        -7.7651487677         1.4044785871
        2.3904288000       486.2327933933         3.2829729906         1.6747464736         4.7922776744       501.7988883045       508.5552929789        -8.5552929789         1.3993761929
        2.3955605000       484.9824201054         3.2813917066         1.6824034542         4.8382114687       513.2272175124       508.0569829438        -8.0569829438         1.3993761929
        2.4004460000       486.6638558168         3.2835185402         1.6696418199         4.8637302433       494.1800021659       505.9755723683        -5.9755723683         1.3968249959
        2.4054627000       495.1747256489         3.2943329867         1.6696418199         4.8943527728       494.1800021659       500.3359398413        -0.3359398413         1.4019273900
        2.4104469000       500.3105417347         3.3008991787         1.6696418199         4.9351828121       494.1800021659       497.3926971025         2.6073028975         1.3840690105
        2.4154519000       503.6849660304         3.3052302039         1.6696418199         4.9709090965       494.1800021659       495.8566612388         4.1433387612         1.3917226017
        2.4204337000       507.7551574100         3.3104721670         1.6670894930         4.9989797486       490.3705590966       494.1443514293         5.8556485707         1.3968249959
        2.4254509000       509.1856002175         3.3123191167         1.6721941467         5.0066353810       497.9894452352       494.1613965615         5.8386034385         1.4044785871
        2.4304358000       507.3962197079         3.3100091007         1.6721941467         5.0066353810       497.9894452352       495.9916419370         4.0083580630         1.4070297842
        2.4354686000       506.7021546257         3.3091141226         1.6721941467         5.0040835035       497.9894452352       496.9468205566         3.0531794434         1.3891714046
        2.4404239000       500.1196707933         3.3006545983         1.6824034542         1.0997109912       513.2272175124       501.0880140131        -1.0880140131         1.3917226017
        2.4454677000       483.0953995895         3.2790085967         1.6926127616         1.1022628687       528.4649897896       510.5346421185       -10.5346421185         1.3942737988
        2.4504388000       465.2644411600         3.2566822315         1.6926127616         0.0100593162       528.4649897896       519.1074003837       -19.1074003837         1.3866202076
        2.4554322000       463.8689578028         3.2549492699         1.6747464736         0.0024036839       501.7988883045       517.2066748843       -17.2066748843         1.3840690105
        2.4604340000       469.4110400516         3.2618437255         1.6798511273        -0.0052519485       509.4177744431       511.6613392881       -11.6613392881         1.3917226017
        2.4654523000       474.8645248380         3.2686598709         1.6696418199         0.0075074388       494.1800021659       506.9459589878        -6.9459589878         1.3968249959
        2.4704366000       480.7261012134         3.2760220261         1.6747464736         0.0355780908       501.7988883045       502.6637203659        -2.6637203659         1.3968249959
        2.4754425000       484.0249599944         3.2801820380         1.6696418199         0.0713043752       494.1800021659       500.4288818956        -0.4288818956         1.4044785871
        2.4804469000       485.9863734870         3.2826612171         1.6747464736         0.1095825371       501.7988883045       499.2625519852         0.7374480148         1.3968249959
        2.4854397000       475.9447095229         3.2700137666         1.6875081079         0.1529644539       520.8461036510       505.0285854407        -5.0285854407         1.4019273900
        2.4904472000       470.9687563036         3.2637874134         1.6721941467         0.1835869834       497.9894452352       507.1271201143        -7.1271201143         1.3968249959
        2.4954306000       470.4787010109         3.2631756527         1.6824034542         0.2167613904       513.2272175124       506.4009652752        -6.4009652752         1.3840690105
        2.5004483000       471.1690883500         3.2640375719         1.6696418199         0.2448320425       494.1800021659       505.1113206719        -5.1113206719         1.3917226017
        2.5054477000       472.7026963070         3.2659540435         1.6798511273         0.2856620818       509.4177744431       503.5275989016        -3.5275989016         1.4019273900
        2.5104421000       479.7485696203         3.2747916273         1.6594325125         0.3213883662       478.9422298886       499.0583778554         0.9416221446         1.4044785871
        2.5154359000       479.2747891525         3.2741956682         1.6875081079         0.3622184056       520.8461036510       499.4579806102         0.5420193898         1.3993761929
        2.5204627000       474.1951160273         3.2678214736         1.6670894930         0.3877371802       490.3705590966       502.3985521658        -2.3985521658         1.3917226017
        2.5254583000       483.7953322100         3.2798920752         1.6670894930         0.4234634646       490.3705590966       496.6477949083         3.3522050917         1.3917226017
        2.5304294000       486.7239677192         3.2835946340         1.6721941467         0.4566378716       497.9894452352       495.4679075454         4.5320924546         1.3968249959
        2.5354343000       480.8714363003         3.2762050463         1.6798511273         0.4974679109       509.4177744431       499.4055157950         0.5944842050         1.4019273900
        2.5404448000       477.3753774727         3.2718089091         1.6721941467         0.5255385629       497.9894452352       501.4604966530        -1.4604966530         1.3942737988
        2.5454334000       483.1841877052         3.2791206379         1.6670894930         0.5663686023       490.3705590966       497.9795870558         2.0204129442         1.3891714046
        2.5504642000       483.6798138995         3.2797462265         1.6772988005         0.5918873769       505.6083313738       497.9843003938         2.0156996062         1.4070297842
        2.5554439000       487.4082848278         3.2844611767         1.6619848393         0.6225099064       482.7516729579       496.1654104495         3.8345895505         1.3942737988
        2.5604289000       490.0482360180         3.2878090716         1.6772988005         0.6633399457       505.6083313738       495.2161580655         4.7838419345         1.3993761929
        2.5654414000       496.9651405187         3.2966185707         1.6543278587         0.6965143527       471.3233437500       491.9887323093         8.0112676907         1.4044785871
        2.5704482000       492.2605110424         3.2906206988         1.6926127616         0.7347925146       528.4649897896       495.7684347365         4.2315652635         1.3993761929
        2.5754365000       481.7427949200         3.2773028367         1.6670894930         0.7705187990       490.3705590966       502.2943812452        -2.2943812452         1.3993761929
        2.5804457000       496.1257057615         3.2955465145         1.6594325125         0.7985894511       478.9422298886       493.8614049589         6.1385950411         1.3942737988
        2.5854306000       503.8468665155         3.3054383384         1.6696418199         0.8317638580       494.1800021659       490.3710313518         9.6289686482         1.4044785871
        2.5904446000       506.2491794683         3.3085303334         1.6645371662         0.8649382650       486.5611160273       490.3708055597         9.6291944403         1.4070297842
        2.5954316000       513.4963933307         3.3179000021         1.6619848393         0.8930089170       482.7516729579       487.6386630712        12.3613369288         1.3993761929
        2.6004340000       515.8785249104         3.3209936558         1.6696418199         0.9338389564       494.1800021659       488.0341471456        11.9658528544         1.3942737988
        2.6054466000       512.0372869852         3.3160084826         1.6721941467         0.9619096084       497.9894452352       491.8832441050         8.1167558950         1.3866202076
        2.6106004000       520.1896238949         3.3266101245         1.6543278587         0.9899802605       471.3233437500       488.4279828974        11.5720171026         1.4019273900
        2.6154368000       531.1191861757         3.3409527579         1.6645371662         1.0206027900       486.5611160273       483.8927073411        16.1072926589         1.3968249959
        2.6204550000       532.8745521586         3.3432703524         1.6645371662         1.0614328293       486.5611160273       485.1685120851        14.8314879149         1.4044785871
        2.6254313000       522.4733309384         3.3295946245         1.6849557810         1.0946072363       517.0366605817       493.1197352183         6.8802647817         1.4044785871
        2.6304567000       516.8305412817         3.3222319704         1.6645371662         1.1303335207       486.5611160273       497.2693636984         2.7306363016         1.3993761929
        2.6354322000       518.5161443474         3.3244272104         1.6772988005         1.1635079277       505.6083313738       496.7029702007         3.2970297993         1.4044785871
        2.6404851000       505.3276795450         3.3073434690         1.6875081079         1.1890267023       520.8461036510       504.6034515699        -4.6034515699         1.3942737988
        2.6454295000       496.8672797564         3.2964935490         1.6772988005         1.2247529867       505.6083313738       508.7265986565        -8.7265986565         1.3866202076
        2.6504281000       503.7944848861         3.3053709947         1.6670894930         1.2502717613       490.3705590966       503.5930104837        -3.5930104837         1.3917226017
        2.6554440000       510.8795039423         3.3145094195         1.6721941467         1.2859980457       497.9894452352       499.0925152151         0.9074847849         1.3968249959
        2.6604283000       508.8111410603         3.3118353879         1.6772988005         1.3191724527       505.6083313738       500.3864712887        -0.3864712887         1.4044785871
        2.6654581000       509.1321617956         3.3122500743         1.6696418199         1.3497949822       494.1800021659       500.1510933858        -0.1510933858         1.3917226017
        2.6704407000       507.6973079594         3.3103975249         1.6798511273         1.3906250215       509.4177744431       500.9389279425        -0.9389279425         1.4044785871
        2.6754320000       498.6588758420         3.2987841592         1.6824034542         1.4314550609       513.2272175124       505.9034618338        -5.9034618338         1.3968249959
        2.6804149000       492.5914828177         3.2910418184         1.6798511273         1.4569738355       509.4177744431       508.4943803480        -8.4943803480         1.3968249959
        2.6854486000       489.6896441848         3.2873538544         1.6798511273         1.4952519974       509.4177744431       508.9358684054        -8.9358684054         1.3993761929
        2.6904332000       480.5919672583         3.2758531320         1.6900604347         1.5233226494       524.6555467203       512.8089741788       -12.8089741788         1.3968249959
        2.6954437000       485.1172453200         3.2815621290         1.6619848393         1.5488414240       482.7516729579       508.4555679408        -8.4555679408         1.4019273900
        2.7004225000       506.4173594720         3.3087470533         1.6594325125         1.5820158310       478.9422298886       495.2554895160         4.7445104840         1.3917226017
        2.7054435000       518.2028380241         3.3240189125         1.6645371662         1.6202939929       486.5611160273       489.2772341742        10.7227658258         1.3993761929
        2.7104387000       510.2604929474         3.3137086065         1.6849557810         1.6585721547       517.0366605817       495.2640179170         4.7359820830         1.3917226017
        2.7154378000       496.2108831550         3.2956552587         1.6798511273         1.6942984392       509.4177744431       503.8524831619        -3.8524831619         1.3993761929
        2.7204437000       488.9160762492         3.2863723395         1.6824034542         1.7198172138       513.2272175124       507.4240042101        -7.4240042101         1.3917226017
        2.7254331000       480.5286320086         3.2757733907         1.6849557810         1.7529916207       517.0366605817       511.1092792139       -11.1092792139         1.3942737988
        2.7304334000       485.6517349106         3.2822379373         1.6645371662         1.7810622728       486.5611160273       506.6578468108        -6.6578468108         1.4070297842
        2.7354349000       488.1108657299         3.2853513957         1.6849557810         1.8193404347       517.0366605817       504.3347085505        -4.3347085505         1.3942737988
        2.7404347000       495.6397560538         3.2949262727         1.6543278587         1.8448592093       471.3233437500       499.4795967207         0.5204032793         1.3942737988
        2.7454582000       501.8781032329         3.3029094547         1.6824034542         1.8831373711       513.2272175124       496.0351091160         3.9648908840         1.3942737988
        2.7504209000       497.9800271809         3.2979157912         1.6670894930         1.9137599006       490.3705590966       498.7908552166         1.2091447834         1.3866202076
        2.7554540000       498.9611590588         3.2991710058         1.6772988005         1.9571418174       505.6083313738       498.4076895263         1.5923104737         1.3917226017
        2.7604425000       504.5580204010         3.3063529444         1.6594325125         1.9750049597       478.9422298886       495.4756962373         4.5243037627         1.3917226017
        2.7654327000       514.8602702651         3.3196704104         1.6670894930         2.0132831215       490.3705590966       490.3028317643         9.6971682357         1.4044785871
        2.7704427000       515.6067569735         3.3206403631         1.6696418199         2.0541131609       494.1800021659       491.2458880640         8.7541119360         1.3968249959
        2.7754436000       516.9176183432         3.3223452895         1.6670894930         2.0770800580       490.3705590966       491.7380555222         8.2619444778         1.3968249959
        2.7804350000       518.5230186949         3.3244361704         1.6696418199         2.1077025875       494.1800021659       491.9949106082         8.0050893918         1.4019273900
        2.7854449000       517.0521106624         3.3225203313         1.6721941467         2.1459807494       497.9894452352       493.9503093341         6.0496906659         1.4019273900
        2.7904283000       515.1364044155         3.3200291279         1.6721941467         2.1740514015       497.9894452352       495.8814785627         4.1185214373         1.3993761929
        2.7954456000       517.6064357796         3.3232420204         1.6670894930         2.2123295633       490.3705590966       495.0679781158         4.9320218842         1.3891714046
        2.8004230000       514.7445895068         3.3195201606         1.6798511273         2.2429520929       509.4177744431       497.3754486363         2.6245513637         1.3968249959
        2.8054325000       510.0336313508         3.3134152318         1.6721941467         2.2761264998       497.9894452352       500.4010339317        -0.4010339317         1.3917226017
        2.8104449000       502.2883070809         3.3034359860         1.6875081079         2.3195084166       520.8461036510       504.7120678370        -4.7120678370         1.3917226017
        2.8159547000       503.5829810702         3.3050991109         1.6619848393         2.3475790687       482.7516729579       503.3192346152        -3.3192346152         1.3917226017
        2.8204488000       502.4290981383         3.3036167490         1.6900604347         2.3935128629       524.6555467203       503.5030099629        -3.5030099629         1.3968249959
        2.8255730000       488.4650999787         3.2858004466         1.6824034542         2.4215835150       513.2272175124       510.8843187311       -10.8843187311         1.3968249959
        2.8304294000       486.9935266076         3.2839359103         1.6772988005         2.4598616769       505.6083313738       510.1831427195       -10.1831427195         1.4019273900
        2.8354490000       488.3323565291         3.2856321556         1.6772988005         2.4828285740       505.6083313738       507.9958593218        -7.9958593218         1.4019273900
        2.8404497000       483.5171645918         3.2795408974         1.6849557810         2.5313142457       517.0366605817       509.5863723677        -9.5863723677         1.3993761929
        2.8454421000       481.2688316153         3.2767056049         1.6747464736         2.5568330203       501.7988883045       509.5057632642        -9.5057632642         1.3866202076
        2.8504446000       482.2022819207         3.2778820648         1.6798511273         2.5925593047       509.4177744431       507.6423447703        -7.6423447703         1.4019273900
        2.8554299000       473.9455041947         3.2675089727         1.6875081079         2.6333893441       520.8461036510       511.2232279978       -11.2232279978         1.3942737988
        2.8605354000       477.5217880510         3.2719927450         1.6645371662         2.6538043638       486.5611160273       507.6279899186        -7.6279899186         1.3891714046
        2.8654202000       488.6365637664         3.2860178565         1.6721941467         2.6946344031       497.9894452352       500.2876378043        -0.2876378043         1.4044785871
        2.8704559000       490.5134493403         3.2883998581         1.6721941467         2.7227050552       497.9894452352       499.1888387345         0.8111612655         1.3917226017
        2.8754384000       501.4228276309         3.3023253017         1.6568801856         2.7558794621       475.1327868193       493.1513420727         6.8486579273         1.3993761929
        2.8804455000       511.9490733025         3.3158942091         1.6670894930         2.7941576240       490.3705590966       488.1791100226        11.8208899774         1.3993761929
        2.8854296000       501.7345407661         3.3027252269         1.6849557810         2.8349876633       517.0366605817       495.6015976708         4.3984023292         1.4044785871
        2.8906445000       491.1169805385         3.2891666650         1.6747464736         2.8707139478       501.7988883045       502.2073113910        -2.2073113910         1.3942737988
        2.8954633000       500.6027481485         3.3012736921         1.6594325125         2.8962327224       478.9422298886       496.5479891108         3.4520108892         1.4070297842
        2.9004411000       503.4716546010         3.3049560243         1.6798511273         2.9294071293       509.4177744431       495.4158203416         4.5841796584         1.3993761929
        2.9054229000       499.2029634623         3.2994805316         1.6696418199         2.9651334138       494.1800021659       498.4676573523         1.5323426477         1.4044785871
        2.9104333000       495.1456406452         3.2942958884         1.6824034542         3.0034115756       513.2272175124       500.9710418812        -0.9710418812         1.3942737988
        2.9154184000       486.1264272037         3.2828384064         1.6798511273         3.0365859826       509.4177744431       505.9202216345        -5.9202216345         1.3993761929
        2.9204292000       483.2990881524         3.2792656430         1.6772988005         3.0672085121       505.6083313738       506.6817772786        -6.6817772786         1.3917226017
        2.9254420000       489.0025642503         3.2864820431         1.6670894930         3.0952791642       490.3705590966       502.5258477486        -2.5258477486         1.3993761929
        2.9304500000       495.4489368043         3.2946827952         1.6721941467         3.1335573261       497.9894452352       498.5355784012         1.4644215988         1.4044785871
        2.9354366000       494.6622855513         3.2936795045         1.6747464736         3.1641798556       501.7988883045       499.1851391281         0.8148608719         1.4070297842
        2.9404509000       487.8043176716         3.2849629094         1.6824034542         3.2024580174       513.2272175124       503.1668350217        -3.1668350217         1.4019273900
        2.9454316000       481.7141947443         3.2772667911         1.6772988005         3.2356324244       505.6083313738       506.1554994678        -6.1554994678         1.3866202076
        2.9504395000       483.8726944012         3.2799897579         1.6721941467         3.2637030765       497.9894452352       504.0725407297        -4.0725407297         1.3993761929
        2.9554216000       483.1696296054         3.2791022665         1.6798511273         3.2994293609       509.4177744431       503.8961495409        -3.8961495409         1.3891714046
        2.9604562000       480.7459910010         3.2760470719         1.6747464736         3.3377075228       501.7988883045       504.7147684115        -4.7147684115         1.3942737988
        2.9654361000       480.4272691447         3.2756457805         1.6772988005         3.3657781748       505.6083313738       504.2313188896        -4.2313188896         1.3866202076
        2.9704577000       478.2042135677         3.2728499203         1.6772988005         3.4015044592       505.6083313738       504.8896884523        -4.8896884523         1.3993761929
        2.9754612000       476.3751610837         3.2705536447         1.6772988005         3.4346788662       505.6083313738       505.2332820155        -5.2332820155         1.3866202076
        2.9804436000       477.9817571455         3.2725704431         1.6721941467         3.4627495183       497.9894452352       503.5912487648        -3.5912487648         1.3993761929
        2.9854444000       481.8356978724         3.2774199310         1.6721941467         3.5035795576       497.9894452352       500.9129455668        -0.9129455668         1.4070297842
        2.9904493000       485.7018126250         3.2823012719         1.6696418199         3.5342020871       494.1800021659       498.6045029381         1.3954970619         1.3942737988
        2.9954473000       481.7263854288         3.2772821553         1.6824034542         3.5724802490       513.2272175124       501.0424596154        -1.0424596154         1.4070297842
        3.0004388000       472.7499121286         3.2660130868         1.6798511273         3.6082065334       509.4177744431       505.9574935182        -5.9574935182         1.3942737988
