% Stabilization Loop  omega_c=0 rad/s
% Kp_stab=1.0288  Ki_stab=29.5203  (Tustin integrator)
% Vg_offset=1.338745V  K_gimbal=26.049690  samples=1001

Time[s]              OmegaU[deg/s]        Vc[V]                Vg[V]                Pot[V]               Omega[rad/s]         Error[rad/s]        
        0.0004650000         1.5909092620         2.5282503396         1.3378393285         1.0384659322        -0.0236030001         0.0236030001
        0.0055094000         1.7905184885         2.5306187313         1.3378393285         1.0435696871        -0.0236030001         0.0236030001
        0.0104650000       -10.6107566409         2.3834758453         1.3454963091         1.0461215646         0.1758589726        -0.1758589726
        0.0154466000        13.1037827638         2.6648522144         1.3301823480         1.0359140547        -0.2230649728         0.2230649728
        0.0204681000        14.9902305238         2.6872351843         1.3301823480         1.0384659322        -0.2230649728         0.2230649728
        0.0254737000        12.6763834986         2.6597810616         1.3327346748         1.0359140547        -0.1565776486         0.1565776486
        0.0304851000         5.5999621768         2.5758183203         1.3378393285         1.0435696871        -0.0236030001         0.0236030001
        0.0355040000         1.5992766180         2.5283496194         1.3403916554         1.0435696871         0.0428843241        -0.0428843241
        0.0405086000        -2.9636884520         2.4742093925         1.3429439823         1.0461215646         0.1093716484        -0.1093716484
        0.0455147000        12.9125408933         2.6625831026         1.3327346748         1.0359140547        -0.1565776486         0.1565776486
        0.0505264000        10.0364143568         2.6284574538         1.3352870017         1.0410178097        -0.0900903243         0.0900903243
        0.0555272000         6.5980083092         2.5876602790         1.3378393285         1.0410178097        -0.0236030001         0.0236030001
        0.0604711000         6.7976175357         2.5900286708         1.3378393285         1.0384659322        -0.0236030001         0.0236030001
        0.0654441000        -1.4033628084         2.4927228773         1.3429439823         1.0359140547         0.1093716484        -0.1093716484
        0.0704671000         6.0722769662         2.5814224022         1.3378393285         1.0410178097        -0.0236030001         0.0236030001
        0.0755117000        -6.3289981632         2.4342795161         1.3454963091         1.0486734420         0.1758589726        -0.1758589726
        0.0804287000        -3.6159326850         2.4664704223         1.3429439823         1.0461215646         0.1093716484        -0.1093716484
        0.0853910000         3.8597070897         2.5551699472         1.3378393285         1.0410178097        -0.0236030001         0.0236030001
        0.0904974000         8.2596111015         2.6073754315         1.3352870017         1.0384659322        -0.0900903243         0.0900903243
        0.0954006000        13.2217946244         2.6662524419         1.3327346748         1.0359140547        -0.1565776486         0.1565776486
        0.1004306000        10.3456680880         2.6321267931         1.3352870017         1.0410178097        -0.0900903243         0.0900903243
        0.1054679000        11.1075568257         2.6411667109         1.3352870017         1.0410178097        -0.0900903243         0.0900903243
        0.1104592000        11.8694455633         2.6502066287         1.3352870017         1.0435696871        -0.0900903243         0.0900903243
        0.1154760000        -8.3701396255         2.4100610836         1.3480486360         1.0461215646         0.2423462968        -0.2423462968
        0.1204165000        10.5818254827         2.6349288341         1.3352870017         1.0384659322        -0.0900903243         0.0900903243
        0.1254549000        15.5440090057         2.6938058444         1.3327346748         1.0359140547        -0.1565776486         0.1565776486
        0.1304347000        16.8681772545         2.7095172883         1.3327346748         1.0359140547        -0.1565776486         0.1565776486
        0.1354724000         9.7917559328         2.6255545469         1.3378393285         1.0410178097        -0.0236030001         0.0236030001
        0.1405963000        22.5922495152         2.7497930338         1.3301823480         1.0384659322        -0.2230649728         0.2230649728
        0.1456129000        24.4786972752         2.7520564469         1.3301823480         1.0359140547        -0.2230649728         0.2230649728
        0.1505597000        13.7642606794         2.6726888785         1.3378393285         1.0410178097        -0.0236030001         0.0236030001
        0.1555729000        -2.8373092354         2.4757088999         1.3480486360         1.0410178097         0.2423462968        -0.2423462968
        0.1605785000        28.7155402287         2.7571268059         1.3276300211         1.0333621773        -0.2895522970         0.2895522970
        0.1655619000        14.3630883588         2.6797940537         1.3378393285         1.0410178097        -0.0236030001         0.0236030001
        0.1706582000        18.7629923706         2.7319995380         1.3352870017         1.0384659322        -0.0900903243         0.0900903243
        0.1756892000        27.9254706788         2.7561826692         1.3301823480         1.0435696871        -0.2230649728         0.2230649728
        0.1806781000        21.4113288683         2.7483742740         1.3352870017         1.0359140547        -0.0900903243         0.0900903243
        0.1856578000        13.7726280354         2.6727881583         1.3403916554         1.0435696871         0.0428843241        -0.0428843241
        0.1905863000        21.8105473212         2.7488540565         1.3352870017         1.0486734420        -0.0900903243         0.0900903243
        0.1955956000        18.3721412736         2.7273620344         1.3378393285         1.0435696871        -0.0236030001         0.0236030001
        0.2005099000        22.7720452854         2.7500089149         1.3352870017         1.0384659322        -0.0900903243         0.0900903243
        0.2056246000        15.1333444524         2.6889332514         1.3403916554         1.0410178097         0.0428843241        -0.0428843241
        0.2105177000        10.5703793824         2.6347930245         1.3429439823         1.0486734420         0.1093716484        -0.1093716484
        0.2156171000         9.6454295865         2.6238183641         1.3429439823         1.0486734420         0.1093716484        -0.1093716484
        0.2206861000        17.1210693612         2.7125178890         1.3378393285         1.0435696871        -0.0236030001         0.0236030001
        0.2256383000        29.9215629436         2.7585668158         1.3301823480         1.0359140547        -0.2230649728         0.2230649728
        0.2306293000        19.2071263477         2.7372692506         1.3378393285         1.0410178097        -0.0236030001         0.0236030001
        0.2357131000        19.4067355742         2.7396376423         1.3378393285         1.0410178097        -0.0236030001         0.0236030001
        0.2406329000        23.8066395860         2.7512505099         1.3352870017         1.0435696871        -0.0900903243         0.0900903243
        0.2456558000        16.1679387530         2.7012088593         1.3403916554         1.0435696871         0.0428843241        -0.0428843241
        0.2505155000        28.4061528242         2.7567571604         1.3327346748         1.0359140547        -0.1565776486         0.1565776486
        0.2556726000        29.7303210731         2.7583385659         1.3327346748         1.0359140547        -0.1565776486         0.1565776486
        0.2607172000        22.6538997513         2.7498670611         1.3378393285         1.0435696871        -0.0236030001         0.0236030001
        0.2656400000        14.4529194072         2.6808599118         1.3429439823         1.0512253195         0.1093716484        -0.1093716484
        0.2707353000        30.3291487525         2.7590531553         1.3327346748         1.0410178097        -0.1565776486         0.1565776486
        0.2756430000        10.6518430749         2.6357596027         1.3454963091         1.0486734420         0.1758589726        -0.1758589726
        0.2806632000         9.1646137678         2.6181134163         1.3454963091         1.0461215646         0.1758589726        -0.1758589726
        0.2855421000        28.6788583872         2.7570829847         1.3327346748         1.0384659322        -0.1565776486         0.1565776486
        0.2906003000        25.8027318507         2.7536428984         1.3352870017         1.0359140547        -0.0900903243         0.0900903243
        0.2955695000        26.5646205884         2.7545549873         1.3352870017         1.0359140547        -0.0900903243         0.0900903243
        0.3005546000        23.1262145408         2.7504340693         1.3378393285         1.0435696871        -0.0236030001         0.0236030001
        0.3055684000        31.7264133378         2.7607191628         1.3327346748         1.0410178097        -0.1565776486         0.1565776486
        0.3104997000        28.8502868014         2.7572877668         1.3352870017         1.0435696871        -0.0900903243         0.0900903243
        0.3157118000        17.0112911832         2.7112153553         1.3429439823         1.0435696871         0.1093716484        -0.1093716484
        0.3205964000        32.8875205284         2.7621021437         1.3327346748         1.0359140547        -0.1565776486         0.1565776486
        0.3257135000        30.0113939920         2.7586740181         1.3352870017         1.0435696871        -0.0900903243         0.0900903243
        0.3305340000        30.7732827297         2.7595829190         1.3352870017         1.0359140547        -0.0900903243         0.0900903243
        0.3355232000        35.7354662526         2.7654887925         1.3327346748         1.0333621773        -0.1565776486         0.1565776486
        0.3406591000        28.6590449309         2.7570593143         1.3378393285         1.0435696871        -0.0236030001         0.0236030001
        0.3455591000        20.4580645868         2.7472279693         1.3429439823         1.0435696871         0.1093716484        -0.1093716484
        0.3505414000        27.9337043615         2.7561925117         1.3378393285         1.0384659322        -0.0236030001         0.0236030001
        0.3556555000        28.1333135879         2.7564311026         1.3378393285         1.0435696871        -0.0236030001         0.0236030001
        0.3607144000        32.5332175997         2.7616802765         1.3352870017         1.0435696871        -0.0900903243         0.0900903243
        0.3656428000        16.4939271962         2.7050767583         1.3454963091         1.0486734420         0.1758589726        -0.1758589726
        0.3709401000        23.4072874597         2.7507713855         1.3403916554         1.0410178097         0.0428843241        -0.0428843241
        0.3754866000        18.8443223896         2.7329645302         1.3429439823         1.0486734420         0.1093716484        -0.1093716484
        0.3804255000       -28.2838700446         2.2574086544         1.3710195777         1.0410178097         0.8407322148        -0.8407322148
        0.3856025000        10.8093481747         2.6376284230         1.3429439823         1.0512253195         0.1093716484        -0.1093716484
        0.3906656000        30.8858723053         2.7597171853         1.3301823480         1.0359140547        -0.2230649728         0.2230649728
        0.3956387000        20.1714357094         2.7468831122         1.3378393285         1.0435696871        -0.0236030001         0.0236030001
        0.4006898000        11.9704553653         2.6514051243         1.3429439823         1.0410178097         0.1093716484        -0.1093716484
        0.4055950000         2.6449159988         2.5407562788         1.3480486360         1.0435696871         0.2423462968        -0.2423462968
        0.4106277000        34.1977654629         2.7636611947         1.3276300211         1.0359140547        -0.2895522970         0.2895522970
        0.4156607000        15.6450188076         2.6950043401         1.3403916554         1.0410178097         0.0428843241        -0.0428843241
        0.4206827000        27.8832328788         2.7561321773         1.3327346748         1.0384659322        -0.1565776486         0.1565776486
        0.4255582000        12.4062219865         2.6565755570         1.3429439823         1.0512253195         0.1093716484        -0.1093716484
        0.4305708000        19.8818617612         2.7452750818         1.3378393285         1.0410178097        -0.0236030001         0.0236030001
        0.4356529000        32.6823553435         2.7618578691         1.3301823480         1.0410178097        -0.2230649728         0.2230649728
        0.4405905000         0.9664448212         2.5208409805         1.3506009628         1.0410178097         0.3088336210        -0.3088336210
        0.4456274000        10.9555408476         2.6393630198         1.3429439823         1.0512253195         0.1093716484        -0.1093716484
        0.4505977000        18.4311806223         2.7280625446         1.3378393285         1.0435696871        -0.0236030001         0.0236030001
        0.4557041000        18.6307898487         2.7304309364         1.3378393285         1.0435696871        -0.0236030001         0.0236030001
        0.4606222000        23.0306938605         2.7503194163         1.3352870017         1.0410178097        -0.0900903243         0.0900903243
        0.4656756000         6.9914034570         2.5923279682         1.3454963091         1.0486734420         0.1758589726        -0.1758589726
        0.4706259000        18.1050585058         2.7241930595         1.3378393285         1.0435696871        -0.0236030001         0.0236030001
        0.4756111000        14.1043729470         2.6767243587         1.3403916554         1.0435696871         0.0428843241        -0.0428843241
        0.4805931000        26.3425870181         2.7542892419         1.3327346748         1.0384659322        -0.1565776486         0.1565776486
        0.4855859000        19.2661656964         2.7379697608         1.3378393285         1.0435696871        -0.0236030001         0.0236030001
        0.4906917000        27.8663644935         2.7561120120         1.3327346748         1.0384659322        -0.1565776486         0.1565776486
        0.4956543000        20.7899431717         2.7476271618         1.3378393285         1.0435696871        -0.0236030001         0.0236030001
        0.5006370000        20.9895523982         2.7478672020         1.3378393285         1.0435696871        -0.0236030001         0.0236030001
        0.5057320000        29.5897511953         2.7581707707         1.3327346748         1.0359140547        -0.1565776486         0.1565776486
        0.5106184000        14.1127403029         2.6768236386         1.3429439823         1.0512253195         0.1093716484        -0.1093716484
        0.5156221000        17.3880852923         2.7156860708         1.3403916554         1.0486734420         0.0428843241        -0.0428843241
        0.5206515000         8.6248254370         2.6117087513         1.3454963091         1.0461215646         0.1758589726        -0.1758589726
        0.5255457000        11.3378909152         2.6438996575         1.3429439823         1.0486734420         0.1093716484        -0.1093716484
        0.5306721000         2.0123515487         2.5332508120         1.3480486360         1.0461215646         0.2423462968        -0.2423462968
        0.5356610000        16.7640218716         2.7082814699         1.3378393285         1.0435696871        -0.0236030001         0.0236030001
        0.5406615000        25.3642206687         2.7531176730         1.3327346748         1.0410178097        -0.1565776486         0.1565776486
        0.5456478000        14.0875045616         2.6765242129         1.3403916554         1.0461215646         0.0428843241        -0.0428843241
        0.5505345000        17.9251290622         2.7220581712         1.3378393285         1.0435696871        -0.0236030001         0.0236030001
        0.5555039000        13.9244435034         2.6745894704         1.3403916554         1.0435696871         0.0428843241        -0.0428843241
        0.5606382000         9.3614784334         2.6204492435         1.3429439823         1.0512253195         0.1093716484        -0.1093716484
        0.5656220000        25.2377077786         2.7529661065         1.3327346748         1.0359140547        -0.1565776486         0.1565776486
        0.5705991000        13.9609916716         2.6750231195         1.3403916554         1.0435696871         0.0428843241        -0.0428843241
        0.5756776000         5.1977318163         2.5710458001         1.3454963091         1.0512253195         0.1758589726        -0.1758589726
        0.5806814000        16.3113868651         2.7029108914         1.3378393285         1.0410178097        -0.0236030001         0.0236030001
        0.5857267000         8.1104065209         2.6056050980         1.3429439823         1.0486734420         0.1093716484        -0.1093716484
        0.5906153000        15.5860462956         2.6943046228         1.3378393285         1.0435696871        -0.0236030001         0.0236030001
        0.5957646000         7.3850659515         2.5969988294         1.3429439823         1.0486734420         0.1093716484        -0.1093716484
        0.6006058000        27.4615900821         2.7556280401         1.3301823480         1.0384659322        -0.2230649728         0.2230649728
        0.6056376000        25.1477430568         2.7528583160         1.3327346748         1.0384659322        -0.1565776486         0.1565776486
        0.6106487000        18.0713217351         2.7237927680         1.3378393285         1.0435696871        -0.0236030001         0.0236030001
        0.6156002000        14.0706361763         2.6763240671         1.3403916554         1.0435696871         0.0428843241        -0.0428843241
        0.6205761000        17.9082606769         2.7218580254         1.3378393285         1.0435696871        -0.0236030001         0.0236030001
        0.6256780000         5.5069855474         2.5747151394         1.3454963091         1.0512253195         0.1758589726        -0.1758589726
        0.6305521000        20.8209353815         2.7476644342         1.3352870017         1.0410178097        -0.0900903243         0.0900903243
        0.6356006000         8.9819397633         2.6159459634         1.3429439823         1.0435696871         0.1093716484        -0.1093716484
        0.6407211000        16.4575795380         2.7046454882         1.3378393285         1.0461215646        -0.0236030001         0.0236030001
        0.6456620000        16.6571887645         2.7070138800         1.3378393285         1.0435696871        -0.0236030001         0.0236030001
        0.6505857000        25.2573875615         2.7529896846         1.3327346748         1.0410178097        -0.1565776486         0.1565776486
        0.6557759000         1.3797870986         2.5257453452         1.3480486360         1.0435696871         0.2423462968        -0.2423462968
        0.6606225000        16.1314574215         2.7007760031         1.3378393285         1.0486734420        -0.0236030001         0.0236030001
        0.6656316000         7.9304770774         2.6034702097         1.3429439823         1.0512253195         0.1093716484        -0.1093716484
        0.6705880000       -13.9959466451         2.3433100864         1.3557056165         1.0461215646         0.4418082695        -0.4418082695
        0.6755956000        15.8700642855         2.6976745365         1.3352870017         1.0461215646        -0.0900903243         0.0900903243
        0.6806874000        16.6319530231         2.7067144543         1.3352870017         1.0410178097        -0.0900903243         0.0900903243
        0.6854964000         0.5926626196         2.5164060018         1.3454963091         1.0486734420         0.1758589726        -0.1758589726
        0.6906087000         3.3057280978         2.5485969080         1.3429439823         1.0435696871         0.1093716484        -0.1093716484
        0.6956944000        27.5825470137         2.7557726804         1.3276300211         1.0359140547        -0.2895522970         0.2895522970
        0.7006648000        21.6306847143         2.7486379172         1.3327346748         1.0359140547        -0.1565776486         0.1565776486
        0.7055433000         6.1536738220         2.5823881874         1.3429439823         1.0435696871         0.1093716484        -0.1093716484
        0.7106579000         5.2287240261         2.5714135270         1.3429439823         1.0486734420         0.1093716484        -0.1093716484
        0.7156442000        12.7043638008         2.6601130519         1.3378393285         1.0435696871        -0.0236030001         0.0236030001
        0.7206570000        17.1042678125         2.7123185362         1.3352870017         1.0435696871        -0.0900903243         0.0900903243
        0.7256597000        13.6658617649         2.6715213614         1.3378393285         1.0435696871        -0.0236030001         0.0236030001
        0.7306141000        13.8654709914         2.6738897531         1.3378393285         1.0435696871        -0.0236030001         0.0236030001
        0.7356944000         5.6644906472         2.5765839597         1.3429439823         1.0461215646         0.1093716484        -0.1093716484
        0.7407106000         0.5392460660         2.5157722068         1.3454963091         1.0512253195         0.1758589726        -0.1758589726
        0.7457208000        15.8531959001         2.6974743907         1.3352870017         1.0435696871        -0.0900903243         0.0900903243
        0.7506192000        20.8153794231         2.7476577525         1.3327346748         1.0384659322        -0.1565776486         0.1565776486
        0.7555817000        13.7389581014         2.6723886598         1.3378393285         1.0435696871        -0.0236030001         0.0236030001
        0.7607216000         1.3376829719         2.5252457738         1.3454963091         1.0486734420         0.1758589726        -0.1758589726
        0.7655637000        25.0522223766         2.7527438597         1.3301823480         1.0410178097        -0.2230649728         0.2230649728
        0.7706738000        14.3377857808         2.6794938350         1.3378393285         1.0435696871        -0.0236030001         0.0236030001
        0.7756493000        22.9379845778         2.7502081289         1.3327346748         1.0359140547        -0.1565776486         0.1565776486
        0.7807051000        24.2621528267         2.7517968153         1.3327346748         1.0359140547        -0.1565776486         0.1565776486
        0.7857197000        29.7866158609         2.7584057583         1.3301823480         1.0384659322        -0.2230649728         0.2230649728
        0.7905065000        23.2724740503         2.7506096058         1.3352870017         1.0461215646        -0.0900903243         0.0900903243
        0.7956272000        19.8340680027         2.7447080021         1.3378393285         1.0435696871        -0.0236030001         0.0236030001
        0.8006554000        24.2339720145         2.7517630236         1.3352870017         1.0461215646        -0.0900903243         0.0900903243
        0.8059303000        20.7955659668         2.7476339240         1.3378393285         1.0410178097        -0.0236030001         0.0236030001
        0.8105075000        20.9951751933         2.7478739631         1.3378393285         1.0461215646        -0.0236030001         0.0236030001
        0.8155378000        21.1947844198         2.7481139610         1.3378393285         1.0461215646        -0.0236030001         0.0236030001
        0.8205378000        33.9952780022         2.7634203643         1.3301823480         1.0435696871        -0.2230649728         0.2230649728
        0.8255777000        14.8802518357         2.6859302716         1.3429439823         1.0435696871         0.1093716484        -0.1093716484
        0.8304502000        22.3558916104         2.7495091881         1.3378393285         1.0435696871        -0.0236030001         0.0236030001
        0.8355392000         9.9546164810         2.6274869104         1.3454963091         1.0512253195         0.1758589726        -0.1758589726
        0.8405200000        21.0682715298         2.7479618545         1.3378393285         1.0435696871        -0.0236030001         0.0236030001
        0.8456617000        17.0675859709         2.7118833010         1.3403916554         1.0461215646         0.0428843241        -0.0428843241
        0.8505983000        20.9052104715         2.7477657816         1.3378393285         1.0435696871        -0.0236030001         0.0236030001
        0.8556863000        33.7057040539         2.7630758883         1.3301823480         1.0384659322        -0.2230649728         0.2230649728
        0.8613024000        22.9912674581         2.7502720903         1.3378393285         1.0435696871        -0.0236030001         0.0236030001
        0.8656222000        27.3911714698         2.7555438268         1.3352870017         1.0486734420        -0.0900903243         0.0900903243
        0.8706062000        15.5521758516         2.6939027452         1.3429439823         1.0435696871         0.1093716484        -0.1093716484
        0.8756127000        27.2281104116         2.7553488038         1.3352870017         1.0461215646        -0.0900903243         0.0900903243
        0.8806767000        15.3891147934         2.6919680027         1.3429439823         1.0435696871         0.1093716484        -0.1093716484
        0.8856293000        35.4656389239         2.7651682589         1.3301823480         1.0384659322        -0.2230649728         0.2230649728
        0.8906361000        28.9514971134         2.7574086553         1.3352870017         1.0435696871        -0.0900903243         0.0900903243
        0.8956436000        25.5130910658         2.7532960039         1.3378393285         1.0435696871        -0.0236030001         0.0236030001
        0.9006336000        13.1118159363         2.6649475292         1.3454963091         1.0512253195         0.1758589726        -0.1758589726
        0.9061870000        24.2254709851         2.7517528299         1.3378393285         1.0435696871        -0.0236030001         0.0236030001
        0.9105758000        11.8241958557         2.6496697345         1.3454963091         1.0512253195         0.1758589726        -0.1758589726
        0.9156335000        35.5387352604         2.7652550984         1.3301823480         1.0384659322        -0.2230649728         0.2230649728
        0.9206058000        29.0245934498         2.7574959573         1.3352870017         1.0384659322        -0.0900903243         0.0900903243
        0.9255957000        17.1855978316         2.7132835284         1.3429439823         1.0435696871         0.1093716484        -0.1093716484
        0.9306468000        24.6612376063         2.7522752714         1.3378393285         1.0461215646        -0.0236030001         0.0236030001
        0.9356158000        29.0611416181         2.7575396064         1.3352870017         1.0359140547        -0.0900903243         0.0900903243
        0.9407494000        34.0233251410         2.7634537248         1.3327346748         1.0384659322        -0.1565776486         0.1565776486
        0.9457179000        31.1471986046         2.7600287765         1.3352870017         1.0384659322        -0.0900903243         0.0900903243
        0.9505625000        19.3082029864         2.7384685392         1.3429439823         1.0512253195         0.1093716484        -0.1093716484
        0.9556641000        39.3847271170         2.7698170704         1.3301823480         1.0384659322        -0.2230649728         0.2230649728
        0.9606564000        32.8705853064         2.7620819818         1.3352870017         1.0435696871        -0.0900903243         0.0900903243
        0.9655430000        29.4321792588         2.7579826573         1.3378393285         1.0435696871        -0.0236030001         0.0236030001
        0.9705779000        21.2311989147         2.7481577390         1.3429439823         1.0512253195         0.1093716484        -0.1093716484
        0.9755370000        32.9071334746         2.7621254933         1.3352870017         1.0461215646        -0.0900903243         0.0900903243
        0.9806732000        29.4687274270         2.7580262916         1.3378393285         1.0435696871        -0.0236030001         0.0236030001
        0.9855252000        29.6683366535         2.7582645788         1.3378393285         1.0461215646        -0.0236030001         0.0236030001
        0.9906923000        38.2685354506         2.7684945172         1.3327346748         1.0384659322        -0.1565776486         0.1565776486
        0.9956297000        22.7915245582         2.7500323016         1.3429439823         1.0435696871         0.1093716484        -0.1093716484
        1.0006654000        21.8665747623         2.7489213774         1.3429439823         1.0512253195         0.1093716484        -0.1093716484
        1.0055931000        16.7413301811         2.7080122298         1.3454963091         1.0486734420         0.1758589726        -0.1758589726
        1.0106964000        19.4543956593         2.7402031360         1.3429439823         1.0461215646         0.1093716484        -0.1093716484
        1.0157126000        26.9300354340         2.7549922337         1.3378393285         1.0435696871        -0.0236030001         0.0236030001
        1.0207301000        39.7305290163         2.7702265686         1.3301823480         1.0384659322        -0.2230649728         0.2230649728
        1.0256447000        20.6155028499         2.7474173545         1.3429439823         1.0512253195         0.1093716484        -0.1093716484
        1.0306428000        28.0911426246         2.7563806993         1.3378393285         1.0435696871        -0.0236030001         0.0236030001
        1.0357311000        28.2907518511         2.7566192590         1.3378393285         1.0435696871        -0.0236030001         0.0236030001
        1.0407151000        32.6906558628         2.7618677527         1.3352870017         1.0435696871        -0.0900903243         0.0900903243
        1.0456633000        25.0519550299         2.7527435393         1.3403916554         1.0435696871         0.0428843241        -0.0428843241
        1.0506005000        37.2901691011         2.7673343111         1.3327346748         1.0384659322        -0.1565776486         0.1565776486
        1.0556403000        38.6143373499         2.7689043754         1.3327346748         1.0384659322        -0.1565776486         0.1565776486
        1.0605959000        35.7382108135         2.7654920524         1.3352870017         1.0435696871        -0.0900903243         0.0900903243
        1.0655256000        23.8992151953         2.7513615547         1.3429439823         1.0512253195         0.1093716484        -0.1093716484
        1.0707263000        39.7754445406         2.7702797494         1.3327346748         1.0384659322        -0.1565776486         0.1565776486
        1.0757815000        24.2984336482         2.7518403184         1.3429439823         1.0512253195         0.1093716484        -0.1093716484
        1.0806810000        19.1731890670         2.7368665799         1.3454963091         1.0512253195         0.1758589726        -0.1758589726
        1.0858725000        26.0865493305         2.7539827365         1.3403916554         1.0435696871         0.0428843241        -0.0428843241
        1.0905934000        38.3247634017         2.7685611685         1.3327346748         1.0461215646        -0.1565776486         0.1565776486
        1.0957844000        39.6489316505         2.7701299511         1.3327346748         1.0384659322        -0.1565776486         0.1565776486
        1.1005863000        24.1719207582         2.7516886151         1.3429439823         1.0512253195         0.1093716484        -0.1093716484
        1.1054905000        44.2484448888         2.7755665681         1.3301823480         1.0410178097        -0.2230649728         0.2230649728
        1.1105937000        33.5340082929         2.7628716016         1.3378393285         1.0435696871        -0.0236030001         0.0236030001
        1.1155965000        33.7336175194         2.7631090976         1.3378393285         1.0435696871        -0.0236030001         0.0236030001
        1.1206356000        38.1335215312         2.7683344630         1.3352870017         1.0461215646        -0.0900903243         0.0900903243
        1.1256462000        26.2945259130         2.7542317125         1.3429439823         1.0512253195         0.1093716484        -0.1093716484
        1.1307315000       -20.8336665213         2.2705812435         1.3710195777         1.0435696871         0.8407322148        -0.8407322148
        1.1356726000        39.2610256245         2.7696705562         1.3301823480         1.0384659322        -0.2230649728         0.2230649728
        1.1405434000        15.9457046727         2.6985720204         1.3454963091         1.0486734420         0.1758589726        -0.1758589726
        1.1457704000        18.6587701509         2.7307629266         1.3429439823         1.0486734420         0.1093716484        -0.1093716484
        1.1506141000        13.5335255697         2.6699511737         1.3454963091         1.0435696871         0.1758589726        -0.1758589726
        1.1556451000        28.8474754038         2.7572844086         1.3352870017         1.0435696871        -0.0900903243         0.0900903243
        1.1606390000        25.4090693562         2.7531713993         1.3378393285         1.0435696871        -0.0236030001         0.0236030001
        1.1656456000        25.6086785827         2.7534104957         1.3378393285         1.0461215646        -0.0236030001         0.0236030001
        1.1706411000        34.2088773797         2.7636744096         1.3327346748         1.0384659322        -0.1565776486         0.1565776486
        1.1756343000        35.5330456286         2.7652483392         1.3327346748         1.0384659322        -0.1565776486         0.1565776486
        1.1806356000        15.8557399510         2.6975045763         1.3454963091         1.0512253195         0.1758589726        -0.1758589726
        1.1856588000        14.3685106438         2.6798583899         1.3454963091         1.0512253195         0.1758589726        -0.1758589726
        1.1905447000        25.4821656926         2.7532589604         1.3378393285         1.0435696871        -0.0236030001         0.0236030001
        1.1955585000        34.0823644897         2.7635239463         1.3327346748         1.0384659322        -0.1565776486         0.1565776486
        1.2005880000        31.2062379533         2.7600991626         1.3352870017         1.0435696871        -0.0900903243         0.0900903243
        1.2055689000        23.5675371203         2.7509636653         1.3403916554         1.0435696871         0.0428843241        -0.0428843241
        1.2106202000        23.2048668356         2.7505284683         1.3403916554         1.0435696871         0.0428843241        -0.0428843241
        1.2155726000        39.6433756921         2.7701233722         1.3301823480         1.0410178097        -0.2230649728         0.2230649728
        1.2204467000        28.9289390963         2.7573817122         1.3378393285         1.0410178097        -0.0236030001         0.0236030001
        1.2255759000        16.5276639668         2.7054770499         1.3454963091         1.0461215646         0.1758589726        -0.1758589726
        1.2306959000        15.0404346597         2.6878308635         1.3454963091         1.0512253195         0.1758589726        -0.1758589726
        1.2356957000        21.9537949232         2.7490261720         1.3403916554         1.0461215646         0.0428843241        -0.0428843241
        1.2406343000       -24.6121179998         2.2638688761         1.3684672508         1.0461215646         0.7742448906        -0.7742448906
        1.2456171000        19.2436745159         2.7377028998         1.3378393285         1.0461215646        -0.0236030001         0.0236030001
        1.2506935000        -5.7584849694         2.4410487360         1.3531532897         1.0461215646         0.3753209453        -0.3753209453
        1.2556264000        16.2692159017         2.7024105270         1.3378393285         1.0461215646        -0.0236030001         0.0236030001
        1.2605484000        16.4688251282         2.7047789187         1.3378393285         1.0461215646        -0.0236030001         0.0236030001
        1.2656710000        20.8687291400         2.7477219109         1.3352870017         1.0384659322        -0.0900903243         0.0900903243
        1.2705376000        17.4303230923         2.7161872283         1.3378393285         1.0486734420        -0.0236030001         0.0236030001
        1.2756834000         9.2293427482         2.6188814348         1.3429439823         1.0486734420         0.1093716484        -0.1093716484
        1.2806690000        16.7049825229         2.7075809597         1.3378393285         1.0461215646        -0.0236030001         0.0236030001
        1.2856928000        21.1048865347         2.7480058784         1.3352870017         1.0461215646        -0.0900903243         0.0900903243
        1.2907229000        17.6664804870         2.7189892692         1.3378393285         1.0461215646        -0.0236030001         0.0236030001
        1.2957469000        26.2666792841         2.7541983789         1.3327346748         1.0384659322        -0.1565776486         0.1565776486
        1.3007186000        27.5908475330         2.7557826057         1.3327346748         1.0384659322        -0.1565776486         0.1565776486
        1.3055767000        20.5144262112         2.7472957706         1.3378393285         1.0461215646        -0.0236030001         0.0236030001
        1.3105733000        33.3149197936         2.7626108850         1.3301823480         1.0410178097        -0.2230649728         0.2230649728
        1.3155602000        26.8007779831         2.7548375828         1.3352870017         1.0461215646        -0.0900903243         0.0900903243
        1.3208650000        14.9617823648         2.6868976429         1.3429439823         1.0512253195         0.1093716484        -0.1093716484
        1.3255844000        22.4374221395         2.7496071058         1.3378393285         1.0461215646        -0.0236030001         0.0236030001
        1.3306086000        31.0376209366         2.7598981302         1.3327346748         1.0333621773        -0.1565776486         0.1565776486
        1.3356101000        15.5606100443         2.6940028181         1.3429439823         1.0435696871         0.1093716484        -0.1093716484
        1.3406350000        35.6371341748         2.7653719897         1.3301823480         1.0410178097        -0.2230649728         0.2230649728
        1.3455308000       -21.2805450593         2.2697839291         1.3659149240         1.0461215646         0.7077575664        -0.7077575664
        1.3506188000        10.5366426117         2.6343927329         1.3429439823         1.0537771970         0.1093716484        -0.1093716484
        1.3555676000       -11.3897811107         2.3742326096         1.3557056165         1.0512253195         0.4418082695        -0.4418082695
        1.3605708000        14.2759350345         2.6787599672         1.3378393285         1.0410178097        -0.0236030001         0.0236030001
        1.3655807000         6.0749546904         2.5814541737         1.3429439823         1.0512253195         0.1093716484        -0.1093716484
        1.3705615000        17.7508892504         2.7199907912         1.3352870017         1.0461215646        -0.0900903243         0.0900903243
        1.3754668000         1.7115988469         2.5296823386         1.3454963091         1.0512253195         0.1758589726        -0.1758589726
        1.3804052000        12.8252538957         2.6615474300         1.3378393285         1.0435696871        -0.0236030001         0.0236030001
        1.3855146000        17.2251579074         2.7137529143         1.3352870017         1.0410178097        -0.0900903243         0.0900903243
        1.3905130000        22.1873414304         2.7493067385         1.3327346748         1.0359140547        -0.1565776486         0.1565776486
        1.3955240000        27.7118044646         2.7559272303         1.3301823480         1.0410178097        -0.2230649728         0.2230649728
        1.4005315000         8.5967782981         2.6113759680         1.3429439823         1.0512253195         0.1093716484        -0.1093716484
        1.4055623000        16.0724180728         2.7000754929         1.3378393285         1.0461215646        -0.0236030001         0.0236030001
        1.4105955000        24.6726168699         2.7522889114         1.3327346748         1.0410178097        -0.1565776486         0.1565776486
        1.4156465000         9.1956059775         2.6184811433         1.3429439823         1.0512253195         0.1093716484        -0.1093716484
        1.4206733000         8.2706561816         2.6075064829         1.3429439823         1.0435696871         0.1093716484        -0.1093716484
        1.4256588000        24.1468855269         2.7516585931         1.3327346748         1.0410178097        -0.1565776486         0.1565776486
        1.4306491000        17.0704642052         2.7119174516         1.3378393285         1.0461215646        -0.0236030001         0.0236030001
        1.4355393000        21.4703682169         2.7484452381         1.3352870017         1.0461215646        -0.0900903243         0.0900903243
        1.4406621000         9.6313725987         2.6236515760         1.3429439823         1.0435696871         0.1093716484        -0.1093716484
        1.4455729000         4.5061280175         2.5628398230         1.3454963091         1.0512253195         0.1758589726        -0.1758589726
        1.4506082000        28.2206674222         2.7565355032         1.3301823480         1.0410178097        -0.2230649728         0.2230649728
        1.4555917000         4.9053464704         2.5675766065         1.3454963091         1.0512253195         0.1758589726        -0.1758589726
        1.4606558000        20.2192963045         2.7469407016         1.3352870017         1.0461215646        -0.0900903243         0.0900903243
        1.4656987000        16.7808902569         2.7084816157         1.3378393285         1.0435696871        -0.0236030001         0.0236030001
        1.4706117000        21.1807942687         2.7480971414         1.3352870017         1.0410178097        -0.0900903243         0.0900903243
        1.4755263000        17.7423882210         2.7198899252         1.3378393285         1.0461215646        -0.0236030001         0.0236030001
        1.4806793000        30.5428818034         2.7593081206         1.3301823480         1.0384659322        -0.2230649728         0.2230649728
        1.4858738000        19.8284452076         2.7446412869         1.3378393285         1.0435696871        -0.0236030001         0.0236030001
        1.4907245000        20.0280544340         2.7467105712         1.3378393285         1.0435696871        -0.0236030001         0.0236030001
        1.4962728000        11.8270740899         2.6497038852         1.3429439823         1.0512253195         0.1093716484        -0.1093716484
        1.5007715000        15.1024190793         2.6885663174         1.3403916554         1.0435696871         0.0428843241        -0.0428843241
        1.5061375000        10.5394540093         2.6344260905         1.3429439823         1.0512253195         0.1093716484        -0.1093716484
        1.5104440000        18.0150937840         2.7231256154         1.3378393285         1.0461215646        -0.0236030001         0.0236030001
        1.5155645000        22.4149977957         2.7495801750         1.3352870017         1.0461215646        -0.0900903243         0.0900903243
        1.5205689000        27.3771813187         2.7555270955         1.3327346748         1.0410178097        -0.1565776486         0.1565776486
        1.5257233000        28.7013495676         2.7571098535         1.3327346748         1.0410178097        -0.1565776486         0.1565776486
        1.5306974000        17.4246334605         2.7161197200         1.3403916554         1.0435696871         0.0428843241        -0.0428843241
        1.5356437000        21.2622579611         2.7481950776         1.3378393285         1.0410178097        -0.0236030001         0.0236030001
        1.5406215000        21.4618671876         2.7484350203         1.3378393285         1.0461215646        -0.0236030001         0.0236030001
        1.5456823000        21.6614764141         2.7486749217         1.3378393285         1.0461215646        -0.0236030001         0.0236030001
        1.5505914000        21.8610856405         2.7489147820         1.3378393285         1.0461215646        -0.0236030001         0.0236030001
        1.5555736000        30.4612844376         2.7592107872         1.3327346748         1.0384659322        -0.1565776486         0.1565776486
        1.5606194000        14.9842735453         2.6871645039         1.3429439823         1.0461215646         0.1093716484        -0.1093716484
        1.5656107000         9.8590289641         2.6263527510         1.3454963091         1.0512253195         0.1758589726        -0.1758589726
        1.5707894000        20.9726840129         2.7478469186         1.3378393285         1.0461215646        -0.0236030001         0.0236030001
        1.5755913000         8.5714088834         2.6110749563         1.3454963091         1.0512253195         0.1758589726        -0.1758589726
        1.5805941000        23.8853587175         2.7513449343         1.3352870017         1.0461215646        -0.0900903243         0.0900903243
        1.5855983000         7.8460683140         2.6024686877         1.3454963091         1.0512253195         0.1758589726        -0.1758589726
        1.5907302000        23.1600181481         2.7504746414         1.3352870017         1.0461215646        -0.0900903243         0.0900903243
        1.5957330000         7.1207277445         2.5938624191         1.3454963091         1.0537771970         0.1758589726        -0.1758589726
        1.6005248000        18.2343827933         2.7257275105         1.3378393285         1.0461215646        -0.0236030001         0.0236030001
        1.6056008000        14.2336972345         2.6782588097         1.3403916554         1.0461215646         0.0428843241        -0.0428843241
        1.6107823000        26.4719113057         2.7544440324         1.3327346748         1.0410178097        -0.1565776486         0.1565776486
        1.6156265000        27.7960795545         2.7560279870         1.3327346748         1.0435696871        -0.1565776486         0.1565776486
        1.6205817000        20.7196582328         2.7475426307         1.3378393285         1.0461215646        -0.0236030001         0.0236030001
        1.6256602000        20.9192674593         2.7477826855         1.3378393285         1.0461215646        -0.0236030001         0.0236030001
        1.6305490000         8.5179923299         2.6104411614         1.3454963091         1.0461215646         0.1758589726        -0.1758589726
        1.6357668000        11.2310578081         2.6426320676         1.3429439823         1.0512253195         0.1093716484        -0.1093716484
        1.6405105000        22.9069923680         2.7501709242         1.3352870017         1.0461215646        -0.0900903243         0.0900903243
        1.6456248000        15.2682915351         2.6905344176         1.3403916554         1.0512253195         0.0428843241        -0.0428843241
        1.6507752000        19.1059160357         2.7360683759         1.3378393285         1.0461215646        -0.0236030001         0.0236030001
        1.6556591000        19.3055252622         2.7384367676         1.3378393285         1.0461215646        -0.0236030001         0.0236030001
        1.6607714000        19.5051344886         2.7408051594         1.3378393285         1.0461215646        -0.0236030001         0.0236030001
        1.6655260000        19.7047437151         2.7431735511         1.3378393285         1.0486734420        -0.0236030001         0.0236030001
        1.6708067000        24.1046477269         2.7516079404         1.3352870017         1.0461215646        -0.0900903243         0.0900903243
        1.6755904000        20.6662416792         2.7474783837         1.3378393285         1.0435696871        -0.0236030001         0.0236030001
        1.6806381000        12.4652613351         2.6572760672         1.3429439823         1.0435696871         0.1093716484        -0.1093716484
        1.6856397000        28.3414906804         2.7566798923         1.3327346748         1.0410178097        -0.1565776486         0.1565776486
        1.6907851000        21.2650693587         2.7481984574         1.3378393285         1.0461215646        -0.0236030001         0.0236030001
        1.6956256000        21.4646785851         2.7484383994         1.3378393285         1.0435696871        -0.0236030001         0.0236030001
        1.7007265000        21.6642878116         2.7486783003         1.3378393285         1.0461215646        -0.0236030001         0.0236030001
        1.7055676000        13.4633074675         2.6691180260         1.3429439823         1.0512253195         0.1093716484        -0.1093716484
        1.7105427000        20.9389472422         2.7478063507         1.3378393285         1.0461215646        -0.0236030001         0.0236030001
        1.7155550000        16.9382616833         2.7103488500         1.3403916554         1.0461215646         0.0428843241        -0.0428843241
        1.7205048000        24.9761809692         2.7526527376         1.3352870017         1.0410178097        -0.0900903243         0.0900903243
        1.7255436000        21.5377749216         2.7485262552         1.3378393285         1.0435696871        -0.0236030001         0.0236030001
        1.7305279000        17.5370893628         2.7174540252         1.3403916554         1.0461215646         0.0428843241        -0.0428843241
        1.7355359000        21.3747138634         2.7483302617         1.3378393285         1.0461215646        -0.0236030001         0.0236030001
        1.7405304000         8.9734387339         2.6158450975         1.3454963091         1.0563290744         0.1758589726        -0.1758589726
        1.7455410000         7.4862094268         2.5981989111         1.3454963091         1.0512253195         0.1758589726        -0.1758589726
        1.7505275000         5.9989801197         2.5805527247         1.3454963091         1.0512253195         0.1758589726        -0.1758589726
        1.7555272000        17.1126351685         2.7124178161         1.3378393285         1.0461215646        -0.0236030001         0.0236030001
        1.7605215000         4.7113600391         2.5652749300         1.3454963091         1.0486734420         0.1758589726        -0.1758589726
        1.7654575000         7.4244255173         2.5974658362         1.3429439823         1.0512253195         0.1093716484        -0.1093716484
        1.7705333000         2.2991809360         2.5366540833         1.3454963091         1.0512253195         0.1758589726        -0.1758589726
        1.7755486000         9.2125411995         2.6186820821         1.3403916554         1.0461215646         0.0428843241        -0.0428843241
        1.7804664000        13.0501657001         2.6642160404         1.3378393285         1.0461215646        -0.0236030001         0.0236030001
        1.7855897000        21.6503644972         2.7486615679         1.3327346748         1.0410178097        -0.1565776486         0.1565776486
        1.7905060000        14.5739431755         2.6822958760         1.3378393285         1.0461215646        -0.0236030001         0.0236030001
        1.7955900000         6.3729628313         2.5849900825         1.3429439823         1.0563290744         0.1093716484        -0.1093716484
        1.8004542000         9.6483078207         2.6238525148         1.3403916554         1.0435696871         0.0428843241        -0.0428843241
        1.8055711000        13.4859323213         2.6693864731         1.3378393285         1.0461215646        -0.0236030001         0.0236030001
        1.8104760000        13.6855415478         2.6717548648         1.3378393285         1.0537771970        -0.0236030001         0.0236030001
        1.8155142000        -7.1163231523         2.4249377936         1.3506009628         1.0537771970         0.3088336210        -0.3088336210
        1.8205733000        11.2733624447         2.6431340181         1.3378393285         1.0461215646        -0.0236030001         0.0236030001
        1.8254605000        15.6732664565         2.6953395024         1.3352870017         1.0435696871        -0.0900903243         0.0900903243
        1.8304672000         3.8342708383         2.5548681424         1.3429439823         1.0512253195         0.1093716484        -0.1093716484
        1.8355391000        23.9107949689         2.7513754440         1.3301823480         1.0410178097        -0.2230649728         0.2230649728
        1.8405192000         0.5954740171         2.5164393594         1.3454963091         1.0512253195         0.1758589726        -0.1758589726
        1.8455232000        20.1097186365         2.7468088463         1.3327346748         1.0410178097        -0.1565776486         0.1565776486
        1.8504556000        13.0332973148         2.6640158946         1.3378393285         1.0461215646        -0.0236030001         0.0236030001
        1.8554896000         9.0326117560         2.6165471938         1.3403916554         1.0461215646         0.0428843241        -0.0428843241
        1.8605035000         4.4696466859         2.5624069669         1.3429439823         1.0537771970         0.1093716484        -0.1093716484
        1.8654931000        16.1455812459         2.7009435843         1.3352870017         1.0435696871        -0.0900903243         0.0900903243
        1.8705095000         0.1062908424         2.5106351317         1.3454963091         1.0384659322         0.1758589726        -0.1758589726
        1.8755292000        11.2199458912         2.6425002231         1.3378393285         1.0461215646        -0.0236030001         0.0236030001
        1.8804959000        15.6198499029         2.6947057074         1.3352870017         1.0461215646        -0.0900903243         0.0900903243
        1.8855223000         3.7808542847         2.5542343475         1.3429439823         1.0512253195         0.1093716484        -0.1093716484
        1.8905139000        11.2564940594         2.6429338723         1.3378393285         1.0435696871        -0.0236030001         0.0236030001
        1.8955233000        15.6563980712         2.6951393566         1.3352870017         1.0410178097        -0.0900903243         0.0900903243
        1.9005192000        24.8188763795         2.7524642173         1.3301823480         1.0384659322        -0.2230649728         0.2230649728
        1.9055066000        14.1044397836         2.6767251517         1.3378393285         1.0461215646        -0.0236030001         0.0236030001
        1.9105779000        18.5043437954         2.7289306361         1.3352870017         1.0461215646        -0.0900903243         0.0900903243
        1.9155398000        15.0659377477         2.6881334613         1.3378393285         1.0537771970        -0.0236030001         0.0236030001
        1.9205609000        23.6661365448         2.7510819594         1.3327346748         1.0410178097        -0.1565776486         0.1565776486
        1.9256936000        20.7900100084         2.7476272422         1.3352870017         1.0461215646        -0.0900903243         0.0900903243
        1.9305605000        17.3516039608         2.7152532146         1.3378393285         1.0461215646        -0.0236030001         0.0236030001
        1.9357033000         0.7500340460         2.5182732360         1.3480486360         1.0537771970         0.2423462968        -0.2423462968
        1.9405198000         7.1011147983         2.5936297088         1.3429439823         1.0537771970         0.1093716484        -0.1093716484
        1.9455326000        18.7770493583         2.7321663262         1.3352870017         1.0435696871        -0.0900903243         0.0900903243
        1.9505315000        15.3386433107         2.6913691514         1.3378393285         1.0461215646        -0.0236030001         0.0236030001
        1.9555664000        28.1391368931         2.7564380625         1.3301823480         1.0410178097        -0.2230649728         0.2230649728
        1.9605248000        21.6249950825         2.7486310795         1.3352870017         1.0461215646        -0.0900903243         0.0900903243
        1.9655649000        22.3868838202         2.7495464104         1.3352870017         1.0461215646        -0.0900903243         0.0900903243
        1.9706680000        18.9484777725         2.7342003486         1.3378393285         1.0461215646        -0.0236030001         0.0236030001
        1.9756621000        19.1480869990         2.7365687403         1.3378393285         1.0461215646        -0.0236030001         0.0236030001
        1.9805770000        23.5479910108         2.7509402138         1.3352870017         1.0435696871        -0.0900903243         0.0900903243
        1.9855919000        32.7104693191         2.7618913447         1.3301823480         1.0384659322        -0.2230649728         0.2230649728
        1.9905700000         9.3951483673         2.6208487420         1.3454963091         1.0512253195         0.1758589726        -0.1758589726
        1.9955798000         7.9079190602         2.6032025556         1.3454963091         1.0537771970         0.1758589726        -0.1758589726
        2.0005902000        14.8212793237         2.6852305544         1.3403916554         1.0461215646         0.0428843241        -0.0428843241
        2.0055991000        27.0594933949         2.7551471078         1.3327346748         1.0384659322        -0.1565776486         0.1565776486
        2.0105855000        15.7827772878         2.6966388639         1.3403916554         1.0461215646         0.0428843241        -0.0428843241
        2.0155328000        23.8206965737         2.7512673719         1.3352870017         1.0435696871        -0.0900903243         0.0900903243
        2.0206761000         7.7814061702         2.6017014623         1.3454963091         1.0537771970         0.1758589726        -0.1758589726
        2.0255065000        18.8950612190         2.7335665536         1.3378393285         1.0461215646        -0.0236030001         0.0236030001
        2.0306513000        27.4952600160         2.7556683041         1.3327346748         1.0410178097        -0.1565776486         0.1565776486
        2.0356554000        24.6191334796         2.7522248011         1.3352870017         1.0410178097        -0.0900903243         0.0900903243
        2.0406320000        12.7801378614         2.6610121218         1.3429439823         1.0512253195         0.1093716484        -0.1093716484
        2.0456066000        28.6563672067         2.7570561154         1.3327346748         1.0384659322        -0.1565776486         0.1565776486
        2.0506857000        21.5799458849         2.7485769388         1.3378393285         1.0435696871        -0.0236030001         0.0236030001
        2.0555886000         9.1786707555         2.6182802045         1.3454963091         1.0512253195         0.1758589726        -0.1758589726
        2.0606147000        24.4926205896         2.7520731390         1.3352870017         1.0461215646        -0.0900903243         0.0900903243
        2.0656444000        29.4548041126         2.7580096690         1.3327346748         1.0410178097        -0.1565776486         0.1565776486
        2.0707085000        22.3783827908         2.7495362005         1.3378393285         1.0461215646        -0.0236030001         0.0236030001
        2.0757563000        18.3776972320         2.7274279566         1.3403916554         1.0461215646         0.0428843241        -0.0428843241
        2.0806643000        26.4156165179         2.7543766542         1.3352870017         1.0461215646        -0.0900903243         0.0900903243
        2.0857054000        31.3778000408         2.7603036777         1.3327346748         1.0410178097        -0.1565776486         0.1565776486
        2.0906405000        28.5016735044         2.7568712954         1.3352870017         1.0537771970        -0.0900903243         0.0900903243
        2.0956947000        16.6626778862         2.7070790092         1.3429439823         1.0486734420         0.1093716484        -0.1093716484
        2.1005250000        28.3386124462         2.7566764529         1.3352870017         1.0461215646        -0.0900903243         0.0900903243
        2.1056071000        29.1005011838         2.7575866115         1.3352870017         1.0461215646        -0.0900903243         0.0900903243
        2.1107030000        17.2615055656         2.7141841844         1.3429439823         1.0435696871         0.1093716484        -0.1093716484
        2.1156466000        24.7371453403         2.7523662576         1.3378393285         1.0512253195        -0.0236030001         0.0236030001
        2.1206194000        24.9367545668         2.7526054897         1.3378393285         1.0384659322        -0.0236030001         0.0236030001
        2.1256780000        29.3366585785         2.7578686104         1.3352870017         1.0410178097        -0.0900903243         0.0900903243
        2.1306558000        25.8982525309         2.7537572823         1.3378393285         1.0461215646        -0.0236030001         0.0236030001
        2.1356399000        17.6972721868         2.7193546171         1.3429439823         1.0537771970         0.1093716484        -0.1093716484
        2.1406190000        25.1729119615         2.7528884727         1.3378393285         1.0461215646        -0.0236030001         0.0236030001
        2.1456880000        25.3725211879         2.7531276168         1.3378393285         1.0461215646        -0.0236030001         0.0236030001
        2.1507569000        33.9727199850         2.7633935323         1.3327346748         1.0384659322        -0.1565776486         0.1565776486
        2.1556529000        22.6960038780         2.7499176159         1.3403916554         1.0461215646         0.0428843241        -0.0428843241
        2.1606472000        13.9327440226         2.6746879572         1.3454963091         1.0512253195         0.1758589726        -0.1758589726
        2.1656453000        12.4455147155         2.6570417708         1.3454963091         1.0512253195         0.1758589726        -0.1758589726
        2.1707239000        31.9597593349         2.7609972036         1.3327346748         1.0384659322        -0.1565776486         0.1565776486
        2.1755718000         8.0821588720         2.6052699357         1.3480486360         1.0512253195         0.2423462968        -0.2423462968
        2.1805643000        14.4332396243         2.6806264084         1.3429439823         1.0461215646         0.1093716484        -0.1093716484
        2.1855708000         9.3079950431         2.6198146555         1.3454963091         1.0512253195         0.1758589726        -0.1758589726
        2.1907063000         7.8207657360         2.6021684691         1.3454963091         1.0512253195         0.1758589726        -0.1758589726
        2.1957179000        27.3350103554         2.7554766605         1.3327346748         1.0410178097        -0.1565776486         0.1565776486
        2.2007573000        28.6591786042         2.7570594740         1.3327346748         1.0384659322        -0.1565776486         0.1565776486
        2.2057435000         8.9818729266         2.6159451704         1.3454963091         1.0537771970         0.1758589726        -0.1758589726
        2.2106869000        20.0955279754         2.7467917697         1.3378393285         1.0461215646        -0.0236030001         0.0236030001
        2.2156177000        28.6957267724         2.7571031363         1.3327346748         1.0384659322        -0.1565776486         0.1565776486
        2.2206338000        25.8196002360         2.7536630986         1.3352870017         1.0461215646        -0.0900903243         0.0900903243
        2.2256869000        22.3811941884         2.7495395771         1.3378393285         1.0435696871        -0.0236030001         0.0236030001
        2.2305687000        14.1802138442         2.6776242217         1.3429439823         1.0563290744         0.1093716484        -0.1093716484
        2.2355859000        30.0564431895         2.7587277757         1.3327346748         1.0410178097        -0.1565776486         0.1565776486
        2.2405238000        27.1803166531         2.7552916369         1.3352870017         1.0461215646        -0.0900903243         0.0900903243
        2.2456941000        15.3413210349         2.6914009230         1.3429439823         1.0537771970         0.1093716484        -0.1093716484
        2.2506596000        18.6166660242         2.7302633552         1.3403916554         1.0537771970         0.0428843241        -0.0428843241
        2.2556111000        22.4542905248         2.7496273638         1.3378393285         1.0461215646        -0.0236030001         0.0236030001
        2.2607089000        26.8541945366         2.7549014954         1.3352870017         1.0461215646        -0.0900903243         0.0900903243
        2.2656345000        40.2169676302         2.7708024209         1.3276300211         1.0410178097        -0.2895522970         0.2895522970
        2.2706416000        34.2651053308         2.7637412773         1.3327346748         1.0461215646        -0.1565776486         0.1565776486
        2.2756112000        31.3889787944         2.7603170026         1.3352870017         1.0435696871        -0.0900903243         0.0900903243
        2.2805347000        36.3511623173         2.7662199316         1.3327346748         1.0435696871        -0.1565776486         0.1565776486
        2.2856276000        50.2762149221         2.7826625642         1.3250776943         1.0410178097        -0.3560396212         0.3560396212
        2.2905503000        53.2872217046         2.7861952829         1.3250776943         1.0410178097        -0.3560396212         0.3560396212
        2.2956042000        43.6973441311         2.7749161856         1.3327346748         1.0461215646        -0.1565776486         0.1565776486
        2.3008265000        53.4221019506         2.7863533519         1.3276300211         1.0461215646        -0.2895522970         0.2895522970
        2.3056310000        51.6705344365         2.7842994441         1.3301823480         1.0461215646        -0.2230649728         0.2230649728
        2.3105735000        49.3566874113         2.7815821502         1.3327346748         1.0461215646        -0.1565776486         0.1565776486
        2.3155855000        59.0814452307         2.7929718851         1.3276300211         1.0384659322        -0.2895522970         0.2895522970
        2.3210166000        44.7289933608         2.7761334645         1.3378393285         1.0486734420        -0.0236030001         0.0236030001
        2.3255863000        49.1288973726         2.7813143905         1.3352870017         1.0512253195        -0.0900903243         0.0900903243
        2.3305917000        49.8907861102         2.7822097879         1.3352870017         1.0461215646        -0.0900903243         0.0900903243
        2.3355661000        42.2520852773         2.7732092519         1.3403916554         1.0512253195         0.0428843241        -0.0428843241
        2.3406133000        37.6891202073         2.7678075201         1.3429439823         1.0537771970         0.1093716484        -0.1093716484
        2.3455580000        40.9644651967         2.7716868914         1.3403916554         1.0512253195         0.0428843241        -0.0428843241
        2.3506102000        49.0023844825         2.7811656592         1.3352870017         1.0486734420        -0.0900903243         0.0900903243
        2.3556052000        53.9645680055         2.7869889232         1.3327346748         1.0461215646        -0.1565776486         0.1565776486
        2.3606304000        59.4890310397         2.7934475278         1.3301823480         1.0410178097        -0.2230649728         0.2230649728
        2.3655466000        52.9748892291         2.7858291944         1.3352870017         1.0461215646        -0.0900903243         0.0900903243
        2.3706493000        62.1373675374         2.7965347867         1.3301823480         1.0435696871        -0.2230649728         0.2230649728
        2.3756526000        59.8235205121         2.7938377675         1.3327346748         1.0384659322        -0.1565776486         0.1565776486
        2.3806950000        69.5482783316         2.8051444164         1.3276300211         1.0410178097        -0.2895522970         0.2895522970
        2.3855437000        71.9970056029         2.8079799450         1.3276300211         1.0435696871        -0.2895522970         0.2895522970
        2.3905643000        49.2439641623         2.7814496534         1.3429439823         1.0512253195         0.1093716484        -0.1093716484
        2.3954776000        52.5193091517         2.7852950546         1.3403916554         1.0512253195         0.0428843241        -0.0428843241
        2.4003937000        64.7575232229         2.7995836644         1.3327346748         1.0537771970        -0.1565776486         0.1565776486
        2.4055768000        57.6811019011         2.7913366804         1.3378393285         1.0512253195        -0.0236030001         0.0236030001
        2.4105535000        53.6804163423         2.7866560328         1.3403916554         1.0537771970         0.0428843241        -0.0428843241
        2.4155505000        65.9186304135         2.8009330250         1.3327346748         1.0461215646        -0.1565776486         0.1565776486
        2.4206077000        54.6419143065         2.7877821748         1.3403916554         1.0537771970         0.0428843241        -0.0428843241
        2.4255603000        58.4795388070         2.7922692263         1.3378393285         1.0461215646        -0.0236030001         0.0236030001
        2.4305594000        67.0797376041         2.8022813341         1.3327346748         1.0461215646        -0.1565776486         0.1565776486
        2.4355885000        64.2036110677         2.7989395720         1.3352870017         1.0461215646        -0.0900903243         0.0900903243
        2.4404527000        60.7652050200         2.7949359167         1.3378393285         1.0512253195        -0.0236030001         0.0236030001
        2.4455407000        56.7645194612         2.7902654952         1.3403916554         1.0537771970         0.0428843241        -0.0428843241
        2.4505014000        56.4018491765         2.7898414596         1.3403916554         1.0563290744         0.0428843241        -0.0428843241
        2.4555852000        68.6400632477         2.8040915859         1.3327346748         1.0435696871        -0.1565776486         0.1565776486
        2.4605653000        69.9642314965         2.8056263925         1.3327346748         1.0461215646        -0.1565776486         0.1565776486
        2.4654385000        71.2883997454         2.8071598712         1.3327346748         1.0461215646        -0.1565776486         0.1565776486
        2.4704066000        72.6125679943         2.8086920349         1.3327346748         1.0435696871        -0.1565776486         0.1565776486
        2.4754539000        69.7364414578         2.8053624623         1.3352870017         1.0461215646        -0.0900903243         0.0900903243
        2.4805610000        70.4983301955         2.8062450749         1.3352870017         1.0461215646        -0.0900903243         0.0900903243
        2.4855694000        71.2602189332         2.8071272496         1.3352870017         1.0461215646        -0.0900903243         0.0900903243
        2.4905682000        84.6229920267         2.8225311334         1.3276300211         1.0461215646        -0.2895522970         0.2895522970
        2.4955408000        87.0717192980         2.8253404168         1.3276300211         1.0410178097        -0.2895522970         0.2895522970
        2.5005675000        68.5189726427         2.8039511665         1.3403916554         1.0563290744         0.0428843241        -0.0428843241
        2.5055805000        68.1563023580         2.8035305384         1.3403916554         1.0563290744         0.0428843241        -0.0428843241
        2.5105799000        59.3930425027         2.7933355237         1.3454963091         1.0461215646         0.1758589726        -0.1758589726
        2.5155514000        74.7069923368         2.8111127905         1.3352870017         1.0461215646        -0.0900903243         0.0900903243
        2.5205949000        79.6691758597         2.8168354254         1.3327346748         1.0461215646        -0.1565776486         0.1565776486
        2.5257263000        68.3924597527         2.8038044472         1.3403916554         1.0537771970         0.0428843241        -0.0428843241
        2.5306085000        76.4303790386         2.8131022904         1.3352870017         1.0486734420        -0.0900903243         0.0900903243
        2.5356080000        89.7931521321         2.8284579014         1.3276300211         1.0435696871        -0.2895522970         0.2895522970
        2.5405759000        75.4407002622         2.8119600561         1.3378393285         1.0563290744        -0.0236030001         0.0236030001
        2.5456574000        67.2397199181         2.8024670279         1.3429439823         1.0537771970         0.1093716484        -0.1093716484
        2.5506708000        70.5150649075         2.8062644563         1.3403916554         1.0537771970         0.0428843241        -0.0428843241
        2.5555771000        74.3526894080         2.8107035105         1.3378393285         1.0512253195        -0.0236030001         0.0236030001
        2.5605767000        82.9528882051         2.8206127993         1.3327346748         1.0512253195        -0.1565776486         0.1565776486
        2.5656366000        92.6776460246         2.8317569431         1.3276300211         1.0435696871        -0.2895522970         0.2895522970
        2.5707436000        82.5254889399         2.8201215688         1.3352870017         1.0410178097        -0.0900903243         0.0900903243
        2.5755823000        70.6864933217         2.8064629856         1.3429439823         1.0563290744         0.1093716484        -0.1093716484
        2.5805593000        73.9618383111         2.8102519044         1.3403916554         1.0563290744         0.0428843241        -0.0428843241
        2.5856132000        81.9997575970         2.8195171482         1.3352870017         1.0537771970        -0.0900903243         0.0900903243
        2.5905864000        95.3625306905         2.8348229611         1.3276300211         1.0461215646        -0.2895522970         0.2895522970
        2.5957250000        72.6094892500         2.8086884741         1.3429439823         1.0563290744         0.1093716484        -0.1093716484
        2.6007312000        88.4857185953         2.8269608018         1.3327346748         1.0461215646        -0.1565776486         0.1565776486
        2.6055813000        81.4092972735         2.8188380827         1.3378393285         1.0537771970        -0.0236030001         0.0236030001
        2.6106058000        64.8077273588         2.7996420301         1.3480486360         1.0588809519         0.2423462968        -0.2423462968
        2.6156098000        87.9599872523         2.8263584891         1.3327346748         1.0486734420        -0.1565776486         0.1565776486
        2.6206517000        89.2841555012         2.8278751982         1.3327346748         1.0512253195        -0.1565776486         0.1565776486
        2.6256519000        69.6068498235         2.8052122927         1.3454963091         1.0614328293         0.1758589726        -0.1758589726
        2.6306320000        93.3213892282         2.8324924801         1.3301823480         1.0512253195        -0.2230649728         0.2230649728
        2.6356190000        82.6069526324         2.8202152086         1.3378393285         1.0537771970        -0.0236030001         0.0236030001
        2.6406512000        82.8065618588         2.8204446335         1.3378393285         1.0563290744        -0.0236030001         0.0236030001
        2.6455910000        70.4052867294         2.8061373119         1.3454963091         1.0639847068         0.1758589726        -0.1758589726
        2.6505937000        77.3186469929         2.8141268800         1.3403916554         1.0588809519         0.0428843241        -0.0428843241
        2.6556635000        97.9574506347         2.8377820137         1.3276300211         1.0512253195        -0.2895522970         0.2895522970
        2.6607859000        96.2058831206         2.8357851084         1.3301823480         1.0512253195        -0.2230649728         0.2230649728
        2.6656029000        72.8905621689         2.8090135296         1.3454963091         1.0639847068         0.1758589726        -0.1758589726
        2.6706575000        71.4033328618         2.8072929095         1.3454963091         1.0665365843         0.1758589726        -0.1758589726
        2.6757547000        74.1163983400         2.8104305031         1.3429439823         1.0665365843         0.1093716484        -0.1093716484
        2.6806282000        81.5920381147         2.8190482716         1.3378393285         1.0588809519        -0.0236030001         0.0236030001
        2.6855951000        94.3925316970         2.8337157846         1.3301823480         1.0563290744        -0.2230649728         0.2230649728
        2.6905852000        79.4778003159         2.8166150471         1.3403916554         1.0614328293         0.0428843241        -0.0428843241
        2.6955572000        87.5157196018         2.8258493648         1.3352870017         1.0639847068        -0.0900903243         0.0900903243
        2.7006254000        96.6781979100         2.8363237630         1.3301823480         1.0639847068        -0.2230649728         0.2230649728
        2.7056251000        90.1640560995         2.8288824094         1.3352870017         1.0588809519        -0.0900903243         0.0900903243
        2.7106269000        74.1247656960         2.8104401713         1.3454963091         1.0690884617         0.1758589726        -0.1758589726
        2.7156407000        76.8378311742         2.8135723442         1.3429439823         1.0639847068         0.1093716484        -0.1093716484
        2.7206562000        71.7125865929         2.8076508302         1.3454963091         1.0665365843         0.1758589726        -0.1758589726
        2.7257178000        74.4256520711         2.8107878023         1.3429439823         1.0665365843         0.1093716484        -0.1093716484
        2.7306623000        69.3004074899         2.8048571394         1.3454963091         1.0716403392         0.1758589726        -0.1758589726
        2.7356510000        63.6128833975         2.7982524034         1.3480486360         1.0741922166         0.2423462968        -0.2423462968
        2.7406962000        61.5633745792         2.7958661435         1.3480486360         1.0716403392         0.2423462968        -0.2423462968
        2.7456561000        42.7126866197         2.7737534550         1.3582579434         1.0792959716         0.5082955937        -0.5082955937
        2.7507282000        51.0149441125         2.7835300144         1.3506009628         1.0818478490         0.3088336210        -0.3088336210
        2.7556787000        44.2028609977         2.7755127826         1.3531532897         1.0843997265         0.3753209453        -0.3753209453
        2.7606322000        36.8284983717         2.7667865210         1.3557056165         1.0895034814         0.4418082695        -0.4418082695
        2.7656277000        45.6930353757         2.7772701057         1.3480486360         1.0869516039         0.2423462968        -0.2423462968
        2.7705573000        26.8423474162         2.7548873206         1.3582579434         1.0997109912         0.5082955937        -0.5082955937
        2.7756115000        26.7440153385         2.7547696634         1.3557056165         1.0895034814         0.4418082695        -0.4418082695
        2.7806178000        31.4082575572         2.7603399823         1.3506009628         1.0946072363         0.3088336210        -0.3088336210
        2.7855326000        45.5976483689         2.7771576780         1.3403916554         1.0869516039         0.0428843241        -0.0428843241
        2.7906074000        36.8343885136         2.7667935111         1.3454963091         1.0895034814         0.1758589726        -0.1758589726
        2.7955286000        31.1468644211         2.7600283781         1.3480486360         1.0971591138         0.2423462968        -0.2423462968
        2.8006168000        29.0973556028         2.7575828550         1.3480486360         1.0971591138         0.2423462968        -0.2423462968
        2.8056083000        14.4469624286         2.6807892314         1.3557056165         1.1073666236         0.4418082695        -0.4418082695
        2.8105833000        -1.8902692791         2.4869456631         1.3633625971         1.1048147461         0.6412702422        -0.6412702422
        2.8155975000        30.4891979031         2.7592440845         1.3403916554         1.1048147461         0.0428843241        -0.0428843241
        2.8205535000        42.7274119743         2.7737708499         1.3327346748         1.1073666236        -0.1565776486         0.1565776486
        2.8255320000        14.6495167260         2.6831925668         1.3506009628         1.1124703785         0.3088336210        -0.3088336210
        2.8306027000        37.2394971083         2.7672741966         1.3352870017         1.1150222560        -0.0900903243         0.0900903243
        2.8356767000        38.0013858460         2.7681778042         1.3352870017         1.1099185011        -0.0900903243         0.0900903243
        2.8405918000        21.9620954425         2.7490361447         1.3454963091         1.1124703785         0.1758589726        -0.1758589726
        2.8456646000        28.8754557059         2.7573178302         1.3403916554         1.1150222560         0.0428843241        -0.0428843241
        2.8505775000        24.3124906359         2.7518571733         1.3429439823         1.1150222560         0.1093716484        -0.1093716484
        2.8556118000        40.1887199812         2.7707689869         1.3327346748         1.1099185011        -0.1565776486         0.1565776486
        2.8606634000        28.9120038742         2.7573614846         1.3403916554         1.1175741334         0.0428843241        -0.0428843241
        2.8655821000        20.1487440189         2.7468558071         1.3454963091         1.1252297658         0.1758589726        -0.1758589726
        2.8704927000        27.0621042823         2.7551502311         1.3403916554         1.1226778884         0.0428843241        -0.0428843241
        2.8756044000        35.1000235682         2.7647338260         1.3352870017         1.1175741334        -0.0900903243         0.0900903243
        2.8805597000        27.4613227353         2.7556277204         1.3403916554         1.1175741334         0.0428843241        -0.0428843241
        2.8856298000        31.2989472359         2.7602096827         1.3378393285         1.1226778884        -0.0236030001         0.0236030001
        2.8905781000        18.8976721064         2.7335975322         1.3454963091         1.1252297658         0.1758589726        -0.1758589726
        2.8956358000        25.8110323699         2.7536528385         1.3403916554         1.1201260109         0.0428843241        -0.0428843241
        2.9006090000         4.4468881587         2.5621369337         1.3531532897         1.1328853982         0.3753209453        -0.3753209453
        2.9055678000         5.4731151033         2.5743132618         1.3506009628         1.1303335207         0.3088336210        -0.3088336210
        2.9104271000        19.6625059150         2.7426723937         1.3403916554         1.1379891531         0.0428843241        -0.0428843241
        2.9154983000        23.5001304156         2.7508827888         1.3378393285         1.1430929080        -0.0236030001         0.0236030001
        2.9205094000        15.2991500715         2.6909005585         1.3429439823         1.1379891531         0.1093716484        -0.1093716484
        2.9255621000        14.3742002756         2.6799258982         1.3429439823         1.1405410306         0.1093716484        -0.1093716484
        2.9305836000        17.6495452649         2.7187883304         1.3403916554         1.1405410306         0.0428843241        -0.0428843241
        2.9355587000        25.6874645508         2.7535048562         1.3352870017         1.1354372756        -0.0900903243         0.0900903243
        2.9493538000        30.6496480738         2.7594354668         1.3327346748         1.1303335207        -0.1565776486         0.1565776486
        2.9540924000        15.1726371815         2.6893994652         1.3429439823         1.1379891531         0.1093716484        -0.1093716484
        2.9601815000        14.2476873856         2.6784248048         1.3429439823         1.1430929080         0.1093716484        -0.1093716484
        2.9614710000        21.7233271602         2.7487492490         1.3378393285         1.1328853982        -0.0236030001         0.0236030001
        2.9627100000        13.5223468161         2.6698185362         1.3429439823         1.1430929080         0.1093716484        -0.1093716484
        2.9653901000        25.1982813761         2.7529188691         1.3352870017         1.1354372756        -0.0900903243         0.0900903243
        2.9705583000         9.1589909726         2.6180467011         1.3454963091         1.1481966629         0.1758589726        -0.1758589726
        2.9754149000        24.4729408066         2.7520495456         1.3352870017         1.1379891531        -0.0900903243         0.0900903243
        2.9805602000        46.2363034708         2.7779102724         1.3225253674         1.1379891531        -0.4225269455         0.4225269455
        2.9855017000       -38.3966007269         2.2399269610         1.3761242314         1.1430929080         0.9737068633        -0.9737068633
        2.9905619000        16.3732376112         2.7036447593         1.3378393285         1.1456447855        -0.0236030001         0.0236030001
        2.9955876000        41.7746155495         2.7726449142         1.3225253674         1.1456447855        -0.4225269455         0.4225269455
        3.0005909000        32.7470174872         2.7619348618         1.3301823480         1.1481966629        -0.2230649728         0.2230649728
        3.0055724000        26.2328756767         2.7541579134         1.3352870017         1.1405410306        -0.0900903243         0.0900903243
        3.0106951000        35.3953539850         2.7650847546         1.3301823480         1.1354372756        -0.2230649728         0.2230649728
        3.0155976000        16.2803278185         2.7025423715         1.3429439823         1.1481966629         0.1093716484        -0.1093716484
        3.0205959000        27.9562623785         2.7562194770         1.3352870017         1.1481966629        -0.0900903243         0.0900903243
        3.0255475000        41.3190354721         2.7721062537         1.3276300211         1.1430929080        -0.2895522970         0.2895522970
        3.0305863000        31.1668783874         2.7600522389         1.3352870017         1.1507485404        -0.0900903243         0.0900903243
        3.0355827000        23.5281775545         2.7509164411         1.3403916554         1.1584041728         0.0428843241        -0.0428843241
        3.0406818000        27.3658020551         2.7555134865         1.3378393285         1.1533004179        -0.0236030001         0.0236030001
        3.0455760000        40.1662956374         2.7707424449         1.3301823480         1.1481966629        -0.2230649728         0.2230649728
        3.0506175000        46.2530381828         2.7779299878         1.3276300211         1.1481966629        -0.2895522970         0.2895522970
        3.0554756000        36.1008810981         2.7659227661         1.3352870017         1.1481966629        -0.0900903243         0.0900903243
        3.0604786000        24.2618854799         2.7517964947         1.3429439823         1.1558522953         0.1093716484        -0.1093716484
        3.0655911000        27.5372304693         2.7557184926         1.3403916554         1.1584041728         0.0428843241        -0.0428843241
        3.0705180000        43.9757393258         2.7752447685         1.3301823480         1.1533004179        -0.2230649728         0.2230649728
        3.0754784000        20.6604183740         2.7474713795         1.3454963091         1.1660598052         0.1758589726        -0.1758589726
        3.0804555000        23.3734838522         2.7507308220         1.3429439823         1.1609560502         0.1093716484        -0.1093716484
        3.0854793000        30.8491236269         2.7596733628         1.3378393285         1.1635079277        -0.0236030001         0.0236030001
        3.0905047000        35.2490276387         2.7649108916         1.3352870017         1.1584041728        -0.0900903243         0.0900903243
        3.0954805000        27.6103268057         2.7558058974         1.3403916554         1.1686116826         0.0428843241        -0.0428843241
        3.1005020000        31.4479513063         2.7603872950         1.3378393285         1.1609560502        -0.0236030001         0.0236030001
        3.1054953000        14.8463813916         2.6855283940         1.3480486360         1.1737154375         0.2423462968        -0.2423462968
        3.1105699000        16.9971673586         2.7110477741         1.3454963091         1.1737154375         0.1758589726        -0.1758589726
        3.1155469000        36.5114119780         2.7664101692         1.3327346748         1.1660598052        -0.1565776486         0.1565776486
        3.1204510000        33.6352854415         2.7629921065         1.3352870017         1.1686116826        -0.0900903243         0.0900903243
        3.1254666000        21.7962898233         2.7488369246         1.3429439823         1.1737154375         0.1093716484        -0.1093716484
        3.1305274000        33.4722243833         2.7627980831         1.3352870017         1.1711635601        -0.0900903243         0.0900903243
        3.1356105000        34.2341131210         2.7637044210         1.3352870017         1.1711635601        -0.0900903243         0.0900903243
        3.1405277000        43.3965914292         2.7745611358         1.3301823480         1.1686116826        -0.2230649728         0.2230649728
        3.1455197000        41.0827444040         2.7718267971         1.3327346748         1.1660598052        -0.1565776486         0.1565776486
        3.1504649000        29.8060282970         2.7584289279         1.3403916554         1.1737154375         0.0428843241        -0.0428843241
        3.1555401000        42.0442423681         2.7729636210         1.3327346748         1.1686116826        -0.1565776486         0.1565776486
        3.1605534000        39.1681158317         2.7695605029         1.3352870017         1.1686116826        -0.0900903243         0.0900903243
        3.1655206000        27.3291202135         2.7554696159         1.3429439823         1.1788191925         0.1093716484        -0.1093716484
        3.1705493000        30.6044652029         2.7593815760         1.3403916554         1.1788191925         0.0428843241        -0.0428843241
        3.1757213000        38.6423844887         2.7689376131         1.3352870017         1.1788191925        -0.0900903243         0.0900903243
        3.1805469000        22.6030940852         2.7498060559         1.3454963091         1.1890267023         0.1758589726        -0.1758589726
        3.1855472000        42.1173387046         2.7730500115         1.3327346748         1.1813710699        -0.1565776486         0.1565776486
        3.1905901000        43.4415069535         2.7746141655         1.3327346748         1.1762673150        -0.1565776486         0.1565776486
        3.1956186000        27.9644960611         2.7562293193         1.3429439823         1.1864748248         0.1093716484        -0.1093716484
        3.2005087000        35.4401358358         2.7651379597         1.3378393285         1.1788191925        -0.0236030001         0.0236030001
        3.2056056000        23.0388607064         2.7503292193         1.3454963091         1.1864748248         0.1758589726        -0.1758589726
        3.2105353000        29.9522209699         2.7586034033         1.3403916554         1.1839229474         0.0428843241        -0.0428843241
        3.2155703000        16.9886663292         2.7109469082         1.3480486360         1.1966823347         0.2423462968        -0.2423462968
        3.2205474000        23.3397470815         2.7506903375         1.3429439823         1.1915785797         0.1093716484        -0.1093716484
        3.2255803000        30.8153868562         2.7596331308         1.3378393285         1.1915785797        -0.0236030001         0.0236030001
        3.2306885000        31.0149960827         2.7598711538         1.3378393285         1.1915785797        -0.0236030001         0.0236030001
        3.2355786000        22.8140157386         2.7500593041         1.3429439823         1.1890267023         0.1093716484        -0.1093716484
        3.2406089000        17.6887711574         2.7192537512         1.3454963091         1.1992342121         0.1758589726        -0.1758589726
        3.2455877000        20.4018366356         2.7471603255         1.3429439823         1.1992342121         0.1093716484        -0.1093716484
        3.2505593000        19.4768868396         2.7404699970         1.3429439823         1.2043379670         0.1093716484        -0.1093716484
        3.2555178000        18.5519370437         2.7294953367         1.3429439823         1.2043379670         0.1093716484        -0.1093716484
        3.2607118000        26.0275768184         2.7539121305         1.3378393285         1.1992342121        -0.0236030001         0.0236030001
        3.2655648000        13.6263016890         2.6710519755         1.3454963091         1.2068898445         0.1758589726        -0.1758589726
        3.2705394000        12.1390723819         2.6534057891         1.3454963091         1.2068898445         0.1758589726        -0.1758589726
        3.2755909000        10.6518430748         2.6357596027         1.3454963091         1.2170973543         0.1758589726        -0.1758589726
        3.2807263000         9.1646137677         2.6181134163         1.3454963091         1.2145454769         0.1758589726        -0.1758589726
        3.2855402000        20.2782688165         2.7470116583         1.3378393285         1.2196492318        -0.0236030001         0.0236030001
        3.2905837000        28.8784676135         2.7573214278         1.3327346748         1.2119935994        -0.1565776486         0.1565776486
        3.2957297000        26.0023410771         2.7538819155         1.3352870017         1.2068898445        -0.0900903243         0.0900903243
        3.3007737000        26.7642298147         2.7547938514         1.3352870017         1.2068898445        -0.0900903243         0.0900903243
        3.3056630000        14.9252341965         2.6864639937         1.3429439823         1.2170973543         0.1093716484        -0.1093716484
        3.3105887000        14.0002844006         2.6754893333         1.3429439823         1.2170973543         0.1093716484        -0.1093716484
        3.3156843000        21.4759241753         2.7484519161         1.3378393285         1.2196492318        -0.0236030001         0.0236030001
        3.3205350000        30.0761229724         2.7587512592         1.3327346748         1.2222011093        -0.1565776486         0.1565776486
        3.3255081000        -2.2020670612         2.4832461382         1.3531532897         1.2298567416         0.3753209453        -0.3753209453
        3.3306274000         3.0244546687         2.5452595589         1.3480486360         1.2273048642         0.2423462968        -0.2423462968
        3.3355733000        34.5773041328         2.7641124966         1.3276300211         1.2247529867        -0.2895522970         0.2895522970
        3.3406088000        45.4266209747         2.7769560766         1.3225253674         1.2170973543        -0.4225269455         0.4225269455
        3.3458263000        23.7981385565         2.7512403125         1.3378393285         1.2170973543        -0.0236030001         0.0236030001
        3.3506304000        23.9977477830         2.7514797352         1.3378393285         1.2247529867        -0.0236030001         0.0236030001
        3.3555631000        28.3976517948         2.7567470024         1.3352870017         1.2222011093        -0.0900903243         0.0900903243
        3.3606425000        16.5586561765         2.7058447769         1.3429439823         1.2196492318         0.1093716484        -0.1093716484
        3.3654673000        15.6337063806         2.6948701165         1.3429439823         1.2273048642         0.1093716484        -0.1093716484
        3.3704604000        27.3096409406         2.7554463187         1.3352870017         1.2222011093        -0.0900903243         0.0900903243
        3.3760076000        19.6709401077         2.7427724665         1.3403916554         1.2324086191         0.0428843241        -0.0428843241
        3.3805845000        15.1079750377         2.6886322397         1.3429439823         1.2349604965         0.1093716484        -0.1093716484
        3.3859354000         9.9827304564         2.6278204867         1.3454963091         1.2298567416         0.1758589726        -0.1758589726
        3.3905732000        29.4969750758         2.7580600152         1.3327346748         1.2298567416        -0.1565776486         0.1565776486
        3.3956581000        39.2217328953         2.7696240143         1.3276300211         1.2273048642        -0.2895522970         0.2895522970
        3.4005769000        20.6689862400         2.7474816848         1.3403916554         1.2298567416         0.0428843241        -0.0428843241
        3.4058781000        28.7069055259         2.7571164907         1.3352870017         1.2298567416        -0.0900903243         0.0900903243
        3.4104054000        16.8679099077         2.7095141162         1.3429439823         1.2298567416         0.1093716484        -0.1093716484
        3.4153922000        24.3435496824         2.7518944137         1.3378393285         1.2349604965        -0.0236030001         0.0236030001
        3.4204793000       -17.4597889441         2.3022111069         1.3633625971         1.2349604965         0.6412702422        -0.6412702422
        3.4255623000        10.7193834528         2.6365609789         1.3429439823         1.2451680064         0.1093716484        -0.1093716484
        3.4304602000        47.5970867246         2.7795126159         1.3199730405         1.2400642515        -0.4890142697         0.4890142697
        3.4353920000        34.9314733882         2.7645335077         1.3301823480         1.2349604965        -0.2230649728         0.2230649728
        3.4404134000        32.6176263630         2.7617807927         1.3327346748         1.2426161289        -0.1565776486         0.1565776486
        3.4454442000        12.9403206853         2.6629127137         1.3454963091         1.2502717613         0.1758589726        -0.1758589726
        3.4504643000        11.4530913782         2.6452665273         1.3454963091         1.2451680064         0.1758589726        -0.1758589726
        3.4554609000        26.7670412123         2.7547972154         1.3352870017         1.2451680064        -0.0900903243         0.0900903243
        3.4604232000        35.9295195206         2.7657192696         1.3301823480         1.2400642515        -0.2230649728         0.2230649728
        3.4654369000        25.2150829247         2.7529389995         1.3378393285         1.2477198838        -0.0236030001         0.0236030001
        3.4704723000         0.2129234394         2.5119003426         1.3531532897         1.2477198838         0.3753209453        -0.3753209453
        3.4754800000        30.6412138811         2.7594254073         1.3327346748         1.2426161289        -0.1565776486         0.1565776486
        3.4804827000        48.7665612712         2.7808883830         1.3225253674         1.2426161289        -0.4225269455         0.4225269455
        3.4854996000        22.9377840677         2.7502078882         1.3403916554         1.2426161289         0.0428843241        -0.0428843241
        3.4904653000        22.5751137830         2.7497724572         1.3403916554         1.2477198838         0.0428843241        -0.0428843241
        3.4954381000        13.8118539277         2.6732535791         1.3454963091         1.2502717613         0.1758589726        -0.1758589726
        3.5004789000        24.9255089765         2.7525920129         1.3378393285         1.2477198838        -0.0236030001         0.0236030001
        3.5054867000        16.7245286323         2.7078128770         1.3429439823         1.2528236388         0.1093716484        -0.1093716484
        3.5105143000        11.5992840511         2.6470011241         1.3454963091         1.2528236388         0.1758589726        -0.1758589726
        3.5154940000        10.1120547440         2.6293549377         1.3454963091         1.2604792711         0.1758589726        -0.1758589726
        3.5204982000        17.0254150075         2.7113829365         1.3403916554         1.2553755162         0.0428843241        -0.0428843241
        3.5254934000        37.6642186493         2.7677779879         1.3276300211         1.2502717613        -0.2895522970         0.2895522970
        3.5305635000        31.7123563499         2.7607024117         1.3327346748         1.2528236388        -0.1565776486         0.1565776486
        3.5356326000        28.8362298135         2.7572709759         1.3352870017         1.2502717613        -0.0900903243         0.0900903243
        3.5405696000        12.7969394100         2.6612114746         1.3454963091         1.2604792711         0.1758589726        -0.1758589726
        3.5455626000        28.1108892440         2.7564043009         1.3352870017         1.2604792711        -0.0900903243         0.0900903243
        3.5505762000        20.4721884111         2.7472449602         1.3403916554         1.2604792711         0.0428843241        -0.0428843241
        3.5555267000         3.3083389852         2.5486278865         1.3506009628         1.2604792711         0.3088336210        -0.3088336210
        3.5605546000        25.8983193675         2.7537573623         1.3352870017         1.2604792711        -0.0900903243         0.0900903243
        3.5655920000        30.8605028905         2.7596869326         1.3327346748         1.2630311486        -0.1565776486         0.1565776486
        3.5705795000        11.1831972128         2.6420641948         1.3454963091         1.2604792711         0.1758589726        -0.1758589726
        3.5755615000         9.6959679057         2.6244180084         1.3454963091         1.2604792711         0.1758589726        -0.1758589726
        3.5805493000        25.0099177398         2.7526931658         1.3352870017         1.2630311486        -0.0900903243         0.0900903243
        3.5856197000        21.5715116922         2.7485668022         1.3378393285         1.2579273937        -0.0236030001         0.0236030001
        3.5906055000        13.3705313481         2.6680172242         1.3429439823         1.2630311486         0.1093716484        -0.1093716484
        3.5955933000        25.0464659080         2.7527369618         1.3352870017         1.2604792711        -0.0900903243         0.0900903243
        3.6007363000        13.2074702898         2.6660824816         1.3429439823         1.2604792711         0.1093716484        -0.1093716484
        3.6055936000       -21.3198377885         2.2697138679         1.3633625971         1.2630311486         0.6412702422        -0.6412702422
        3.6105878000        23.6605137496         2.7510752137         1.3327346748         1.2630311486        -0.1565776486         0.1565776486
        3.6156121000        24.9846819985         2.7526629248         1.3327346748         1.2579273937        -0.1565776486         0.1565776486
        3.6205394000        22.1085554620         2.7492120968         1.3352870017         1.2655830261        -0.0900903243         0.0900903243
        3.6255556000         1.8689702732         2.5315495729         1.3480486360         1.2706867810         0.2423462968        -0.2423462968
        3.6305793000        -8.5811281157         2.4075576752         1.3531532897         1.2681349035         0.3753209453        -0.3753209453
        3.6356666000        34.4480466819         2.7639588146         1.3250776943         1.2604792711        -0.3560396212         0.3560396212
        3.6405411000        24.8581691085         2.7525113097         1.3327346748         1.2604792711        -0.1565776486         0.1565776486
        3.6455943000         9.3811582161         2.6206827469         1.3429439823         1.2655830261         0.1093716484        -0.1093716484
        3.6505841000         8.4562084202         2.6097080865         1.3429439823         1.2681349035         0.1093716484        -0.1093716484
        3.6556438000        28.5327325508         2.7569084050         1.3301823480         1.2604792711        -0.2230649728         0.2230649728
        3.6605711000        34.6194750962         2.7641626327         1.3276300211         1.2630311486        -0.2895522970         0.2895522970
        3.6656736000        24.4673180115         2.7520428046         1.3352870017         1.2630311486        -0.0900903243         0.0900903243
        3.6716195000         4.2277328227         2.5595366246         1.3480486360         1.2681349035         0.2423462968        -0.2423462968
        3.6756603000         6.3785187897         2.5850560048         1.3454963091         1.2706867810         0.1758589726        -0.1758589726
        3.6809918000        25.8927634091         2.7537507094         1.3327346748         1.2630311486        -0.1565776486         0.1565776486
        3.6857316000        27.2169316579         2.7553354329         1.3327346748         1.2630311486        -0.1565776486         0.1565776486
        3.6909439000        15.9402155509         2.6985068912         1.3403916554         1.2757905359         0.0428843241        -0.0428843241
        3.6955563000        -1.2236338750         2.4948553866         1.3506009628         1.2783424134         0.3088336210        -0.3088336210
        3.7005282000        12.9657569367         2.6632145184         1.3403916554         1.2706867810         0.0428843241        -0.0428843241
        3.7054753000        25.2039710078         2.7529256860         1.3327346748         1.2757905359        -0.1565776486         0.1565776486
        3.7104804000       -15.4748085963         2.3257631799         1.3582579434         1.2732386584         0.5082955937        -0.5082955937
        3.7157363000        13.8289228230         2.6734561040         1.3378393285         1.2681349035        -0.0236030001         0.0236030001
        3.7204885000        18.2288268348         2.7256615883         1.3352870017         1.2681349035        -0.0900903243         0.0900903243
        3.7317416000         2.1895364313         2.5353531357         1.3454963091         1.2757905359         0.1758589726        -0.1758589726
        3.7337556000       -11.8985772317         2.3681956716         1.3531532897         1.2808942908         0.3753209453        -0.3753209453
        3.7354996000        14.3294184247         2.6793945552         1.3352870017         1.2630311486        -0.0900903243         0.0900903243
        3.7404458000        10.8910123770         2.6385973804         1.3378393285         1.2732386584        -0.0236030001         0.0236030001
        3.7454918000        -1.5102627524         2.4914544943         1.3454963091         1.2808942908         0.1758589726        -0.1758589726
        3.7504669000         9.6033922964         2.6233195857         1.3378393285         1.2681349035        -0.0236030001         0.0236030001
        3.7554336000        18.2035910935         2.7253621626         1.3327346748         1.2681349035        -0.1565776486         0.1565776486
        3.7604542000        19.5277593423         2.7410736065         1.3327346748         1.2681349035        -0.1565776486         0.1565776486
        3.7654688000         8.2510432353         2.6072737726         1.3403916554         1.2757905359         0.0428843241        -0.0428843241
        3.7704522000        12.0886677359         2.6528077308         1.3378393285         1.2681349035        -0.0236030001         0.0236030001
        3.7754350000        16.4885717477         2.7050132152         1.3352870017         1.2757905359        -0.0900903243         0.0900903243
        3.7805068000         8.8498709147         2.6143789478         1.3403916554         1.2757905359         0.0428843241        -0.0428843241
        3.7857343000         4.2869058447         2.5602387209         1.3429439823         1.2732386584         0.1093716484        -0.1093716484
        3.7907934000        20.1631351900         2.7468731242         1.3327346748         1.2655830261        -0.1565776486         0.1565776486
        3.7957430000         8.8864190829         2.6148125970         1.3403916554         1.2757905359         0.0428843241        -0.0428843241
        3.8008026000        -4.0771355577         2.4609981849         1.3480486360         1.2757905359         0.2423462968        -0.2423462968
        3.8054894000         6.4742399799         2.5861917502         1.3403916554         1.2808942908         0.0428843241        -0.0428843241
        3.8104516000        18.7124540511         2.7313998937         1.3327346748         1.2706867810        -0.1565776486         0.1565776486
        3.8155082000        15.8363275147         2.6972742450         1.3352870017         1.2757905359        -0.0900903243         0.0900903243
        3.8205396000        16.5982162523         2.7063141628         1.3352870017         1.2681349035        -0.0900903243         0.0900903243
        3.8256095000        21.5603997753         2.7485534473         1.3327346748         1.2706867810        -0.1565776486         0.1565776486
        3.8305132000        -2.3172006876         2.4818800614         1.3480486360         1.2808942908         0.2423462968        -0.2423462968
        3.8355160000        -4.3667095059         2.4575623490         1.3480486360         1.2834461683         0.2423462968        -0.2423462968
        3.8405019000        18.7855503876         2.7322671921         1.3327346748         1.2757905359        -0.1565776486         0.1565776486
        3.8454914000        -0.8917552901         2.4987931730         1.3454963091         1.2808942908         0.1758589726        -0.1758589726
        3.8505695000        -2.3789845972         2.4811469866         1.3454963091         1.2834461683         0.1758589726        -0.1758589726
        3.8555065000         4.5343756663         2.5631749854         1.3403916554         1.2808942908         0.0428843241        -0.0428843241
        3.8605073000         4.1717053816         2.5588718511         1.3403916554         1.2783424134         0.0428843241        -0.0428843241
        3.8655156000        -0.3912596884         2.5047316242         1.3429439823         1.2808942908         0.1093716484        -0.1093716484
        3.8705917000       -34.9185677668         2.2458886533         1.3633625971         1.2757905359         0.6412702422        -0.6412702422
        3.8756633000         1.6611942008         2.5290842803         1.3378393285         1.2757905359        -0.0236030001         0.0236030001
        3.8806376000         1.8608034273         2.5314526721         1.3378393285         1.2757905359        -0.0236030001         0.0236030001
        3.8855763000       -10.5404717022         2.3843097861         1.3454963091         1.2757905359         0.1758589726        -0.1758589726
        3.8905125000         0.5731833466         2.5161748774         1.3378393285         1.2757905359        -0.0236030001         0.0236030001
        3.8955465000         0.7727925731         2.5185432692         1.3378393285         1.2757905359        -0.0236030001         0.0236030001
        3.9004575000        -3.2278929857         2.4710745683         1.3403916554         1.2783424134         0.0428843241        -0.0428843241
        3.9055531000        -3.5905632705         2.4667714340         1.3403916554         1.2757905359         0.0428843241        -0.0428843241
        3.9106017000       -24.9547074817         2.2632635165         1.3531532897         1.2834461683         0.3753209453        -0.3753209453
        3.9155758000        -2.9270066106         2.4746446278         1.3378393285         1.2783424134        -0.0236030001         0.0236030001
        3.9207055000        -2.7273973841         2.4770130195         1.3378393285         1.2783424134        -0.0236030001         0.0236030001
        3.9255951000         5.8728014130         2.5790555965         1.3327346748         1.2706867810        -0.1565776486         0.1565776486
        3.9307569000         2.9966748765         2.5449299477         1.3352870017         1.2808942908        -0.0900903243         0.0900903243
        3.9355081000       -13.0426155270         2.3546214951         1.3454963091         1.2834461683         0.1758589726        -0.1758589726
        3.9406362000        -1.9289604782         2.4864865865         1.3378393285         1.2783424134        -0.0236030001         0.0236030001
        3.9457719000        -5.9296460370         2.4390178857         1.3403916554         1.2783424134         0.0428843241        -0.0428843241
        3.9506166000         2.1082732488         2.5343889366         1.3352870017         1.2706867810        -0.0900903243         0.0900903243
        3.9555619000         7.0704567718         2.5932659469         1.3327346748         1.2706867810        -0.1565776486         0.1565776486
        3.9605109000        -8.4065541205         2.4096290204         1.3429439823         1.2757905359         0.1093716484        -0.1093716484
        3.9655649000         7.4696752248         2.5980027304         1.3327346748         1.2706867810        -0.1565776486         0.1565776486
        3.9707895000        -3.8070408823         2.4642028965         1.3403916554         1.2757905359         0.0428843241        -0.0428843241
        3.9758077000         8.4311731889         2.6094110400         1.3327346748         1.2681349035        -0.1565776486         0.1565776486
        3.9807332000         9.7553414378         2.6251224838         1.3327346748         1.2732386584        -0.1565776486         0.1565776486
        3.9855623000         2.6789201160         2.5411597425         1.3378393285         1.2757905359        -0.0236030001         0.0236030001
        3.9905161000        -1.3217654428         2.4936910416         1.3403916554         1.2757905359         0.0428843241        -0.0428843241
        3.9957171000       -10.0850252981         2.3897137221         1.3454963091         1.2808942908         0.1758589726        -0.1758589726
        4.0006574000        -7.3719598199         2.4219046283         1.3429439823         1.2757905359         0.1093716484        -0.1093716484
        4.0057463000         0.1036799548         2.5106041532         1.3378393285         1.2783424134        -0.0236030001         0.0236030001
        4.0106449000        -3.8970056041         2.4631354523         1.3403916554         1.2757905359         0.0428843241        -0.0428843241
        4.0157044000         8.3412084671         2.6083435958         1.3327346748         1.2706867810        -0.1565776486         0.1565776486
        4.0205701000        -2.9355076399         2.4745437619         1.3403916554         1.2757905359         0.0428843241        -0.0428843241
        4.0257012000         5.1024116460         2.5699148128         1.3352870017         1.2732386584        -0.0900903243         0.0900903243
        4.0305186000        -2.5362891870         2.4792805454         1.3403916554         1.2732386584         0.0428843241        -0.0428843241
        4.0354710000       -11.2995490423         2.3753032259         1.3454963091         1.2834461683         0.1758589726        -0.1758589726
        4.0414276000        -4.3861887788         2.4573312247         1.3403916554         1.2757905359         0.0428843241        -0.0428843241
        4.0456347000        -4.7488590635         2.4530280904         1.3403916554         1.2783424134         0.0428843241        -0.0428843241
        4.0507566000        -9.3118241335         2.3988878635         1.3429439823         1.2681349035         0.1093716484        -0.1093716484
        4.0557434000       -14.4370687148         2.3380761106         1.3454963091         1.2808942908         0.1758589726        -0.1758589726
        4.0605385000        -3.3234136660         2.4699412019         1.3378393285         1.2706867810        -0.0236030001         0.0236030001
        4.0655719000       -15.7246887954         2.3227983159         1.3454963091         1.2757905359         0.1758589726        -0.1758589726
        4.0706356000        -0.4107389613         2.5045004999         1.3352870017         1.2706867810        -0.0900903243         0.0900903243
        4.0755740000       -16.4500293648         2.3141920473         1.3454963091         1.2834461683         0.1758589726        -0.1758589726
        4.0805237000        -1.1360795308         2.4958942313         1.3352870017         1.2706867810        -0.0900903243         0.0900903243
        4.0855217000       -12.9750751490         2.3554228713         1.3429439823         1.2757905359         0.1093716484        -0.1093716484
        4.0906299000       -18.1003197302         2.2946111184         1.3454963091         1.2757905359         0.1758589726        -0.1758589726
        4.0956284000       -23.7878438226         2.2653275802         1.3480486360         1.2834461683         0.2423462968        -0.2423462968
        4.1005196000       -25.8373526409         2.2617063409         1.3480486360         1.2834461683         0.2423462968        -0.2423462968
        4.1055327000       -19.4862718886         2.2781665997         1.3429439823         1.2783424134         0.1093716484        -0.1093716484
        4.1104861000       -20.4112216845         2.2713358174         1.3429439823         1.2757905359         0.1093716484        -0.1093716484
        4.1154619000       -21.3361714804         2.2696847461         1.3429439823         1.2757905359         0.1093716484        -0.1093716484
        4.1204980000        -9.6602369205         2.3947538964         1.3352870017         1.2630311486        -0.0900903243         0.0900903243
        4.1256491000         3.7025361731         2.5533050920         1.3276300211         1.2706867810        -0.2895522970         0.2895522970
        4.1305036000        18.7521478003         2.7318708657         1.3199730405         1.2732386584        -0.4890142697         0.4890142697
        4.1355079000       -19.1152342479         2.2825690139         1.3454963091         1.2808942908         0.1758589726        -0.1758589726
        4.1405008000       -37.4036426962         2.2416236378         1.3557056165         1.2783424134         0.4418082695        -0.4418082695
        4.1456919000       -11.7379265510         2.3701018147         1.3378393285         1.2732386584        -0.0236030001         0.0236030001
        4.1505206000       -11.5383173245         2.3724702064         1.3378393285         1.2706867810        -0.0236030001         0.0236030001
        4.1556686000       -23.9395924540         2.2650587992         1.3454963091         1.2706867810         0.1758589726        -0.1758589726
        4.1606074000        -8.6256426199         2.4070295043         1.3352870017         1.2655830261        -0.0900903243         0.0900903243
        4.1654700000       -20.4646382381         2.2712403585         1.3429439823         1.2757905359         0.1093716484        -0.1093716484
        4.1705059000       -25.5898828193         2.2621425725         1.3454963091         1.2706867810         0.1758589726        -0.1758589726
        4.1754564000       -31.2774069117         2.2521866894         1.3480486360         1.2706867810         0.2423462968        -0.2423462968
        4.1805046000       -20.7260313741         2.2707734233         1.3403916554         1.2706867810         0.0428843241        -0.0428843241
        4.1856766000       -29.4892912294         2.2553010770         1.3454963091         1.2757905359         0.1758589726        -0.1758589726
        4.1905781000       -22.5759309660         2.2674779507         1.3403916554         1.2706867810         0.0428843241        -0.0428843241
        4.1956191000       -31.3391908213         2.2520793342         1.3454963091         1.2757905359         0.1758589726        -0.1758589726
        4.2007371000       -28.6261253431         2.2568095860         1.3429439823         1.2655830261         0.1093716484        -0.1093716484
        4.2055350000       -33.7513699243         2.2479011676         1.3454963091         1.2732386584         0.1758589726        -0.1758589726
        4.2105180000       -35.2385992314         2.2453378889         1.3454963091         1.2757905359         0.1758589726        -0.1758589726
        4.2155031000       -32.5255337532         2.2500212392         1.3429439823         1.2681349035         0.1093716484        -0.1093716484
        4.2205854000       -46.0513679050         2.2269883930         1.3506009628         1.2732386584         0.3088336210        -0.3088336210
        4.2255990000       -27.6616823080         2.2584990559         1.3378393285         1.2604792711        -0.0236030001         0.0236030001
        4.2305814000       -48.4635470080         2.2229621229         1.3506009628         1.2757905359         0.3088336210        -0.3088336210
        4.2354430000       -46.8750405523         2.2256108563         1.3480486360         1.2732386584         0.2423462968        -0.2423462968
        4.2406992000       -36.3236650147         2.2434738510         1.3403916554         1.2630311486         0.0428843241        -0.0428843241
        4.2455870000       -28.2857457288         2.2574053698         1.3352870017         1.2630311486        -0.0900903243         0.0900903243
        4.2505341000       -40.1247413470         2.2369841903         1.3429439823         1.2681349035         0.1093716484        -0.1093716484
        4.2555122000       -41.0496911429         2.2354143886         1.3429439823         1.2655830261         0.1093716484        -0.1093716484
        4.2605120000       -46.1749357241         2.2267815544         1.3454963091         1.2706867810         0.1758589726        -0.1758589726
        4.2655144000       -47.6621650312         2.2242970731         1.3454963091         1.2706867810         0.1758589726        -0.1758589726
        4.2705679000       -36.5485099824         2.2430882303         1.3378393285         1.2681349035        -0.0236030001         0.0236030001
        4.2755101000       -32.1486059707         2.2506744661         1.3352870017         1.2604792711        -0.0900903243         0.0900903243
        4.2806997000       -43.9876015889         2.2304523289         1.3429439823         1.2630311486         0.1093716484        -0.1093716484
        4.2856780000       -44.9125513848         2.2288976405         1.3429439823         1.2630311486         0.1093716484        -0.1093716484
        4.2906887000       -37.4369116101         2.2415667219         1.3378393285         1.2553755162        -0.0236030001         0.0236030001
        4.2956249000       -41.4375971690         2.2347571293         1.3403916554         1.2630311486         0.0428843241        -0.0428843241
        4.3005287000       -50.2008570243         2.2200771607         1.3454963091         1.2681349035         0.1758589726        -0.1758589726
        4.3055128000       -43.2874967608         2.2316314793         1.3403916554         1.2604792711         0.0428843241        -0.0428843241
        4.3104831000       -43.6501670455         2.2310203949         1.3403916554         1.2604792711         0.0428843241        -0.0428843241
        4.3155197000       -44.0128373302         2.2304098641         1.3403916554         1.2604792711         0.0428843241        -0.0428843241
        4.3204801000       -52.7760971856         2.2158233897         1.3454963091         1.2681349035         0.1758589726        -0.1758589726
        4.3255032000       -41.6624421368         2.2343764498         1.3378393285         1.2604792711        -0.0236030001         0.0236030001
        4.3306159000       -41.4628329103         2.2347143926         1.3378393285         1.2579273937        -0.0236030001         0.0236030001
        4.3355081000       -53.8641080397         2.2140342793         1.3454963091         1.2630311486         0.1758589726        -0.1758589726
        4.3405206000       -42.7504529909         2.2325373944         1.3378393285         1.2553755162        -0.0236030001         0.0236030001
        4.3454626000       -38.3505489792         2.2400055559         1.3352870017         1.2528236388        -0.0900903243         0.0900903243
        4.3505564000       -54.3898393827         2.2131714786         1.3454963091         1.2604792711         0.1758589726        -0.1758589726
        4.3555098000       -51.6767739045         2.2176359545         1.3429439823         1.2604792711         0.1093716484        -0.1093716484
        4.3606363000       -40.0008393445         2.2371947512         1.3352870017         1.2528236388        -0.0900903243         0.0900903243
        4.3654988000       -39.2389506068         2.2384909610         1.3352870017         1.2477198838        -0.0900903243         0.0900903243
        4.3707044000       -42.6773566545         2.2326607915         1.3378393285         1.2502717613        -0.0236030001         0.0236030001
        4.3754991000       -34.0771578574         2.2473388337         1.3327346748         1.2426161289        -0.1565776486         0.1565776486
        4.3804333000       -49.5541687497         2.2211496001         1.3429439823         1.2528236388         0.1093716484        -0.1093716484
        4.3854860000       -54.6794133310         2.2126967192         1.3454963091         1.2528236388         0.1758589726        -0.1758589726
        4.3904995000       -39.3654634969         2.2382755509         1.3352870017         1.2477198838        -0.0900903243         0.0900903243
        4.3954956000       -34.4032799739         2.2467763898         1.3327346748         1.2400642515        -0.1565776486         0.1565776486
        4.4004858000       -33.0791117250         2.2490630109         1.3327346748         1.2324086191        -0.1565776486         0.1565776486
        4.4054939000       -40.1555330468         2.2369318727         1.3378393285         1.2400642515        -0.0236030001         0.0236030001
        4.4104982000       -18.9544498938         2.2844767430         1.3250776943         1.2477198838        -0.3560396212         0.3560396212
        4.4154926000       -32.7446222526         2.2496418412         1.3352870017         1.2426161289        -0.0900903243         0.0900903243
        4.4205806000       -31.9827335149         2.2509621273         1.3352870017         1.2349604965        -0.0900903243         0.0900903243
        4.4254137000       -39.6214343478         2.2378399262         1.3403916554         1.2400642515         0.0428843241        -0.0428843241
        4.4303894000       -39.9841046325         2.2372231955         1.3403916554         1.2400642515         0.0428843241        -0.0428843241
        4.4355701000       -27.7458905614         2.2583513764         1.3327346748         1.2324086191        -0.1565776486         0.1565776486
        4.4405684000       -39.0226066684         2.2388594832         1.3403916554         1.2349604965         0.0428843241        -0.0428843241
        4.4455193000       -72.9876352355         2.1833422177         1.3608102703         1.2426161289         0.5747829179        -0.5747829179
        4.4504894000       -52.6467728980         2.2160363660         1.3454963091         1.2426161289         0.1758589726        -0.1758589726
        4.4554277000       -28.9322334933         2.2562742343         1.3301823480         1.2324086191        -0.2230649728         0.2230649728
        4.4604709000       -27.0457857332         2.2595801539         1.3301823480         1.2273048642        -0.2230649728         0.2230649728
        4.4654495000       -29.3596327585         2.2555274609         1.3327346748         1.2298567416        -0.1565776486         0.1565776486
        4.4704126000       -49.0369384361         2.2220085850         1.3454963091         1.2349604965         0.1758589726        -0.1758589726
        4.4755047000       -25.3223990314         2.2626143979         1.3301823480         1.2298567416        -0.2230649728         0.2230649728
        4.4804385000       -19.2356564861         2.2811401869         1.3276300211         1.2222011093        -0.2895522970         0.2895522970
        4.4854523000       -37.7884031413         2.2409656886         1.3403916554         1.2273048642         0.0428843241        -0.0428843241
        4.4904634000       -38.1510734260         2.2403460997         1.3403916554         1.2247529867         0.0428843241        -0.0428843241
        4.4954502000       -42.7140384961         2.2325988645         1.3429439823         1.2298567416         0.1093716484        -0.1093716484
        4.5004405000       -31.0381039361         2.2526026606         1.3352870017         1.2247529867        -0.0900903243         0.0900903243
        4.5054656000       -26.0759204131         2.2612860655         1.3327346748         1.2222011093        -0.1565776486         0.1565776486
        4.5104867000       -41.5529313054         2.2345618331         1.3429439823         1.2273048642         0.1093716484        -0.1093716484
        4.5154559000       -29.8769967455         2.2546245920         1.3352870017         1.2222011093        -0.0900903243         0.0900903243
        4.5203892000       -24.9148132225         2.2633339825         1.3327346748         1.2196492318        -0.1565776486         0.1565776486
        4.5254642000       -31.9912345442         2.2509473816         1.3378393285         1.2273048642        -0.0236030001         0.0236030001
        4.5304948000       -31.7916253178         2.2512937042         1.3378393285         1.2170973543        -0.0236030001         0.0236030001
        4.5354806000       -27.3917213060         2.2589727137         1.3352870017         1.2170973543        -0.0900903243         0.0900903243
        4.5404719000       -35.0304221389         2.2456961044         1.3403916554         1.2196492318         0.0428843241        -0.0428843241
        4.5455259000       -18.5919132824         2.2887782912         1.3301823480         1.2068898445        -0.2230649728         0.2230649728
        4.5504486000       -20.9057603077         2.2704525520         1.3327346748         1.2119935994        -0.1565776486         0.1565776486
        4.5555694000       -40.5830659853         2.2362058769         1.3454963091         1.2170973543         0.1758589726        -0.1758589726
        4.5606744000       -29.4694109365         2.2553357832         1.3378393285         1.2094417220        -0.0236030001         0.0236030001
        4.5655667000       -25.0695069248         2.2630607846         1.3352870017         1.2119935994        -0.0900903243         0.0900903243
        4.5707411000       -32.7082077577         2.2497048859         1.3403916554         1.2094417220         0.0428843241        -0.0428843241
        4.5756104000       -33.0708780424         2.2490772533         1.3403916554         1.2068898445         0.0428843241        -0.0428843241
        4.5806500000       -37.6338431124         2.2412299129         1.3429439823         1.2043379670         0.1093716484        -0.1093716484
        4.5855927000       -25.9579085524         2.2614939300         1.3352870017         1.2017860896        -0.0900903243         0.0900903243
        4.5905012000       -37.7969041707         2.2409511589         1.3429439823         1.2068898445         0.1093716484        -0.1093716484
        4.5955942000       -51.3227383225         2.2182207310         1.3506009628         1.2119935994         0.3088336210        -0.3088336210
        4.6005156000       -41.3336422961         2.2349332053         1.3429439823         1.2068898445         0.1093716484        -0.1093716484
        4.6056523000       -33.8580025214         2.2477170606         1.3378393285         1.1992342121        -0.0236030001         0.0236030001
        4.6105921000       -46.2592776508         2.2266404120         1.3454963091         1.2043379670         0.1758589726        -0.1758589726
        4.6155327000       -60.3473913138         2.2034709843         1.3531532897         1.2068898445         0.3753209453        -0.3753209453
        4.6205027000       -46.7202800133         2.2258694678         1.3429439823         1.1992342121         0.1093716484        -0.1093716484
        4.6255178000       -47.6452298092         2.2243253125         1.3429439823         1.2043379670         0.1093716484        -0.1093716484
        4.6305355000       -65.3713587464         2.1953982112         1.3531532897         1.2068898445         0.3753209453        -0.3753209453
        4.6354947000       -47.5439526606         2.2244942168         1.3403916554         1.1941304572         0.0428843241        -0.0428843241
        4.6405593000       -56.3072125159         2.2100341553         1.3454963091         1.2017860896         0.1758589726        -0.1758589726
        4.6456288000       -57.7944418230         2.2076107168         1.3454963091         1.2043379670         0.1758589726        -0.1758589726
        4.6505110000       -63.4819659154         2.1984228026         1.3480486360         1.2043379670         0.2423462968        -0.2423462968
        4.6556687000       -52.9305903778         2.2155690527         1.3403916554         1.1915785797         0.0428843241        -0.0428843241
        4.6606550000       -61.6938502331         2.2012978790         1.3454963091         1.1966823347         0.1758589726        -0.1758589726
        4.6655300000       -50.5801951843         2.2194488781         1.3378393285         1.1864748248        -0.0236030001         0.0236030001
        4.6707263000       -58.7811755284         2.2060076507         1.3429439823         1.1966823347         0.1093716484        -0.1093716484
        4.6757817000       -63.9064201097         2.1977421364         1.3454963091         1.1966823347         0.1758589726        -0.1758589726
        4.6805343000       -56.9930598462         2.2089154806         1.3403916554         1.1966823347         0.0428843241        -0.0428843241
        4.6855402000       -53.1554353456         2.2151990699         1.3378393285         1.1915785797        -0.0236030001         0.0236030001
        4.6906533000       -52.9558261191         2.2155275171         1.3378393285         1.1941304572        -0.0236030001         0.0236030001
        4.6956142000       -35.9550377514         2.2441065415         1.3276300211         1.1839229474        -0.2895522970         0.2895522970
        4.7005050000       -46.1071948361         2.2268949371         1.3352870017         1.1839229474        -0.0900903243         0.0900903243
        4.7056933000       -70.5470748102         2.1871819247         1.3506009628         1.1915785797         0.3088336210        -0.3088336210
        4.7106343000       -68.9585683544         2.1896929500         1.3480486360         1.1890267023         0.2423462968        -0.2423462968
        4.7155381000       -62.6074876021         2.1998273201         1.3429439823         1.1915785797         0.1093716484        -0.1093716484
        4.7206199000       -55.1318478274         2.2119556195         1.3378393285         1.1864748248        -0.0236030001         0.0236030001
        4.7255696000       -59.1325333863         2.2054377514         1.3403916554         1.1890267023         0.0428843241        -0.0428843241
        4.7305029000       -67.8957932416         2.1913781863         1.3454963091         1.1890267023         0.1758589726        -0.1758589726
        4.7354940000       -44.1812538369         2.2301265343         1.3301823480         1.1788191925        -0.2230649728         0.2230649728
        4.7404963000       -42.2948060768         2.2333069603         1.3301823480         1.1788191925        -0.2230649728         0.2230649728
        4.7454561000       -53.0092426727         2.2154396070         1.3378393285         1.1839229474        -0.0236030001         0.0236030001
        4.7505108000       -40.2087490903         2.2368414637         1.3301823480         1.1762673150        -0.2230649728         0.2230649728
        4.7554352000       -29.9217117596         2.2545466146         1.3250776943         1.1660598052        -0.3560396212         0.3560396212
        4.7605931000       -52.1124736890         2.2169169874         1.3403916554         1.1788191925         0.0428843241        -0.0428843241
        4.7654391000       -35.6739648325         2.2445893564         1.3301823480         1.1711635601        -0.2230649728         0.2230649728
        4.7705085000       -50.5886962137         2.2194348050         1.3403916554         1.1762673150         0.0428843241        -0.0428843241
        4.7755485000       -55.1516612837         2.2119231832         1.3429439823         1.1762673150         0.1093716484        -0.1093716484
        4.7805081000       -47.6760215090         2.2242739683         1.3378393285         1.1737154375        -0.0236030001         0.0236030001
        4.7855299000       -51.6767070678         2.2176360649         1.3403916554         1.1686116826         0.0428843241        -0.0428843241
        4.7904457000       -47.8390825672         2.2240021341         1.3378393285         1.1686116826        -0.0236030001         0.0236030001
        4.7954417000       -47.6394733408         2.2243349117         1.3378393285         1.1584041728        -0.0236030001         0.0236030001
        4.8004408000       -34.8389797584         2.2460256914         1.3301823480         1.1507485404        -0.2230649728         0.2230649728
        4.8054933000       -32.9525319983         2.2492819976         1.3301823480         1.1507485404        -0.2230649728         0.2230649728
        4.8104819000       -35.2663790236         2.2452901019         1.3327346748         1.1507485404        -0.1565776486         0.1565776486
        4.8154833000       -42.3428003453         2.2332258589         1.3378393285         1.1558522953        -0.0236030001         0.0236030001
        4.8205546000       -58.9443702601         2.2057428901         1.3480486360         1.1584041728         0.2423462968        -0.2423462968
        4.8255706000       -56.7935842931         2.2092406498         1.3454963091         1.1584041728         0.1758589726        -0.1758589726
        4.8304956000       -41.4796344590         2.2346859407         1.3352870017         1.1481966629        -0.0900903243         0.0900903243
        4.8354888000       -36.5174509360         2.2431414851         1.3327346748         1.1456447855        -0.1565776486         0.1565776486
        4.8404902000       -47.7941670430         2.2240770005         1.3403916554         1.1481966629         0.0428843241        -0.0428843241
        4.8454863000       -48.1568373278         2.2234727301         1.3403916554         1.1430929080         0.0428843241        -0.0428843241
        4.8504647000       -61.1203919684         2.2022225465         1.3480486360         1.1481966629         0.2423462968        -0.2423462968
        4.8554878000       -54.7693112161         2.2125493989         1.3429439823         1.1481966629         0.1093716484        -0.1093716484
        4.8604621000       -43.0933766561         2.2319587914         1.3352870017         1.1430929080        -0.0900903243         0.0900903243
        4.8654027000       -42.3314879184         2.2332449739         1.3352870017         1.1481966629        -0.0900903243         0.0900903243
        4.8704625000       -37.3693043955         2.2416823882         1.3327346748         1.1328853982        -0.1565776486         0.1565776486
        4.8754457000       -52.8463152878         2.2157077800         1.3429439823         1.1379891531         0.1093716484        -0.1093716484
        4.8804592000       -49.5709702984         2.2211217155         1.3403916554         1.1354372756         0.0428843241        -0.0428843241
        4.8854756000       -45.7333457978         2.2275210186         1.3378393285         1.1328853982        -0.0236030001         0.0236030001
        4.8904586000       -49.7340313567         2.2208511521         1.3403916554         1.1303335207         0.0428843241        -0.0428843241
        4.8954347000       -58.4972912120         2.2064684623         1.3454963091         1.1303335207         0.1758589726        -0.1758589726
        4.9004739000       -43.1833413779         2.2318070792         1.3352870017         1.1226778884        -0.0900903243         0.0900903243
        4.9054062000       -55.0223369961         2.2121349261         1.3429439823         1.1303335207         0.1093716484        -0.1093716484
        4.9106659000       -47.5466972214         2.2244896390         1.3378393285         1.1226778884        -0.0236030001         0.0236030001
        4.9154172000       -55.7476775656         2.2109481867         1.3429439823         1.1252297658         0.1093716484        -0.1093716484
        4.9204212000       -60.8729221468         2.2026219709         1.3454963091         1.1277816433         0.1758589726        -0.1758589726
        4.9254185000       -49.7592670980         2.2208092888         1.3378393285         1.1201260109        -0.0236030001         0.0236030001
        4.9304652000       -66.3608370127         2.1938196501         1.3480486360         1.1328853982         0.2423462968        -0.2423462968
        4.9354340000       -60.0097562604         2.2040170129         1.3429439823         1.1303335207         0.1093716484        -0.1093716484
        4.9404448000       -60.9347060563         2.2025222274         1.3429439823         1.1226778884         0.1093716484        -0.1093716484
        4.9454355000       -91.2617193493         2.1552669077         1.3608102703         1.1277816433         0.5747829179        -0.5747829179
        4.9504624000       -62.5202674412         2.1999675675         1.3403916554         1.1201260109         0.0428843241        -0.0428843241
        4.9554948000       -58.6826429406         2.2061675566         1.3378393285         1.1201260109        -0.0236030001         0.0236030001
        4.9604852000       -75.2842128554         2.1797489633         1.3480486360         1.1252297658         0.2423462968        -0.2423462968
        4.9655177000       -64.7328373178         2.1964188492         1.3403916554         1.1175741334         0.0428843241        -0.0428843241
        4.9705013000       -69.2958023878         2.1891590829         1.3429439823         1.1201260109         0.1093716484        -0.1093716484
        4.9754368000       -70.2207521837         2.1876969921         1.3429439823         1.1201260109         0.1093716484        -0.1093716484
        4.9806841000       -66.9454071943         2.1928887997         1.3403916554         1.1175741334         0.0428843241        -0.0428843241
        4.9854189000       -54.7071931231         2.2126511916         1.3327346748         1.1099185011        -0.1565776486         0.1565776486
        4.9904519000       -53.3830248743         2.2148247783         1.3327346748         1.1073666236        -0.1565776486         0.1565776486
        4.9954288000       -52.0588566254         2.2170054218         1.3327346748         1.1022628687        -0.1565776486         0.1565776486
        5.0004128000       -50.7346883766         2.2191931654         1.3327346748         1.1022628687        -0.1565776486         0.1565776486
